H,e_L,e_R,objective,planning_q,purpose,fraction,eta,normalization,guaranteed_value,purpose_best,purpose_loss,id
3,0.1,0.1,information,0.5,U,0.0,0.0,full_feasible_return_range,0.8280000000000002,0.9720000000000001,0.1439999999999999,H3_e0p1_0p1_information_q0.5_f0.0_U
3,0.1,0.1,information,0.5,V,0.0,0.0,full_feasible_return_range,0.8280000000000002,0.9720000000000001,0.1439999999999999,H3_e0p1_0p1_information_q0.5_f0.0_V
3,0.1,0.1,information,0.5,world,0.0,0.0,full_feasible_return_range,0.81,0.81,0.0,H3_e0p1_0p1_information_q0.5_f0.0_world
3,0.1,0.1,information,0.5,U_asymmetric,0.0,0.0,full_feasible_return_range,0.8730000000000001,0.9720000000000002,0.09900000000000009,H3_e0p1_0p1_information_q0.5_f0.0_U_asymmetric
3,0.1,0.1,information,0.5,parity,0.0,0.0,full_feasible_return_range,0.8200000000000001,0.8200000000000001,0.0,H3_e0p1_0p1_information_q0.5_f0.0_parity
3,0.1,0.1,information,0.5,U,0.01,0.01273090264960436,full_feasible_return_range,0.8178319568024444,0.9720000000000001,0.15416804319755573,H3_e0p1_0p1_information_q0.5_f0.01_U
3,0.1,0.1,information,0.5,V,0.01,0.01273090264960436,full_feasible_return_range,0.8178319568024445,0.9720000000000001,0.15416804319755562,H3_e0p1_0p1_information_q0.5_f0.01_V
3,0.1,0.1,information,0.5,world,0.01,0.01273090264960436,full_feasible_return_range,0.7999559573292437,0.81,0.010044042670756315,H3_e0p1_0p1_information_q0.5_f0.01_world
3,0.1,0.1,information,0.5,U_asymmetric,0.01,0.01273090264960436,full_feasible_return_range,0.8691869838009167,0.9720000000000002,0.10281301619908345,H3_e0p1_0p1_information_q0.5_f0.01_U_asymmetric
3,0.1,0.1,information,0.5,parity,0.01,0.01273090264960436,full_feasible_return_range,0.8100799578560431,0.8200000000000001,0.00992004214395692,H3_e0p1_0p1_information_q0.5_f0.01_parity
3,0.1,0.1,information,0.5,U,0.05,0.06365451324802181,full_feasible_return_range,0.7771597840122217,0.9720000000000001,0.19484021598777834,H3_e0p1_0p1_information_q0.5_f0.05_U
3,0.1,0.1,information,0.5,V,0.05,0.06365451324802181,full_feasible_return_range,0.7771597840122221,0.9720000000000001,0.194840215987778,H3_e0p1_0p1_information_q0.5_f0.05_V
3,0.1,0.1,information,0.5,world,0.05,0.06365451324802181,full_feasible_return_range,0.759779786646219,0.81,0.05022021335378102,H3_e0p1_0p1_information_q0.5_f0.05_world
3,0.1,0.1,information,0.5,U_asymmetric,0.05,0.06365451324802181,full_feasible_return_range,0.8539349190045833,0.9720000000000002,0.1180650809954169,H3_e0p1_0p1_information_q0.5_f0.05_U_asymmetric
3,0.1,0.1,information,0.5,parity,0.05,0.06365451324802181,full_feasible_return_range,0.7703997892802164,0.8200000000000001,0.04960021071978371,H3_e0p1_0p1_information_q0.5_f0.05_parity
3,0.1,0.1,quadratic,0.5,U,0.0,0.0,full_feasible_return_range,0.8280000000000002,0.9720000000000001,0.1439999999999999,H3_e0p1_0p1_quadratic_q0.5_f0.0_U
3,0.1,0.1,quadratic,0.5,V,0.0,0.0,full_feasible_return_range,0.8280000000000002,0.9720000000000001,0.1439999999999999,H3_e0p1_0p1_quadratic_q0.5_f0.0_V
3,0.1,0.1,quadratic,0.5,world,0.0,0.0,full_feasible_return_range,0.81,0.81,0.0,H3_e0p1_0p1_quadratic_q0.5_f0.0_world
3,0.1,0.1,quadratic,0.5,U_asymmetric,0.0,0.0,full_feasible_return_range,0.8730000000000001,0.9720000000000002,0.09900000000000009,H3_e0p1_0p1_quadratic_q0.5_f0.0_U_asymmetric
3,0.1,0.1,quadratic,0.5,parity,0.0,0.0,full_feasible_return_range,0.8200000000000001,0.8200000000000001,0.0,H3_e0p1_0p1_quadratic_q0.5_f0.0_parity
3,0.1,0.1,quadratic,0.5,U,0.01,0.0048,full_feasible_return_range,0.8218331043956045,0.9720000000000001,0.15016689560439556,H3_e0p1_0p1_quadratic_q0.5_f0.01_U
3,0.1,0.1,quadratic,0.5,V,0.01,0.0048,full_feasible_return_range,0.8218331043956045,0.9720000000000001,0.15016689560439556,H3_e0p1_0p1_quadratic_q0.5_f0.01_V
3,0.1,0.1,quadratic,0.5,world,0.01,0.0048,full_feasible_return_range,0.8039083104395605,0.81,0.006091689560439595,H3_e0p1_0p1_quadratic_q0.5_f0.01_world
3,0.1,0.1,quadratic,0.5,U_asymmetric,0.01,0.0048,full_feasible_return_range,0.8706874141483518,0.9720000000000002,0.10131258585164837,H3_e0p1_0p1_quadratic_q0.5_f0.01_U_asymmetric
3,0.1,0.1,quadratic,0.5,parity,0.01,0.0048,full_feasible_return_range,0.8139835164835165,0.8200000000000001,0.0060164835164835395,H3_e0p1_0p1_quadratic_q0.5_f0.01_parity
3,0.1,0.1,quadratic,0.5,U,0.05,0.024,full_feasible_return_range,0.7971655219780223,0.9720000000000001,0.17483447802197782,H3_e0p1_0p1_quadratic_q0.5_f0.05_U
3,0.1,0.1,quadratic,0.5,V,0.05,0.024,full_feasible_return_range,0.7971655219780222,0.9720000000000001,0.17483447802197793,H3_e0p1_0p1_quadratic_q0.5_f0.05_V
3,0.1,0.1,quadratic,0.5,world,0.05,0.024,full_feasible_return_range,0.7795415521978023,0.81,0.030458447802197752,H3_e0p1_0p1_quadratic_q0.5_f0.05_world
3,0.1,0.1,quadratic,0.5,U_asymmetric,0.05,0.024,full_feasible_return_range,0.8614370707417585,0.9720000000000002,0.11056292925824174,H3_e0p1_0p1_quadratic_q0.5_f0.05_U_asymmetric
3,0.1,0.1,quadratic,0.5,parity,0.05,0.024,full_feasible_return_range,0.7899175824175825,0.8200000000000001,0.030082417582417587,H3_e0p1_0p1_quadratic_q0.5_f0.05_parity
3,0.1,0.1,information,0.01,U,0.0,0.0,full_feasible_return_range,0.5000000000000001,0.9720000000000001,0.472,H3_e0p1_0p1_information_q0.01_f0.0_U
3,0.1,0.1,information,0.01,V,0.0,0.0,full_feasible_return_range,0.9720000000000002,0.9720000000000001,-1.1102230246251565e-16,H3_e0p1_0p1_information_q0.01_f0.0_V
3,0.1,0.1,information,0.01,world,0.0,0.0,full_feasible_return_range,0.4860000000000001,0.81,0.32399999999999995,H3_e0p1_0p1_information_q0.01_f0.0_world
3,0.1,0.1,information,0.01,U_asymmetric,0.0,0.0,full_feasible_return_range,0.7500000000000001,0.9720000000000002,0.2220000000000001,H3_e0p1_0p1_information_q0.01_f0.0_U_asymmetric
3,0.1,0.1,information,0.01,parity,0.0,0.0,full_feasible_return_range,0.5000000000000001,0.8200000000000001,0.31999999999999995,H3_e0p1_0p1_information_q0.01_f0.0_parity
3,0.1,0.1,information,0.01,U,0.01,0.008624177306350444,full_feasible_return_range,0.5000000000000001,0.9720000000000001,0.472,H3_e0p1_0p1_information_q0.01_f0.01_U
3,0.1,0.1,information,0.01,V,0.01,0.008624177306350444,full_feasible_return_range,0.9514003283602985,0.9720000000000001,0.020599671639701556,H3_e0p1_0p1_information_q0.01_f0.01_V
3,0.1,0.1,information,0.01,world,0.01,0.008624177306350444,full_feasible_return_range,0.48275174925020126,0.81,0.3272482507497988,H3_e0p1_0p1_information_q0.01_f0.01_world
3,0.1,0.1,information,0.01,U_asymmetric,0.01,0.008624177306350444,full_feasible_return_range,0.7500000000000001,0.9720000000000002,0.2220000000000001,H3_e0p1_0p1_information_q0.01_f0.01_U_asymmetric
3,0.1,0.1,information,0.01,parity,0.01,0.008624177306350444,full_feasible_return_range,0.5000000000000001,0.8200000000000001,0.31999999999999995,H3_e0p1_0p1_information_q0.01_f0.01_parity
3,0.1,0.1,information,0.01,U,0.05,0.04312088653175222,full_feasible_return_range,0.5000000000000001,0.9720000000000001,0.472,H3_e0p1_0p1_information_q0.01_f0.05_U
3,0.1,0.1,information,0.01,V,0.05,0.04312088653175222,full_feasible_return_range,0.8690016418014924,0.9720000000000001,0.10299835819850767,H3_e0p1_0p1_information_q0.01_f0.05_V
3,0.1,0.1,information,0.01,world,0.05,0.04312088653175222,full_feasible_return_range,0.46975874625100605,0.81,0.340241253748994,H3_e0p1_0p1_information_q0.01_f0.05_world
3,0.1,0.1,information,0.01,U_asymmetric,0.05,0.04312088653175222,full_feasible_return_range,0.75,0.9720000000000002,0.2220000000000002,H3_e0p1_0p1_information_q0.01_f0.05_U_asymmetric
3,0.1,0.1,information,0.01,parity,0.05,0.04312088653175222,full_feasible_return_range,0.5,0.8200000000000001,0.32000000000000006,H3_e0p1_0p1_information_q0.01_f0.05_parity
3,0.1,0.1,quadratic,0.01,U,0.0,0.0,full_feasible_return_range,0.5000000000000001,0.9720000000000001,0.472,H3_e0p1_0p1_quadratic_q0.01_f0.0_U
3,0.1,0.1,quadratic,0.01,V,0.0,0.0,full_feasible_return_range,0.9720000000000002,0.9720000000000001,-1.1102230246251565e-16,H3_e0p1_0p1_quadratic_q0.01_f0.0_V
3,0.1,0.1,quadratic,0.01,world,0.0,0.0,full_feasible_return_range,0.4860000000000001,0.81,0.32399999999999995,H3_e0p1_0p1_quadratic_q0.01_f0.0_world
3,0.1,0.1,quadratic,0.01,U_asymmetric,0.0,0.0,full_feasible_return_range,0.7500000000000001,0.9720000000000002,0.2220000000000001,H3_e0p1_0p1_quadratic_q0.01_f0.0_U_asymmetric
3,0.1,0.1,quadratic,0.01,parity,0.0,0.0,full_feasible_return_range,0.5000000000000001,0.8200000000000001,0.31999999999999995,H3_e0p1_0p1_quadratic_q0.01_f0.0_parity
3,0.1,0.1,quadratic,0.01,U,0.01,0.0044050456547945205,full_feasible_return_range,0.5000000000000001,0.9720000000000001,0.472,H3_e0p1_0p1_quadratic_q0.01_f0.01_U
3,0.1,0.1,quadratic,0.01,V,0.01,0.0044050456547945205,full_feasible_return_range,0.9542476880303787,0.9720000000000001,0.01775231196962135,H3_e0p1_0p1_quadratic_q0.01_f0.01_V
3,0.1,0.1,quadratic,0.01,world,0.01,0.0044050456547945205,full_feasible_return_range,0.48319123287671245,0.81,0.3268087671232876,H3_e0p1_0p1_quadratic_q0.01_f0.01_world
3,0.1,0.1,quadratic,0.01,U_asymmetric,0.01,0.0044050456547945205,full_feasible_return_range,0.7500000000000001,0.9720000000000002,0.2220000000000001,H3_e0p1_0p1_quadratic_q0.01_f0.01_U_asymmetric
3,0.1,0.1,quadratic,0.01,parity,0.01,0.0044050456547945205,full_feasible_return_range,0.5000000000000001,0.8200000000000001,0.31999999999999995,H3_e0p1_0p1_quadratic_q0.01_f0.01_parity
3,0.1,0.1,quadratic,0.01,U,0.05,0.022025228273972602,full_feasible_return_range,0.5000000000000001,0.9720000000000001,0.472,H3_e0p1_0p1_quadratic_q0.01_f0.05_U
3,0.1,0.1,quadratic,0.01,V,0.05,0.022025228273972602,full_feasible_return_range,0.8832384401518908,0.9720000000000001,0.0887615598481093,H3_e0p1_0p1_quadratic_q0.01_f0.05_V
3,0.1,0.1,quadratic,0.01,world,0.05,0.022025228273972602,full_feasible_return_range,0.4719561643835617,0.81,0.33804383561643836,H3_e0p1_0p1_quadratic_q0.01_f0.05_world
3,0.1,0.1,quadratic,0.01,U_asymmetric,0.05,0.022025228273972602,full_feasible_return_range,0.7500000000000001,0.9720000000000002,0.2220000000000001,H3_e0p1_0p1_quadratic_q0.01_f0.05_U_asymmetric
3,0.1,0.1,quadratic,0.01,parity,0.05,0.022025228273972602,full_feasible_return_range,0.5000000000000001,0.8200000000000001,0.31999999999999995,H3_e0p1_0p1_quadratic_q0.01_f0.05_parity
3,0.1,0.1,native_singles,,U,0.0,0.0,full_feasible_return_range,0.9000000000000001,0.9720000000000001,0.07199999999999995,H3_e0p1_0p1_native_singles_qNone_f0.0_U
3,0.1,0.1,native_singles,,V,0.0,0.0,full_feasible_return_range,0.9000000000000001,0.9720000000000001,0.07199999999999995,H3_e0p1_0p1_native_singles_qNone_f0.0_V
3,0.1,0.1,native_singles,,world,0.0,0.0,full_feasible_return_range,0.81,0.81,0.0,H3_e0p1_0p1_native_singles_qNone_f0.0_world
3,0.1,0.1,native_singles,,U_asymmetric,0.0,0.0,full_feasible_return_range,0.9000000000000001,0.9720000000000002,0.07200000000000006,H3_e0p1_0p1_native_singles_qNone_f0.0_U_asymmetric
3,0.1,0.1,native_singles,,parity,0.0,0.0,full_feasible_return_range,0.8200000000000002,0.8200000000000001,-1.1102230246251565e-16,H3_e0p1_0p1_native_singles_qNone_f0.0_parity
3,0.1,0.1,native_singles,,U,0.01,0.0016000000000000003,full_feasible_return_range,0.8919999999999999,0.9720000000000001,0.08000000000000018,H3_e0p1_0p1_native_singles_qNone_f0.01_U
3,0.1,0.1,native_singles,,V,0.01,0.0016000000000000003,full_feasible_return_range,0.892,0.9720000000000001,0.08000000000000007,H3_e0p1_0p1_native_singles_qNone_f0.01_V
3,0.1,0.1,native_singles,,world,0.01,0.0016000000000000003,full_feasible_return_range,0.8020975609756099,0.81,0.00790243902439014,H3_e0p1_0p1_native_singles_qNone_f0.01_world
3,0.1,0.1,native_singles,,U_asymmetric,0.01,0.0016000000000000003,full_feasible_return_range,0.897,0.9720000000000002,0.07500000000000018,H3_e0p1_0p1_native_singles_qNone_f0.01_U_asymmetric
3,0.1,0.1,native_singles,,parity,0.01,0.0016000000000000003,full_feasible_return_range,0.8121951219512196,0.8200000000000001,0.007804878048780495,H3_e0p1_0p1_native_singles_qNone_f0.01_parity
3,0.1,0.1,native_singles,,U,0.05,0.008000000000000002,full_feasible_return_range,0.8600000000000001,0.9720000000000001,0.11199999999999999,H3_e0p1_0p1_native_singles_qNone_f0.05_U
3,0.1,0.1,native_singles,,V,0.05,0.008000000000000002,full_feasible_return_range,0.86,0.9720000000000001,0.1120000000000001,H3_e0p1_0p1_native_singles_qNone_f0.05_V
3,0.1,0.1,native_singles,,world,0.05,0.008000000000000002,full_feasible_return_range,0.7704878048780489,0.81,0.039512195121951144,H3_e0p1_0p1_native_singles_qNone_f0.05_world
3,0.1,0.1,native_singles,,U_asymmetric,0.05,0.008000000000000002,full_feasible_return_range,0.8850000000000002,0.9720000000000002,0.08699999999999997,H3_e0p1_0p1_native_singles_qNone_f0.05_U_asymmetric
3,0.1,0.1,native_singles,,parity,0.05,0.008000000000000002,full_feasible_return_range,0.7809756097560976,0.8200000000000001,0.039024390243902474,H3_e0p1_0p1_native_singles_qNone_f0.05_parity
3,0.1,0.1,native_tagged,,U,0.0,0.0,full_feasible_return_range,0.9,0.9720000000000001,0.07200000000000006,H3_e0p1_0p1_native_tagged_qNone_f0.0_U
3,0.1,0.1,native_tagged,,V,0.0,0.0,full_feasible_return_range,0.9,0.9720000000000001,0.07200000000000006,H3_e0p1_0p1_native_tagged_qNone_f0.0_V
3,0.1,0.1,native_tagged,,world,0.0,0.0,full_feasible_return_range,0.81,0.81,0.0,H3_e0p1_0p1_native_tagged_qNone_f0.0_world
3,0.1,0.1,native_tagged,,U_asymmetric,0.0,0.0,full_feasible_return_range,0.9000000000000001,0.9720000000000002,0.07200000000000006,H3_e0p1_0p1_native_tagged_qNone_f0.0_U_asymmetric
3,0.1,0.1,native_tagged,,parity,0.0,0.0,full_feasible_return_range,0.8200000000000001,0.8200000000000001,0.0,H3_e0p1_0p1_native_tagged_qNone_f0.0_parity
3,0.1,0.1,native_tagged,,U,0.01,0.0020000000000000005,full_feasible_return_range,0.89,0.9720000000000001,0.08200000000000007,H3_e0p1_0p1_native_tagged_qNone_f0.01_U
3,0.1,0.1,native_tagged,,V,0.01,0.0020000000000000005,full_feasible_return_range,0.89,0.9720000000000001,0.08200000000000007,H3_e0p1_0p1_native_tagged_qNone_f0.01_V
3,0.1,0.1,native_tagged,,world,0.01,0.0020000000000000005,full_feasible_return_range,0.8001219512195122,0.81,0.009878048780487814,H3_e0p1_0p1_native_tagged_qNone_f0.01_world
3,0.1,0.1,native_tagged,,U_asymmetric,0.01,0.0020000000000000005,full_feasible_return_range,0.8962500000000002,0.9720000000000002,0.07574999999999998,H3_e0p1_0p1_native_tagged_qNone_f0.01_U_asymmetric
3,0.1,0.1,native_tagged,,parity,0.01,0.0020000000000000005,full_feasible_return_range,0.8102439024390231,0.8200000000000001,0.00975609756097695,H3_e0p1_0p1_native_tagged_qNone_f0.01_parity
3,0.1,0.1,native_tagged,,U,0.05,0.010000000000000002,full_feasible_return_range,0.8500000000000001,0.9720000000000001,0.122,H3_e0p1_0p1_native_tagged_qNone_f0.05_U
3,0.1,0.1,native_tagged,,V,0.05,0.010000000000000002,full_feasible_return_range,0.8500000000000001,0.9720000000000001,0.122,H3_e0p1_0p1_native_tagged_qNone_f0.05_V
3,0.1,0.1,native_tagged,,world,0.05,0.010000000000000002,full_feasible_return_range,0.7606097560975611,0.81,0.04939024390243896,H3_e0p1_0p1_native_tagged_qNone_f0.05_world
3,0.1,0.1,native_tagged,,U_asymmetric,0.05,0.010000000000000002,full_feasible_return_range,0.8812500000000001,0.9720000000000002,0.09075000000000011,H3_e0p1_0p1_native_tagged_qNone_f0.05_U_asymmetric
3,0.1,0.1,native_tagged,,parity,0.05,0.010000000000000002,full_feasible_return_range,0.7712195121951222,0.8200000000000001,0.04878048780487787,H3_e0p1_0p1_native_tagged_qNone_f0.05_parity
3,0.1,0.1,native_joint,,U,0.0,0.0,full_feasible_return_range,0.9000000000000001,0.9720000000000001,0.07199999999999995,H3_e0p1_0p1_native_joint_qNone_f0.0_U
3,0.1,0.1,native_joint,,V,0.0,0.0,full_feasible_return_range,0.9000000000000001,0.9720000000000001,0.07199999999999995,H3_e0p1_0p1_native_joint_qNone_f0.0_V
3,0.1,0.1,native_joint,,world,0.0,0.0,full_feasible_return_range,0.81,0.81,0.0,H3_e0p1_0p1_native_joint_qNone_f0.0_world
3,0.1,0.1,native_joint,,U_asymmetric,0.0,0.0,full_feasible_return_range,0.9000000000000001,0.9720000000000002,0.07200000000000006,H3_e0p1_0p1_native_joint_qNone_f0.0_U_asymmetric
3,0.1,0.1,native_joint,,parity,0.0,0.0,full_feasible_return_range,0.8200000000000003,0.8200000000000001,-2.220446049250313e-16,H3_e0p1_0p1_native_joint_qNone_f0.0_parity
3,0.1,0.1,native_joint,,U,0.01,0.0025600000000000006,full_feasible_return_range,0.8914666666666666,0.9720000000000001,0.08053333333333346,H3_e0p1_0p1_native_joint_qNone_f0.01_U
3,0.1,0.1,native_joint,,V,0.01,0.0025600000000000006,full_feasible_return_range,0.8914666666666669,0.9720000000000001,0.08053333333333323,H3_e0p1_0p1_native_joint_qNone_f0.01_V
3,0.1,0.1,native_joint,,world,0.01,0.0025600000000000006,full_feasible_return_range,0.8015363265306126,0.81,0.008463673469387478,H3_e0p1_0p1_native_joint_qNone_f0.01_world
3,0.1,0.1,native_joint,,U_asymmetric,0.01,0.0025600000000000006,full_feasible_return_range,0.8968000000000002,0.9720000000000002,0.07520000000000004,H3_e0p1_0p1_native_joint_qNone_f0.01_U_asymmetric
3,0.1,0.1,native_joint,,parity,0.01,0.0025600000000000006,full_feasible_return_range,0.8116408163265301,0.8200000000000001,0.008359183673469994,H3_e0p1_0p1_native_joint_qNone_f0.01_parity
3,0.1,0.1,native_joint,,U,0.05,0.012800000000000004,full_feasible_return_range,0.8573333333333335,0.9720000000000001,0.11466666666666658,H3_e0p1_0p1_native_joint_qNone_f0.05_U
3,0.1,0.1,native_joint,,V,0.05,0.012800000000000004,full_feasible_return_range,0.8573333333333335,0.9720000000000001,0.11466666666666658,H3_e0p1_0p1_native_joint_qNone_f0.05_V
3,0.1,0.1,native_joint,,world,0.05,0.012800000000000004,full_feasible_return_range,0.7676816326530613,0.81,0.04231836734693872,H3_e0p1_0p1_native_joint_qNone_f0.05_world
3,0.1,0.1,native_joint,,U_asymmetric,0.05,0.012800000000000004,full_feasible_return_range,0.8840000000000001,0.9720000000000002,0.08800000000000008,H3_e0p1_0p1_native_joint_qNone_f0.05_U_asymmetric
3,0.1,0.1,native_joint,,parity,0.05,0.012800000000000004,full_feasible_return_range,0.7782040816326532,0.8200000000000001,0.04179591836734686,H3_e0p1_0p1_native_joint_qNone_f0.05_parity
3,0.1,0.1,native_repeats,,U,0.0,0.0,full_feasible_return_range,0.9000000000000001,0.9720000000000001,0.07199999999999995,H3_e0p1_0p1_native_repeats_qNone_f0.0_U
3,0.1,0.1,native_repeats,,V,0.0,0.0,full_feasible_return_range,0.9000000000000001,0.9720000000000001,0.07199999999999995,H3_e0p1_0p1_native_repeats_qNone_f0.0_V
3,0.1,0.1,native_repeats,,world,0.0,0.0,full_feasible_return_range,0.81,0.81,0.0,H3_e0p1_0p1_native_repeats_qNone_f0.0_world
3,0.1,0.1,native_repeats,,U_asymmetric,0.0,0.0,full_feasible_return_range,0.9000000000000001,0.9720000000000002,0.07200000000000006,H3_e0p1_0p1_native_repeats_qNone_f0.0_U_asymmetric
3,0.1,0.1,native_repeats,,parity,0.0,0.0,full_feasible_return_range,0.8200000000000003,0.8200000000000001,-2.220446049250313e-16,H3_e0p1_0p1_native_repeats_qNone_f0.0_parity
3,0.1,0.1,native_repeats,,U,0.01,0.0033600000000000014,full_feasible_return_range,0.8888000000000001,0.9720000000000001,0.08319999999999994,H3_e0p1_0p1_native_repeats_qNone_f0.01_U
3,0.1,0.1,native_repeats,,V,0.01,0.0033600000000000014,full_feasible_return_range,0.8888,0.9720000000000001,0.08320000000000005,H3_e0p1_0p1_native_repeats_qNone_f0.01_V
3,0.1,0.1,native_repeats,,world,0.01,0.0033600000000000014,full_feasible_return_range,0.8016770642201837,0.81,0.008322935779816354,H3_e0p1_0p1_native_repeats_qNone_f0.01_world
3,0.1,0.1,native_repeats,,U_asymmetric,0.01,0.0033600000000000014,full_feasible_return_range,0.8958000000000003,0.9720000000000002,0.07619999999999993,H3_e0p1_0p1_native_repeats_qNone_f0.01_U_asymmetric
3,0.1,0.1,native_repeats,,parity,0.01,0.0033600000000000014,full_feasible_return_range,0.8117798165137613,0.8200000000000001,0.008220183486238763,H3_e0p1_0p1_native_repeats_qNone_f0.01_parity
3,0.1,0.1,native_repeats,,U,0.05,0.016800000000000006,full_feasible_return_range,0.8440000000000002,0.9720000000000001,0.1279999999999999,H3_e0p1_0p1_native_repeats_qNone_f0.05_U
3,0.1,0.1,native_repeats,,V,0.05,0.016800000000000006,full_feasible_return_range,0.844,0.9720000000000001,0.1280000000000001,H3_e0p1_0p1_native_repeats_qNone_f0.05_V
3,0.1,0.1,native_repeats,,world,0.05,0.016800000000000006,full_feasible_return_range,0.7683853211009174,0.81,0.04161467889908266,H3_e0p1_0p1_native_repeats_qNone_f0.05_world
3,0.1,0.1,native_repeats,,U_asymmetric,0.05,0.016800000000000006,full_feasible_return_range,0.879,0.9720000000000002,0.0930000000000002,H3_e0p1_0p1_native_repeats_qNone_f0.05_U_asymmetric
3,0.1,0.1,native_repeats,,parity,0.05,0.016800000000000006,full_feasible_return_range,0.7788990825688076,0.8200000000000001,0.041100917431192485,H3_e0p1_0p1_native_repeats_qNone_f0.05_parity
3,0.1,0.1,native_minimax,,U,0.0,0.0,full_feasible_return_range,0.9000000000000001,0.9720000000000001,0.07199999999999995,H3_e0p1_0p1_native_minimax_qNone_f0.0_U
3,0.1,0.1,native_minimax,,V,0.0,0.0,full_feasible_return_range,0.9000000000000001,0.9720000000000001,0.07199999999999995,H3_e0p1_0p1_native_minimax_qNone_f0.0_V
3,0.1,0.1,native_minimax,,world,0.0,0.0,full_feasible_return_range,0.8100000000000002,0.81,-1.1102230246251565e-16,H3_e0p1_0p1_native_minimax_qNone_f0.0_world
3,0.1,0.1,native_minimax,,U_asymmetric,0.0,0.0,full_feasible_return_range,0.9000000000000001,0.9720000000000002,0.07200000000000006,H3_e0p1_0p1_native_minimax_qNone_f0.0_U_asymmetric
3,0.1,0.1,native_minimax,,parity,0.0,0.0,full_feasible_return_range,0.8200000000000002,0.8200000000000001,-1.1102230246251565e-16,H3_e0p1_0p1_native_minimax_qNone_f0.0_parity
3,0.1,0.1,native_minimax,,U,0.01,0.004880000000000002,full_feasible_return_range,0.8951199999999988,0.9720000000000001,0.07688000000000128,H3_e0p1_0p1_native_minimax_qNone_f0.01_U
3,0.1,0.1,native_minimax,,V,0.01,0.004880000000000002,full_feasible_return_range,0.8951200000000001,0.9720000000000001,0.07687999999999995,H3_e0p1_0p1_native_minimax_qNone_f0.01_V
3,0.1,0.1,native_minimax,,world,0.01,0.004880000000000002,full_feasible_return_range,0.8003590243902451,0.81,0.009640975609754965,H3_e0p1_0p1_native_minimax_qNone_f0.01_world
3,0.1,0.1,native_minimax,,U_asymmetric,0.01,0.004880000000000002,full_feasible_return_range,0.8981700000000002,0.9720000000000002,0.07382999999999995,H3_e0p1_0p1_native_minimax_qNone_f0.01_U_asymmetric
3,0.1,0.1,native_minimax,,parity,0.01,0.004880000000000002,full_feasible_return_range,0.8104780487804879,0.8200000000000001,0.00952195121951216,H3_e0p1_0p1_native_minimax_qNone_f0.01_parity
3,0.1,0.1,native_minimax,,U,0.05,0.024400000000000015,full_feasible_return_range,0.8756000000000002,0.9720000000000001,0.09639999999999993,H3_e0p1_0p1_native_minimax_qNone_f0.05_U
3,0.1,0.1,native_minimax,,V,0.05,0.024400000000000015,full_feasible_return_range,0.8756,0.9720000000000001,0.09640000000000004,H3_e0p1_0p1_native_minimax_qNone_f0.05_V
3,0.1,0.1,native_minimax,,world,0.05,0.024400000000000015,full_feasible_return_range,0.76179512195122,0.81,0.04820487804878004,H3_e0p1_0p1_native_minimax_qNone_f0.05_world
3,0.1,0.1,native_minimax,,U_asymmetric,0.05,0.024400000000000015,full_feasible_return_range,0.8908500000000003,0.9720000000000002,0.08114999999999994,H3_e0p1_0p1_native_minimax_qNone_f0.05_U_asymmetric
3,0.1,0.1,native_minimax,,parity,0.05,0.024400000000000015,full_feasible_return_range,0.7723902439024393,0.8200000000000001,0.047609756097560796,H3_e0p1_0p1_native_minimax_qNone_f0.05_parity
3,0.25,0.25,information,0.5,U,0.0,0.0,full_feasible_return_range,0.65625,0.84375,0.1875,H3_e0p25_0p25_information_q0.5_f0.0_U
3,0.25,0.25,information,0.5,V,0.0,0.0,full_feasible_return_range,0.65625,0.84375,0.1875,H3_e0p25_0p25_information_q0.5_f0.0_V
3,0.25,0.25,information,0.5,world,0.0,0.0,full_feasible_return_range,0.5625,0.5625,0.0,H3_e0p25_0p25_information_q0.5_f0.0_world
3,0.25,0.25,information,0.5,U_asymmetric,0.0,0.0,full_feasible_return_range,0.75,0.84375,0.09375,H3_e0p25_0p25_information_q0.5_f0.0_U_asymmetric
3,0.25,0.25,information,0.5,parity,0.0,0.0,full_feasible_return_range,0.625,0.625,0.0,H3_e0p25_0p25_information_q0.5_f0.0_parity
3,0.25,0.25,information,0.5,U,0.01,0.005205996295475662,full_feasible_return_range,0.6452862317174131,0.84375,0.19846376828258694,H3_e0p25_0p25_information_q0.5_f0.01_U
3,0.25,0.25,information,0.5,V,0.01,0.005205996295475662,full_feasible_return_range,0.6452862317174133,0.84375,0.19846376828258672,H3_e0p25_0p25_information_q0.5_f0.01_V
3,0.25,0.25,information,0.5,world,0.01,0.005205996295475662,full_feasible_return_range,0.5526326085456718,0.5625,0.009867391454328245,H3_e0p25_0p25_information_q0.5_f0.01_world
3,0.25,0.25,information,0.5,U_asymmetric,0.01,0.005205996295475662,full_feasible_return_range,0.75,0.84375,0.09375,H3_e0p25_0p25_information_q0.5_f0.01_U_asymmetric
3,0.25,0.25,information,0.5,parity,0.01,0.005205996295475662,full_feasible_return_range,0.6162289853739304,0.625,0.008771014626069551,H3_e0p25_0p25_information_q0.5_f0.01_parity
3,0.25,0.25,information,0.5,U,0.05,0.02602998147737831,full_feasible_return_range,0.6014311585870664,0.84375,0.24231884141293358,H3_e0p25_0p25_information_q0.5_f0.05_U
3,0.25,0.25,information,0.5,V,0.05,0.02602998147737831,full_feasible_return_range,0.6014311585870666,0.84375,0.24231884141293336,H3_e0p25_0p25_information_q0.5_f0.05_V
3,0.25,0.25,information,0.5,world,0.05,0.02602998147737831,full_feasible_return_range,0.5131630427283596,0.5625,0.04933695727164045,H3_e0p25_0p25_information_q0.5_f0.05_world
3,0.25,0.25,information,0.5,U_asymmetric,0.05,0.02602998147737831,full_feasible_return_range,0.75,0.84375,0.09375,H3_e0p25_0p25_information_q0.5_f0.05_U_asymmetric
3,0.25,0.25,information,0.5,parity,0.05,0.02602998147737831,full_feasible_return_range,0.5811449268696531,0.625,0.04385507313034687,H3_e0p25_0p25_information_q0.5_f0.05_parity
3,0.25,0.25,quadratic,0.5,U,0.0,0.0,full_feasible_return_range,0.65625,0.84375,0.1875,H3_e0p25_0p25_quadratic_q0.5_f0.0_U
3,0.25,0.25,quadratic,0.5,V,0.0,0.0,full_feasible_return_range,0.65625,0.84375,0.1875,H3_e0p25_0p25_quadratic_q0.5_f0.0_V
3,0.25,0.25,quadratic,0.5,world,0.0,0.0,full_feasible_return_range,0.5625,0.5625,0.0,H3_e0p25_0p25_quadratic_q0.5_f0.0_world
3,0.25,0.25,quadratic,0.5,U_asymmetric,0.0,0.0,full_feasible_return_range,0.75,0.84375,0.09375,H3_e0p25_0p25_quadratic_q0.5_f0.0_U_asymmetric
3,0.25,0.25,quadratic,0.5,parity,0.0,0.0,full_feasible_return_range,0.625,0.625,0.0,H3_e0p25_0p25_quadratic_q0.5_f0.0_parity
3,0.25,0.25,quadratic,0.5,U,0.01,0.0018750000000000006,full_feasible_return_range,0.651201923076923,0.84375,0.19254807692307696,H3_e0p25_0p25_quadratic_q0.5_f0.01_U
3,0.25,0.25,quadratic,0.5,V,0.01,0.0018750000000000006,full_feasible_return_range,0.651201923076923,0.84375,0.19254807692307696,H3_e0p25_0p25_quadratic_q0.5_f0.01_V
3,0.25,0.25,quadratic,0.5,world,0.01,0.0018750000000000006,full_feasible_return_range,0.5579567307692308,0.5625,0.004543269230769198,H3_e0p25_0p25_quadratic_q0.5_f0.01_world
3,0.25,0.25,quadratic,0.5,U_asymmetric,0.01,0.0018750000000000006,full_feasible_return_range,0.75,0.84375,0.09375,H3_e0p25_0p25_quadratic_q0.5_f0.01_U_asymmetric
3,0.25,0.25,quadratic,0.5,parity,0.01,0.0018750000000000006,full_feasible_return_range,0.6209615384615386,0.625,0.004038461538461435,H3_e0p25_0p25_quadratic_q0.5_f0.01_parity
3,0.25,0.25,quadratic,0.5,U,0.05,0.009375000000000003,full_feasible_return_range,0.6310096153846154,0.84375,0.21274038461538458,H3_e0p25_0p25_quadratic_q0.5_f0.05_U
3,0.25,0.25,quadratic,0.5,V,0.05,0.009375000000000003,full_feasible_return_range,0.6310096153846154,0.84375,0.21274038461538458,H3_e0p25_0p25_quadratic_q0.5_f0.05_V
3,0.25,0.25,quadratic,0.5,world,0.05,0.009375000000000003,full_feasible_return_range,0.5397836538461538,0.5625,0.022716346153846212,H3_e0p25_0p25_quadratic_q0.5_f0.05_world
3,0.25,0.25,quadratic,0.5,U_asymmetric,0.05,0.009375000000000003,full_feasible_return_range,0.75,0.84375,0.09375,H3_e0p25_0p25_quadratic_q0.5_f0.05_U_asymmetric
3,0.25,0.25,quadratic,0.5,parity,0.05,0.009375000000000003,full_feasible_return_range,0.6048076923076924,0.625,0.02019230769230762,H3_e0p25_0p25_quadratic_q0.5_f0.05_parity
3,0.25,0.25,information,0.01,U,0.0,0.0,full_feasible_return_range,0.5,0.84375,0.34375,H3_e0p25_0p25_information_q0.01_f0.0_U
3,0.25,0.25,information,0.01,V,0.0,0.0,full_feasible_return_range,0.84375,0.84375,0.0,H3_e0p25_0p25_information_q0.01_f0.0_V
3,0.25,0.25,information,0.01,world,0.0,0.0,full_feasible_return_range,0.421875,0.5625,0.140625,H3_e0p25_0p25_information_q0.01_f0.0_world
3,0.25,0.25,information,0.01,U_asymmetric,0.0,0.0,full_feasible_return_range,0.75,0.84375,0.09375,H3_e0p25_0p25_information_q0.01_f0.0_U_asymmetric
3,0.25,0.25,information,0.01,parity,0.0,0.0,full_feasible_return_range,0.5,0.625,0.125,H3_e0p25_0p25_information_q0.01_f0.0_parity
3,0.25,0.25,information,0.01,U,0.01,0.004464064415667495,full_feasible_return_range,0.5,0.84375,0.34375,H3_e0p25_0p25_information_q0.01_f0.01_U
3,0.25,0.25,information,0.01,V,0.01,0.004464064415667495,full_feasible_return_range,0.8375805118862442,0.84375,0.006169488113755839,H3_e0p25_0p25_information_q0.01_f0.01_V
3,0.25,0.25,information,0.01,world,0.01,0.004464064415667495,full_feasible_return_range,0.4189182253793621,0.5625,0.14358177462063793,H3_e0p25_0p25_information_q0.01_f0.01_world
3,0.25,0.25,information,0.01,U_asymmetric,0.01,0.004464064415667495,full_feasible_return_range,0.75,0.84375,0.09375,H3_e0p25_0p25_information_q0.01_f0.01_U_asymmetric
3,0.25,0.25,information,0.01,parity,0.01,0.004464064415667495,full_feasible_return_range,0.5,0.625,0.125,H3_e0p25_0p25_information_q0.01_f0.01_parity
3,0.25,0.25,information,0.01,U,0.05,0.022320322078337475,full_feasible_return_range,0.5,0.84375,0.34375,H3_e0p25_0p25_information_q0.01_f0.05_U
3,0.25,0.25,information,0.01,V,0.05,0.022320322078337475,full_feasible_return_range,0.8129025594312211,0.84375,0.03084744056877886,H3_e0p25_0p25_information_q0.01_f0.05_V
3,0.25,0.25,information,0.01,world,0.05,0.022320322078337475,full_feasible_return_range,0.40709112689681015,0.5625,0.15540887310318985,H3_e0p25_0p25_information_q0.01_f0.05_world
3,0.25,0.25,information,0.01,U_asymmetric,0.05,0.022320322078337475,full_feasible_return_range,0.7500000000000001,0.84375,0.09374999999999989,H3_e0p25_0p25_information_q0.01_f0.05_U_asymmetric
3,0.25,0.25,information,0.01,parity,0.05,0.022320322078337475,full_feasible_return_range,0.5,0.625,0.125,H3_e0p25_0p25_information_q0.01_f0.05_parity
3,0.25,0.25,quadratic,0.01,U,0.0,0.0,full_feasible_return_range,0.5,0.84375,0.34375,H3_e0p25_0p25_quadratic_q0.01_f0.0_U
3,0.25,0.25,quadratic,0.01,V,0.0,0.0,full_feasible_return_range,0.84375,0.84375,0.0,H3_e0p25_0p25_quadratic_q0.01_f0.0_V
3,0.25,0.25,quadratic,0.01,world,0.0,0.0,full_feasible_return_range,0.421875,0.5625,0.140625,H3_e0p25_0p25_quadratic_q0.01_f0.0_world
3,0.25,0.25,quadratic,0.01,U_asymmetric,0.0,0.0,full_feasible_return_range,0.75,0.84375,0.09375,H3_e0p25_0p25_quadratic_q0.01_f0.0_U_asymmetric
3,0.25,0.25,quadratic,0.01,parity,0.0,0.0,full_feasible_return_range,0.5,0.625,0.125,H3_e0p25_0p25_quadratic_q0.01_f0.0_parity
3,0.25,0.25,quadratic,0.01,U,0.01,0.002538017857142858,full_feasible_return_range,0.5,0.84375,0.34375,H3_e0p25_0p25_quadratic_q0.01_f0.01_U
3,0.25,0.25,quadratic,0.01,V,0.01,0.002538017857142858,full_feasible_return_range,0.8384271367346463,0.84375,0.0053228632653536945,H3_e0p25_0p25_quadratic_q0.01_f0.01_V
3,0.25,0.25,quadratic,0.01,world,0.01,0.002538017857142858,full_feasible_return_range,0.4192857142857143,0.5625,0.14321428571428568,H3_e0p25_0p25_quadratic_q0.01_f0.01_world
3,0.25,0.25,quadratic,0.01,U_asymmetric,0.01,0.002538017857142858,full_feasible_return_range,0.75,0.84375,0.09375,H3_e0p25_0p25_quadratic_q0.01_f0.01_U_asymmetric
3,0.25,0.25,quadratic,0.01,parity,0.01,0.002538017857142858,full_feasible_return_range,0.5,0.625,0.125,H3_e0p25_0p25_quadratic_q0.01_f0.01_parity
3,0.25,0.25,quadratic,0.01,U,0.05,0.01269008928571429,full_feasible_return_range,0.5,0.84375,0.34375,H3_e0p25_0p25_quadratic_q0.01_f0.05_U
3,0.25,0.25,quadratic,0.01,V,0.05,0.01269008928571429,full_feasible_return_range,0.8171356836732304,0.84375,0.026614316326769583,H3_e0p25_0p25_quadratic_q0.01_f0.05_V
3,0.25,0.25,quadratic,0.01,world,0.05,0.01269008928571429,full_feasible_return_range,0.4089285714285715,0.5625,0.15357142857142853,H3_e0p25_0p25_quadratic_q0.01_f0.05_world
3,0.25,0.25,quadratic,0.01,U_asymmetric,0.05,0.01269008928571429,full_feasible_return_range,0.75,0.84375,0.09375,H3_e0p25_0p25_quadratic_q0.01_f0.05_U_asymmetric
3,0.25,0.25,quadratic,0.01,parity,0.05,0.01269008928571429,full_feasible_return_range,0.5,0.625,0.125,H3_e0p25_0p25_quadratic_q0.01_f0.05_parity
3,0.25,0.25,native_singles,,U,0.0,0.0,full_feasible_return_range,0.75,0.84375,0.09375,H3_e0p25_0p25_native_singles_qNone_f0.0_U
3,0.25,0.25,native_singles,,V,0.0,0.0,full_feasible_return_range,0.75,0.84375,0.09375,H3_e0p25_0p25_native_singles_qNone_f0.0_V
3,0.25,0.25,native_singles,,world,0.0,0.0,full_feasible_return_range,0.5625,0.5625,0.0,H3_e0p25_0p25_native_singles_qNone_f0.0_world
3,0.25,0.25,native_singles,,U_asymmetric,0.0,0.0,full_feasible_return_range,0.75,0.84375,0.09375,H3_e0p25_0p25_native_singles_qNone_f0.0_U_asymmetric
3,0.25,0.25,native_singles,,parity,0.0,0.0,full_feasible_return_range,0.625,0.625,0.0,H3_e0p25_0p25_native_singles_qNone_f0.0_parity
3,0.25,0.25,native_singles,,U,0.01,0.001,full_feasible_return_range,0.7450000000000001,0.84375,0.0987499999999999,H3_e0p25_0p25_native_singles_qNone_f0.01_U
3,0.25,0.25,native_singles,,V,0.01,0.001,full_feasible_return_range,0.745,0.84375,0.09875,H3_e0p25_0p25_native_singles_qNone_f0.01_V
3,0.25,0.25,native_singles,,world,0.01,0.001,full_feasible_return_range,0.5579999999999998,0.5625,0.0045000000000001705,H3_e0p25_0p25_native_singles_qNone_f0.01_world
3,0.25,0.25,native_singles,,U_asymmetric,0.01,0.001,full_feasible_return_range,0.75,0.84375,0.09375,H3_e0p25_0p25_native_singles_qNone_f0.01_U_asymmetric
3,0.25,0.25,native_singles,,parity,0.01,0.001,full_feasible_return_range,0.6209999999999999,0.625,0.004000000000000115,H3_e0p25_0p25_native_singles_qNone_f0.01_parity
3,0.25,0.25,native_singles,,U,0.05,0.005000000000000001,full_feasible_return_range,0.725,0.84375,0.11875000000000002,H3_e0p25_0p25_native_singles_qNone_f0.05_U
3,0.25,0.25,native_singles,,V,0.05,0.005000000000000001,full_feasible_return_range,0.7249999999999999,0.84375,0.11875000000000013,H3_e0p25_0p25_native_singles_qNone_f0.05_V
3,0.25,0.25,native_singles,,world,0.05,0.005000000000000001,full_feasible_return_range,0.5400000000000001,0.5625,0.022499999999999853,H3_e0p25_0p25_native_singles_qNone_f0.05_world
3,0.25,0.25,native_singles,,U_asymmetric,0.05,0.005000000000000001,full_feasible_return_range,0.75,0.84375,0.09375,H3_e0p25_0p25_native_singles_qNone_f0.05_U_asymmetric
3,0.25,0.25,native_singles,,parity,0.05,0.005000000000000001,full_feasible_return_range,0.605,0.625,0.020000000000000018,H3_e0p25_0p25_native_singles_qNone_f0.05_parity
3,0.25,0.25,native_tagged,,U,0.0,0.0,full_feasible_return_range,0.75,0.84375,0.09375,H3_e0p25_0p25_native_tagged_qNone_f0.0_U
3,0.25,0.25,native_tagged,,V,0.0,0.0,full_feasible_return_range,0.75,0.84375,0.09375,H3_e0p25_0p25_native_tagged_qNone_f0.0_V
3,0.25,0.25,native_tagged,,world,0.0,0.0,full_feasible_return_range,0.5625,0.5625,0.0,H3_e0p25_0p25_native_tagged_qNone_f0.0_world
3,0.25,0.25,native_tagged,,U_asymmetric,0.0,0.0,full_feasible_return_range,0.75,0.84375,0.09375,H3_e0p25_0p25_native_tagged_qNone_f0.0_U_asymmetric
3,0.25,0.25,native_tagged,,parity,0.0,0.0,full_feasible_return_range,0.625,0.625,0.0,H3_e0p25_0p25_native_tagged_qNone_f0.0_parity
3,0.25,0.25,native_tagged,,U,0.01,0.00125,full_feasible_return_range,0.7437499999999999,0.84375,0.10000000000000009,H3_e0p25_0p25_native_tagged_qNone_f0.01_U
3,0.25,0.25,native_tagged,,V,0.01,0.00125,full_feasible_return_range,0.7437499999999999,0.84375,0.10000000000000009,H3_e0p25_0p25_native_tagged_qNone_f0.01_V
3,0.25,0.25,native_tagged,,world,0.01,0.00125,full_feasible_return_range,0.5568750000000001,0.5625,0.00562499999999988,H3_e0p25_0p25_native_tagged_qNone_f0.01_world
3,0.25,0.25,native_tagged,,U_asymmetric,0.01,0.00125,full_feasible_return_range,0.75,0.84375,0.09375,H3_e0p25_0p25_native_tagged_qNone_f0.01_U_asymmetric
3,0.25,0.25,native_tagged,,parity,0.01,0.00125,full_feasible_return_range,0.62,0.625,0.0050000000000000044,H3_e0p25_0p25_native_tagged_qNone_f0.01_parity
3,0.25,0.25,native_tagged,,U,0.05,0.00625,full_feasible_return_range,0.7187500000000001,0.84375,0.12499999999999989,H3_e0p25_0p25_native_tagged_qNone_f0.05_U
3,0.25,0.25,native_tagged,,V,0.05,0.00625,full_feasible_return_range,0.71875,0.84375,0.125,H3_e0p25_0p25_native_tagged_qNone_f0.05_V
3,0.25,0.25,native_tagged,,world,0.05,0.00625,full_feasible_return_range,0.534375,0.5625,0.028124999999999956,H3_e0p25_0p25_native_tagged_qNone_f0.05_world
3,0.25,0.25,native_tagged,,U_asymmetric,0.05,0.00625,full_feasible_return_range,0.75,0.84375,0.09375,H3_e0p25_0p25_native_tagged_qNone_f0.05_U_asymmetric
3,0.25,0.25,native_tagged,,parity,0.05,0.00625,full_feasible_return_range,0.6000000000000001,0.625,0.02499999999999991,H3_e0p25_0p25_native_tagged_qNone_f0.05_parity
3,0.25,0.25,native_joint,,U,0.0,0.0,full_feasible_return_range,0.75,0.84375,0.09375,H3_e0p25_0p25_native_joint_qNone_f0.0_U
3,0.25,0.25,native_joint,,V,0.0,0.0,full_feasible_return_range,0.75,0.84375,0.09375,H3_e0p25_0p25_native_joint_qNone_f0.0_V
3,0.25,0.25,native_joint,,world,0.0,0.0,full_feasible_return_range,0.5625,0.5625,0.0,H3_e0p25_0p25_native_joint_qNone_f0.0_world
3,0.25,0.25,native_joint,,U_asymmetric,0.0,0.0,full_feasible_return_range,0.75,0.84375,0.09375,H3_e0p25_0p25_native_joint_qNone_f0.0_U_asymmetric
3,0.25,0.25,native_joint,,parity,0.0,0.0,full_feasible_return_range,0.625,0.625,0.0,H3_e0p25_0p25_native_joint_qNone_f0.0_parity
3,0.25,0.25,native_joint,,U,0.01,0.0015625,full_feasible_return_range,0.7447916666666666,0.84375,0.09895833333333337,H3_e0p25_0p25_native_joint_qNone_f0.01_U
3,0.25,0.25,native_joint,,V,0.01,0.0015625,full_feasible_return_range,0.7447916666666667,0.84375,0.09895833333333326,H3_e0p25_0p25_native_joint_qNone_f0.01_V
3,0.25,0.25,native_joint,,world,0.01,0.0015625,full_feasible_return_range,0.5576508620689655,0.5625,0.004849137931034475,H3_e0p25_0p25_native_joint_qNone_f0.01_world
3,0.25,0.25,native_joint,,U_asymmetric,0.01,0.0015625,full_feasible_return_range,0.75,0.84375,0.09375,H3_e0p25_0p25_native_joint_qNone_f0.01_U_asymmetric
3,0.25,0.25,native_joint,,parity,0.01,0.0015625,full_feasible_return_range,0.6206896551724138,0.625,0.004310344827586188,H3_e0p25_0p25_native_joint_qNone_f0.01_parity
3,0.25,0.25,native_joint,,U,0.05,0.0078125,full_feasible_return_range,0.7239583333333334,0.84375,0.11979166666666663,H3_e0p25_0p25_native_joint_qNone_f0.05_U
3,0.25,0.25,native_joint,,V,0.05,0.0078125,full_feasible_return_range,0.7239583333333331,0.84375,0.11979166666666685,H3_e0p25_0p25_native_joint_qNone_f0.05_V
3,0.25,0.25,native_joint,,world,0.05,0.0078125,full_feasible_return_range,0.5382543103448276,0.5625,0.024245689655172376,H3_e0p25_0p25_native_joint_qNone_f0.05_world
3,0.25,0.25,native_joint,,U_asymmetric,0.05,0.0078125,full_feasible_return_range,0.75,0.84375,0.09375,H3_e0p25_0p25_native_joint_qNone_f0.05_U_asymmetric
3,0.25,0.25,native_joint,,parity,0.05,0.0078125,full_feasible_return_range,0.603448275862069,0.625,0.02155172413793105,H3_e0p25_0p25_native_joint_qNone_f0.05_parity
3,0.25,0.25,native_repeats,,U,0.0,0.0,full_feasible_return_range,0.75,0.84375,0.09375,H3_e0p25_0p25_native_repeats_qNone_f0.0_U
3,0.25,0.25,native_repeats,,V,0.0,0.0,full_feasible_return_range,0.75,0.84375,0.09375,H3_e0p25_0p25_native_repeats_qNone_f0.0_V
3,0.25,0.25,native_repeats,,world,0.0,0.0,full_feasible_return_range,0.5625,0.5625,0.0,H3_e0p25_0p25_native_repeats_qNone_f0.0_world
3,0.25,0.25,native_repeats,,U_asymmetric,0.0,0.0,full_feasible_return_range,0.75,0.84375,0.09375,H3_e0p25_0p25_native_repeats_qNone_f0.0_U_asymmetric
3,0.25,0.25,native_repeats,,parity,0.0,0.0,full_feasible_return_range,0.625,0.625,0.0,H3_e0p25_0p25_native_repeats_qNone_f0.0_parity
3,0.25,0.25,native_repeats,,U,0.01,0.0020625,full_feasible_return_range,0.743125,0.84375,0.10062499999999996,H3_e0p25_0p25_native_repeats_qNone_f0.01_U
3,0.25,0.25,native_repeats,,V,0.01,0.0020625,full_feasible_return_range,0.7431249999999999,0.84375,0.10062500000000008,H3_e0p25_0p25_native_repeats_qNone_f0.01_V
3,0.25,0.25,native_repeats,,world,0.01,0.0020625,full_feasible_return_range,0.5577403846153841,0.5625,0.0047596153846158895,H3_e0p25_0p25_native_repeats_qNone_f0.01_world
3,0.25,0.25,native_repeats,,U_asymmetric,0.01,0.0020625,full_feasible_return_range,0.75,0.84375,0.09375,H3_e0p25_0p25_native_repeats_qNone_f0.01_U_asymmetric
3,0.25,0.25,native_repeats,,parity,0.01,0.0020625,full_feasible_return_range,0.6207692307692307,0.625,0.00423076923076926,H3_e0p25_0p25_native_repeats_qNone_f0.01_parity
3,0.25,0.25,native_repeats,,U,0.05,0.010312500000000002,full_feasible_return_range,0.715625,0.84375,0.12812500000000004,H3_e0p25_0p25_native_repeats_qNone_f0.05_U
3,0.25,0.25,native_repeats,,V,0.05,0.010312500000000002,full_feasible_return_range,0.7156250000000001,0.84375,0.12812499999999993,H3_e0p25_0p25_native_repeats_qNone_f0.05_V
3,0.25,0.25,native_repeats,,world,0.05,0.010312500000000002,full_feasible_return_range,0.538701923076923,0.5625,0.023798076923077005,H3_e0p25_0p25_native_repeats_qNone_f0.05_world
3,0.25,0.25,native_repeats,,U_asymmetric,0.05,0.010312500000000002,full_feasible_return_range,0.75,0.84375,0.09375,H3_e0p25_0p25_native_repeats_qNone_f0.05_U_asymmetric
3,0.25,0.25,native_repeats,,parity,0.05,0.010312500000000002,full_feasible_return_range,0.6038461538461538,0.625,0.02115384615384619,H3_e0p25_0p25_native_repeats_qNone_f0.05_parity
3,0.25,0.25,native_minimax,,U,0.0,0.0,full_feasible_return_range,0.7499999999999998,0.84375,0.09375000000000022,H3_e0p25_0p25_native_minimax_qNone_f0.0_U
3,0.25,0.25,native_minimax,,V,0.0,0.0,full_feasible_return_range,0.75,0.84375,0.09375,H3_e0p25_0p25_native_minimax_qNone_f0.0_V
3,0.25,0.25,native_minimax,,world,0.0,0.0,full_feasible_return_range,0.5625,0.5625,0.0,H3_e0p25_0p25_native_minimax_qNone_f0.0_world
3,0.25,0.25,native_minimax,,U_asymmetric,0.0,0.0,full_feasible_return_range,0.75,0.84375,0.09375,H3_e0p25_0p25_native_minimax_qNone_f0.0_U_asymmetric
3,0.25,0.25,native_minimax,,parity,0.0,0.0,full_feasible_return_range,0.625,0.625,0.0,H3_e0p25_0p25_native_minimax_qNone_f0.0_parity
3,0.25,0.25,native_minimax,,U,0.01,0.0024999999999999988,full_feasible_return_range,0.7475,0.84375,0.09624999999999995,H3_e0p25_0p25_native_minimax_qNone_f0.01_U
3,0.25,0.25,native_minimax,,V,0.01,0.0024999999999999988,full_feasible_return_range,0.7475,0.84375,0.09624999999999995,H3_e0p25_0p25_native_minimax_qNone_f0.01_V
3,0.25,0.25,native_minimax,,world,0.01,0.0024999999999999988,full_feasible_return_range,0.5579999999999998,0.5625,0.0045000000000001705,H3_e0p25_0p25_native_minimax_qNone_f0.01_world
3,0.25,0.25,native_minimax,,U_asymmetric,0.01,0.0024999999999999988,full_feasible_return_range,0.75,0.84375,0.09375,H3_e0p25_0p25_native_minimax_qNone_f0.01_U_asymmetric
3,0.25,0.25,native_minimax,,parity,0.01,0.0024999999999999988,full_feasible_return_range,0.6209999999999999,0.625,0.004000000000000115,H3_e0p25_0p25_native_minimax_qNone_f0.01_parity
3,0.25,0.25,native_minimax,,U,0.05,0.012499999999999995,full_feasible_return_range,0.7374999999999998,0.84375,0.10625000000000018,H3_e0p25_0p25_native_minimax_qNone_f0.05_U
3,0.25,0.25,native_minimax,,V,0.05,0.012499999999999995,full_feasible_return_range,0.7374999999999998,0.84375,0.10625000000000018,H3_e0p25_0p25_native_minimax_qNone_f0.05_V
3,0.25,0.25,native_minimax,,world,0.05,0.012499999999999995,full_feasible_return_range,0.5400000000000004,0.5625,0.02249999999999963,H3_e0p25_0p25_native_minimax_qNone_f0.05_world
3,0.25,0.25,native_minimax,,U_asymmetric,0.05,0.012499999999999995,full_feasible_return_range,0.7499999999999999,0.84375,0.09375000000000011,H3_e0p25_0p25_native_minimax_qNone_f0.05_U_asymmetric
3,0.25,0.25,native_minimax,,parity,0.05,0.012499999999999995,full_feasible_return_range,0.6049999999999999,0.625,0.02000000000000013,H3_e0p25_0p25_native_minimax_qNone_f0.05_parity
3,0.1,0.3,information,0.5,U,0.0,0.0,full_feasible_return_range,0.972,0.9720000000000001,1.1102230246251565e-16,H3_e0p1_0p3_information_q0.5_f0.0_U
3,0.1,0.3,information,0.5,V,0.0,0.0,full_feasible_return_range,0.664,0.7839999999999999,0.11999999999999988,H3_e0p1_0p3_information_q0.5_f0.0_V
3,0.1,0.3,information,0.5,world,0.0,0.0,full_feasible_return_range,0.6479999999999999,0.6479999999999999,0.0,H3_e0p1_0p3_information_q0.5_f0.0_world
3,0.1,0.3,information,0.5,U_asymmetric,0.0,0.0,full_feasible_return_range,0.972,0.9720000000000002,2.220446049250313e-16,H3_e0p1_0p3_information_q0.5_f0.0_U_asymmetric
3,0.1,0.3,information,0.5,parity,0.0,0.0,full_feasible_return_range,0.66,0.66,0.0,H3_e0p1_0p3_information_q0.5_f0.0_parity
3,0.1,0.3,information,0.5,U,0.01,0.009350081143344789,full_feasible_return_range,0.9629287532354521,0.9720000000000001,0.009071246764547958,H3_e0p1_0p3_information_q0.5_f0.01_U
3,0.1,0.3,information,0.5,V,0.01,0.009350081143344789,full_feasible_return_range,0.6428758065550703,0.7839999999999999,0.14112419344492966,H3_e0p1_0p3_information_q0.5_f0.01_V
3,0.1,0.3,information,0.5,world,0.01,0.009350081143344789,full_feasible_return_range,0.6271334186702522,0.6479999999999999,0.020866581329747724,H3_e0p1_0p3_information_q0.5_f0.01_world
3,0.1,0.3,information,0.5,U_asymmetric,0.01,0.009350081143344789,full_feasible_return_range,0.9660909092413487,0.9720000000000002,0.005909090758651536,H3_e0p1_0p3_information_q0.5_f0.01_U_asymmetric
3,0.1,0.3,information,0.5,parity,0.01,0.009350081143344789,full_feasible_return_range,0.6393910307854341,0.66,0.020608969214565898,H3_e0p1_0p3_information_q0.5_f0.01_parity
3,0.1,0.3,information,0.5,U,0.05,0.046750405716723946,full_feasible_return_range,0.9266437661772609,0.9720000000000001,0.045356233822739234,H3_e0p1_0p3_information_q0.5_f0.05_U
3,0.1,0.3,information,0.5,V,0.05,0.046750405716723946,full_feasible_return_range,0.5583790327753504,0.7839999999999999,0.22562096722464953,H3_e0p1_0p3_information_q0.5_f0.05_V
3,0.1,0.3,information,0.5,world,0.05,0.046750405716723946,full_feasible_return_range,0.5436670933512606,0.6479999999999999,0.10433290664873929,H3_e0p1_0p3_information_q0.5_f0.05_world
3,0.1,0.3,information,0.5,U_asymmetric,0.05,0.046750405716723946,full_feasible_return_range,0.9424545462067431,0.9720000000000002,0.029545453793257126,H3_e0p1_0p3_information_q0.5_f0.05_U_asymmetric
3,0.1,0.3,information,0.5,parity,0.05,0.046750405716723946,full_feasible_return_range,0.5569551539271709,0.66,0.10304484607282915,H3_e0p1_0p3_information_q0.5_f0.05_parity
3,0.1,0.3,quadratic,0.5,U,0.0,0.0,full_feasible_return_range,0.972,0.9720000000000001,1.1102230246251565e-16,H3_e0p1_0p3_quadratic_q0.5_f0.0_U
3,0.1,0.3,quadratic,0.5,V,0.0,0.0,full_feasible_return_range,0.664,0.7839999999999999,0.11999999999999988,H3_e0p1_0p3_quadratic_q0.5_f0.0_V
3,0.1,0.3,quadratic,0.5,world,0.0,0.0,full_feasible_return_range,0.6479999999999999,0.6479999999999999,0.0,H3_e0p1_0p3_quadratic_q0.5_f0.0_world
3,0.1,0.3,quadratic,0.5,U_asymmetric,0.0,0.0,full_feasible_return_range,0.972,0.9720000000000002,2.220446049250313e-16,H3_e0p1_0p3_quadratic_q0.5_f0.0_U_asymmetric
3,0.1,0.3,quadratic,0.5,parity,0.0,0.0,full_feasible_return_range,0.66,0.66,0.0,H3_e0p1_0p3_quadratic_q0.5_f0.0_parity
3,0.1,0.3,quadratic,0.5,U,0.01,0.00287941463414634,full_feasible_return_range,0.9580279254523193,0.9720000000000001,0.01397207454768079,H3_e0p1_0p3_quadratic_q0.5_f0.01_U
3,0.1,0.3,quadratic,0.5,V,0.01,0.00287941463414634,full_feasible_return_range,0.6565328383707317,0.7839999999999999,0.1274671616292682,H3_e0p1_0p3_quadratic_q0.5_f0.01_V
3,0.1,0.3,quadratic,0.5,world,0.01,0.00287941463414634,full_feasible_return_range,0.6406239013174301,0.6479999999999999,0.007376098682569832,H3_e0p1_0p3_quadratic_q0.5_f0.01_world
3,0.1,0.3,quadratic,0.5,U_asymmetric,0.01,0.00287941463414634,full_feasible_return_range,0.9492953788600188,0.9720000000000002,0.022704621139981396,H3_e0p1_0p3_quadratic_q0.5_f0.01_U_asymmetric
3,0.1,0.3,quadratic,0.5,parity,0.01,0.00287941463414634,full_feasible_return_range,0.6527149642641283,0.66,0.007285035735871692,H3_e0p1_0p3_quadratic_q0.5_f0.01_parity
3,0.1,0.3,quadratic,0.5,U,0.05,0.014397073170731701,full_feasible_return_range,0.9021396272615969,0.9720000000000001,0.06986037273840318,H3_e0p1_0p3_quadratic_q0.5_f0.05_U
3,0.1,0.3,quadratic,0.5,V,0.05,0.014397073170731701,full_feasible_return_range,0.6266641918536582,0.7839999999999999,0.15733580814634174,H3_e0p1_0p3_quadratic_q0.5_f0.05_V
3,0.1,0.3,quadratic,0.5,world,0.05,0.014397073170731701,full_feasible_return_range,0.6111195065871501,0.6479999999999999,0.036880493412849824,H3_e0p1_0p3_quadratic_q0.5_f0.05_world
3,0.1,0.3,quadratic,0.5,U_asymmetric,0.05,0.014397073170731701,full_feasible_return_range,0.9008023602230988,0.9720000000000002,0.07119763977690141,H3_e0p1_0p3_quadratic_q0.5_f0.05_U_asymmetric
3,0.1,0.3,quadratic,0.5,parity,0.05,0.014397073170731701,full_feasible_return_range,0.6235748213206421,0.66,0.036425178679357906,H3_e0p1_0p3_quadratic_q0.5_f0.05_parity
3,0.1,0.3,information,0.01,U,0.0,0.0,full_feasible_return_range,0.4999999999999999,0.9720000000000001,0.4720000000000002,H3_e0p1_0p3_information_q0.01_f0.0_U
3,0.1,0.3,information,0.01,V,0.0,0.0,full_feasible_return_range,0.7839999999999998,0.7839999999999999,1.1102230246251565e-16,H3_e0p1_0p3_information_q0.01_f0.0_V
3,0.1,0.3,information,0.01,world,0.0,0.0,full_feasible_return_range,0.3919999999999999,0.6479999999999999,0.256,H3_e0p1_0p3_information_q0.01_f0.0_world
3,0.1,0.3,information,0.01,U_asymmetric,0.0,0.0,full_feasible_return_range,0.7499999999999998,0.9720000000000002,0.22200000000000042,H3_e0p1_0p3_information_q0.01_f0.0_U_asymmetric
3,0.1,0.3,information,0.01,parity,0.0,0.0,full_feasible_return_range,0.4999999999999999,0.66,0.16000000000000014,H3_e0p1_0p3_information_q0.01_f0.0_parity
3,0.1,0.3,information,0.01,U,0.01,0.0030532577044931654,full_feasible_return_range,0.4999999999999999,0.9720000000000001,0.4720000000000002,H3_e0p1_0p3_information_q0.01_f0.01_U
3,0.1,0.3,information,0.01,V,0.01,0.0030532577044931654,full_feasible_return_range,0.7728665447832209,0.7839999999999999,0.011133455216778998,H3_e0p1_0p3_information_q0.01_f0.01_V
3,0.1,0.3,information,0.01,world,0.01,0.0030532577044931654,full_feasible_return_range,0.3894279497656824,0.6479999999999999,0.2585720502343175,H3_e0p1_0p3_information_q0.01_f0.01_world
3,0.1,0.3,information,0.01,U_asymmetric,0.01,0.0030532577044931654,full_feasible_return_range,0.7499999999999999,0.9720000000000002,0.2220000000000003,H3_e0p1_0p3_information_q0.01_f0.01_U_asymmetric
3,0.1,0.3,information,0.01,parity,0.01,0.0030532577044931654,full_feasible_return_range,0.4999999999999999,0.66,0.16000000000000014,H3_e0p1_0p3_information_q0.01_f0.01_parity
3,0.1,0.3,information,0.01,U,0.05,0.015266288522465827,full_feasible_return_range,0.5,0.9720000000000001,0.4720000000000001,H3_e0p1_0p3_information_q0.01_f0.05_U
3,0.1,0.3,information,0.01,V,0.05,0.015266288522465827,full_feasible_return_range,0.7283327239161037,0.7839999999999999,0.05566727608389621,H3_e0p1_0p3_information_q0.01_f0.05_V
3,0.1,0.3,information,0.01,world,0.05,0.015266288522465827,full_feasible_return_range,0.37913974882841245,0.6479999999999999,0.26886025117158746,H3_e0p1_0p3_information_q0.01_f0.05_world
3,0.1,0.3,information,0.01,U_asymmetric,0.05,0.015266288522465827,full_feasible_return_range,0.7499999999999998,0.9720000000000002,0.22200000000000042,H3_e0p1_0p3_information_q0.01_f0.05_U_asymmetric
3,0.1,0.3,information,0.01,parity,0.05,0.015266288522465827,full_feasible_return_range,0.4999999999999999,0.66,0.16000000000000014,H3_e0p1_0p3_information_q0.01_f0.05_parity
3,0.1,0.3,quadratic,0.01,U,0.0,0.0,full_feasible_return_range,0.4999999999999999,0.9720000000000001,0.4720000000000002,H3_e0p1_0p3_quadratic_q0.01_f0.0_U
3,0.1,0.3,quadratic,0.01,V,0.0,0.0,full_feasible_return_range,0.7839999999999998,0.7839999999999999,1.1102230246251565e-16,H3_e0p1_0p3_quadratic_q0.01_f0.0_V
3,0.1,0.3,quadratic,0.01,world,0.0,0.0,full_feasible_return_range,0.3919999999999999,0.6479999999999999,0.256,H3_e0p1_0p3_quadratic_q0.01_f0.0_world
3,0.1,0.3,quadratic,0.01,U_asymmetric,0.0,0.0,full_feasible_return_range,0.7499999999999998,0.9720000000000002,0.22200000000000042,H3_e0p1_0p3_quadratic_q0.01_f0.0_U_asymmetric
3,0.1,0.3,quadratic,0.01,parity,0.0,0.0,full_feasible_return_range,0.4999999999999999,0.66,0.16000000000000014,H3_e0p1_0p3_quadratic_q0.01_f0.0_parity
3,0.1,0.3,quadratic,0.01,U,0.01,0.0018167079783783786,full_feasible_return_range,0.4999999999999999,0.9720000000000001,0.4720000000000002,H3_e0p1_0p3_quadratic_q0.01_f0.01_U
3,0.1,0.3,quadratic,0.01,V,0.01,0.0018167079783783786,full_feasible_return_range,0.7773659504661374,0.7839999999999999,0.006634049533862485,H3_e0p1_0p3_quadratic_q0.01_f0.01_V
3,0.1,0.3,quadratic,0.01,world,0.01,0.0018167079783783786,full_feasible_return_range,0.38968324324324316,0.6479999999999999,0.25831675675675675,H3_e0p1_0p3_quadratic_q0.01_f0.01_world
3,0.1,0.3,quadratic,0.01,U_asymmetric,0.01,0.0018167079783783786,full_feasible_return_range,0.7499999999999999,0.9720000000000002,0.2220000000000003,H3_e0p1_0p3_quadratic_q0.01_f0.01_U_asymmetric
3,0.1,0.3,quadratic,0.01,parity,0.01,0.0018167079783783786,full_feasible_return_range,0.4999999999999999,0.66,0.16000000000000014,H3_e0p1_0p3_quadratic_q0.01_f0.01_parity
3,0.1,0.3,quadratic,0.01,U,0.05,0.009083539891891894,full_feasible_return_range,0.49999999999999994,0.9720000000000001,0.47200000000000014,H3_e0p1_0p3_quadratic_q0.01_f0.05_U
3,0.1,0.3,quadratic,0.01,V,0.05,0.009083539891891894,full_feasible_return_range,0.7508297523306884,0.7839999999999999,0.03317024766931154,H3_e0p1_0p3_quadratic_q0.01_f0.05_V
3,0.1,0.3,quadratic,0.01,world,0.05,0.009083539891891894,full_feasible_return_range,0.38041621621621613,0.6479999999999999,0.2675837837837838,H3_e0p1_0p3_quadratic_q0.01_f0.05_world
3,0.1,0.3,quadratic,0.01,U_asymmetric,0.05,0.009083539891891894,full_feasible_return_range,0.7499999999999999,0.9720000000000002,0.2220000000000003,H3_e0p1_0p3_quadratic_q0.01_f0.05_U_asymmetric
3,0.1,0.3,quadratic,0.01,parity,0.05,0.009083539891891894,full_feasible_return_range,0.5,0.66,0.16000000000000003,H3_e0p1_0p3_quadratic_q0.01_f0.05_parity
3,0.1,0.3,native_singles,,U,0.0,0.0,full_feasible_return_range,0.9,0.9720000000000001,0.07200000000000006,H3_e0p1_0p3_native_singles_qNone_f0.0_U
3,0.1,0.3,native_singles,,V,0.0,0.0,full_feasible_return_range,0.7,0.7839999999999999,0.08399999999999996,H3_e0p1_0p3_native_singles_qNone_f0.0_V
3,0.1,0.3,native_singles,,world,0.0,0.0,full_feasible_return_range,0.6300000000000001,0.6479999999999999,0.017999999999999794,H3_e0p1_0p3_native_singles_qNone_f0.0_world
3,0.1,0.3,native_singles,,U_asymmetric,0.0,0.0,full_feasible_return_range,0.9,0.9720000000000002,0.07200000000000017,H3_e0p1_0p3_native_singles_qNone_f0.0_U_asymmetric
3,0.1,0.3,native_singles,,parity,0.0,0.0,full_feasible_return_range,0.66,0.66,0.0,H3_e0p1_0p3_native_singles_qNone_f0.0_parity
3,0.1,0.3,native_singles,,U,0.01,0.0012000000000000003,full_feasible_return_range,0.894,0.9720000000000001,0.07800000000000007,H3_e0p1_0p3_native_singles_qNone_f0.01_U
3,0.1,0.3,native_singles,,V,0.01,0.0012000000000000003,full_feasible_return_range,0.6940000000000002,0.7839999999999999,0.08999999999999975,H3_e0p1_0p3_native_singles_qNone_f0.01_V
3,0.1,0.3,native_singles,,world,0.01,0.0012000000000000003,full_feasible_return_range,0.6228620689655173,0.6479999999999999,0.025137931034482586,H3_e0p1_0p3_native_singles_qNone_f0.01_world
3,0.1,0.3,native_singles,,U_asymmetric,0.01,0.0012000000000000003,full_feasible_return_range,0.8977499999999999,0.9720000000000002,0.07425000000000026,H3_e0p1_0p3_native_singles_qNone_f0.01_U_asymmetric
3,0.1,0.3,native_singles,,parity,0.01,0.0012000000000000003,full_feasible_return_range,0.6517241379310346,0.66,0.008275862068965467,H3_e0p1_0p3_native_singles_qNone_f0.01_parity
3,0.1,0.3,native_singles,,U,0.05,0.006000000000000002,full_feasible_return_range,0.8700000000000003,0.9720000000000001,0.10199999999999976,H3_e0p1_0p3_native_singles_qNone_f0.05_U
3,0.1,0.3,native_singles,,V,0.05,0.006000000000000002,full_feasible_return_range,0.6700000000000002,0.7839999999999999,0.11399999999999977,H3_e0p1_0p3_native_singles_qNone_f0.05_V
3,0.1,0.3,native_singles,,world,0.05,0.006000000000000002,full_feasible_return_range,0.5948202824133504,0.6479999999999999,0.05317971758664952,H3_e0p1_0p3_native_singles_qNone_f0.05_world
3,0.1,0.3,native_singles,,U_asymmetric,0.05,0.006000000000000002,full_feasible_return_range,0.88875,0.9720000000000002,0.08325000000000016,H3_e0p1_0p3_native_singles_qNone_f0.05_U_asymmetric
3,0.1,0.3,native_singles,,parity,0.05,0.006000000000000002,full_feasible_return_range,0.6196405648267009,0.66,0.040359435173299096,H3_e0p1_0p3_native_singles_qNone_f0.05_parity
3,0.1,0.3,native_tagged,,U,0.0,0.0,full_feasible_return_range,0.9,0.9720000000000001,0.07200000000000006,H3_e0p1_0p3_native_tagged_qNone_f0.0_U
3,0.1,0.3,native_tagged,,V,0.0,0.0,full_feasible_return_range,0.7,0.7839999999999999,0.08399999999999996,H3_e0p1_0p3_native_tagged_qNone_f0.0_V
3,0.1,0.3,native_tagged,,world,0.0,0.0,full_feasible_return_range,0.63,0.6479999999999999,0.017999999999999905,H3_e0p1_0p3_native_tagged_qNone_f0.0_world
3,0.1,0.3,native_tagged,,U_asymmetric,0.0,0.0,full_feasible_return_range,0.9,0.9720000000000002,0.07200000000000017,H3_e0p1_0p3_native_tagged_qNone_f0.0_U_asymmetric
3,0.1,0.3,native_tagged,,parity,0.0,0.0,full_feasible_return_range,0.6600000000000001,0.66,-1.1102230246251565e-16,H3_e0p1_0p3_native_tagged_qNone_f0.0_parity
3,0.1,0.3,native_tagged,,U,0.01,0.0015000000000000002,full_feasible_return_range,0.8925,0.9720000000000001,0.07950000000000013,H3_e0p1_0p3_native_tagged_qNone_f0.01_U
3,0.1,0.3,native_tagged,,V,0.01,0.0015000000000000002,full_feasible_return_range,0.6925,0.7839999999999999,0.09149999999999991,H3_e0p1_0p3_native_tagged_qNone_f0.01_V
3,0.1,0.3,native_tagged,,world,0.01,0.0015000000000000002,full_feasible_return_range,0.6210775862068966,0.6479999999999999,0.02692241379310334,H3_e0p1_0p3_native_tagged_qNone_f0.01_world
3,0.1,0.3,native_tagged,,U_asymmetric,0.01,0.0015000000000000002,full_feasible_return_range,0.8971875,0.9720000000000002,0.07481250000000017,H3_e0p1_0p3_native_tagged_qNone_f0.01_U_asymmetric
3,0.1,0.3,native_tagged,,parity,0.01,0.0015000000000000002,full_feasible_return_range,0.6496551724137929,0.66,0.01034482758620714,H3_e0p1_0p3_native_tagged_qNone_f0.01_parity
3,0.1,0.3,native_tagged,,U,0.05,0.0075000000000000015,full_feasible_return_range,0.8624999999999999,0.9720000000000001,0.10950000000000015,H3_e0p1_0p3_native_tagged_qNone_f0.05_U
3,0.1,0.3,native_tagged,,V,0.05,0.0075000000000000015,full_feasible_return_range,0.6625,0.7839999999999999,0.12149999999999994,H3_e0p1_0p3_native_tagged_qNone_f0.05_V
3,0.1,0.3,native_tagged,,world,0.05,0.0075000000000000015,full_feasible_return_range,0.5874117458279845,0.6479999999999999,0.06058825417201541,H3_e0p1_0p3_native_tagged_qNone_f0.05_world
3,0.1,0.3,native_tagged,,U_asymmetric,0.05,0.0075000000000000015,full_feasible_return_range,0.8859375,0.9720000000000002,0.08606250000000015,H3_e0p1_0p3_native_tagged_qNone_f0.05_U_asymmetric
3,0.1,0.3,native_tagged,,parity,0.05,0.0075000000000000015,full_feasible_return_range,0.6123234916559692,0.66,0.04767650834403081,H3_e0p1_0p3_native_tagged_qNone_f0.05_parity
3,0.1,0.3,native_joint,,U,0.0,0.0,full_feasible_return_range,0.9,0.9720000000000001,0.07200000000000006,H3_e0p1_0p3_native_joint_qNone_f0.0_U
3,0.1,0.3,native_joint,,V,0.0,0.0,full_feasible_return_range,0.7,0.7839999999999999,0.08399999999999996,H3_e0p1_0p3_native_joint_qNone_f0.0_V
3,0.1,0.3,native_joint,,world,0.0,0.0,full_feasible_return_range,0.63,0.6479999999999999,0.017999999999999905,H3_e0p1_0p3_native_joint_qNone_f0.0_world
3,0.1,0.3,native_joint,,U_asymmetric,0.0,0.0,full_feasible_return_range,0.8999999999999999,0.9720000000000002,0.07200000000000029,H3_e0p1_0p3_native_joint_qNone_f0.0_U_asymmetric
3,0.1,0.3,native_joint,,parity,0.0,0.0,full_feasible_return_range,0.66,0.66,0.0,H3_e0p1_0p3_native_joint_qNone_f0.0_parity
3,0.1,0.3,native_joint,,U,0.01,0.0019000000000000004,full_feasible_return_range,0.8936666666666666,0.9720000000000001,0.07833333333333348,H3_e0p1_0p3_native_joint_qNone_f0.01_U
3,0.1,0.3,native_joint,,V,0.01,0.0019000000000000004,full_feasible_return_range,0.6936666666666667,0.7839999999999999,0.09033333333333327,H3_e0p1_0p3_native_joint_qNone_f0.01_V
3,0.1,0.3,native_joint,,world,0.01,0.0019000000000000004,full_feasible_return_range,0.623311224489796,0.6479999999999999,0.024688775510203875,H3_e0p1_0p3_native_joint_qNone_f0.01_world
3,0.1,0.3,native_joint,,U_asymmetric,0.01,0.0019000000000000004,full_feasible_return_range,0.897625,0.9720000000000002,0.07437500000000019,H3_e0p1_0p3_native_joint_qNone_f0.01_U_asymmetric
3,0.1,0.3,native_joint,,parity,0.01,0.0019000000000000004,full_feasible_return_range,0.6522448979591835,0.66,0.0077551020408165305,H3_e0p1_0p3_native_joint_qNone_f0.01_parity
3,0.1,0.3,native_joint,,U,0.05,0.009500000000000001,full_feasible_return_range,0.8683333333333334,0.9720000000000001,0.10366666666666668,H3_e0p1_0p3_native_joint_qNone_f0.05_U
3,0.1,0.3,native_joint,,V,0.05,0.009500000000000001,full_feasible_return_range,0.6683333333333333,0.7839999999999999,0.11566666666666658,H3_e0p1_0p3_native_joint_qNone_f0.05_V
3,0.1,0.3,native_joint,,world,0.05,0.009500000000000001,full_feasible_return_range,0.5965994391716998,0.6479999999999999,0.051400560828300135,H3_e0p1_0p3_native_joint_qNone_f0.05_world
3,0.1,0.3,native_joint,,U_asymmetric,0.05,0.009500000000000001,full_feasible_return_range,0.8881249999999999,0.9720000000000002,0.08387500000000025,H3_e0p1_0p3_native_joint_qNone_f0.05_U_asymmetric
3,0.1,0.3,native_joint,,parity,0.05,0.009500000000000001,full_feasible_return_range,0.6213977566867989,0.66,0.03860224331320117,H3_e0p1_0p3_native_joint_qNone_f0.05_parity
3,0.1,0.3,native_repeats,,U,0.0,0.0,full_feasible_return_range,0.9000000000000001,0.9720000000000001,0.07199999999999995,H3_e0p1_0p3_native_repeats_qNone_f0.0_U
3,0.1,0.3,native_repeats,,V,0.0,0.0,full_feasible_return_range,0.6999999999999998,0.7839999999999999,0.08400000000000007,H3_e0p1_0p3_native_repeats_qNone_f0.0_V
3,0.1,0.3,native_repeats,,world,0.0,0.0,full_feasible_return_range,0.63,0.6479999999999999,0.017999999999999905,H3_e0p1_0p3_native_repeats_qNone_f0.0_world
3,0.1,0.3,native_repeats,,U_asymmetric,0.0,0.0,full_feasible_return_range,0.9000000000000001,0.9720000000000002,0.07200000000000006,H3_e0p1_0p3_native_repeats_qNone_f0.0_U_asymmetric
3,0.1,0.3,native_repeats,,parity,0.0,0.0,full_feasible_return_range,0.66,0.66,0.0,H3_e0p1_0p3_native_repeats_qNone_f0.0_parity
3,0.1,0.3,native_repeats,,U,0.01,0.0025000000000000014,full_feasible_return_range,0.8928571428571428,0.9720000000000001,0.07914285714285729,H3_e0p1_0p3_native_repeats_qNone_f0.01_U
3,0.1,0.3,native_repeats,,V,0.01,0.0025000000000000014,full_feasible_return_range,0.6874999999999998,0.7839999999999999,0.09650000000000014,H3_e0p1_0p3_native_repeats_qNone_f0.01_V
3,0.1,0.3,native_repeats,,world,0.01,0.0025000000000000014,full_feasible_return_range,0.6232086614173228,0.6479999999999999,0.024791338582677125,H3_e0p1_0p3_native_repeats_qNone_f0.01_world
3,0.1,0.3,native_repeats,,U_asymmetric,0.01,0.0025000000000000014,full_feasible_return_range,0.8973214285714275,0.9720000000000002,0.0746785714285727,H3_e0p1_0p3_native_repeats_qNone_f0.01_U_asymmetric
3,0.1,0.3,native_repeats,,parity,0.01,0.0025000000000000014,full_feasible_return_range,0.6521259842519684,0.66,0.007874015748031593,H3_e0p1_0p3_native_repeats_qNone_f0.01_parity
3,0.1,0.3,native_repeats,,U,0.05,0.012500000000000006,full_feasible_return_range,0.8642857142857141,0.9720000000000001,0.10771428571428598,H3_e0p1_0p3_native_repeats_qNone_f0.05_U
3,0.1,0.3,native_repeats,,V,0.05,0.012500000000000006,full_feasible_return_range,0.6525443791329903,0.7839999999999999,0.13145562086700957,H3_e0p1_0p3_native_repeats_qNone_f0.05_V
3,0.1,0.3,native_repeats,,world,0.05,0.012500000000000006,full_feasible_return_range,0.5961519212140782,0.6479999999999999,0.05184807878592168,H3_e0p1_0p3_native_repeats_qNone_f0.05_world
3,0.1,0.3,native_repeats,,U_asymmetric,0.05,0.012500000000000006,full_feasible_return_range,0.8866071428571429,0.9720000000000002,0.08539285714285727,H3_e0p1_0p3_native_repeats_qNone_f0.05_U_asymmetric
3,0.1,0.3,native_repeats,,parity,0.05,0.012500000000000006,full_feasible_return_range,0.6209557636422344,0.66,0.03904423635776566,H3_e0p1_0p3_native_repeats_qNone_f0.05_parity
3,0.1,0.3,native_minimax,,U,0.0,0.0,full_feasible_return_range,0.8920000000000002,0.9720000000000001,0.07999999999999985,H3_e0p1_0p3_native_minimax_qNone_f0.0_U
3,0.1,0.3,native_minimax,,V,0.0,0.0,full_feasible_return_range,0.7040000000000002,0.7839999999999999,0.07999999999999974,H3_e0p1_0p3_native_minimax_qNone_f0.0_V
3,0.1,0.3,native_minimax,,world,0.0,0.0,full_feasible_return_range,0.6280000000000001,0.6479999999999999,0.019999999999999796,H3_e0p1_0p3_native_minimax_qNone_f0.0_world
3,0.1,0.3,native_minimax,,U_asymmetric,0.0,0.0,full_feasible_return_range,0.897,0.9720000000000002,0.07500000000000018,H3_e0p1_0p3_native_minimax_qNone_f0.0_U_asymmetric
3,0.1,0.3,native_minimax,,parity,0.0,0.0,full_feasible_return_range,0.6599999999999999,0.66,1.1102230246251565e-16,H3_e0p1_0p3_native_minimax_qNone_f0.0_parity
3,0.1,0.3,native_minimax,,U,0.01,0.003920000000000003,full_feasible_return_range,0.8880799999999998,0.9720000000000001,0.08392000000000033,H3_e0p1_0p3_native_minimax_qNone_f0.01_U
3,0.1,0.3,native_minimax,,V,0.01,0.003920000000000003,full_feasible_return_range,0.70008,0.7839999999999999,0.08391999999999988,H3_e0p1_0p3_native_minimax_qNone_f0.01_V
3,0.1,0.3,native_minimax,,world,0.01,0.003920000000000003,full_feasible_return_range,0.6200248275862073,0.6479999999999999,0.02797517241379266,H3_e0p1_0p3_native_minimax_qNone_f0.01_world
3,0.1,0.3,native_minimax,,U_asymmetric,0.01,0.003920000000000003,full_feasible_return_range,0.89553,0.9720000000000002,0.07647000000000015,H3_e0p1_0p3_native_minimax_qNone_f0.01_U_asymmetric
3,0.1,0.3,native_minimax,,parity,0.01,0.003920000000000003,full_feasible_return_range,0.6518896551724139,0.66,0.008110344827586102,H3_e0p1_0p3_native_minimax_qNone_f0.01_parity
3,0.1,0.3,native_minimax,,U,0.05,0.01960000000000002,full_feasible_return_range,0.8724000000000001,0.9720000000000001,0.09960000000000002,H3_e0p1_0p3_native_minimax_qNone_f0.05_U
3,0.1,0.3,native_minimax,,V,0.05,0.01960000000000002,full_feasible_return_range,0.6844,0.7839999999999999,0.09959999999999991,H3_e0p1_0p3_native_minimax_qNone_f0.05_V
3,0.1,0.3,native_minimax,,world,0.05,0.01960000000000002,full_feasible_return_range,0.5881241379310347,0.6479999999999999,0.059875862068965224,H3_e0p1_0p3_native_minimax_qNone_f0.05_world
3,0.1,0.3,native_minimax,,U_asymmetric,0.05,0.01960000000000002,full_feasible_return_range,0.8896500000000002,0.9720000000000002,0.08235000000000003,H3_e0p1_0p3_native_minimax_qNone_f0.05_U_asymmetric
3,0.1,0.3,native_minimax,,parity,0.05,0.01960000000000002,full_feasible_return_range,0.6194482758620691,0.66,0.040551724137930956,H3_e0p1_0p3_native_minimax_qNone_f0.05_parity
3,0.1,0.1,native_singles,,U,,0.005,absolute,0.8750000000000002,0.9720000000000001,0.09699999999999986,H3_e0p1_0p1_native_singles_qNone_absolute0.005_U
3,0.1,0.1,native_singles,,V,,0.005,absolute,0.8750000000000002,0.9720000000000001,0.09699999999999986,H3_e0p1_0p1_native_singles_qNone_absolute0.005_V
3,0.1,0.1,native_singles,,world,,0.005,absolute,0.785304878048781,0.81,0.024695121951219035,H3_e0p1_0p1_native_singles_qNone_absolute0.005_world
3,0.1,0.1,native_singles,,U_asymmetric,,0.005,absolute,0.8906250000000002,0.9720000000000002,0.08137499999999998,H3_e0p1_0p1_native_singles_qNone_absolute0.005_U_asymmetric
3,0.1,0.1,native_singles,,parity,,0.005,absolute,0.7956097560975608,0.8200000000000001,0.024390243902439268,H3_e0p1_0p1_native_singles_qNone_absolute0.005_parity
3,0.1,0.1,native_tagged,,U,,0.005,absolute,0.8750000000000001,0.9720000000000001,0.09699999999999998,H3_e0p1_0p1_native_tagged_qNone_absolute0.005_U
3,0.1,0.1,native_tagged,,V,,0.005,absolute,0.875,0.9720000000000001,0.09700000000000009,H3_e0p1_0p1_native_tagged_qNone_absolute0.005_V
3,0.1,0.1,native_tagged,,world,,0.005,absolute,0.7853048780487806,0.81,0.02469512195121948,H3_e0p1_0p1_native_tagged_qNone_absolute0.005_world
3,0.1,0.1,native_tagged,,U_asymmetric,,0.005,absolute,0.8906250000000001,0.9720000000000002,0.08137500000000009,H3_e0p1_0p1_native_tagged_qNone_absolute0.005_U_asymmetric
3,0.1,0.1,native_tagged,,parity,,0.005,absolute,0.795609756097561,0.8200000000000001,0.024390243902439046,H3_e0p1_0p1_native_tagged_qNone_absolute0.005_parity
3,0.1,0.1,native_joint,,U,,0.005,absolute,0.8833333333333335,0.9720000000000001,0.08866666666666656,H3_e0p1_0p1_native_joint_qNone_absolute0.005_U
3,0.1,0.1,native_joint,,V,,0.005,absolute,0.8833333333333334,0.9720000000000001,0.08866666666666667,H3_e0p1_0p1_native_joint_qNone_absolute0.005_V
3,0.1,0.1,native_joint,,world,,0.005,absolute,0.7934693877551021,0.81,0.016530612244897935,H3_e0p1_0p1_native_joint_qNone_absolute0.005_world
3,0.1,0.1,native_joint,,U_asymmetric,,0.005,absolute,0.89375,0.9720000000000002,0.07825000000000015,H3_e0p1_0p1_native_joint_qNone_absolute0.005_U_asymmetric
3,0.1,0.1,native_joint,,parity,,0.005,absolute,0.8036734693877554,0.8200000000000001,0.01632653061224465,H3_e0p1_0p1_native_joint_qNone_absolute0.005_parity
3,0.1,0.1,native_repeats,,U,,0.005,absolute,0.8833333333333335,0.9720000000000001,0.08866666666666656,H3_e0p1_0p1_native_repeats_qNone_absolute0.005_U
3,0.1,0.1,native_repeats,,V,,0.005,absolute,0.8833333333333335,0.9720000000000001,0.08866666666666656,H3_e0p1_0p1_native_repeats_qNone_absolute0.005_V
3,0.1,0.1,native_repeats,,world,,0.005,absolute,0.7976146788990828,0.81,0.01238532110091728,H3_e0p1_0p1_native_repeats_qNone_absolute0.005_world
3,0.1,0.1,native_repeats,,U_asymmetric,,0.005,absolute,0.8937500000000003,0.9720000000000002,0.07824999999999993,H3_e0p1_0p1_native_repeats_qNone_absolute0.005_U_asymmetric
3,0.1,0.1,native_repeats,,parity,,0.005,absolute,0.8077675840978595,0.8200000000000001,0.012232415902140525,H3_e0p1_0p1_native_repeats_qNone_absolute0.005_parity
3,0.25,0.25,native_singles,,U,,0.005,absolute,0.725,0.84375,0.11875000000000002,H3_e0p25_0p25_native_singles_qNone_absolute0.005_U
3,0.25,0.25,native_singles,,V,,0.005,absolute,0.7249999999999999,0.84375,0.11875000000000013,H3_e0p25_0p25_native_singles_qNone_absolute0.005_V
3,0.25,0.25,native_singles,,world,,0.005,absolute,0.5400000000000001,0.5625,0.022499999999999853,H3_e0p25_0p25_native_singles_qNone_absolute0.005_world
3,0.25,0.25,native_singles,,U_asymmetric,,0.005,absolute,0.75,0.84375,0.09375,H3_e0p25_0p25_native_singles_qNone_absolute0.005_U_asymmetric
3,0.25,0.25,native_singles,,parity,,0.005,absolute,0.605,0.625,0.020000000000000018,H3_e0p25_0p25_native_singles_qNone_absolute0.005_parity
3,0.25,0.25,native_tagged,,U,,0.005,absolute,0.7250000000000001,0.84375,0.11874999999999991,H3_e0p25_0p25_native_tagged_qNone_absolute0.005_U
3,0.25,0.25,native_tagged,,V,,0.005,absolute,0.725,0.84375,0.11875000000000002,H3_e0p25_0p25_native_tagged_qNone_absolute0.005_V
3,0.25,0.25,native_tagged,,world,,0.005,absolute,0.54,0.5625,0.022499999999999964,H3_e0p25_0p25_native_tagged_qNone_absolute0.005_world
3,0.25,0.25,native_tagged,,U_asymmetric,,0.005,absolute,0.75,0.84375,0.09375,H3_e0p25_0p25_native_tagged_qNone_absolute0.005_U_asymmetric
3,0.25,0.25,native_tagged,,parity,,0.005,absolute,0.605,0.625,0.020000000000000018,H3_e0p25_0p25_native_tagged_qNone_absolute0.005_parity
3,0.25,0.25,native_joint,,U,,0.005,absolute,0.7333333333333332,0.84375,0.11041666666666683,H3_e0p25_0p25_native_joint_qNone_absolute0.005_U
3,0.25,0.25,native_joint,,V,,0.005,absolute,0.7333333333333334,0.84375,0.11041666666666661,H3_e0p25_0p25_native_joint_qNone_absolute0.005_V
3,0.25,0.25,native_joint,,world,,0.005,absolute,0.5469827586206897,0.5625,0.01551724137931032,H3_e0p25_0p25_native_joint_qNone_absolute0.005_world
3,0.25,0.25,native_joint,,U_asymmetric,,0.005,absolute,0.75,0.84375,0.09375,H3_e0p25_0p25_native_joint_qNone_absolute0.005_U_asymmetric
3,0.25,0.25,native_joint,,parity,,0.005,absolute,0.6112068965517241,0.625,0.01379310344827589,H3_e0p25_0p25_native_joint_qNone_absolute0.005_parity
3,0.25,0.25,native_repeats,,U,,0.005,absolute,0.7333333333333336,0.84375,0.11041666666666639,H3_e0p25_0p25_native_repeats_qNone_absolute0.005_U
3,0.25,0.25,native_repeats,,V,,0.005,absolute,0.7333333333333334,0.84375,0.11041666666666661,H3_e0p25_0p25_native_repeats_qNone_absolute0.005_V
3,0.25,0.25,native_repeats,,world,,0.005,absolute,0.5509615384615385,0.5625,0.011538461538461497,H3_e0p25_0p25_native_repeats_qNone_absolute0.005_world
3,0.25,0.25,native_repeats,,U_asymmetric,,0.005,absolute,0.7499999999999999,0.84375,0.09375000000000011,H3_e0p25_0p25_native_repeats_qNone_absolute0.005_U_asymmetric
3,0.25,0.25,native_repeats,,parity,,0.005,absolute,0.6147435897435898,0.625,0.01025641025641022,H3_e0p25_0p25_native_repeats_qNone_absolute0.005_parity
3,0.1,0.3,native_singles,,U,,0.005,absolute,0.875,0.9720000000000001,0.09700000000000009,H3_e0p1_0p3_native_singles_qNone_absolute0.005_U
3,0.1,0.3,native_singles,,V,,0.005,absolute,0.675,0.7839999999999999,0.10899999999999987,H3_e0p1_0p3_native_singles_qNone_absolute0.005_V
3,0.1,0.3,native_singles,,world,,0.005,absolute,0.6002586206896552,0.6479999999999999,0.04774137931034472,H3_e0p1_0p3_native_singles_qNone_absolute0.005_world
3,0.1,0.3,native_singles,,U_asymmetric,,0.005,absolute,0.890625,0.9720000000000002,0.0813750000000002,H3_e0p1_0p3_native_singles_qNone_absolute0.005_U_asymmetric
3,0.1,0.3,native_singles,,parity,,0.005,absolute,0.6255172413793104,0.66,0.03448275862068961,H3_e0p1_0p3_native_singles_qNone_absolute0.005_parity
3,0.1,0.3,native_tagged,,U,,0.005,absolute,0.8749999999999997,0.9720000000000001,0.09700000000000042,H3_e0p1_0p3_native_tagged_qNone_absolute0.005_U
3,0.1,0.3,native_tagged,,V,,0.005,absolute,0.675,0.7839999999999999,0.10899999999999987,H3_e0p1_0p3_native_tagged_qNone_absolute0.005_V
3,0.1,0.3,native_tagged,,world,,0.005,absolute,0.600258620689655,0.6479999999999999,0.047741379310344945,H3_e0p1_0p3_native_tagged_qNone_absolute0.005_world
3,0.1,0.3,native_tagged,,U_asymmetric,,0.005,absolute,0.8906249999999999,0.9720000000000002,0.08137500000000031,H3_e0p1_0p3_native_tagged_qNone_absolute0.005_U_asymmetric
3,0.1,0.3,native_tagged,,parity,,0.005,absolute,0.6255172413793103,0.66,0.034482758620689724,H3_e0p1_0p3_native_tagged_qNone_absolute0.005_parity
3,0.1,0.3,native_joint,,U,,0.005,absolute,0.8833333333333329,0.9720000000000001,0.08866666666666723,H3_e0p1_0p3_native_joint_qNone_absolute0.005_U
3,0.1,0.3,native_joint,,V,,0.005,absolute,0.6833333333333333,0.7839999999999999,0.10066666666666657,H3_e0p1_0p3_native_joint_qNone_absolute0.005_V
3,0.1,0.3,native_joint,,world,,0.005,absolute,0.6123979591836735,0.6479999999999999,0.03560204081632645,H3_e0p1_0p3_native_joint_qNone_absolute0.005_world
3,0.1,0.3,native_joint,,U_asymmetric,,0.005,absolute,0.89375,0.9720000000000002,0.07825000000000015,H3_e0p1_0p3_native_joint_qNone_absolute0.005_U_asymmetric
3,0.1,0.3,native_joint,,parity,,0.005,absolute,0.6395918367346939,0.66,0.020408163265306145,H3_e0p1_0p3_native_joint_qNone_absolute0.005_parity
3,0.1,0.3,native_repeats,,U,,0.005,absolute,0.8857142857142859,0.9720000000000001,0.08628571428571419,H3_e0p1_0p3_native_repeats_qNone_absolute0.005_U
3,0.1,0.3,native_repeats,,V,,0.005,absolute,0.6749999999999999,0.7839999999999999,0.10899999999999999,H3_e0p1_0p3_native_repeats_qNone_absolute0.005_V
3,0.1,0.3,native_repeats,,world,,0.005,absolute,0.6164173228346457,0.6479999999999999,0.031582677165354234,H3_e0p1_0p3_native_repeats_qNone_absolute0.005_world
3,0.1,0.3,native_repeats,,U_asymmetric,,0.005,absolute,0.8946428571428571,0.9720000000000002,0.07735714285714312,H3_e0p1_0p3_native_repeats_qNone_absolute0.005_U_asymmetric
3,0.1,0.3,native_repeats,,parity,,0.005,absolute,0.644251968503937,0.66,0.015748031496063075,H3_e0p1_0p3_native_repeats_qNone_absolute0.005_parity
4,0.1,0.1,information,0.5,U,0.0,0.0,full_feasible_return_range,0.9000000000000001,0.9720000000000002,0.07200000000000006,H4_e0p1_0p1_information_q0.5_f0.0_U
4,0.1,0.1,information,0.5,V,0.0,0.0,full_feasible_return_range,0.9000000000000001,0.9720000000000002,0.07200000000000006,H4_e0p1_0p1_information_q0.5_f0.0_V
4,0.1,0.1,information,0.5,world,0.0,0.0,full_feasible_return_range,0.8748000000000002,0.8748000000000001,-1.1102230246251565e-16,H4_e0p1_0p1_information_q0.5_f0.0_world
4,0.1,0.1,information,0.5,U_asymmetric,0.0,0.0,full_feasible_return_range,0.9369000000000002,0.9841500000000003,0.047250000000000125,H4_e0p1_0p1_information_q0.5_f0.0_U_asymmetric
4,0.1,0.1,information,0.5,parity,0.0,0.0,full_feasible_return_range,0.8776000000000002,0.8776000000000002,0.0,H4_e0p1_0p1_information_q0.5_f0.0_parity
4,0.1,0.1,information,0.5,U,0.01,0.015417578488683444,full_feasible_return_range,0.8807233856991846,0.9720000000000002,0.09127661430081557,H4_e0p1_0p1_information_q0.5_f0.01_U
4,0.1,0.1,information,0.5,V,0.01,0.015417578488683444,full_feasible_return_range,0.8807233856991845,0.9720000000000002,0.09127661430081568,H4_e0p1_0p1_information_q0.5_f0.01_V
4,0.1,0.1,information,0.5,world,0.01,0.015417578488683444,full_feasible_return_range,0.8574510471292661,0.8748000000000001,0.017348952870734013,H4_e0p1_0p1_information_q0.5_f0.01_world
4,0.1,0.1,information,0.5,U_asymmetric,0.01,0.015417578488683444,full_feasible_return_range,0.9292294446193394,0.9841500000000003,0.054920555380660874,H4_e0p1_0p1_information_q0.5_f0.01_U_asymmetric
4,0.1,0.1,information,0.5,parity,0.01,0.015417578488683444,full_feasible_return_range,0.8621787085593473,0.8776000000000002,0.015421291440652851,H4_e0p1_0p1_information_q0.5_f0.01_parity
4,0.1,0.1,information,0.5,U,0.05,0.07708789244341722,full_feasible_return_range,0.8166229075215262,0.9720000000000002,0.15537709247847398,H4_e0p1_0p1_information_q0.5_f0.05_U
4,0.1,0.1,information,0.5,V,0.05,0.07708789244341722,full_feasible_return_range,0.8166229075215263,0.9720000000000002,0.15537709247847387,H4_e0p1_0p1_information_q0.5_f0.05_V
4,0.1,0.1,information,0.5,world,0.05,0.07708789244341722,full_feasible_return_range,0.7987616525517516,0.8748000000000001,0.07603834744824856,H4_e0p1_0p1_information_q0.5_f0.05_world
4,0.1,0.1,information,0.5,U_asymmetric,0.05,0.07708789244341722,full_feasible_return_range,0.8986309032410131,0.9841500000000003,0.08551909675898717,H4_e0p1_0p1_information_q0.5_f0.05_U_asymmetric
4,0.1,0.1,information,0.5,parity,0.05,0.07708789244341722,full_feasible_return_range,0.808900397581977,0.8776000000000002,0.0686996024180232,H4_e0p1_0p1_information_q0.5_f0.05_parity
4,0.1,0.1,quadratic,0.5,U,0.0,0.0,full_feasible_return_range,0.9000000000000001,0.9720000000000002,0.07200000000000006,H4_e0p1_0p1_quadratic_q0.5_f0.0_U
4,0.1,0.1,quadratic,0.5,V,0.0,0.0,full_feasible_return_range,0.9000000000000001,0.9720000000000002,0.07200000000000006,H4_e0p1_0p1_quadratic_q0.5_f0.0_V
4,0.1,0.1,quadratic,0.5,world,0.0,0.0,full_feasible_return_range,0.8748000000000002,0.8748000000000001,-1.1102230246251565e-16,H4_e0p1_0p1_quadratic_q0.5_f0.0_world
4,0.1,0.1,quadratic,0.5,U_asymmetric,0.0,0.0,full_feasible_return_range,0.9369000000000002,0.9841500000000003,0.047250000000000125,H4_e0p1_0p1_quadratic_q0.5_f0.0_U_asymmetric
4,0.1,0.1,quadratic,0.5,parity,0.0,0.0,full_feasible_return_range,0.8776000000000002,0.8776000000000002,0.0,H4_e0p1_0p1_quadratic_q0.5_f0.0_parity
4,0.1,0.1,quadratic,0.5,U,0.01,0.0058344425461035136,full_feasible_return_range,0.8897316215491828,0.9720000000000002,0.08226837845081736,H4_e0p1_0p1_quadratic_q0.5_f0.01_U
4,0.1,0.1,quadratic,0.5,V,0.01,0.0058344425461035136,full_feasible_return_range,0.8897316215491828,0.9720000000000002,0.08226837845081736,H4_e0p1_0p1_quadratic_q0.5_f0.01_V
4,0.1,0.1,quadratic,0.5,world,0.01,0.0058344425461035136,full_feasible_return_range,0.8655584593942649,0.8748000000000001,0.009241540605735232,H4_e0p1_0p1_quadratic_q0.5_f0.01_world
4,0.1,0.1,quadratic,0.5,U_asymmetric,0.01,0.0058344425461035136,full_feasible_return_range,0.9290618342570595,0.9841500000000003,0.05508816574294084,H4_e0p1_0p1_quadratic_q0.5_f0.01_U_asymmetric
4,0.1,0.1,quadratic,0.5,parity,0.01,0.0058344425461035136,full_feasible_return_range,0.8693852972393462,0.8776000000000002,0.008214702760653947,H4_e0p1_0p1_quadratic_q0.5_f0.01_parity
4,0.1,0.1,quadratic,0.5,U,0.05,0.029172212730517566,full_feasible_return_range,0.848658107745913,0.9720000000000002,0.1233418922540872,H4_e0p1_0p1_quadratic_q0.5_f0.05_U
4,0.1,0.1,quadratic,0.5,V,0.05,0.029172212730517566,full_feasible_return_range,0.848658107745913,0.9720000000000002,0.1233418922540872,H4_e0p1_0p1_quadratic_q0.5_f0.05_V
4,0.1,0.1,quadratic,0.5,world,0.05,0.029172212730517566,full_feasible_return_range,0.8285922969713218,0.8748000000000001,0.04620770302867838,H4_e0p1_0p1_quadratic_q0.5_f0.05_world
4,0.1,0.1,quadratic,0.5,U_asymmetric,0.05,0.029172212730517566,full_feasible_return_range,0.8988745886005076,0.9841500000000003,0.08527541139949268,H4_e0p1_0p1_quadratic_q0.5_f0.05_U_asymmetric
4,0.1,0.1,quadratic,0.5,parity,0.05,0.029172212730517566,full_feasible_return_range,0.8365264861967303,0.8776000000000002,0.041073513803269845,H4_e0p1_0p1_quadratic_q0.5_f0.05_parity
4,0.1,0.1,information,0.01,U,0.0,0.0,full_feasible_return_range,0.7920000000000003,0.9720000000000002,0.17999999999999994,H4_e0p1_0p1_information_q0.01_f0.0_U
4,0.1,0.1,information,0.01,V,0.0,0.0,full_feasible_return_range,0.9720000000000002,0.9720000000000002,0.0,H4_e0p1_0p1_information_q0.01_f0.0_V
4,0.1,0.1,information,0.01,world,0.0,0.0,full_feasible_return_range,0.7776000000000002,0.8748000000000001,0.09719999999999995,H4_e0p1_0p1_information_q0.01_f0.0_world
4,0.1,0.1,information,0.01,U_asymmetric,0.0,0.0,full_feasible_return_range,0.8595000000000002,0.9841500000000003,0.12465000000000015,H4_e0p1_0p1_information_q0.01_f0.0_U_asymmetric
4,0.1,0.1,information,0.01,parity,0.0,0.0,full_feasible_return_range,0.7912000000000001,0.8776000000000002,0.08640000000000003,H4_e0p1_0p1_information_q0.01_f0.0_parity
4,0.1,0.1,information,0.01,U,0.01,0.009375561576930487,full_feasible_return_range,0.6167053538772779,0.9720000000000002,0.3552946461227223,H4_e0p1_0p1_information_q0.01_f0.01_U
4,0.1,0.1,information,0.01,V,0.01,0.009375561576930487,full_feasible_return_range,0.9292153402023016,0.9720000000000002,0.04278465979769863,H4_e0p1_0p1_information_q0.01_f0.01_V
4,0.1,0.1,information,0.01,world,0.01,0.009375561576930487,full_feasible_return_range,0.602545483529501,0.8748000000000001,0.27225451647049914,H4_e0p1_0p1_information_q0.01_f0.01_world
4,0.1,0.1,information,0.01,U_asymmetric,0.01,0.009375561576930487,full_feasible_return_range,0.7937645077039793,0.9841500000000003,0.19038549229602098,H4_e0p1_0p1_information_q0.01_f0.01_U_asymmetric
4,0.1,0.1,information,0.01,parity,0.01,0.009375561576930487,full_feasible_return_range,0.6163856131817237,0.8776000000000002,0.26121438681827647,H4_e0p1_0p1_information_q0.01_f0.01_parity
4,0.1,0.1,information,0.01,U,0.05,0.046877807884652435,full_feasible_return_range,0.5,0.9720000000000002,0.4720000000000002,H4_e0p1_0p1_information_q0.01_f0.05_U
4,0.1,0.1,information,0.01,V,0.05,0.046877807884652435,full_feasible_return_range,0.7692760896254124,0.9720000000000002,0.2027239103745878,H4_e0p1_0p1_information_q0.01_f0.05_V
4,0.1,0.1,information,0.01,world,0.05,0.046877807884652435,full_feasible_return_range,0.477575015637136,0.8748000000000001,0.39722498436286413,H4_e0p1_0p1_information_q0.01_f0.05_world
4,0.1,0.1,information,0.01,U_asymmetric,0.05,0.046877807884652435,full_feasible_return_range,0.75,0.9841500000000003,0.2341500000000003,H4_e0p1_0p1_information_q0.01_f0.05_U_asymmetric
4,0.1,0.1,information,0.01,parity,0.05,0.046877807884652435,full_feasible_return_range,0.5,0.8776000000000002,0.37760000000000016,H4_e0p1_0p1_information_q0.01_f0.05_parity
4,0.1,0.1,quadratic,0.01,U,0.0,0.0,full_feasible_return_range,0.7920000000000003,0.9720000000000002,0.17999999999999994,H4_e0p1_0p1_quadratic_q0.01_f0.0_U
4,0.1,0.1,quadratic,0.01,V,0.0,0.0,full_feasible_return_range,0.9720000000000002,0.9720000000000002,0.0,H4_e0p1_0p1_quadratic_q0.01_f0.0_V
4,0.1,0.1,quadratic,0.01,world,0.0,0.0,full_feasible_return_range,0.7776000000000002,0.8748000000000001,0.09719999999999995,H4_e0p1_0p1_quadratic_q0.01_f0.0_world
4,0.1,0.1,quadratic,0.01,U_asymmetric,0.0,0.0,full_feasible_return_range,0.8595000000000002,0.9841500000000003,0.12465000000000015,H4_e0p1_0p1_quadratic_q0.01_f0.0_U_asymmetric
4,0.1,0.1,quadratic,0.01,parity,0.0,0.0,full_feasible_return_range,0.7912000000000001,0.8776000000000002,0.08640000000000003,H4_e0p1_0p1_quadratic_q0.01_f0.0_parity
4,0.1,0.1,quadratic,0.01,U,0.01,0.004600429310903319,full_feasible_return_range,0.5,0.9720000000000002,0.4720000000000002,H4_e0p1_0p1_quadratic_q0.01_f0.01_U
4,0.1,0.1,quadratic,0.01,V,0.01,0.004600429310903319,full_feasible_return_range,0.9204517358983828,0.9720000000000002,0.05154826410161739,H4_e0p1_0p1_quadratic_q0.01_f0.01_V
4,0.1,0.1,quadratic,0.01,world,0.01,0.004600429310903319,full_feasible_return_range,0.48408047551622135,0.8748000000000001,0.3907195244837788,H4_e0p1_0p1_quadratic_q0.01_f0.01_world
4,0.1,0.1,quadratic,0.01,U_asymmetric,0.01,0.004600429310903319,full_feasible_return_range,0.7500000000000001,0.9841500000000003,0.2341500000000002,H4_e0p1_0p1_quadratic_q0.01_f0.01_U_asymmetric
4,0.1,0.1,quadratic,0.01,parity,0.01,0.004600429310903319,full_feasible_return_range,0.5,0.8776000000000002,0.37760000000000016,H4_e0p1_0p1_quadratic_q0.01_f0.01_parity
4,0.1,0.1,quadratic,0.01,U,0.05,0.0230021465545166,full_feasible_return_range,0.5000000000000001,0.9720000000000002,0.4720000000000001,H4_e0p1_0p1_quadratic_q0.01_f0.05_U
4,0.1,0.1,quadratic,0.01,V,0.05,0.0230021465545166,full_feasible_return_range,0.7626847000224758,0.9720000000000002,0.2093152999775244,H4_e0p1_0p1_quadratic_q0.01_f0.05_V
4,0.1,0.1,quadratic,0.01,world,0.05,0.0230021465545166,full_feasible_return_range,0.4744590920359604,0.8748000000000001,0.40034090796403976,H4_e0p1_0p1_quadratic_q0.01_f0.05_world
4,0.1,0.1,quadratic,0.01,U_asymmetric,0.05,0.0230021465545166,full_feasible_return_range,0.75,0.9841500000000003,0.2341500000000003,H4_e0p1_0p1_quadratic_q0.01_f0.05_U_asymmetric
4,0.1,0.1,quadratic,0.01,parity,0.05,0.0230021465545166,full_feasible_return_range,0.5,0.8776000000000002,0.37760000000000016,H4_e0p1_0p1_quadratic_q0.01_f0.05_parity
4,0.1,0.1,native_singles,,U,0.0,0.0,full_feasible_return_range,0.9000000000000001,0.9720000000000002,0.07200000000000006,H4_e0p1_0p1_native_singles_qNone_f0.0_U
4,0.1,0.1,native_singles,,V,0.0,0.0,full_feasible_return_range,0.9000000000000001,0.9720000000000002,0.07200000000000006,H4_e0p1_0p1_native_singles_qNone_f0.0_V
4,0.1,0.1,native_singles,,world,0.0,0.0,full_feasible_return_range,0.8028986301369863,0.8748000000000001,0.07190136986301388,H4_e0p1_0p1_native_singles_qNone_f0.0_world
4,0.1,0.1,native_singles,,U_asymmetric,0.0,0.0,full_feasible_return_range,0.9000000000000001,0.9841500000000003,0.08415000000000017,H4_e0p1_0p1_native_singles_qNone_f0.0_U_asymmetric
4,0.1,0.1,native_singles,,parity,0.0,0.0,full_feasible_return_range,0.8057972602739735,0.8776000000000002,0.07180273972602669,H4_e0p1_0p1_native_singles_qNone_f0.0_parity
4,0.1,0.1,native_singles,,U,0.01,0.0016000000000000003,full_feasible_return_range,0.8920000000000001,0.9720000000000002,0.08000000000000007,H4_e0p1_0p1_native_singles_qNone_f0.01_U
4,0.1,0.1,native_singles,,V,0.01,0.0016000000000000003,full_feasible_return_range,0.8920000000000001,0.9720000000000002,0.08000000000000007,H4_e0p1_0p1_native_singles_qNone_f0.01_V
4,0.1,0.1,native_singles,,world,0.01,0.0016000000000000003,full_feasible_return_range,0.7949095890410959,0.8748000000000001,0.07989041095890426,H4_e0p1_0p1_native_singles_qNone_f0.01_world
4,0.1,0.1,native_singles,,U_asymmetric,0.01,0.0016000000000000003,full_feasible_return_range,0.8970000000000002,0.9841500000000003,0.08715000000000006,H4_e0p1_0p1_native_singles_qNone_f0.01_U_asymmetric
4,0.1,0.1,native_singles,,parity,0.01,0.0016000000000000003,full_feasible_return_range,0.797819178082192,0.8776000000000002,0.07978082191780811,H4_e0p1_0p1_native_singles_qNone_f0.01_parity
4,0.1,0.1,native_singles,,U,0.05,0.008000000000000002,full_feasible_return_range,0.8600000000000001,0.9720000000000002,0.1120000000000001,H4_e0p1_0p1_native_singles_qNone_f0.05_U
4,0.1,0.1,native_singles,,V,0.05,0.008000000000000002,full_feasible_return_range,0.8600000000000001,0.9720000000000002,0.1120000000000001,H4_e0p1_0p1_native_singles_qNone_f0.05_V
4,0.1,0.1,native_singles,,world,0.05,0.008000000000000002,full_feasible_return_range,0.7629534246575341,0.8748000000000001,0.111846575342466,H4_e0p1_0p1_native_singles_qNone_f0.05_world
4,0.1,0.1,native_singles,,U_asymmetric,0.05,0.008000000000000002,full_feasible_return_range,0.8850000000000002,0.9841500000000003,0.09915000000000007,H4_e0p1_0p1_native_singles_qNone_f0.05_U_asymmetric
4,0.1,0.1,native_singles,,parity,0.05,0.008000000000000002,full_feasible_return_range,0.7659068493150685,0.8776000000000002,0.11169315068493169,H4_e0p1_0p1_native_singles_qNone_f0.05_parity
4,0.1,0.1,native_tagged,,U,0.0,0.0,full_feasible_return_range,0.9000000000000001,0.9720000000000002,0.07200000000000006,H4_e0p1_0p1_native_tagged_qNone_f0.0_U
4,0.1,0.1,native_tagged,,V,0.0,0.0,full_feasible_return_range,0.9000000000000001,0.9720000000000002,0.07200000000000006,H4_e0p1_0p1_native_tagged_qNone_f0.0_V
4,0.1,0.1,native_tagged,,world,0.0,0.0,full_feasible_return_range,0.8028986301369866,0.8748000000000001,0.07190136986301354,H4_e0p1_0p1_native_tagged_qNone_f0.0_world
4,0.1,0.1,native_tagged,,U_asymmetric,0.0,0.0,full_feasible_return_range,0.9000000000000001,0.9841500000000003,0.08415000000000017,H4_e0p1_0p1_native_tagged_qNone_f0.0_U_asymmetric
4,0.1,0.1,native_tagged,,parity,0.0,0.0,full_feasible_return_range,0.8057972602739727,0.8776000000000002,0.07180273972602746,H4_e0p1_0p1_native_tagged_qNone_f0.0_parity
4,0.1,0.1,native_tagged,,U,0.01,0.0020000000000000005,full_feasible_return_range,0.89,0.9720000000000002,0.08200000000000018,H4_e0p1_0p1_native_tagged_qNone_f0.01_U
4,0.1,0.1,native_tagged,,V,0.01,0.0020000000000000005,full_feasible_return_range,0.8900000000000001,0.9720000000000002,0.08200000000000007,H4_e0p1_0p1_native_tagged_qNone_f0.01_V
4,0.1,0.1,native_tagged,,world,0.01,0.0020000000000000005,full_feasible_return_range,0.7929123287671233,0.8748000000000001,0.08188767123287688,H4_e0p1_0p1_native_tagged_qNone_f0.01_world
4,0.1,0.1,native_tagged,,U_asymmetric,0.01,0.0020000000000000005,full_feasible_return_range,0.8962500000000001,0.9841500000000003,0.0879000000000002,H4_e0p1_0p1_native_tagged_qNone_f0.01_U_asymmetric
4,0.1,0.1,native_tagged,,parity,0.01,0.0020000000000000005,full_feasible_return_range,0.7958246575342467,0.8776000000000002,0.08177534246575346,H4_e0p1_0p1_native_tagged_qNone_f0.01_parity
4,0.1,0.1,native_tagged,,U,0.05,0.010000000000000002,full_feasible_return_range,0.8499999999999996,0.9720000000000002,0.12200000000000055,H4_e0p1_0p1_native_tagged_qNone_f0.05_U
4,0.1,0.1,native_tagged,,V,0.05,0.010000000000000002,full_feasible_return_range,0.8500000000000001,0.9720000000000002,0.12200000000000011,H4_e0p1_0p1_native_tagged_qNone_f0.05_V
4,0.1,0.1,native_tagged,,world,0.05,0.010000000000000002,full_feasible_return_range,0.7529671232876713,0.8748000000000001,0.12183287671232879,H4_e0p1_0p1_native_tagged_qNone_f0.05_world
4,0.1,0.1,native_tagged,,U_asymmetric,0.05,0.010000000000000002,full_feasible_return_range,0.8812500000000002,0.9841500000000003,0.1029000000000001,H4_e0p1_0p1_native_tagged_qNone_f0.05_U_asymmetric
4,0.1,0.1,native_tagged,,parity,0.05,0.010000000000000002,full_feasible_return_range,0.7559342465753423,0.8776000000000002,0.12166575342465791,H4_e0p1_0p1_native_tagged_qNone_f0.05_parity
4,0.1,0.1,native_joint,,U,0.0,0.0,full_feasible_return_range,0.9000000000000001,0.9720000000000002,0.07200000000000006,H4_e0p1_0p1_native_joint_qNone_f0.0_U
4,0.1,0.1,native_joint,,V,0.0,0.0,full_feasible_return_range,0.9000000000000001,0.9720000000000002,0.07200000000000006,H4_e0p1_0p1_native_joint_qNone_f0.0_V
4,0.1,0.1,native_joint,,world,0.0,0.0,full_feasible_return_range,0.81,0.8748000000000001,0.06480000000000008,H4_e0p1_0p1_native_joint_qNone_f0.0_world
4,0.1,0.1,native_joint,,U_asymmetric,0.0,0.0,full_feasible_return_range,0.9000000000000001,0.9841500000000003,0.08415000000000017,H4_e0p1_0p1_native_joint_qNone_f0.0_U_asymmetric
4,0.1,0.1,native_joint,,parity,0.0,0.0,full_feasible_return_range,0.8200000000000002,0.8776000000000002,0.057599999999999985,H4_e0p1_0p1_native_joint_qNone_f0.0_parity
4,0.1,0.1,native_joint,,U,0.01,0.0025600000000000006,full_feasible_return_range,0.8914666666666667,0.9720000000000002,0.08053333333333346,H4_e0p1_0p1_native_joint_qNone_f0.01_U
4,0.1,0.1,native_joint,,V,0.01,0.0025600000000000006,full_feasible_return_range,0.8914666666666669,0.9720000000000002,0.08053333333333335,H4_e0p1_0p1_native_joint_qNone_f0.01_V
4,0.1,0.1,native_joint,,world,0.01,0.0025600000000000006,full_feasible_return_range,0.7991012797074952,0.8748000000000001,0.0756987202925049,H4_e0p1_0p1_native_joint_qNone_f0.01_world
4,0.1,0.1,native_joint,,U_asymmetric,0.01,0.0025600000000000006,full_feasible_return_range,0.8968000000000003,0.9841500000000003,0.08735000000000004,H4_e0p1_0p1_native_joint_qNone_f0.01_U_asymmetric
4,0.1,0.1,native_joint,,parity,0.01,0.0025600000000000006,full_feasible_return_range,0.8020051188299817,0.8776000000000002,0.07559488117001845,H4_e0p1_0p1_native_joint_qNone_f0.01_parity
4,0.1,0.1,native_joint,,U,0.05,0.012800000000000004,full_feasible_return_range,0.8573333333333334,0.9720000000000002,0.1146666666666668,H4_e0p1_0p1_native_joint_qNone_f0.05_U
4,0.1,0.1,native_joint,,V,0.05,0.012800000000000004,full_feasible_return_range,0.8573333333333334,0.9720000000000002,0.1146666666666668,H4_e0p1_0p1_native_joint_qNone_f0.05_V
4,0.1,0.1,native_joint,,world,0.05,0.012800000000000004,full_feasible_return_range,0.7649835466179158,0.8748000000000001,0.10981645338208434,H4_e0p1_0p1_native_joint_qNone_f0.05_world
4,0.1,0.1,native_joint,,U_asymmetric,0.05,0.012800000000000004,full_feasible_return_range,0.8840000000000001,0.9841500000000003,0.10015000000000018,H4_e0p1_0p1_native_joint_qNone_f0.05_U_asymmetric
4,0.1,0.1,native_joint,,parity,0.05,0.012800000000000004,full_feasible_return_range,0.7679341864716642,0.8776000000000002,0.10966581352833593,H4_e0p1_0p1_native_joint_qNone_f0.05_parity
4,0.1,0.1,native_repeats,,U,0.0,0.0,full_feasible_return_range,0.9000000000000001,0.9720000000000002,0.07200000000000006,H4_e0p1_0p1_native_repeats_qNone_f0.0_U
4,0.1,0.1,native_repeats,,V,0.0,0.0,full_feasible_return_range,0.9000000000000001,0.9720000000000002,0.07200000000000006,H4_e0p1_0p1_native_repeats_qNone_f0.0_V
4,0.1,0.1,native_repeats,,world,0.0,0.0,full_feasible_return_range,0.8748,0.8748000000000001,1.1102230246251565e-16,H4_e0p1_0p1_native_repeats_qNone_f0.0_world
4,0.1,0.1,native_repeats,,U_asymmetric,0.0,0.0,full_feasible_return_range,0.9000000000000001,0.9841500000000003,0.08415000000000017,H4_e0p1_0p1_native_repeats_qNone_f0.0_U_asymmetric
4,0.1,0.1,native_repeats,,parity,0.0,0.0,full_feasible_return_range,0.8776000000000002,0.8776000000000002,0.0,H4_e0p1_0p1_native_repeats_qNone_f0.0_parity
4,0.1,0.1,native_repeats,,U,0.01,0.0034320000000000006,full_feasible_return_range,0.8914199999999994,0.9720000000000002,0.08058000000000076,H4_e0p1_0p1_native_repeats_qNone_f0.01_U
4,0.1,0.1,native_repeats,,V,0.01,0.0034320000000000006,full_feasible_return_range,0.8914200000000002,0.9720000000000002,0.08057999999999998,H4_e0p1_0p1_native_repeats_qNone_f0.01_V
4,0.1,0.1,native_repeats,,world,0.01,0.0034320000000000006,full_feasible_return_range,0.8405270136986304,0.8748000000000001,0.03427298630136977,H4_e0p1_0p1_native_repeats_qNone_f0.01_world
4,0.1,0.1,native_repeats,,U_asymmetric,0.01,0.0034320000000000006,full_feasible_return_range,0.8967825000000001,0.9841500000000003,0.08736750000000015,H4_e0p1_0p1_native_repeats_qNone_f0.01_U_asymmetric
4,0.1,0.1,native_repeats,,parity,0.01,0.0034320000000000006,full_feasible_return_range,0.8433740273972602,0.8776000000000002,0.03422597260273996,H4_e0p1_0p1_native_repeats_qNone_f0.01_parity
4,0.1,0.1,native_repeats,,U,0.05,0.017160000000000005,full_feasible_return_range,0.8571000000000004,0.9720000000000002,0.11489999999999978,H4_e0p1_0p1_native_repeats_qNone_f0.05_U
4,0.1,0.1,native_repeats,,V,0.05,0.017160000000000005,full_feasible_return_range,0.8571,0.9720000000000002,0.11490000000000022,H4_e0p1_0p1_native_repeats_qNone_f0.05_V
4,0.1,0.1,native_repeats,,world,0.05,0.017160000000000005,full_feasible_return_range,0.7815639479095269,0.8748000000000001,0.09323605209047325,H4_e0p1_0p1_native_repeats_qNone_f0.05_world
4,0.1,0.1,native_repeats,,U_asymmetric,0.05,0.017160000000000005,full_feasible_return_range,0.8839125000000002,0.9841500000000003,0.10023750000000009,H4_e0p1_0p1_native_repeats_qNone_f0.05_U_asymmetric
4,0.1,0.1,native_repeats,,parity,0.05,0.017160000000000005,full_feasible_return_range,0.784491843728581,0.8776000000000002,0.0931081562714191,H4_e0p1_0p1_native_repeats_qNone_f0.05_parity
4,0.1,0.1,native_minimax,,U,0.0,0.0,full_feasible_return_range,0.935999999999999,0.9720000000000002,0.03600000000000114,H4_e0p1_0p1_native_minimax_qNone_f0.0_U
4,0.1,0.1,native_minimax,,V,0.0,0.0,full_feasible_return_range,0.9359999999999992,0.9720000000000002,0.03600000000000103,H4_e0p1_0p1_native_minimax_qNone_f0.0_V
4,0.1,0.1,native_minimax,,world,0.0,0.0,full_feasible_return_range,0.8748000000000001,0.8748000000000001,0.0,H4_e0p1_0p1_native_minimax_qNone_f0.0_world
4,0.1,0.1,native_minimax,,U_asymmetric,0.0,0.0,full_feasible_return_range,0.9359999999999988,0.9841500000000003,0.04815000000000147,H4_e0p1_0p1_native_minimax_qNone_f0.0_U_asymmetric
4,0.1,0.1,native_minimax,,parity,0.0,0.0,full_feasible_return_range,0.8775999999999977,0.8776000000000002,2.4424906541753444e-15,H4_e0p1_0p1_native_minimax_qNone_f0.0_parity
4,0.1,0.1,native_minimax,,U,0.01,0.0052399999999999895,full_feasible_return_range,0.9307599999999989,0.9720000000000002,0.041240000000001276,H4_e0p1_0p1_native_minimax_qNone_f0.01_U
4,0.1,0.1,native_minimax,,V,0.01,0.0052399999999999895,full_feasible_return_range,0.9307599999999989,0.9720000000000002,0.041240000000001276,H4_e0p1_0p1_native_minimax_qNone_f0.01_V
4,0.1,0.1,native_minimax,,world,0.01,0.0052399999999999895,full_feasible_return_range,0.8643343561643813,0.8748000000000001,0.010465643835618876,H4_e0p1_0p1_native_minimax_qNone_f0.01_world
4,0.1,0.1,native_minimax,,U_asymmetric,0.01,0.0052399999999999895,full_feasible_return_range,0.9307599999999989,0.9841500000000003,0.05339000000000138,H4_e0p1_0p1_native_minimax_qNone_f0.01_U_asymmetric
4,0.1,0.1,native_minimax,,parity,0.01,0.0052399999999999895,full_feasible_return_range,0.8671487123287649,0.8776000000000002,0.010451287671235265,H4_e0p1_0p1_native_minimax_qNone_f0.01_parity
4,0.1,0.1,native_minimax,,U,0.05,0.026199999999999946,full_feasible_return_range,0.9097999999999987,0.9720000000000002,0.062200000000001476,H4_e0p1_0p1_native_minimax_qNone_f0.05_U
4,0.1,0.1,native_minimax,,V,0.05,0.026199999999999946,full_feasible_return_range,0.9097999999999988,0.9720000000000002,0.062200000000001365,H4_e0p1_0p1_native_minimax_qNone_f0.05_V
4,0.1,0.1,native_minimax,,world,0.05,0.026199999999999946,full_feasible_return_range,0.8224717808219155,0.8748000000000001,0.05232821917808461,H4_e0p1_0p1_native_minimax_qNone_f0.05_world
4,0.1,0.1,native_minimax,,U_asymmetric,0.05,0.026199999999999946,full_feasible_return_range,0.909799999999999,0.9841500000000003,0.07435000000000125,H4_e0p1_0p1_native_minimax_qNone_f0.05_U_asymmetric
4,0.1,0.1,native_minimax,,parity,0.05,0.026199999999999946,full_feasible_return_range,0.8253435616438334,0.8776000000000002,0.05225643835616678,H4_e0p1_0p1_native_minimax_qNone_f0.05_parity
4,0.25,0.25,information,0.5,U,0.0,0.0,full_feasible_return_range,0.7499999999999967,0.84375,0.09375000000000333,H4_e0p25_0p25_information_q0.5_f0.0_U
4,0.25,0.25,information,0.5,V,0.0,0.0,full_feasible_return_range,0.75,0.84375,0.09375,H4_e0p25_0p25_information_q0.5_f0.0_V
4,0.25,0.25,information,0.5,world,0.0,0.0,full_feasible_return_range,0.6328125,0.6328125,0.0,H4_e0p25_0p25_information_q0.5_f0.0_world
4,0.25,0.25,information,0.5,U_asymmetric,0.0,0.0,full_feasible_return_range,0.80859375,0.896484375,0.087890625,H4_e0p25_0p25_information_q0.5_f0.0_U_asymmetric
4,0.25,0.25,information,0.5,parity,0.0,0.0,full_feasible_return_range,0.671875,0.671875,0.0,H4_e0p25_0p25_information_q0.5_f0.0_parity
4,0.25,0.25,information,0.5,U,0.01,0.006808427569165364,full_feasible_return_range,0.7126452398377572,0.84375,0.13110476016224282,H4_e0p25_0p25_information_q0.5_f0.01_U
4,0.25,0.25,information,0.5,V,0.01,0.006808427569165364,full_feasible_return_range,0.7126452398377572,0.84375,0.13110476016224282,H4_e0p25_0p25_information_q0.5_f0.01_V
4,0.25,0.25,information,0.5,world,0.01,0.006808427569165364,full_feasible_return_range,0.6047964298783184,0.6328125,0.028016070121681613,H4_e0p25_0p25_information_q0.5_f0.01_world
4,0.25,0.25,information,0.5,U_asymmetric,0.01,0.006808427569165364,full_feasible_return_range,0.7911405643305147,0.896484375,0.10534381066948528,H4_e0p25_0p25_information_q0.5_f0.01_U_asymmetric
4,0.25,0.25,information,0.5,parity,0.01,0.006808427569165364,full_feasible_return_range,0.6531976199188786,0.671875,0.01867738008112141,H4_e0p25_0p25_information_q0.5_f0.01_parity
4,0.25,0.25,information,0.5,U,0.05,0.03404213784582682,full_feasible_return_range,0.6350512848514915,0.84375,0.20869871514850846,H4_e0p25_0p25_information_q0.5_f0.05_U
4,0.25,0.25,information,0.5,V,0.05,0.03404213784582682,full_feasible_return_range,0.6350512848514913,0.84375,0.20869871514850868,H4_e0p25_0p25_information_q0.5_f0.05_V
4,0.25,0.25,information,0.5,world,0.05,0.03404213784582682,full_feasible_return_range,0.5434211563663423,0.6328125,0.08939134363365775,H4_e0p25_0p25_information_q0.5_f0.05_world
4,0.25,0.25,information,0.5,U_asymmetric,0.05,0.03404213784582682,full_feasible_return_range,0.75,0.896484375,0.146484375,H4_e0p25_0p25_information_q0.5_f0.05_U_asymmetric
4,0.25,0.25,information,0.5,parity,0.05,0.03404213784582682,full_feasible_return_range,0.6080410278811931,0.671875,0.06383397211880693,H4_e0p25_0p25_information_q0.5_f0.05_parity
4,0.25,0.25,quadratic,0.5,U,0.0,0.0,full_feasible_return_range,0.75,0.84375,0.09375,H4_e0p25_0p25_quadratic_q0.5_f0.0_U
4,0.25,0.25,quadratic,0.5,V,0.0,0.0,full_feasible_return_range,0.75,0.84375,0.09375,H4_e0p25_0p25_quadratic_q0.5_f0.0_V
4,0.25,0.25,quadratic,0.5,world,0.0,0.0,full_feasible_return_range,0.6328125,0.6328125,0.0,H4_e0p25_0p25_quadratic_q0.5_f0.0_world
4,0.25,0.25,quadratic,0.5,U_asymmetric,0.0,0.0,full_feasible_return_range,0.80859375,0.896484375,0.087890625,H4_e0p25_0p25_quadratic_q0.5_f0.0_U_asymmetric
4,0.25,0.25,quadratic,0.5,parity,0.0,0.0,full_feasible_return_range,0.671875,0.671875,0.0,H4_e0p25_0p25_quadratic_q0.5_f0.0_parity
4,0.25,0.25,quadratic,0.5,U,0.01,0.0025523437500000004,full_feasible_return_range,0.7342932692307691,0.84375,0.1094567307692309,H4_e0p25_0p25_quadratic_q0.5_f0.01_U
4,0.25,0.25,quadratic,0.5,V,0.01,0.0025523437500000004,full_feasible_return_range,0.7342932692307691,0.84375,0.1094567307692309,H4_e0p25_0p25_quadratic_q0.5_f0.01_V
4,0.25,0.25,quadratic,0.5,world,0.01,0.0025523437500000004,full_feasible_return_range,0.6210324519230769,0.6328125,0.011780048076923122,H4_e0p25_0p25_quadratic_q0.5_f0.01_world
4,0.25,0.25,quadratic,0.5,U_asymmetric,0.01,0.0025523437500000004,full_feasible_return_range,0.7989153067443119,0.896484375,0.09756906825568812,H4_e0p25_0p25_quadratic_q0.5_f0.01_U_asymmetric
4,0.25,0.25,quadratic,0.5,parity,0.01,0.0025523437500000004,full_feasible_return_range,0.6640216346153844,0.671875,0.007853365384615563,H4_e0p25_0p25_quadratic_q0.5_f0.01_parity
4,0.25,0.25,quadratic,0.5,U,0.05,0.012761718750000001,full_feasible_return_range,0.6714663461538461,0.84375,0.17228365384615385,H4_e0p25_0p25_quadratic_q0.5_f0.05_U
4,0.25,0.25,quadratic,0.5,V,0.05,0.012761718750000001,full_feasible_return_range,0.6714663461538459,0.84375,0.17228365384615407,H4_e0p25_0p25_quadratic_q0.5_f0.05_V
4,0.25,0.25,quadratic,0.5,world,0.05,0.012761718750000001,full_feasible_return_range,0.5739122596153845,0.6328125,0.0589002403846155,H4_e0p25_0p25_quadratic_q0.5_f0.05_world
4,0.25,0.25,quadratic,0.5,U_asymmetric,0.05,0.012761718750000001,full_feasible_return_range,0.7602015337215602,0.896484375,0.13628284127843981,H4_e0p25_0p25_quadratic_q0.5_f0.05_U_asymmetric
4,0.25,0.25,quadratic,0.5,parity,0.05,0.012761718750000001,full_feasible_return_range,0.6326081730769231,0.671875,0.039266826923076925,H4_e0p25_0p25_quadratic_q0.5_f0.05_parity
4,0.25,0.25,information,0.01,U,0.0,0.0,full_feasible_return_range,0.5,0.84375,0.34375,H4_e0p25_0p25_information_q0.01_f0.0_U
4,0.25,0.25,information,0.01,V,0.0,0.0,full_feasible_return_range,0.84375,0.84375,0.0,H4_e0p25_0p25_information_q0.01_f0.0_V
4,0.25,0.25,information,0.01,world,0.0,0.0,full_feasible_return_range,0.421875,0.6328125,0.2109375,H4_e0p25_0p25_information_q0.01_f0.0_world
4,0.25,0.25,information,0.01,U_asymmetric,0.0,0.0,full_feasible_return_range,0.75,0.896484375,0.146484375,H4_e0p25_0p25_information_q0.01_f0.0_U_asymmetric
4,0.25,0.25,information,0.01,parity,0.0,0.0,full_feasible_return_range,0.5,0.671875,0.171875,H4_e0p25_0p25_information_q0.01_f0.0_parity
4,0.25,0.25,information,0.01,U,0.01,0.0053878560400100785,full_feasible_return_range,0.5,0.84375,0.34375,H4_e0p25_0p25_information_q0.01_f0.01_U
4,0.25,0.25,information,0.01,V,0.01,0.0053878560400100785,full_feasible_return_range,0.838264969933355,0.84375,0.005485030066645025,H4_e0p25_0p25_information_q0.01_f0.01_V
4,0.25,0.25,information,0.01,world,0.01,0.0053878560400100785,full_feasible_return_range,0.4198456925309984,0.6328125,0.2129668074690016,H4_e0p25_0p25_information_q0.01_f0.01_world
4,0.25,0.25,information,0.01,U_asymmetric,0.01,0.0053878560400100785,full_feasible_return_range,0.75,0.896484375,0.146484375,H4_e0p25_0p25_information_q0.01_f0.01_U_asymmetric
4,0.25,0.25,information,0.01,parity,0.01,0.0053878560400100785,full_feasible_return_range,0.5,0.671875,0.171875,H4_e0p25_0p25_information_q0.01_f0.01_parity
4,0.25,0.25,information,0.01,U,0.05,0.026939280200050392,full_feasible_return_range,0.5,0.84375,0.34375,H4_e0p25_0p25_information_q0.01_f0.05_U
4,0.25,0.25,information,0.01,V,0.05,0.026939280200050392,full_feasible_return_range,0.8163248496667752,0.84375,0.02742515033322479,H4_e0p25_0p25_information_q0.01_f0.05_V
4,0.25,0.25,information,0.01,world,0.05,0.026939280200050392,full_feasible_return_range,0.41172846265499213,0.6328125,0.22108403734500787,H4_e0p25_0p25_information_q0.01_f0.05_world
4,0.25,0.25,information,0.01,U_asymmetric,0.05,0.026939280200050392,full_feasible_return_range,0.75,0.896484375,0.146484375,H4_e0p25_0p25_information_q0.01_f0.05_U_asymmetric
4,0.25,0.25,information,0.01,parity,0.05,0.026939280200050392,full_feasible_return_range,0.5,0.671875,0.171875,H4_e0p25_0p25_information_q0.01_f0.05_parity
4,0.25,0.25,quadratic,0.01,U,0.0,0.0,full_feasible_return_range,0.5,0.84375,0.34375,H4_e0p25_0p25_quadratic_q0.01_f0.0_U
4,0.25,0.25,quadratic,0.01,V,0.0,0.0,full_feasible_return_range,0.84375,0.84375,0.0,H4_e0p25_0p25_quadratic_q0.01_f0.0_V
4,0.25,0.25,quadratic,0.01,world,0.0,0.0,full_feasible_return_range,0.421875,0.6328125,0.2109375,H4_e0p25_0p25_quadratic_q0.01_f0.0_world
4,0.25,0.25,quadratic,0.01,U_asymmetric,0.0,0.0,full_feasible_return_range,0.75,0.896484375,0.146484375,H4_e0p25_0p25_quadratic_q0.01_f0.0_U_asymmetric
4,0.25,0.25,quadratic,0.01,parity,0.0,0.0,full_feasible_return_range,0.5,0.671875,0.171875,H4_e0p25_0p25_quadratic_q0.01_f0.0_parity
4,0.25,0.25,quadratic,0.01,U,0.01,0.0029645073170731706,full_feasible_return_range,0.5,0.84375,0.34375,H4_e0p25_0p25_quadratic_q0.01_f0.01_U
4,0.25,0.25,quadratic,0.01,V,0.01,0.0029645073170731706,full_feasible_return_range,0.8381819282786382,0.84375,0.005568071721361756,H4_e0p25_0p25_quadratic_q0.01_f0.01_V
4,0.25,0.25,quadratic,0.01,world,0.01,0.0029645073170731706,full_feasible_return_range,0.419984756097561,0.6328125,0.21282774390243903,H4_e0p25_0p25_quadratic_q0.01_f0.01_world
4,0.25,0.25,quadratic,0.01,U_asymmetric,0.01,0.0029645073170731706,full_feasible_return_range,0.75,0.896484375,0.146484375,H4_e0p25_0p25_quadratic_q0.01_f0.01_U_asymmetric
4,0.25,0.25,quadratic,0.01,parity,0.01,0.0029645073170731706,full_feasible_return_range,0.5,0.671875,0.171875,H4_e0p25_0p25_quadratic_q0.01_f0.01_parity
4,0.25,0.25,quadratic,0.01,U,0.05,0.014822536585365854,full_feasible_return_range,0.5,0.84375,0.34375,H4_e0p25_0p25_quadratic_q0.01_f0.05_U
4,0.25,0.25,quadratic,0.01,V,0.05,0.014822536585365854,full_feasible_return_range,0.8159096413931913,0.84375,0.02784035860680867,H4_e0p25_0p25_quadratic_q0.01_f0.05_V
4,0.25,0.25,quadratic,0.01,world,0.05,0.014822536585365854,full_feasible_return_range,0.41242378048780487,0.6328125,0.22038871951219513,H4_e0p25_0p25_quadratic_q0.01_f0.05_world
4,0.25,0.25,quadratic,0.01,U_asymmetric,0.05,0.014822536585365854,full_feasible_return_range,0.75,0.896484375,0.146484375,H4_e0p25_0p25_quadratic_q0.01_f0.05_U_asymmetric
4,0.25,0.25,quadratic,0.01,parity,0.05,0.014822536585365854,full_feasible_return_range,0.5,0.671875,0.171875,H4_e0p25_0p25_quadratic_q0.01_f0.05_parity
4,0.25,0.25,native_singles,,U,0.0,0.0,full_feasible_return_range,0.75,0.84375,0.09375,H4_e0p25_0p25_native_singles_qNone_f0.0_U
4,0.25,0.25,native_singles,,V,0.0,0.0,full_feasible_return_range,0.75,0.84375,0.09375,H4_e0p25_0p25_native_singles_qNone_f0.0_V
4,0.25,0.25,native_singles,,world,0.0,0.0,full_feasible_return_range,0.5424107142857143,0.6328125,0.0904017857142857,H4_e0p25_0p25_native_singles_qNone_f0.0_world
4,0.25,0.25,native_singles,,U_asymmetric,0.0,0.0,full_feasible_return_range,0.75,0.896484375,0.146484375,H4_e0p25_0p25_native_singles_qNone_f0.0_U_asymmetric
4,0.25,0.25,native_singles,,parity,0.0,0.0,full_feasible_return_range,0.5848214285714286,0.671875,0.0870535714285714,H4_e0p25_0p25_native_singles_qNone_f0.0_parity
4,0.25,0.25,native_singles,,U,0.01,0.001,full_feasible_return_range,0.7449999999999999,0.84375,0.09875000000000012,H4_e0p25_0p25_native_singles_qNone_f0.01_U
4,0.25,0.25,native_singles,,V,0.01,0.001,full_feasible_return_range,0.7450000000000001,0.84375,0.0987499999999999,H4_e0p25_0p25_native_singles_qNone_f0.01_V
4,0.25,0.25,native_singles,,world,0.01,0.001,full_feasible_return_range,0.5375892857142857,0.6328125,0.09522321428571434,H4_e0p25_0p25_native_singles_qNone_f0.01_world
4,0.25,0.25,native_singles,,U_asymmetric,0.01,0.001,full_feasible_return_range,0.75,0.896484375,0.146484375,H4_e0p25_0p25_native_singles_qNone_f0.01_U_asymmetric
4,0.25,0.25,native_singles,,parity,0.01,0.001,full_feasible_return_range,0.5801785714285714,0.671875,0.09169642857142857,H4_e0p25_0p25_native_singles_qNone_f0.01_parity
4,0.25,0.25,native_singles,,U,0.05,0.005000000000000001,full_feasible_return_range,0.725,0.84375,0.11875000000000002,H4_e0p25_0p25_native_singles_qNone_f0.05_U
4,0.25,0.25,native_singles,,V,0.05,0.005000000000000001,full_feasible_return_range,0.7250000000000001,0.84375,0.11874999999999991,H4_e0p25_0p25_native_singles_qNone_f0.05_V
4,0.25,0.25,native_singles,,world,0.05,0.005000000000000001,full_feasible_return_range,0.5203125,0.6328125,0.11250000000000004,H4_e0p25_0p25_native_singles_qNone_f0.05_world
4,0.25,0.25,native_singles,,U_asymmetric,0.05,0.005000000000000001,full_feasible_return_range,0.75,0.896484375,0.146484375,H4_e0p25_0p25_native_singles_qNone_f0.05_U_asymmetric
4,0.25,0.25,native_singles,,parity,0.05,0.005000000000000001,full_feasible_return_range,0.565625,0.671875,0.10624999999999996,H4_e0p25_0p25_native_singles_qNone_f0.05_parity
4,0.25,0.25,native_tagged,,U,0.0,0.0,full_feasible_return_range,0.7500000000000001,0.84375,0.09374999999999989,H4_e0p25_0p25_native_tagged_qNone_f0.0_U
4,0.25,0.25,native_tagged,,V,0.0,0.0,full_feasible_return_range,0.7499999999999999,0.84375,0.09375000000000011,H4_e0p25_0p25_native_tagged_qNone_f0.0_V
4,0.25,0.25,native_tagged,,world,0.0,0.0,full_feasible_return_range,0.5424107142857142,0.6328125,0.09040178571428581,H4_e0p25_0p25_native_tagged_qNone_f0.0_world
4,0.25,0.25,native_tagged,,U_asymmetric,0.0,0.0,full_feasible_return_range,0.75,0.896484375,0.146484375,H4_e0p25_0p25_native_tagged_qNone_f0.0_U_asymmetric
4,0.25,0.25,native_tagged,,parity,0.0,0.0,full_feasible_return_range,0.5848214285714286,0.671875,0.0870535714285714,H4_e0p25_0p25_native_tagged_qNone_f0.0_parity
4,0.25,0.25,native_tagged,,U,0.01,0.00125,full_feasible_return_range,0.7437500000000001,0.84375,0.09999999999999987,H4_e0p25_0p25_native_tagged_qNone_f0.01_U
4,0.25,0.25,native_tagged,,V,0.01,0.00125,full_feasible_return_range,0.74375,0.84375,0.09999999999999998,H4_e0p25_0p25_native_tagged_qNone_f0.01_V
4,0.25,0.25,native_tagged,,world,0.01,0.00125,full_feasible_return_range,0.5363839285714285,0.6328125,0.09642857142857153,H4_e0p25_0p25_native_tagged_qNone_f0.01_world
4,0.25,0.25,native_tagged,,U_asymmetric,0.01,0.00125,full_feasible_return_range,0.75,0.896484375,0.146484375,H4_e0p25_0p25_native_tagged_qNone_f0.01_U_asymmetric
4,0.25,0.25,native_tagged,,parity,0.01,0.00125,full_feasible_return_range,0.5790178571428571,0.671875,0.09285714285714286,H4_e0p25_0p25_native_tagged_qNone_f0.01_parity
4,0.25,0.25,native_tagged,,U,0.05,0.00625,full_feasible_return_range,0.71875,0.84375,0.125,H4_e0p25_0p25_native_tagged_qNone_f0.05_U
4,0.25,0.25,native_tagged,,V,0.05,0.00625,full_feasible_return_range,0.7187499999999998,0.84375,0.12500000000000022,H4_e0p25_0p25_native_tagged_qNone_f0.05_V
4,0.25,0.25,native_tagged,,world,0.05,0.00625,full_feasible_return_range,0.5156250000000002,0.6328125,0.11718749999999978,H4_e0p25_0p25_native_tagged_qNone_f0.05_world
4,0.25,0.25,native_tagged,,U_asymmetric,0.05,0.00625,full_feasible_return_range,0.75,0.896484375,0.146484375,H4_e0p25_0p25_native_tagged_qNone_f0.05_U_asymmetric
4,0.25,0.25,native_tagged,,parity,0.05,0.00625,full_feasible_return_range,0.5625,0.671875,0.109375,H4_e0p25_0p25_native_tagged_qNone_f0.05_parity
4,0.25,0.25,native_joint,,U,0.0,0.0,full_feasible_return_range,0.75,0.84375,0.09375,H4_e0p25_0p25_native_joint_qNone_f0.0_U
4,0.25,0.25,native_joint,,V,0.0,0.0,full_feasible_return_range,0.7500000000000048,0.84375,0.09374999999999523,H4_e0p25_0p25_native_joint_qNone_f0.0_V
4,0.25,0.25,native_joint,,world,0.0,0.0,full_feasible_return_range,0.5625,0.6328125,0.0703125,H4_e0p25_0p25_native_joint_qNone_f0.0_world
4,0.25,0.25,native_joint,,U_asymmetric,0.0,0.0,full_feasible_return_range,0.75,0.896484375,0.146484375,H4_e0p25_0p25_native_joint_qNone_f0.0_U_asymmetric
4,0.25,0.25,native_joint,,parity,0.0,0.0,full_feasible_return_range,0.625,0.671875,0.046875,H4_e0p25_0p25_native_joint_qNone_f0.0_parity
4,0.25,0.25,native_joint,,U,0.01,0.0015625,full_feasible_return_range,0.7447916666666667,0.84375,0.09895833333333326,H4_e0p25_0p25_native_joint_qNone_f0.01_U
4,0.25,0.25,native_joint,,V,0.01,0.0015625,full_feasible_return_range,0.7447916666666667,0.84375,0.09895833333333326,H4_e0p25_0p25_native_joint_qNone_f0.01_V
4,0.25,0.25,native_joint,,world,0.01,0.0015625,full_feasible_return_range,0.5546875000000001,0.6328125,0.07812499999999989,H4_e0p25_0p25_native_joint_qNone_f0.01_world
4,0.25,0.25,native_joint,,U_asymmetric,0.01,0.0015625,full_feasible_return_range,0.75,0.896484375,0.146484375,H4_e0p25_0p25_native_joint_qNone_f0.01_U_asymmetric
4,0.25,0.25,native_joint,,parity,0.01,0.0015625,full_feasible_return_range,0.6093749999999999,0.671875,0.06250000000000011,H4_e0p25_0p25_native_joint_qNone_f0.01_parity
4,0.25,0.25,native_joint,,U,0.05,0.0078125,full_feasible_return_range,0.7239583333333334,0.84375,0.11979166666666663,H4_e0p25_0p25_native_joint_qNone_f0.05_U
4,0.25,0.25,native_joint,,V,0.05,0.0078125,full_feasible_return_range,0.7239583333333333,0.84375,0.11979166666666674,H4_e0p25_0p25_native_joint_qNone_f0.05_V
4,0.25,0.25,native_joint,,world,0.05,0.0078125,full_feasible_return_range,0.5299161585365855,0.6328125,0.10289634146341453,H4_e0p25_0p25_native_joint_qNone_f0.05_world
4,0.25,0.25,native_joint,,U_asymmetric,0.05,0.0078125,full_feasible_return_range,0.75,0.896484375,0.146484375,H4_e0p25_0p25_native_joint_qNone_f0.05_U_asymmetric
4,0.25,0.25,native_joint,,parity,0.05,0.0078125,full_feasible_return_range,0.5727896341463414,0.671875,0.09908536585365857,H4_e0p25_0p25_native_joint_qNone_f0.05_parity
4,0.25,0.25,native_repeats,,U,0.0,0.0,full_feasible_return_range,0.75,0.84375,0.09375,H4_e0p25_0p25_native_repeats_qNone_f0.0_U
4,0.25,0.25,native_repeats,,V,0.0,0.0,full_feasible_return_range,0.75,0.84375,0.09375,H4_e0p25_0p25_native_repeats_qNone_f0.0_V
4,0.25,0.25,native_repeats,,world,0.0,0.0,full_feasible_return_range,0.6328125,0.6328125,0.0,H4_e0p25_0p25_native_repeats_qNone_f0.0_world
4,0.25,0.25,native_repeats,,U_asymmetric,0.0,0.0,full_feasible_return_range,0.75,0.896484375,0.146484375,H4_e0p25_0p25_native_repeats_qNone_f0.0_U_asymmetric
4,0.25,0.25,native_repeats,,parity,0.0,0.0,full_feasible_return_range,0.671875,0.671875,0.0,H4_e0p25_0p25_native_repeats_qNone_f0.0_parity
4,0.25,0.25,native_repeats,,U,0.01,0.00215625,full_feasible_return_range,0.7446093750000006,0.84375,0.09914062499999943,H4_e0p25_0p25_native_repeats_qNone_f0.01_U
4,0.25,0.25,native_repeats,,V,0.01,0.00215625,full_feasible_return_range,0.7446093749999975,0.84375,0.09914062500000254,H4_e0p25_0p25_native_repeats_qNone_f0.01_V
4,0.25,0.25,native_repeats,,world,0.01,0.00215625,full_feasible_return_range,0.6120200892857142,0.6328125,0.020792410714285836,H4_e0p25_0p25_native_repeats_qNone_f0.01_world
4,0.25,0.25,native_repeats,,U_asymmetric,0.01,0.00215625,full_feasible_return_range,0.7500000000000002,0.896484375,0.14648437499999978,H4_e0p25_0p25_native_repeats_qNone_f0.01_U_asymmetric
4,0.25,0.25,native_repeats,,parity,0.01,0.00215625,full_feasible_return_range,0.6518526785714285,0.671875,0.02002232142857152,H4_e0p25_0p25_native_repeats_qNone_f0.01_parity
4,0.25,0.25,native_repeats,,U,0.05,0.010781250000000001,full_feasible_return_range,0.7230468750000004,0.84375,0.12070312499999958,H4_e0p25_0p25_native_repeats_qNone_f0.05_U
4,0.25,0.25,native_repeats,,V,0.05,0.010781250000000001,full_feasible_return_range,0.7230468750000001,0.84375,0.12070312499999991,H4_e0p25_0p25_native_repeats_qNone_f0.05_V
4,0.25,0.25,native_repeats,,world,0.05,0.010781250000000001,full_feasible_return_range,0.5554687499999995,0.6328125,0.07734375000000049,H4_e0p25_0p25_native_repeats_qNone_f0.05_world
4,0.25,0.25,native_repeats,,U_asymmetric,0.05,0.010781250000000001,full_feasible_return_range,0.75,0.896484375,0.146484375,H4_e0p25_0p25_native_repeats_qNone_f0.05_U_asymmetric
4,0.25,0.25,native_repeats,,parity,0.05,0.010781250000000001,full_feasible_return_range,0.5973958333333333,0.671875,0.07447916666666665,H4_e0p25_0p25_native_repeats_qNone_f0.05_parity
4,0.25,0.25,native_minimax,,U,0.0,0.0,full_feasible_return_range,0.7968749999999999,0.84375,0.04687500000000011,H4_e0p25_0p25_native_minimax_qNone_f0.0_U
4,0.25,0.25,native_minimax,,V,0.0,0.0,full_feasible_return_range,0.796875,0.84375,0.046875,H4_e0p25_0p25_native_minimax_qNone_f0.0_V
4,0.25,0.25,native_minimax,,world,0.0,0.0,full_feasible_return_range,0.6328125,0.6328125,0.0,H4_e0p25_0p25_native_minimax_qNone_f0.0_world
4,0.25,0.25,native_minimax,,U_asymmetric,0.0,0.0,full_feasible_return_range,0.7968749999999999,0.896484375,0.09960937500000011,H4_e0p25_0p25_native_minimax_qNone_f0.0_U_asymmetric
4,0.25,0.25,native_minimax,,parity,0.0,0.0,full_feasible_return_range,0.671875,0.671875,0.0,H4_e0p25_0p25_native_minimax_qNone_f0.0_parity
4,0.25,0.25,native_minimax,,U,0.01,0.0029687499999999996,full_feasible_return_range,0.7939062499999998,0.84375,0.049843750000000187,H4_e0p25_0p25_native_minimax_qNone_f0.01_U
4,0.25,0.25,native_minimax,,V,0.01,0.0029687499999999996,full_feasible_return_range,0.7939062499999998,0.84375,0.049843750000000187,H4_e0p25_0p25_native_minimax_qNone_f0.01_V
4,0.25,0.25,native_minimax,,world,0.01,0.0029687499999999996,full_feasible_return_range,0.6270870535714286,0.6328125,0.0057254464285714235,H4_e0p25_0p25_native_minimax_qNone_f0.01_world
4,0.25,0.25,native_minimax,,U_asymmetric,0.01,0.0029687499999999996,full_feasible_return_range,0.7939062499999999,0.896484375,0.10257812500000008,H4_e0p25_0p25_native_minimax_qNone_f0.01_U_asymmetric
4,0.25,0.25,native_minimax,,parity,0.01,0.0029687499999999996,full_feasible_return_range,0.6663616071428571,0.671875,0.005513392857142918,H4_e0p25_0p25_native_minimax_qNone_f0.01_parity
4,0.25,0.25,native_minimax,,U,0.05,0.014843749999999998,full_feasible_return_range,0.78203125,0.84375,0.061718750000000044,H4_e0p25_0p25_native_minimax_qNone_f0.05_U
4,0.25,0.25,native_minimax,,V,0.05,0.014843749999999998,full_feasible_return_range,0.78203125,0.84375,0.061718750000000044,H4_e0p25_0p25_native_minimax_qNone_f0.05_V
4,0.25,0.25,native_minimax,,world,0.05,0.014843749999999998,full_feasible_return_range,0.6041852678571429,0.6328125,0.028627232142857117,H4_e0p25_0p25_native_minimax_qNone_f0.05_world
4,0.25,0.25,native_minimax,,U_asymmetric,0.05,0.014843749999999998,full_feasible_return_range,0.78203125,0.896484375,0.11445312500000004,H4_e0p25_0p25_native_minimax_qNone_f0.05_U_asymmetric
4,0.25,0.25,native_minimax,,parity,0.05,0.014843749999999998,full_feasible_return_range,0.6443080357142859,0.671875,0.027566964285714146,H4_e0p25_0p25_native_minimax_qNone_f0.05_parity
4,0.1,0.3,information,0.5,U,0.0,0.0,full_feasible_return_range,0.9719999999999999,0.9720000000000001,2.220446049250313e-16,H4_e0p1_0p3_information_q0.5_f0.0_U
4,0.1,0.3,information,0.5,V,0.0,0.0,full_feasible_return_range,0.6639999999999999,0.784,0.1200000000000001,H4_e0p1_0p3_information_q0.5_f0.0_V
4,0.1,0.3,information,0.5,world,0.0,0.0,full_feasible_return_range,0.6479999999999999,0.7056,0.057600000000000096,H4_e0p1_0p3_information_q0.5_f0.0_world
4,0.1,0.3,information,0.5,U_asymmetric,0.0,0.0,full_feasible_return_range,0.9801,0.9841500000000001,0.004050000000000109,H4_e0p1_0p3_information_q0.5_f0.0_U_asymmetric
4,0.1,0.3,information,0.5,parity,0.0,0.0,full_feasible_return_range,0.6599999999999999,0.7272,0.06720000000000004,H4_e0p1_0p3_information_q0.5_f0.0_parity
4,0.1,0.3,information,0.5,U,0.01,0.010551364322779264,full_feasible_return_range,0.9639334198833751,0.9720000000000001,0.008066580116624977,H4_e0p1_0p3_information_q0.5_f0.01_U
4,0.1,0.3,information,0.5,V,0.01,0.010551364322779264,full_feasible_return_range,0.651008613575995,0.784,0.132991386424005,H4_e0p1_0p3_information_q0.5_f0.01_V
4,0.1,0.3,information,0.5,world,0.01,0.010551364322779264,full_feasible_return_range,0.6351670451177512,0.7056,0.07043295488224877,H4_e0p1_0p3_information_q0.5_f0.01_world
4,0.1,0.3,information,0.5,U_asymmetric,0.01,0.010551364322779264,full_feasible_return_range,0.9707561150036705,0.9841500000000001,0.013393884996329541,H4_e0p1_0p3_information_q0.5_f0.01_U_asymmetric
4,0.1,0.3,information,0.5,parity,0.01,0.010551364322779264,full_feasible_return_range,0.6473254766595073,0.7272,0.07987452334049261,H4_e0p1_0p3_information_q0.5_f0.01_parity
4,0.1,0.3,information,0.5,U,0.05,0.052756821613896325,full_feasible_return_range,0.9316670994168763,0.9720000000000001,0.040332900583123776,H4_e0p1_0p3_information_q0.5_f0.05_U
4,0.1,0.3,information,0.5,V,0.05,0.052756821613896325,full_feasible_return_range,0.5990430678799757,0.784,0.1849569321200243,H4_e0p1_0p3_information_q0.5_f0.05_V
4,0.1,0.3,information,0.5,world,0.05,0.052756821613896325,full_feasible_return_range,0.5838352255887566,0.7056,0.12176477441124345,H4_e0p1_0p3_information_q0.5_f0.05_world
4,0.1,0.3,information,0.5,U_asymmetric,0.05,0.052756821613896325,full_feasible_return_range,0.9472966911107557,0.9841500000000001,0.03685330888924443,H4_e0p1_0p3_information_q0.5_f0.05_U_asymmetric
4,0.1,0.3,information,0.5,parity,0.05,0.052756821613896325,full_feasible_return_range,0.5966273832975371,0.7272,0.1305726167024629,H4_e0p1_0p3_information_q0.5_f0.05_parity
4,0.1,0.3,quadratic,0.5,U,0.0,0.0,full_feasible_return_range,0.9719999999999999,0.9720000000000001,2.220446049250313e-16,H4_e0p1_0p3_quadratic_q0.5_f0.0_U
4,0.1,0.3,quadratic,0.5,V,0.0,0.0,full_feasible_return_range,0.7,0.784,0.08400000000000007,H4_e0p1_0p3_quadratic_q0.5_f0.0_V
4,0.1,0.3,quadratic,0.5,world,0.0,0.0,full_feasible_return_range,0.6804000000000001,0.7056,0.02519999999999989,H4_e0p1_0p3_quadratic_q0.5_f0.0_world
4,0.1,0.3,quadratic,0.5,U_asymmetric,0.0,0.0,full_feasible_return_range,0.9719999999999999,0.9841500000000001,0.012150000000000216,H4_e0p1_0p3_quadratic_q0.5_f0.0_U_asymmetric
4,0.1,0.3,quadratic,0.5,parity,0.0,0.0,full_feasible_return_range,0.6888000000000001,0.7272,0.03839999999999988,H4_e0p1_0p3_quadratic_q0.5_f0.0_parity
4,0.1,0.3,quadratic,0.5,U,0.01,0.003461084205214467,full_feasible_return_range,0.9558113974005271,0.9720000000000001,0.016188602599472968,H4_e0p1_0p3_quadratic_q0.5_f0.01_U
4,0.1,0.3,quadratic,0.5,V,0.01,0.003461084205214467,full_feasible_return_range,0.6772880197801232,0.784,0.10671198021987682,H4_e0p1_0p3_quadratic_q0.5_f0.01_V
4,0.1,0.3,quadratic,0.5,world,0.01,0.003461084205214467,full_feasible_return_range,0.6599592178021112,0.7056,0.04564078219788881,H4_e0p1_0p3_quadratic_q0.5_f0.01_world
4,0.1,0.3,quadratic,0.5,U_asymmetric,0.01,0.003461084205214467,full_feasible_return_range,0.9574302576604745,0.9841500000000001,0.026719742339525565,H4_e0p1_0p3_quadratic_q0.5_f0.01_U_asymmetric
4,0.1,0.3,quadratic,0.5,parity,0.01,0.003461084205214467,full_feasible_return_range,0.670630415824099,0.7272,0.05656958417590097,H4_e0p1_0p3_quadratic_q0.5_f0.01_parity
4,0.1,0.3,quadratic,0.5,U,0.05,0.017305421026072337,full_feasible_return_range,0.8951173085679434,0.9720000000000001,0.07688269143205673,H4_e0p1_0p3_quadratic_q0.5_f0.05_U
4,0.1,0.3,quadratic,0.5,V,0.05,0.017305421026072337,full_feasible_return_range,0.6457870412067217,0.784,0.13821295879327833,H4_e0p1_0p3_quadratic_q0.5_f0.05_V
4,0.1,0.3,quadratic,0.5,world,0.05,0.017305421026072337,full_feasible_return_range,0.6300091504602983,0.7056,0.07559084953970174,H4_e0p1_0p3_quadratic_q0.5_f0.05_world
4,0.1,0.3,quadratic,0.5,U_asymmetric,0.05,0.017305421026072337,full_feasible_return_range,0.9130775810871768,0.9841500000000001,0.07107241891282323,H4_e0p1_0p3_quadratic_q0.5_f0.05_U_asymmetric
4,0.1,0.3,quadratic,0.5,parity,0.05,0.017305421026072337,full_feasible_return_range,0.642231259713875,0.7272,0.084968740286125,H4_e0p1_0p3_quadratic_q0.5_f0.05_parity
4,0.1,0.3,information,0.01,U,0.0,0.0,full_feasible_return_range,0.4999999999999999,0.9720000000000001,0.4720000000000002,H4_e0p1_0p3_information_q0.01_f0.0_U
4,0.1,0.3,information,0.01,V,0.0,0.0,full_feasible_return_range,0.7839999999999998,0.784,2.220446049250313e-16,H4_e0p1_0p3_information_q0.01_f0.0_V
4,0.1,0.3,information,0.01,world,0.0,0.0,full_feasible_return_range,0.3919999999999999,0.7056,0.3136000000000001,H4_e0p1_0p3_information_q0.01_f0.0_world
4,0.1,0.3,information,0.01,U_asymmetric,0.0,0.0,full_feasible_return_range,0.7499999999999998,0.9841500000000001,0.2341500000000003,H4_e0p1_0p3_information_q0.01_f0.0_U_asymmetric
4,0.1,0.3,information,0.01,parity,0.0,0.0,full_feasible_return_range,0.4999999999999999,0.7272,0.22720000000000007,H4_e0p1_0p3_information_q0.01_f0.0_parity
4,0.1,0.3,information,0.01,U,0.01,0.003805662805758392,full_feasible_return_range,0.4999999999999999,0.9720000000000001,0.4720000000000002,H4_e0p1_0p3_information_q0.01_f0.01_U
4,0.1,0.3,information,0.01,V,0.01,0.003805662805758392,full_feasible_return_range,0.7687043904741943,0.784,0.015295609525805776,H4_e0p1_0p3_information_q0.01_f0.01_V
4,0.1,0.3,information,0.01,world,0.01,0.003805662805758392,full_feasible_return_range,0.3902612389311572,0.7056,0.3153387610688428,H4_e0p1_0p3_information_q0.01_f0.01_world
4,0.1,0.3,information,0.01,U_asymmetric,0.01,0.003805662805758392,full_feasible_return_range,0.7499999999999998,0.9841500000000001,0.2341500000000003,H4_e0p1_0p3_information_q0.01_f0.01_U_asymmetric
4,0.1,0.3,information,0.01,parity,0.01,0.003805662805758392,full_feasible_return_range,0.4999999999999999,0.7272,0.22720000000000007,H4_e0p1_0p3_information_q0.01_f0.01_parity
4,0.1,0.3,information,0.01,U,0.05,0.01902831402879196,full_feasible_return_range,0.4999999999999999,0.9720000000000001,0.4720000000000002,H4_e0p1_0p3_information_q0.01_f0.05_U
4,0.1,0.3,information,0.01,V,0.05,0.01902831402879196,full_feasible_return_range,0.7075219523709732,0.784,0.07647804762902688,H4_e0p1_0p3_information_q0.01_f0.05_V
4,0.1,0.3,information,0.01,world,0.05,0.01902831402879196,full_feasible_return_range,0.3833061946557864,0.7056,0.3222938053442136,H4_e0p1_0p3_information_q0.01_f0.05_world
4,0.1,0.3,information,0.01,U_asymmetric,0.05,0.01902831402879196,full_feasible_return_range,0.7499999999999998,0.9841500000000001,0.2341500000000003,H4_e0p1_0p3_information_q0.01_f0.05_U_asymmetric
4,0.1,0.3,information,0.01,parity,0.05,0.01902831402879196,full_feasible_return_range,0.49999999999999994,0.7272,0.2272,H4_e0p1_0p3_information_q0.01_f0.05_parity
4,0.1,0.3,quadratic,0.01,U,0.0,0.0,full_feasible_return_range,0.4999999999999999,0.9720000000000001,0.4720000000000002,H4_e0p1_0p3_quadratic_q0.01_f0.0_U
4,0.1,0.3,quadratic,0.01,V,0.0,0.0,full_feasible_return_range,0.7839999999999998,0.784,2.220446049250313e-16,H4_e0p1_0p3_quadratic_q0.01_f0.0_V
4,0.1,0.3,quadratic,0.01,world,0.0,0.0,full_feasible_return_range,0.3919999999999999,0.7056,0.3136000000000001,H4_e0p1_0p3_quadratic_q0.01_f0.0_world
4,0.1,0.3,quadratic,0.01,U_asymmetric,0.0,0.0,full_feasible_return_range,0.7499999999999998,0.9841500000000001,0.2341500000000003,H4_e0p1_0p3_quadratic_q0.01_f0.0_U_asymmetric
4,0.1,0.3,quadratic,0.01,parity,0.0,0.0,full_feasible_return_range,0.4999999999999999,0.7272,0.22720000000000007,H4_e0p1_0p3_quadratic_q0.01_f0.0_parity
4,0.1,0.3,quadratic,0.01,U,0.01,0.0021984979854955673,full_feasible_return_range,0.49999999999999994,0.9720000000000001,0.47200000000000014,H4_e0p1_0p3_quadratic_q0.01_f0.01_U
4,0.1,0.3,quadratic,0.01,V,0.01,0.0021984979854955673,full_feasible_return_range,0.7763632897197283,0.784,0.007636710280271686,H4_e0p1_0p3_quadratic_q0.01_f0.01_V
4,0.1,0.3,quadratic,0.01,world,0.01,0.0021984979854955673,full_feasible_return_range,0.39037389202256234,0.7056,0.31522610797743766,H4_e0p1_0p3_quadratic_q0.01_f0.01_world
4,0.1,0.3,quadratic,0.01,U_asymmetric,0.01,0.0021984979854955673,full_feasible_return_range,0.7499999999999998,0.9841500000000001,0.2341500000000003,H4_e0p1_0p3_quadratic_q0.01_f0.01_U_asymmetric
4,0.1,0.3,quadratic,0.01,parity,0.01,0.0021984979854955673,full_feasible_return_range,0.4999999999999999,0.7272,0.22720000000000007,H4_e0p1_0p3_quadratic_q0.01_f0.01_parity
4,0.1,0.3,quadratic,0.01,U,0.05,0.010992489927477837,full_feasible_return_range,0.4999999999999999,0.9720000000000001,0.4720000000000002,H4_e0p1_0p3_quadratic_q0.01_f0.05_U
4,0.1,0.3,quadratic,0.01,V,0.05,0.010992489927477837,full_feasible_return_range,0.7458164485986425,0.784,0.03818355140135754,H4_e0p1_0p3_quadratic_q0.01_f0.05_V
4,0.1,0.3,quadratic,0.01,world,0.05,0.010992489927477837,full_feasible_return_range,0.3838694601128122,0.7056,0.3217305398871878,H4_e0p1_0p3_quadratic_q0.01_f0.05_world
4,0.1,0.3,quadratic,0.01,U_asymmetric,0.05,0.010992489927477837,full_feasible_return_range,0.7499999999999998,0.9841500000000001,0.2341500000000003,H4_e0p1_0p3_quadratic_q0.01_f0.05_U_asymmetric
4,0.1,0.3,quadratic,0.01,parity,0.05,0.010992489927477837,full_feasible_return_range,0.4999999999999999,0.7272,0.22720000000000007,H4_e0p1_0p3_quadratic_q0.01_f0.05_parity
4,0.1,0.3,native_singles,,U,0.0,0.0,full_feasible_return_range,0.9000000000000001,0.9720000000000001,0.07199999999999995,H4_e0p1_0p3_native_singles_qNone_f0.0_U
4,0.1,0.3,native_singles,,V,0.0,0.0,full_feasible_return_range,0.7,0.784,0.08400000000000007,H4_e0p1_0p3_native_singles_qNone_f0.0_V
4,0.1,0.3,native_singles,,world,0.0,0.0,full_feasible_return_range,0.6162922042341219,0.7056,0.0893077957658781,H4_e0p1_0p3_native_singles_qNone_f0.0_world
4,0.1,0.3,native_singles,,U_asymmetric,0.0,0.0,full_feasible_return_range,0.9,0.9841500000000001,0.08415000000000006,H4_e0p1_0p3_native_singles_qNone_f0.0_U_asymmetric
4,0.1,0.3,native_singles,,parity,0.0,0.0,full_feasible_return_range,0.6325844084682442,0.7272,0.0946155915317558,H4_e0p1_0p3_native_singles_qNone_f0.0_parity
4,0.1,0.3,native_singles,,U,0.01,0.0012000000000000003,full_feasible_return_range,0.894,0.9720000000000001,0.07800000000000007,H4_e0p1_0p3_native_singles_qNone_f0.01_U
4,0.1,0.3,native_singles,,V,0.01,0.0012000000000000003,full_feasible_return_range,0.694,0.784,0.09000000000000008,H4_e0p1_0p3_native_singles_qNone_f0.01_V
4,0.1,0.3,native_singles,,world,0.01,0.0012000000000000003,full_feasible_return_range,0.6103004234122043,0.7056,0.09529957658779575,H4_e0p1_0p3_native_singles_qNone_f0.01_world
4,0.1,0.3,native_singles,,U_asymmetric,0.01,0.0012000000000000003,full_feasible_return_range,0.89775,0.9841500000000001,0.08640000000000003,H4_e0p1_0p3_native_singles_qNone_f0.01_U_asymmetric
4,0.1,0.3,native_singles,,parity,0.01,0.0012000000000000003,full_feasible_return_range,0.6266008468244085,0.7272,0.10059915317559143,H4_e0p1_0p3_native_singles_qNone_f0.01_parity
4,0.1,0.3,native_singles,,U,0.05,0.006000000000000002,full_feasible_return_range,0.87,0.9720000000000001,0.10200000000000009,H4_e0p1_0p3_native_singles_qNone_f0.05_U
4,0.1,0.3,native_singles,,V,0.05,0.006000000000000002,full_feasible_return_range,0.67,0.784,0.11399999999999999,H4_e0p1_0p3_native_singles_qNone_f0.05_V
4,0.1,0.3,native_singles,,world,0.05,0.006000000000000002,full_feasible_return_range,0.586333300124533,0.7056,0.11926669987546701,H4_e0p1_0p3_native_singles_qNone_f0.05_world
4,0.1,0.3,native_singles,,U_asymmetric,0.05,0.006000000000000002,full_feasible_return_range,0.8887499999999999,0.9841500000000001,0.09540000000000015,H4_e0p1_0p3_native_singles_qNone_f0.05_U_asymmetric
4,0.1,0.3,native_singles,,parity,0.05,0.006000000000000002,full_feasible_return_range,0.6026666002490659,0.7272,0.12453339975093403,H4_e0p1_0p3_native_singles_qNone_f0.05_parity
4,0.1,0.3,native_tagged,,U,0.0,0.0,full_feasible_return_range,0.8999999999999999,0.9720000000000001,0.07200000000000017,H4_e0p1_0p3_native_tagged_qNone_f0.0_U
4,0.1,0.3,native_tagged,,V,0.0,0.0,full_feasible_return_range,0.7000000000000004,0.784,0.08399999999999963,H4_e0p1_0p3_native_tagged_qNone_f0.0_V
4,0.1,0.3,native_tagged,,world,0.0,0.0,full_feasible_return_range,0.6162922042341221,0.7056,0.08930779576587788,H4_e0p1_0p3_native_tagged_qNone_f0.0_world
4,0.1,0.3,native_tagged,,U_asymmetric,0.0,0.0,full_feasible_return_range,0.9000000000000001,0.9841500000000001,0.08414999999999995,H4_e0p1_0p3_native_tagged_qNone_f0.0_U_asymmetric
4,0.1,0.3,native_tagged,,parity,0.0,0.0,full_feasible_return_range,0.6325844084682442,0.7272,0.0946155915317558,H4_e0p1_0p3_native_tagged_qNone_f0.0_parity
4,0.1,0.3,native_tagged,,U,0.01,0.0015000000000000002,full_feasible_return_range,0.8925000000000001,0.9720000000000001,0.07950000000000002,H4_e0p1_0p3_native_tagged_qNone_f0.01_U
4,0.1,0.3,native_tagged,,V,0.01,0.0015000000000000002,full_feasible_return_range,0.6924999999999999,0.784,0.09150000000000014,H4_e0p1_0p3_native_tagged_qNone_f0.01_V
4,0.1,0.3,native_tagged,,world,0.01,0.0015000000000000002,full_feasible_return_range,0.6088024782067247,0.7056,0.09679752179327528,H4_e0p1_0p3_native_tagged_qNone_f0.01_world
4,0.1,0.3,native_tagged,,U_asymmetric,0.01,0.0015000000000000002,full_feasible_return_range,0.8971875000000001,0.9841500000000001,0.08696249999999994,H4_e0p1_0p3_native_tagged_qNone_f0.01_U_asymmetric
4,0.1,0.3,native_tagged,,parity,0.01,0.0015000000000000002,full_feasible_return_range,0.6251049564134497,0.7272,0.1020950435865503,H4_e0p1_0p3_native_tagged_qNone_f0.01_parity
4,0.1,0.3,native_tagged,,U,0.05,0.0075000000000000015,full_feasible_return_range,0.8625000000000002,0.9720000000000001,0.10949999999999993,H4_e0p1_0p3_native_tagged_qNone_f0.05_U
4,0.1,0.3,native_tagged,,V,0.05,0.0075000000000000015,full_feasible_return_range,0.6625000000000001,0.784,0.12149999999999994,H4_e0p1_0p3_native_tagged_qNone_f0.05_V
4,0.1,0.3,native_tagged,,world,0.05,0.0075000000000000015,full_feasible_return_range,0.5788435740971357,0.7056,0.1267564259028643,H4_e0p1_0p3_native_tagged_qNone_f0.05_world
4,0.1,0.3,native_tagged,,U_asymmetric,0.05,0.0075000000000000015,full_feasible_return_range,0.8859375000000003,0.9841500000000001,0.09821249999999981,H4_e0p1_0p3_native_tagged_qNone_f0.05_U_asymmetric
4,0.1,0.3,native_tagged,,parity,0.05,0.0075000000000000015,full_feasible_return_range,0.5951871481942714,0.7272,0.13201285180572853,H4_e0p1_0p3_native_tagged_qNone_f0.05_parity
4,0.1,0.3,native_joint,,U,0.0,0.0,full_feasible_return_range,0.9,0.9720000000000001,0.07200000000000006,H4_e0p1_0p3_native_joint_qNone_f0.0_U
4,0.1,0.3,native_joint,,V,0.0,0.0,full_feasible_return_range,0.7000000000000001,0.784,0.08399999999999996,H4_e0p1_0p3_native_joint_qNone_f0.0_V
4,0.1,0.3,native_joint,,world,0.0,0.0,full_feasible_return_range,0.6300000000000008,0.7056,0.07559999999999922,H4_e0p1_0p3_native_joint_qNone_f0.0_world
4,0.1,0.3,native_joint,,U_asymmetric,0.0,0.0,full_feasible_return_range,0.9,0.9841500000000001,0.08415000000000006,H4_e0p1_0p3_native_joint_qNone_f0.0_U_asymmetric
4,0.1,0.3,native_joint,,parity,0.0,0.0,full_feasible_return_range,0.66,0.7272,0.06719999999999993,H4_e0p1_0p3_native_joint_qNone_f0.0_parity
4,0.1,0.3,native_joint,,U,0.01,0.0019000000000000004,full_feasible_return_range,0.8936666666666668,0.9720000000000001,0.07833333333333325,H4_e0p1_0p3_native_joint_qNone_f0.01_U
4,0.1,0.3,native_joint,,V,0.01,0.0019000000000000004,full_feasible_return_range,0.6936666666666667,0.784,0.09033333333333338,H4_e0p1_0p3_native_joint_qNone_f0.01_V
4,0.1,0.3,native_joint,,world,0.01,0.0019000000000000004,full_feasible_return_range,0.6204999999999998,0.7056,0.08510000000000018,H4_e0p1_0p3_native_joint_qNone_f0.01_world
4,0.1,0.3,native_joint,,U_asymmetric,0.01,0.0019000000000000004,full_feasible_return_range,0.897625,0.9841500000000001,0.08652500000000007,H4_e0p1_0p3_native_joint_qNone_f0.01_U_asymmetric
4,0.1,0.3,native_joint,,parity,0.01,0.0019000000000000004,full_feasible_return_range,0.6410000000000002,0.7272,0.08619999999999972,H4_e0p1_0p3_native_joint_qNone_f0.01_parity
4,0.1,0.3,native_joint,,U,0.05,0.009500000000000001,full_feasible_return_range,0.8683333333333336,0.9720000000000001,0.10366666666666646,H4_e0p1_0p3_native_joint_qNone_f0.05_U
4,0.1,0.3,native_joint,,V,0.05,0.009500000000000001,full_feasible_return_range,0.6683333333333333,0.784,0.1156666666666667,H4_e0p1_0p3_native_joint_qNone_f0.05_V
4,0.1,0.3,native_joint,,world,0.05,0.009500000000000001,full_feasible_return_range,0.5937743643011468,0.7056,0.11182563569885318,H4_e0p1_0p3_native_joint_qNone_f0.05_world
4,0.1,0.3,native_joint,,U_asymmetric,0.05,0.009500000000000001,full_feasible_return_range,0.8881249999999999,0.9841500000000001,0.09602500000000014,H4_e0p1_0p3_native_joint_qNone_f0.05_U_asymmetric
4,0.1,0.3,native_joint,,parity,0.05,0.009500000000000001,full_feasible_return_range,0.610097457204587,0.7272,0.11710254279541299,H4_e0p1_0p3_native_joint_qNone_f0.05_parity
4,0.1,0.3,native_repeats,,U,0.0,0.0,full_feasible_return_range,0.8999999999999999,0.9720000000000001,0.07200000000000017,H4_e0p1_0p3_native_repeats_qNone_f0.0_U
4,0.1,0.3,native_repeats,,V,0.0,0.0,full_feasible_return_range,0.7839999999999998,0.784,2.220446049250313e-16,H4_e0p1_0p3_native_repeats_qNone_f0.0_V
4,0.1,0.3,native_repeats,,world,0.0,0.0,full_feasible_return_range,0.7055999999999999,0.7056,1.1102230246251565e-16,H4_e0p1_0p3_native_repeats_qNone_f0.0_world
4,0.1,0.3,native_repeats,,U_asymmetric,0.0,0.0,full_feasible_return_range,0.8999999999999999,0.9841500000000001,0.08415000000000017,H4_e0p1_0p3_native_repeats_qNone_f0.0_U_asymmetric
4,0.1,0.3,native_repeats,,parity,0.0,0.0,full_feasible_return_range,0.7271999999999998,0.7272,1.1102230246251565e-16,H4_e0p1_0p3_native_repeats_qNone_f0.0_parity
4,0.1,0.3,native_repeats,,U,0.01,0.002584000000000001,full_feasible_return_range,0.8935399999999998,0.9720000000000001,0.07846000000000031,H4_e0p1_0p3_native_repeats_qNone_f0.01_U
4,0.1,0.3,native_repeats,,V,0.01,0.002584000000000001,full_feasible_return_range,0.6965400000000002,0.784,0.08745999999999987,H4_e0p1_0p3_native_repeats_qNone_f0.01_V
4,0.1,0.3,native_repeats,,world,0.01,0.002584000000000001,full_feasible_return_range,0.6680770570361138,0.7056,0.03752294296388625,H4_e0p1_0p3_native_repeats_qNone_f0.01_world
4,0.1,0.3,native_repeats,,U_asymmetric,0.01,0.002584000000000001,full_feasible_return_range,0.8975774999999999,0.9841500000000001,0.08657250000000016,H4_e0p1_0p3_native_repeats_qNone_f0.01_U_asymmetric
4,0.1,0.3,native_repeats,,parity,0.01,0.002584000000000001,full_feasible_return_range,0.677994114072229,0.7272,0.049205885927770976,H4_e0p1_0p3_native_repeats_qNone_f0.01_parity
4,0.1,0.3,native_repeats,,U,0.05,0.012920000000000004,full_feasible_return_range,0.8676999999999999,0.9720000000000001,0.10430000000000017,H4_e0p1_0p3_native_repeats_qNone_f0.05_U
4,0.1,0.3,native_repeats,,V,0.05,0.012920000000000004,full_feasible_return_range,0.6707000000000004,0.784,0.11329999999999962,H4_e0p1_0p3_native_repeats_qNone_f0.05_V
4,0.1,0.3,native_repeats,,world,0.05,0.012920000000000004,full_feasible_return_range,0.6118491494797182,0.7056,0.09375085052028176,H4_e0p1_0p3_native_repeats_qNone_f0.05_world
4,0.1,0.3,native_repeats,,U_asymmetric,0.05,0.012920000000000004,full_feasible_return_range,0.8878874999999999,0.9841500000000001,0.09626250000000014,H4_e0p1_0p3_native_repeats_qNone_f0.05_U_asymmetric
4,0.1,0.3,native_repeats,,parity,0.05,0.012920000000000004,full_feasible_return_range,0.628147448439155,0.7272,0.09905255156084491,H4_e0p1_0p3_native_repeats_qNone_f0.05_parity
4,0.1,0.3,native_minimax,,U,0.0,0.0,full_feasible_return_range,0.9332307692307693,0.9720000000000001,0.03876923076923078,H4_e0p1_0p3_native_minimax_qNone_f0.0_U
4,0.1,0.3,native_minimax,,V,0.0,0.0,full_feasible_return_range,0.7452307692307691,0.784,0.03876923076923089,H4_e0p1_0p3_native_minimax_qNone_f0.0_V
4,0.1,0.3,native_minimax,,world,0.0,0.0,full_feasible_return_range,0.6939692307692307,0.7056,0.011630769230769333,H4_e0p1_0p3_native_minimax_qNone_f0.0_world
4,0.1,0.3,native_minimax,,U_asymmetric,0.0,0.0,full_feasible_return_range,0.9332307692307695,0.9841500000000001,0.05091923076923055,H4_e0p1_0p3_native_minimax_qNone_f0.0_U_asymmetric
4,0.1,0.3,native_minimax,,parity,0.0,0.0,full_feasible_return_range,0.709476923076923,0.7272,0.017723076923076952,H4_e0p1_0p3_native_minimax_qNone_f0.0_parity
4,0.1,0.3,native_minimax,,U,0.01,0.004332307692307695,full_feasible_return_range,0.9288984615384615,0.9720000000000001,0.043101538461538635,H4_e0p1_0p3_native_minimax_qNone_f0.01_U
4,0.1,0.3,native_minimax,,V,0.01,0.004332307692307695,full_feasible_return_range,0.7408984615384617,0.784,0.0431015384615383,H4_e0p1_0p3_native_minimax_qNone_f0.01_V
4,0.1,0.3,native_minimax,,world,0.01,0.004332307692307695,full_feasible_return_range,0.6852109438669436,0.7056,0.020389056133056416,H4_e0p1_0p3_native_minimax_qNone_f0.01_world
4,0.1,0.3,native_minimax,,U_asymmetric,0.01,0.004332307692307695,full_feasible_return_range,0.9288984615384617,0.9841500000000001,0.05525153846153841,H4_e0p1_0p3_native_minimax_qNone_f0.01_U_asymmetric
4,0.1,0.3,native_minimax,,parity,0.01,0.004332307692307695,full_feasible_return_range,0.7006249646569648,0.7272,0.02657503534303518,H4_e0p1_0p3_native_minimax_qNone_f0.01_parity
4,0.1,0.3,native_minimax,,U,0.05,0.02166153846153848,full_feasible_return_range,0.911569230769231,0.9720000000000001,0.060430769230769066,H4_e0p1_0p3_native_minimax_qNone_f0.05_U
4,0.1,0.3,native_minimax,,V,0.05,0.02166153846153848,full_feasible_return_range,0.7235692307692307,0.784,0.06043076923076929,H4_e0p1_0p3_native_minimax_qNone_f0.05_V
4,0.1,0.3,native_minimax,,world,0.05,0.02166153846153848,full_feasible_return_range,0.6501777962577964,0.7056,0.055422203742203635,H4_e0p1_0p3_native_minimax_qNone_f0.05_world
4,0.1,0.3,native_minimax,,U_asymmetric,0.05,0.02166153846153848,full_feasible_return_range,0.9115692307692309,0.9841500000000001,0.07258076923076917,H4_e0p1_0p3_native_minimax_qNone_f0.05_U_asymmetric
4,0.1,0.3,native_minimax,,parity,0.05,0.02166153846153848,full_feasible_return_range,0.665217130977131,0.7272,0.06198286902286898,H4_e0p1_0p3_native_minimax_qNone_f0.05_parity
4,0.1,0.1,native_singles,,U,,0.005,absolute,0.875,0.9720000000000002,0.0970000000000002,H4_e0p1_0p1_native_singles_qNone_absolute0.005_U
4,0.1,0.1,native_singles,,V,,0.005,absolute,0.875,0.9720000000000002,0.0970000000000002,H4_e0p1_0p1_native_singles_qNone_absolute0.005_V
4,0.1,0.1,native_singles,,world,,0.005,absolute,0.7779328767123288,0.8748000000000001,0.09686712328767133,H4_e0p1_0p1_native_singles_qNone_absolute0.005_world
4,0.1,0.1,native_singles,,U_asymmetric,,0.005,absolute,0.8906250000000001,0.9841500000000003,0.09352500000000019,H4_e0p1_0p1_native_singles_qNone_absolute0.005_U_asymmetric
4,0.1,0.1,native_singles,,parity,,0.005,absolute,0.7808657534246575,0.8776000000000002,0.09673424657534269,H4_e0p1_0p1_native_singles_qNone_absolute0.005_parity
4,0.1,0.1,native_tagged,,U,,0.005,absolute,0.875,0.9720000000000002,0.0970000000000002,H4_e0p1_0p1_native_tagged_qNone_absolute0.005_U
4,0.1,0.1,native_tagged,,V,,0.005,absolute,0.8750000000000001,0.9720000000000002,0.09700000000000009,H4_e0p1_0p1_native_tagged_qNone_absolute0.005_V
4,0.1,0.1,native_tagged,,world,,0.005,absolute,0.7779328767123288,0.8748000000000001,0.09686712328767133,H4_e0p1_0p1_native_tagged_qNone_absolute0.005_world
4,0.1,0.1,native_tagged,,U_asymmetric,,0.005,absolute,0.8906250000000002,0.9841500000000003,0.09352500000000008,H4_e0p1_0p1_native_tagged_qNone_absolute0.005_U_asymmetric
4,0.1,0.1,native_tagged,,parity,,0.005,absolute,0.7808657534246575,0.8776000000000002,0.09673424657534269,H4_e0p1_0p1_native_tagged_qNone_absolute0.005_parity
4,0.1,0.1,native_joint,,U,,0.005,absolute,0.8833333333333335,0.9720000000000002,0.08866666666666667,H4_e0p1_0p1_native_joint_qNone_absolute0.005_U
4,0.1,0.1,native_joint,,V,,0.005,absolute,0.8833333333333333,0.9720000000000002,0.0886666666666669,H4_e0p1_0p1_native_joint_qNone_absolute0.005_V
4,0.1,0.1,native_joint,,world,,0.005,absolute,0.7909716636197472,0.8748000000000001,0.08382833638025289,H4_e0p1_0p1_native_joint_qNone_absolute0.005_world
4,0.1,0.1,native_joint,,U_asymmetric,,0.005,absolute,0.8937500000000003,0.9841500000000003,0.09040000000000004,H4_e0p1_0p1_native_joint_qNone_absolute0.005_U_asymmetric
4,0.1,0.1,native_joint,,parity,,0.005,absolute,0.7938866544789762,0.8776000000000002,0.08371334552102394,H4_e0p1_0p1_native_joint_qNone_absolute0.005_parity
4,0.1,0.1,native_repeats,,U,,0.005,absolute,0.8874999999999993,0.9720000000000002,0.08450000000000091,H4_e0p1_0p1_native_repeats_qNone_absolute0.005_U
4,0.1,0.1,native_repeats,,V,,0.005,absolute,0.8874999999999997,0.9720000000000002,0.08450000000000046,H4_e0p1_0p1_native_repeats_qNone_absolute0.005_V
4,0.1,0.1,native_repeats,,world,,0.005,absolute,0.8248684931506849,0.8748000000000001,0.049931506849315244,H4_e0p1_0p1_native_repeats_qNone_absolute0.005_world
4,0.1,0.1,native_repeats,,U_asymmetric,,0.005,absolute,0.8953125000000002,0.9841500000000003,0.08883750000000012,H4_e0p1_0p1_native_repeats_qNone_absolute0.005_U_asymmetric
4,0.1,0.1,native_repeats,,parity,,0.005,absolute,0.8277369863013699,0.8776000000000002,0.04986301369863022,H4_e0p1_0p1_native_repeats_qNone_absolute0.005_parity
4,0.25,0.25,native_singles,,U,,0.005,absolute,0.7250000000000001,0.84375,0.11874999999999991,H4_e0p25_0p25_native_singles_qNone_absolute0.005_U
4,0.25,0.25,native_singles,,V,,0.005,absolute,0.7250000000000001,0.84375,0.11874999999999991,H4_e0p25_0p25_native_singles_qNone_absolute0.005_V
4,0.25,0.25,native_singles,,world,,0.005,absolute,0.5203125,0.6328125,0.11250000000000004,H4_e0p25_0p25_native_singles_qNone_absolute0.005_world
4,0.25,0.25,native_singles,,U_asymmetric,,0.005,absolute,0.75,0.896484375,0.146484375,H4_e0p25_0p25_native_singles_qNone_absolute0.005_U_asymmetric
4,0.25,0.25,native_singles,,parity,,0.005,absolute,0.565625,0.671875,0.10624999999999996,H4_e0p25_0p25_native_singles_qNone_absolute0.005_parity
4,0.25,0.25,native_tagged,,U,,0.005,absolute,0.7250000000000001,0.84375,0.11874999999999991,H4_e0p25_0p25_native_tagged_qNone_absolute0.005_U
4,0.25,0.25,native_tagged,,V,,0.005,absolute,0.725,0.84375,0.11875000000000002,H4_e0p25_0p25_native_tagged_qNone_absolute0.005_V
4,0.25,0.25,native_tagged,,world,,0.005,absolute,0.5203125,0.6328125,0.11250000000000004,H4_e0p25_0p25_native_tagged_qNone_absolute0.005_world
4,0.25,0.25,native_tagged,,U_asymmetric,,0.005,absolute,0.7499999999999999,0.896484375,0.1464843750000001,H4_e0p25_0p25_native_tagged_qNone_absolute0.005_U_asymmetric
4,0.25,0.25,native_tagged,,parity,,0.005,absolute,0.565625,0.671875,0.10624999999999996,H4_e0p25_0p25_native_tagged_qNone_absolute0.005_parity
4,0.25,0.25,native_joint,,U,,0.005,absolute,0.7333333333333334,0.84375,0.11041666666666661,H4_e0p25_0p25_native_joint_qNone_absolute0.005_U
4,0.25,0.25,native_joint,,V,,0.005,absolute,0.7333333333333334,0.84375,0.11041666666666661,H4_e0p25_0p25_native_joint_qNone_absolute0.005_V
4,0.25,0.25,native_joint,,world,,0.005,absolute,0.5391768292682926,0.6328125,0.09363567073170742,H4_e0p25_0p25_native_joint_qNone_absolute0.005_world
4,0.25,0.25,native_joint,,U_asymmetric,,0.005,absolute,0.75,0.896484375,0.146484375,H4_e0p25_0p25_native_joint_qNone_absolute0.005_U_asymmetric
4,0.25,0.25,native_joint,,parity,,0.005,absolute,0.5817073170731708,0.671875,0.0901676829268292,H4_e0p25_0p25_native_joint_qNone_absolute0.005_parity
4,0.25,0.25,native_repeats,,U,,0.005,absolute,0.7374999999999998,0.84375,0.10625000000000018,H4_e0p25_0p25_native_repeats_qNone_absolute0.005_U
4,0.25,0.25,native_repeats,,V,,0.005,absolute,0.7375000000000004,0.84375,0.10624999999999962,H4_e0p25_0p25_native_repeats_qNone_absolute0.005_V
4,0.25,0.25,native_repeats,,world,,0.005,absolute,0.5845982142857142,0.6328125,0.048214285714285765,H4_e0p25_0p25_native_repeats_qNone_absolute0.005_world
4,0.25,0.25,native_repeats,,U_asymmetric,,0.005,absolute,0.7500000000000001,0.896484375,0.1464843749999999,H4_e0p25_0p25_native_repeats_qNone_absolute0.005_U_asymmetric
4,0.25,0.25,native_repeats,,parity,,0.005,absolute,0.6254464285714287,0.671875,0.046428571428571264,H4_e0p25_0p25_native_repeats_qNone_absolute0.005_parity
4,0.1,0.3,native_singles,,U,,0.005,absolute,0.8749999999999997,0.9720000000000001,0.09700000000000042,H4_e0p1_0p3_native_singles_qNone_absolute0.005_U
4,0.1,0.3,native_singles,,V,,0.005,absolute,0.675,0.784,0.10899999999999999,H4_e0p1_0p3_native_singles_qNone_absolute0.005_V
4,0.1,0.3,native_singles,,world,,0.005,absolute,0.5913264508094643,0.7056,0.11427354919053567,H4_e0p1_0p3_native_singles_qNone_absolute0.005_world
4,0.1,0.3,native_singles,,U_asymmetric,,0.005,absolute,0.8906249999999999,0.9841500000000001,0.09352500000000019,H4_e0p1_0p3_native_singles_qNone_absolute0.005_U_asymmetric
4,0.1,0.3,native_singles,,parity,,0.005,absolute,0.6076529016189289,0.7272,0.11954709838107103,H4_e0p1_0p3_native_singles_qNone_absolute0.005_parity
4,0.1,0.3,native_tagged,,U,,0.005,absolute,0.8749999999999999,0.9720000000000001,0.0970000000000002,H4_e0p1_0p3_native_tagged_qNone_absolute0.005_U
4,0.1,0.3,native_tagged,,V,,0.005,absolute,0.675,0.784,0.10899999999999999,H4_e0p1_0p3_native_tagged_qNone_absolute0.005_V
4,0.1,0.3,native_tagged,,world,,0.005,absolute,0.5913264508094644,0.7056,0.11427354919053556,H4_e0p1_0p3_native_tagged_qNone_absolute0.005_world
4,0.1,0.3,native_tagged,,U_asymmetric,,0.005,absolute,0.8906250000000002,0.9841500000000001,0.09352499999999986,H4_e0p1_0p3_native_tagged_qNone_absolute0.005_U_asymmetric
4,0.1,0.3,native_tagged,,parity,,0.005,absolute,0.6076529016189292,0.7272,0.1195470983810708,H4_e0p1_0p3_native_tagged_qNone_absolute0.005_parity
4,0.1,0.3,native_joint,,U,,0.005,absolute,0.8833333333333333,0.9720000000000001,0.08866666666666678,H4_e0p1_0p3_native_joint_qNone_absolute0.005_U
4,0.1,0.3,native_joint,,V,,0.005,absolute,0.6833333333333335,0.784,0.10066666666666657,H4_e0p1_0p3_native_joint_qNone_absolute0.005_V
4,0.1,0.3,native_joint,,world,,0.005,absolute,0.6087675087252784,0.7056,0.0968324912747216,H4_e0p1_0p3_native_joint_qNone_absolute0.005_world
4,0.1,0.3,native_joint,,U_asymmetric,,0.005,absolute,0.89375,0.9841500000000001,0.09040000000000004,H4_e0p1_0p3_native_joint_qNone_absolute0.005_U_asymmetric
4,0.1,0.3,native_joint,,parity,,0.005,absolute,0.6250700349011136,0.7272,0.10212996509888639,H4_e0p1_0p3_native_joint_qNone_absolute0.005_parity
4,0.1,0.3,native_repeats,,U,,0.005,absolute,0.8874999999999997,0.9720000000000001,0.08450000000000035,H4_e0p1_0p3_native_repeats_qNone_absolute0.005_U
4,0.1,0.3,native_repeats,,V,,0.005,absolute,0.6905000000000017,0.784,0.09349999999999836,H4_e0p1_0p3_native_repeats_qNone_absolute0.005_V
4,0.1,0.3,native_repeats,,world,,0.005,absolute,0.6469999999999998,0.7056,0.05860000000000021,H4_e0p1_0p3_native_repeats_qNone_absolute0.005_world
4,0.1,0.3,native_repeats,,U_asymmetric,,0.005,absolute,0.8953124999999998,0.9841500000000001,0.08883750000000024,H4_e0p1_0p3_native_repeats_qNone_absolute0.005_U_asymmetric
4,0.1,0.3,native_repeats,,parity,,0.005,absolute,0.6595118185124059,0.7272,0.06768818148759403,H4_e0p1_0p3_native_repeats_qNone_absolute0.005_parity
