H,noise,objective,fraction,eta,normalization,target,held_out,witnessed_lower,witness_id,eligible_saved_policies,lower_witness_scope,optimum_lower,optimum_upper,eligibility_tolerance,witness_native_cost,witness_gap_upper,guaranteed_upper,best_method,null_error,triangle_upper,world_reconstruction_upper,coupling_upper,coupling_diagnostics,coupling_intercept,coupling_slope,diagnostic_average_bound,native_loss_bound
3,"[0.1, 0.1]",native_singles,0.0,0.0,full_feasible_return_range,LR,False,8.092485015431805e-15,H3_e0p1_0p1_native_repeats_qNone_f0.0_parity,36,numerically enlarged cost sublevel; not an exact eta-optimality assertion,0.0,2.6367796834847467e-17,5e-08,1.6334156249797616e-15,1.6334156249797616e-15,0.080000213888889,coupling,0.56,0.36000012500000017,0.16000020000000015,0.080000213888889,singles,2/25,77/45,1.2500000006591949e-07,5.0000000026367796e-08
3,"[0.1, 0.1]",native_singles,0.0,0.0,full_feasible_return_range,LLL,False,0.07200000000014184,H3_e0p1_0p1_native_tagged_qNone,36,numerically enlarged cost sublevel; not an exact eta-optimality assertion,0.0,2.6367796834847467e-17,5e-08,1.5265566588595904e-17,1.5265566588595904e-17,0.07200025000000013,coupling,0.4720000000000001,0.07200025000000036,0.18880023600000012,0.07200025000000013,singles,9/125,2,1.2500000006591949e-07,5.0000000026367796e-08
3,"[0.1, 0.1]",native_singles,0.0,0.0,full_feasible_return_range,RRR,False,0.07200000001640647,H3_e0p1_0p1_native_joint_qNone_f0.0_V,36,numerically enlarged cost sublevel; not an exact eta-optimality assertion,0.0,2.6367796834847467e-17,5e-08,2.6367796834847467e-17,2.6367796834847467e-17,0.07200025000000013,coupling,0.47200000000000003,0.0720002500000003,0.18880023600000012,0.07200025000000013,singles,9/125,2,1.2500000006591949e-07,5.0000000026367796e-08
3,"[0.1, 0.1]",native_singles,0.0,0.0,full_feasible_return_range,LLR,True,0.07200000000261561,H3_e0p1_0p1_native_repeats_qNone_f0.0_U,36,numerically enlarged cost sublevel; not an exact eta-optimality assertion,0.0,2.6367796834847467e-17,5e-08,5.967448757360217e-17,5.967448757360217e-17,0.08000024500000014,coupling,0.5600000000000003,0.3600001250000001,0.18880023600000012,0.08000024500000014,singles,2/25,49/25,1.2500000006591949e-07,5.0000000026367796e-08
3,"[0.1, 0.1]",native_singles,0.0,0.0,full_feasible_return_range,LRR,True,0.07200000000499487,H3_e0p1_0p1_native_tagged_qNone_f0.0_V,36,numerically enlarged cost sublevel; not an exact eta-optimality assertion,0.0,2.6367796834847467e-17,5e-08,2.6367796834847467e-17,2.6367796834847467e-17,0.08000024500000014,coupling,0.5600000000000003,0.36000012500000034,0.18880023600000012,0.08000024500000014,singles,2/25,49/25,1.2500000006591949e-07,5.0000000026367796e-08
3,"[0.1, 0.1]",native_singles,0.0,0.0,full_feasible_return_range,adaptive_L,True,0.12319120879120932,H3_e0p1_0p1_native_singles_qNone_f0.0_world,36,numerically enlarged cost sublevel; not an exact eta-optimality assertion,0.0,2.6367796834847467e-17,5e-08,2.6367796834847467e-17,2.6367796834847467e-17,0.12960021150000012,coupling,0.530666666666667,0.301263282894737,0.18880023600000012,0.12960021150000012,singles,81/625,423/250,1.2500000006591949e-07,5.0000000026367796e-08
3,"[0.1, 0.1]",native_singles,0.01,0.0016000000000000003,full_feasible_return_range,LR,False,0.008000000000000639,H3_e0p1_0p1_native_singles_qNone_f0.01_U_asymmetric,44,numerically enlarged cost sublevel; not an exact eta-optimality assertion,0.0,2.6367796834847467e-17,5e-08,0.0016000000000000805,0.0016000000000000805,0.08684465833333345,coupling,0.56,0.3640001250000002,0.16640020000000014,0.08684465833333345,singles,2/25,77/45,0.004000125000000066,0.0016000500000000267
3,"[0.1, 0.1]",native_singles,0.01,0.0016000000000000003,full_feasible_return_range,LLL,False,0.08000000000000163,H3_e0p1_0p1_native_singles_qNone_f0.01_U,44,numerically enlarged cost sublevel; not an exact eta-optimality assertion,0.0,2.6367796834847467e-17,5e-08,0.0016000000000001304,0.0016000000000001304,0.08000025000000013,coupling,0.4720000000000001,0.08000025000000036,0.19635223600000015,0.08000025000000013,singles,9/125,2,0.004000125000000066,0.0016000500000000267
3,"[0.1, 0.1]",native_singles,0.01,0.0016000000000000003,full_feasible_return_range,RRR,False,0.0800000000000014,H3_e0p1_0p1_native_singles_qNone_f0.01_V,44,numerically enlarged cost sublevel; not an exact eta-optimality assertion,0.0,2.6367796834847467e-17,5e-08,0.001600000000000075,0.001600000000000075,0.08000025000000013,coupling,0.47200000000000003,0.0800002500000003,0.19635223600000015,0.08000025000000013,singles,9/125,2,0.004000125000000066,0.0016000500000000267
3,"[0.1, 0.1]",native_singles,0.01,0.0016000000000000003,full_feasible_return_range,LLR,True,0.07200000000261561,H3_e0p1_0p1_native_repeats_qNone_f0.0_U,44,numerically enlarged cost sublevel; not an exact eta-optimality assertion,0.0,2.6367796834847467e-17,5e-08,5.967448757360217e-17,5.967448757360217e-17,0.08784024500000014,coupling,0.5600000000000003,0.3640001250000001,0.19635223600000015,0.08784024500000014,singles,2/25,49/25,0.004000125000000066,0.0016000500000000267
3,"[0.1, 0.1]",native_singles,0.01,0.0016000000000000003,full_feasible_return_range,LRR,True,0.07200000000499487,H3_e0p1_0p1_native_tagged_qNone_f0.0_V,44,numerically enlarged cost sublevel; not an exact eta-optimality assertion,0.0,2.6367796834847467e-17,5e-08,2.6367796834847467e-17,2.6367796834847467e-17,0.08784024500000014,coupling,0.5600000000000003,0.36400012500000034,0.19635223600000015,0.08784024500000014,singles,2/25,49/25,0.004000125000000066,0.0016000500000000267
3,"[0.1, 0.1]",native_singles,0.01,0.0016000000000000003,full_feasible_return_range,adaptive_L,True,0.12319120879120932,H3_e0p1_0p1_native_singles_qNone_f0.0_world,44,numerically enlarged cost sublevel; not an exact eta-optimality assertion,0.0,2.6367796834847467e-17,5e-08,2.6367796834847467e-17,2.6367796834847467e-17,0.1363682115000001,coupling,0.530666666666667,0.305263282894737,0.19635223600000015,0.1363682115000001,singles,81/625,423/250,0.004000125000000066,0.0016000500000000267
3,"[0.1, 0.1]",native_singles,0.05,0.008000000000000002,full_feasible_return_range,LR,False,0.040000000000100906,H3_e0p1_0p1_native_singles_qNone_f0.05_V,93,numerically enlarged cost sublevel; not an exact eta-optimality assertion,0.0,2.6367796834847467e-17,5e-08,0.008000000000000297,0.008000000000000297,0.11422243611111123,coupling,0.56,0.3800001250000002,0.19200020000000015,0.11422243611111123,singles,2/25,77/45,0.020000125000000066,0.008000050000000028
3,"[0.1, 0.1]",native_singles,0.05,0.008000000000000002,full_feasible_return_range,LLL,False,0.11200000000000243,H3_e0p1_0p1_native_singles_qNone_f0.05_world,93,numerically enlarged cost sublevel; not an exact eta-optimality assertion,0.0,2.6367796834847467e-17,5e-08,0.008000000000000038,0.008000000000000038,0.11200025000000013,coupling,0.4720000000000001,0.11200025000000036,0.22656023600000014,0.11200025000000013,singles,9/125,2,0.020000125000000066,0.008000050000000028
3,"[0.1, 0.1]",native_singles,0.05,0.008000000000000002,full_feasible_return_range,RRR,False,0.11200000000000093,H3_e0p1_0p1_native_singles_qNone_f0.05_V,93,numerically enlarged cost sublevel; not an exact eta-optimality assertion,0.0,2.6367796834847467e-17,5e-08,0.008000000000000297,0.008000000000000297,0.11200025000000013,coupling,0.47200000000000003,0.1120002500000003,0.22656023600000014,0.11200025000000013,singles,9/125,2,0.020000125000000066,0.008000050000000028
3,"[0.1, 0.1]",native_singles,0.05,0.008000000000000002,full_feasible_return_range,LLR,True,0.09720000000000029,H3_e0p1_0p1_native_singles_qNone_f0.05_V,93,numerically enlarged cost sublevel; not an exact eta-optimality assertion,0.0,2.6367796834847467e-17,5e-08,0.008000000000000297,0.008000000000000297,0.11920024500000012,coupling,0.5600000000000003,0.38000012500000013,0.22656023600000014,0.11920024500000012,singles,2/25,49/25,0.020000125000000066,0.008000050000000028
3,"[0.1, 0.1]",native_singles,0.05,0.008000000000000002,full_feasible_return_range,LRR,True,0.08455609756097583,H3_e0p1_0p1_native_tagged_qNone_absolute0.005_parity,93,numerically enlarged cost sublevel; not an exact eta-optimality assertion,0.0,2.6367796834847467e-17,5e-08,0.005000000000000002,0.005000000000000002,0.11920024500000012,coupling,0.5600000000000003,0.38000012500000035,0.22656023600000014,0.11920024500000012,singles,2/25,49/25,0.020000125000000066,0.008000050000000028
3,"[0.1, 0.1]",native_singles,0.05,0.008000000000000002,full_feasible_return_range,adaptive_L,True,0.12319120879120932,H3_e0p1_0p1_native_singles_qNone_f0.0_world,93,numerically enlarged cost sublevel; not an exact eta-optimality assertion,0.0,2.6367796834847467e-17,5e-08,2.6367796834847467e-17,2.6367796834847467e-17,0.1634402115000001,coupling,0.530666666666667,0.321263282894737,0.22656023600000014,0.1634402115000001,singles,81/625,423/250,0.020000125000000066,0.008000050000000028
3,"[0.1, 0.1]",native_tagged,0.0,0.0,full_feasible_return_range,LR,False,8.092485015431805e-15,H3_e0p1_0p1_native_repeats_qNone_f0.0_parity,36,numerically enlarged cost sublevel; not an exact eta-optimality assertion,0.0,2.42861286636753e-17,5e-08,1.6486811915683574e-15,1.6486811915683574e-15,0.08000021388888899,coupling,0.56,0.3600001000000001,0.16000020000000015,0.08000021388888899,singles,2/25,77/45,1.2500000006071532e-07,5.0000000024286126e-08
3,"[0.1, 0.1]",native_tagged,0.0,0.0,full_feasible_return_range,LLL,False,0.07200000000014184,H3_e0p1_0p1_native_tagged_qNone,36,numerically enlarged cost sublevel; not an exact eta-optimality assertion,0.0,2.42861286636753e-17,5e-08,2.42861286636753e-17,2.42861286636753e-17,0.07200025000000011,coupling,0.4720000000000001,0.07200025000000035,0.18880023600000012,0.07200025000000011,singles,9/125,2,1.2500000006071532e-07,5.0000000024286126e-08
3,"[0.1, 0.1]",native_tagged,0.0,0.0,full_feasible_return_range,RRR,False,0.07200000001640647,H3_e0p1_0p1_native_joint_qNone_f0.0_V,36,numerically enlarged cost sublevel; not an exact eta-optimality assertion,0.0,2.42861286636753e-17,5e-08,3.573530360512223e-17,3.573530360512223e-17,0.07200025000000011,coupling,0.47200000000000003,0.07200025000000028,0.18880023600000012,0.07200025000000011,singles,9/125,2,1.2500000006071532e-07,5.0000000024286126e-08
3,"[0.1, 0.1]",native_tagged,0.0,0.0,full_feasible_return_range,LLR,True,0.07200000000261561,H3_e0p1_0p1_native_repeats_qNone_f0.0_U,36,numerically enlarged cost sublevel; not an exact eta-optimality assertion,0.0,2.42861286636753e-17,5e-08,7.216449660063518e-17,7.216449660063518e-17,0.08000024500000012,coupling,0.5600000000000003,0.36000010000000016,0.18880023600000012,0.08000024500000012,singles,2/25,49/25,1.2500000006071532e-07,5.0000000024286126e-08
3,"[0.1, 0.1]",native_tagged,0.0,0.0,full_feasible_return_range,LRR,True,0.07200000000499487,H3_e0p1_0p1_native_tagged_qNone_f0.0_V,36,numerically enlarged cost sublevel; not an exact eta-optimality assertion,0.0,2.42861286636753e-17,5e-08,3.538835890992686e-17,3.538835890992686e-17,0.08000024500000012,coupling,0.5600000000000003,0.36000010000000005,0.18880023600000012,0.08000024500000012,singles,2/25,49/25,1.2500000006071532e-07,5.0000000024286126e-08
3,"[0.1, 0.1]",native_tagged,0.0,0.0,full_feasible_return_range,adaptive_L,True,0.12319120879120932,H3_e0p1_0p1_native_singles_qNone_f0.0_world,36,numerically enlarged cost sublevel; not an exact eta-optimality assertion,0.0,2.42861286636753e-17,5e-08,3.538835890992686e-17,3.538835890992686e-17,0.1296002115000001,coupling,0.530666666666667,0.301263257894737,0.18880023600000012,0.1296002115000001,singles,81/625,423/250,1.2500000006071532e-07,5.0000000024286126e-08
3,"[0.1, 0.1]",native_tagged,0.01,0.0020000000000000005,full_feasible_return_range,LR,False,0.010000000000001542,H3_e0p1_0p1_native_tagged_qNone_f0.01_parity,58,numerically enlarged cost sublevel; not an exact eta-optimality assertion,0.0,2.42861286636753e-17,5e-08,0.0020000000000003067,0.0020000000000003067,0.08855576944444456,coupling,0.56,0.3640001000000001,0.16800020000000015,0.08855576944444456,singles,2/25,77/45,0.005000125000000062,0.002000050000000025
3,"[0.1, 0.1]",native_tagged,0.01,0.0020000000000000005,full_feasible_return_range,LLL,False,0.08200000000000922,H3_e0p1_0p1_native_tagged_qNone_f0.01_U,58,numerically enlarged cost sublevel; not an exact eta-optimality assertion,0.0,2.42861286636753e-17,5e-08,0.0020000000000000425,0.0020000000000000425,0.08200025000000012,coupling,0.4720000000000001,0.08200025000000036,0.19824023600000015,0.08200025000000012,singles,9/125,2,0.005000125000000062,0.002000050000000025
3,"[0.1, 0.1]",native_tagged,0.01,0.0020000000000000005,full_feasible_return_range,RRR,False,0.08200000000000578,H3_e0p1_0p1_native_tagged_qNone_f0.01_V,58,numerically enlarged cost sublevel; not an exact eta-optimality assertion,0.0,2.42861286636753e-17,5e-08,0.002000000000000047,0.002000000000000047,0.08200025000000012,coupling,0.47200000000000003,0.08200025000000029,0.19824023600000015,0.08200025000000012,singles,9/125,2,0.005000125000000062,0.002000050000000025
3,"[0.1, 0.1]",native_tagged,0.01,0.0020000000000000005,full_feasible_return_range,LLR,True,0.07200000000261561,H3_e0p1_0p1_native_repeats_qNone_f0.0_U,58,numerically enlarged cost sublevel; not an exact eta-optimality assertion,0.0,2.42861286636753e-17,5e-08,7.216449660063518e-17,7.216449660063518e-17,0.08980024500000013,coupling,0.5600000000000003,0.36400010000000016,0.19824023600000015,0.08980024500000013,singles,2/25,49/25,0.005000125000000062,0.002000050000000025
3,"[0.1, 0.1]",native_tagged,0.01,0.0020000000000000005,full_feasible_return_range,LRR,True,0.0727024390243922,H3_e0p1_0p1_native_tagged_qNone_f0.01_parity,58,numerically enlarged cost sublevel; not an exact eta-optimality assertion,0.0,2.42861286636753e-17,5e-08,0.0020000000000003067,0.0020000000000003067,0.08980024500000013,coupling,0.5600000000000003,0.36400010000000005,0.19824023600000015,0.08980024500000013,singles,2/25,49/25,0.005000125000000062,0.002000050000000025
3,"[0.1, 0.1]",native_tagged,0.01,0.0020000000000000005,full_feasible_return_range,adaptive_L,True,0.12319120879120932,H3_e0p1_0p1_native_singles_qNone_f0.0_world,58,numerically enlarged cost sublevel; not an exact eta-optimality assertion,0.0,2.42861286636753e-17,5e-08,3.538835890992686e-17,3.538835890992686e-17,0.13806021150000009,coupling,0.530666666666667,0.305263257894737,0.19824023600000015,0.13806021150000009,singles,81/625,423/250,0.005000125000000062,0.002000050000000025
3,"[0.1, 0.1]",native_tagged,0.05,0.010000000000000002,full_feasible_return_range,LR,False,0.05000000000000035,H3_e0p1_0p1_native_tagged_qNone_f0.05_world,107,numerically enlarged cost sublevel; not an exact eta-optimality assertion,0.0,2.42861286636753e-17,5e-08,0.010000000000000044,0.010000000000000044,0.12277799166666678,coupling,0.56,0.3800001000000001,0.20000020000000016,0.12277799166666678,singles,2/25,77/45,0.025000125000000064,0.010000050000000026
3,"[0.1, 0.1]",native_tagged,0.05,0.010000000000000002,full_feasible_return_range,LLL,False,0.12200000000004223,H3_e0p1_0p1_native_tagged_qNone_f0.05_U,107,numerically enlarged cost sublevel; not an exact eta-optimality assertion,0.0,2.42861286636753e-17,5e-08,0.010000000000000028,0.010000000000000028,0.12200025000000012,coupling,0.4720000000000001,0.12200025000000037,0.23600023600000014,0.12200025000000012,singles,9/125,2,0.025000125000000064,0.010000050000000026
3,"[0.1, 0.1]",native_tagged,0.05,0.010000000000000002,full_feasible_return_range,RRR,False,0.1220000000000007,H3_e0p1_0p1_native_tagged_qNone_f0.05_V,107,numerically enlarged cost sublevel; not an exact eta-optimality assertion,0.0,2.42861286636753e-17,5e-08,0.010000000000000205,0.010000000000000205,0.12200025000000012,coupling,0.47200000000000003,0.12200025000000028,0.23600023600000014,0.12200025000000012,singles,9/125,2,0.025000125000000064,0.010000050000000026
3,"[0.1, 0.1]",native_tagged,0.05,0.010000000000000002,full_feasible_return_range,LLR,True,0.09720000000000029,H3_e0p1_0p1_native_singles_qNone_f0.05_V,107,numerically enlarged cost sublevel; not an exact eta-optimality assertion,0.0,2.42861286636753e-17,5e-08,0.008000000000000304,0.008000000000000304,0.12900024500000012,coupling,0.5600000000000003,0.3800001000000002,0.23600023600000014,0.12900024500000012,singles,2/25,49/25,0.025000125000000064,0.010000050000000026
3,"[0.1, 0.1]",native_tagged,0.05,0.010000000000000002,full_feasible_return_range,LRR,True,0.10431219512195142,H3_e0p1_0p1_native_tagged_qNone_f0.05_parity,107,numerically enlarged cost sublevel; not an exact eta-optimality assertion,0.0,2.42861286636753e-17,5e-08,0.010000000000000018,0.010000000000000018,0.12900024500000012,coupling,0.5600000000000003,0.38000010000000006,0.23600023600000014,0.12900024500000012,singles,2/25,49/25,0.025000125000000064,0.010000050000000026
3,"[0.1, 0.1]",native_tagged,0.05,0.010000000000000002,full_feasible_return_range,adaptive_L,True,0.12319120879120932,H3_e0p1_0p1_native_singles_qNone_f0.0_world,107,numerically enlarged cost sublevel; not an exact eta-optimality assertion,0.0,2.42861286636753e-17,5e-08,3.538835890992686e-17,3.538835890992686e-17,0.1719002115000001,coupling,0.530666666666667,0.32126325789473703,0.23600023600000014,0.1719002115000001,singles,81/625,423/250,0.025000125000000064,0.010000050000000026
3,"[0.1, 0.1]",native_joint,0.0,0.0,full_feasible_return_range,LR,False,8.092485015431805e-15,H3_e0p1_0p1_native_repeats_qNone_f0.0_parity,36,numerically enlarged cost sublevel; not an exact eta-optimality assertion,0.0,9.922618282587337e-17,5e-08,2.457929693111538e-15,2.457929693111538e-15,5.000000009922618e-07,triangle,0.56,5.000000009922618e-07,0.16000020000000045,0.08000021388888931,singles,2/25,77/45,1.2500000024806545e-07,5.000000009922618e-08
3,"[0.1, 0.1]",native_joint,0.0,0.0,full_feasible_return_range,LLL,False,0.07200000000014184,H3_e0p1_0p1_native_tagged_qNone,36,numerically enlarged cost sublevel; not an exact eta-optimality assertion,0.0,9.922618282587337e-17,5e-08,3.061786935099065e-17,3.061786935099065e-17,0.07200025000000049,coupling,0.4720000000000001,0.07200025000000072,0.1888002360000005,0.07200025000000049,singles,9/125,2,1.2500000024806545e-07,5.000000009922618e-08
3,"[0.1, 0.1]",native_joint,0.0,0.0,full_feasible_return_range,RRR,False,0.07200000001640647,H3_e0p1_0p1_native_joint_qNone_f0.0_V,36,numerically enlarged cost sublevel; not an exact eta-optimality assertion,0.0,9.922618282587337e-17,5e-08,3.720981855970251e-17,3.720981855970251e-17,0.07200025000000049,coupling,0.47200000000000003,0.07200025000000065,0.1888002360000005,0.07200025000000049,singles,9/125,2,1.2500000024806545e-07,5.000000009922618e-08
3,"[0.1, 0.1]",native_joint,0.0,0.0,full_feasible_return_range,LLR,True,0.07200000000261561,H3_e0p1_0p1_native_repeats_qNone_f0.0_U,36,numerically enlarged cost sublevel; not an exact eta-optimality assertion,0.0,9.922618282587337e-17,5e-08,8.465450562766819e-17,8.465450562766819e-17,0.07200050000000102,triangle,0.5600000000000003,0.07200050000000102,0.1888002360000005,0.08000024500000048,singles,2/25,49/25,1.2500000024806545e-07,5.000000009922618e-08
3,"[0.1, 0.1]",native_joint,0.0,0.0,full_feasible_return_range,LRR,True,0.07200000000499487,H3_e0p1_0p1_native_tagged_qNone_f0.0_V,36,numerically enlarged cost sublevel; not an exact eta-optimality assertion,0.0,9.922618282587337e-17,5e-08,3.686287386450715e-17,3.686287386450715e-17,0.07200050000000106,triangle,0.5600000000000003,0.07200050000000106,0.1888002360000005,0.08000024500000048,singles,2/25,49/25,1.2500000024806545e-07,5.000000009922618e-08
3,"[0.1, 0.1]",native_joint,0.0,0.0,full_feasible_return_range,adaptive_L,True,0.12319120879120932,H3_e0p1_0p1_native_singles_qNone_f0.0_world,36,numerically enlarged cost sublevel; not an exact eta-optimality assertion,0.0,9.922618282587337e-17,5e-08,3.686287386450715e-17,3.686287386450715e-17,0.1243641363636374,triangle,0.530666666666667,0.1243641363636374,0.1888002360000005,0.12960021150000042,singles,81/625,423/250,1.2500000024806545e-07,5.000000009922618e-08
3,"[0.1, 0.1]",native_joint,0.01,0.0025600000000000006,full_feasible_return_range,LR,False,0.008533333333336432,H3_e0p1_0p1_native_joint_qNone_f0.01_V,51,numerically enlarged cost sublevel; not an exact eta-optimality assertion,0.0,9.922618282587337e-17,5e-08,0.002560000000000333,0.002560000000000333,0.025600500000001,triangle,0.56,0.025600500000001,0.17024020000000045,0.09095132500000043,singles,2/25,77/45,0.00640012500000025,0.0025600500000001
3,"[0.1, 0.1]",native_joint,0.01,0.0025600000000000006,full_feasible_return_range,LLL,False,0.08053333333343154,H3_e0p1_0p1_native_joint_qNone_f0.01_U,51,numerically enlarged cost sublevel; not an exact eta-optimality assertion,0.0,9.922618282587337e-17,5e-08,0.002560000000000171,0.002560000000000171,0.0848002500000005,coupling,0.4720000000000001,0.08480025000000073,0.2008834360000005,0.0848002500000005,singles,9/125,2,0.00640012500000025,0.0025600500000001
3,"[0.1, 0.1]",native_joint,0.01,0.0025600000000000006,full_feasible_return_range,RRR,False,0.08053333333333479,H3_e0p1_0p1_native_joint_qNone_f0.01_V,51,numerically enlarged cost sublevel; not an exact eta-optimality assertion,0.0,9.922618282587337e-17,5e-08,0.002560000000000333,0.002560000000000333,0.0848002500000005,coupling,0.47200000000000003,0.08480025000000066,0.2008834360000005,0.0848002500000005,singles,9/125,2,0.00640012500000025,0.0025600500000001
3,"[0.1, 0.1]",native_joint,0.01,0.0025600000000000006,full_feasible_return_range,LLR,True,0.07200000000261561,H3_e0p1_0p1_native_repeats_qNone_f0.0_U,51,numerically enlarged cost sublevel; not an exact eta-optimality assertion,0.0,9.922618282587337e-17,5e-08,8.465450562766819e-17,8.465450562766819e-17,0.0925442450000005,coupling,0.5600000000000003,0.09760050000000103,0.2008834360000005,0.0925442450000005,singles,2/25,49/25,0.00640012500000025,0.0025600500000001
3,"[0.1, 0.1]",native_joint,0.01,0.0025600000000000006,full_feasible_return_range,LRR,True,0.07200000000499487,H3_e0p1_0p1_native_tagged_qNone_f0.0_V,51,numerically enlarged cost sublevel; not an exact eta-optimality assertion,0.0,9.922618282587337e-17,5e-08,3.686287386450715e-17,3.686287386450715e-17,0.0925442450000005,coupling,0.5600000000000003,0.09760050000000108,0.2008834360000005,0.0925442450000005,singles,2/25,49/25,0.00640012500000025,0.0025600500000001
3,"[0.1, 0.1]",native_joint,0.01,0.0025600000000000006,full_feasible_return_range,adaptive_L,True,0.12319120879120932,H3_e0p1_0p1_native_singles_qNone_f0.0_world,51,numerically enlarged cost sublevel; not an exact eta-optimality assertion,0.0,9.922618282587337e-17,5e-08,3.686287386450715e-17,3.686287386450715e-17,0.14042901150000042,coupling,0.530666666666667,0.14996413636363742,0.2008834360000005,0.14042901150000042,singles,81/625,423/250,0.00640012500000025,0.0025600500000001
3,"[0.1, 0.1]",native_joint,0.05,0.012800000000000004,full_feasible_return_range,LR,False,0.042666666666667144,H3_e0p1_0p1_native_joint_qNone_f0.05_U_asymmetric,100,numerically enlarged cost sublevel; not an exact eta-optimality assertion,0.0,9.922618282587337e-17,5e-08,0.012800000000000533,0.012800000000000533,0.12800050000000102,triangle,0.56,0.12800050000000102,0.21120020000000042,0.1347557694444449,singles,2/25,77/45,0.032000125000000254,0.012800050000000103
3,"[0.1, 0.1]",native_joint,0.05,0.012800000000000004,full_feasible_return_range,LLL,False,0.11466666666666799,H3_e0p1_0p1_native_joint_qNone_f0.05_U_asymmetric,100,numerically enlarged cost sublevel; not an exact eta-optimality assertion,0.0,9.922618282587337e-17,5e-08,0.012800000000000533,0.012800000000000533,0.1360002500000005,coupling,0.4720000000000001,0.13600025000000074,0.24921623600000048,0.1360002500000005,singles,9/125,2,0.032000125000000254,0.012800050000000103
3,"[0.1, 0.1]",native_joint,0.05,0.012800000000000004,full_feasible_return_range,RRR,False,0.114666666666667,H3_e0p1_0p1_native_joint_qNone_f0.05_V,100,numerically enlarged cost sublevel; not an exact eta-optimality assertion,0.0,9.922618282587337e-17,5e-08,0.012800000000000044,0.012800000000000044,0.1360002500000005,coupling,0.47200000000000003,0.13600025000000066,0.24921623600000048,0.1360002500000005,singles,9/125,2,0.032000125000000254,0.012800050000000103
3,"[0.1, 0.1]",native_joint,0.05,0.012800000000000004,full_feasible_return_range,LLR,True,0.09720000000000029,H3_e0p1_0p1_native_singles_qNone_f0.05_V,100,numerically enlarged cost sublevel; not an exact eta-optimality assertion,0.0,9.922618282587337e-17,5e-08,0.012000000000010395,0.012000000000010395,0.1427202450000005,coupling,0.5600000000000003,0.20000050000000105,0.24921623600000048,0.1427202450000005,singles,2/25,49/25,0.032000125000000254,0.012800050000000103
3,"[0.1, 0.1]",native_joint,0.05,0.012800000000000004,full_feasible_return_range,LRR,True,0.08455609756097583,H3_e0p1_0p1_native_tagged_qNone_absolute0.005_parity,100,numerically enlarged cost sublevel; not an exact eta-optimality assertion,0.0,9.922618282587337e-17,5e-08,0.007500000000000011,0.007500000000000011,0.1427202450000005,coupling,0.5600000000000003,0.20000050000000108,0.24921623600000048,0.1427202450000005,singles,2/25,49/25,0.032000125000000254,0.012800050000000103
3,"[0.1, 0.1]",native_joint,0.05,0.012800000000000004,full_feasible_return_range,adaptive_L,True,0.12319120879120932,H3_e0p1_0p1_native_singles_qNone_f0.0_world,100,numerically enlarged cost sublevel; not an exact eta-optimality assertion,0.0,9.922618282587337e-17,5e-08,3.686287386450715e-17,3.686287386450715e-17,0.18374421150000042,coupling,0.530666666666667,0.2523641363636374,0.24921623600000048,0.18374421150000042,singles,81/625,423/250,0.032000125000000254,0.012800050000000103
3,"[0.1, 0.1]",native_repeats,0.0,0.0,full_feasible_return_range,LR,False,8.092485015431805e-15,H3_e0p1_0p1_native_repeats_qNone_f0.0_parity,36,numerically enlarged cost sublevel; not an exact eta-optimality assertion,0.014400000000000718,0.014400000000000305,5e-08,0.014400000000002508,1.790234627208065e-15,0.13671548640887937,coupling,0.56,0.14400050000000303,0.16000040000000249,0.13671548640887937,majority3,28/1475,1383160/845883,0.07200025000000151,0.014400050000000305
3,"[0.1, 0.1]",native_repeats,0.0,0.0,full_feasible_return_range,LLL,False,0.07200000000014184,H3_e0p1_0p1_native_tagged_qNone,36,numerically enlarged cost sublevel; not an exact eta-optimality assertion,0.014400000000000718,0.014400000000000305,5e-08,0.01440000000001774,1.7022841469760408e-14,0.1440002500000015,coupling,0.4720000000000001,0.14400025000000174,0.1888004720000029,0.1440002500000015,singles,9/125,2,0.03600012500000076,0.014400050000000305
3,"[0.1, 0.1]",native_repeats,0.0,0.0,full_feasible_return_range,RRR,False,0.07200000001640647,H3_e0p1_0p1_native_joint_qNone_f0.0_V,36,numerically enlarged cost sublevel; not an exact eta-optimality assertion,0.014400000000000718,0.014400000000000305,5e-08,0.014400000001640724,1.6400058394649975e-12,0.1440002500000015,coupling,0.47200000000000003,0.14400025000000166,0.1888004720000029,0.1440002500000015,singles,9/125,2,0.03600012500000076,0.014400050000000305
3,"[0.1, 0.1]",native_repeats,0.0,0.0,full_feasible_return_range,LLR,True,0.07200000000261561,H3_e0p1_0p1_native_repeats_qNone_f0.0_U,36,numerically enlarged cost sublevel; not an exact eta-optimality assertion,0.014400000000000718,0.014400000000000305,5e-08,0.014400000000000314,-4.0419056990259605e-16,0.13956516101703464,coupling,0.5600000000000003,0.21600050000000307,0.1888004720000029,0.13956516101703464,majority3,188046876684461838083/9415749307774751286500,98/59,0.07200025000000151,0.014400050000000305
3,"[0.1, 0.1]",native_repeats,0.0,0.0,full_feasible_return_range,LRR,True,0.07200000000499487,H3_e0p1_0p1_native_tagged_qNone_f0.0_V,36,numerically enlarged cost sublevel; not an exact eta-optimality assertion,0.014400000000000718,0.014400000000000305,5e-08,0.014400000000000353,-3.642919299551295e-16,0.13956516101695166,coupling,0.5600000000000003,0.2160005000000031,0.1888004720000029,0.13956516101695166,majority3,14729/737500,98/59,0.07200025000000151,0.014400050000000305
3,"[0.1, 0.1]",native_repeats,0.0,0.0,full_feasible_return_range,adaptive_L,True,0.12319120879120932,H3_e0p1_0p1_native_singles_qNone_f0.0_world,36,numerically enlarged cost sublevel; not an exact eta-optimality assertion,0.014400000000000718,0.014400000000000305,5e-08,0.014400000000001405,6.869504964868156e-16,0.1561580015567823,coupling,0.530666666666667,0.2683641363636394,0.1888004720000029,0.1561580015567823,majority3,4535109/147500000,513837/295000,0.07200025000000151,0.014400050000000305
3,"[0.1, 0.1]",native_repeats,0.01,0.0033600000000000014,full_feasible_return_range,LR,False,0.011200000000015546,H3_e0p1_0p1_native_repeats_qNone_f0.01_U_asymmetric,54,numerically enlarged cost sublevel; not an exact eta-optimality assertion,0.014400000000000718,0.014400000000000305,5e-08,0.01776000000000164,0.0033600000000009213,0.15597354722222354,coupling,0.56,0.17760050000000308,0.18688040000000253,0.15597354722222354,singles,2/25,77/45,0.04440012500000077,0.017760050000000308
3,"[0.1, 0.1]",native_repeats,0.01,0.0033600000000000014,full_feasible_return_range,LLL,False,0.08320000000000885,H3_e0p1_0p1_native_repeats_qNone_f0.01_U,54,numerically enlarged cost sublevel; not an exact eta-optimality assertion,0.014400000000000718,0.014400000000000305,5e-08,0.017760000000001826,0.0033600000000011086,0.16080025000000153,coupling,0.4720000000000001,0.16080025000000175,0.22051887200000295,0.16080025000000153,singles,9/125,2,0.04440012500000077,0.017760050000000308
3,"[0.1, 0.1]",native_repeats,0.01,0.0033600000000000014,full_feasible_return_range,RRR,False,0.08320000000000036,H3_e0p1_0p1_native_repeats_qNone_f0.01_V,54,numerically enlarged cost sublevel; not an exact eta-optimality assertion,0.014400000000000718,0.014400000000000305,5e-08,0.01776000000000035,0.0033599999999996306,0.16080025000000153,coupling,0.47200000000000003,0.1608002500000017,0.22051887200000295,0.16080025000000153,singles,9/125,2,0.04440012500000077,0.017760050000000308
3,"[0.1, 0.1]",native_repeats,0.01,0.0033600000000000014,full_feasible_return_range,LLR,True,0.07200000000261561,H3_e0p1_0p1_native_repeats_qNone_f0.0_U,54,numerically enlarged cost sublevel; not an exact eta-optimality assertion,0.014400000000000718,0.014400000000000305,5e-08,0.014400000000000314,-4.0419056990259605e-16,0.16702424500000151,coupling,0.5600000000000003,0.2496005000000031,0.22051887200000295,0.16702424500000151,singles,2/25,49/25,0.04440012500000077,0.017760050000000308
3,"[0.1, 0.1]",native_repeats,0.01,0.0033600000000000014,full_feasible_return_range,LRR,True,0.07200000000499487,H3_e0p1_0p1_native_tagged_qNone_f0.0_V,54,numerically enlarged cost sublevel; not an exact eta-optimality assertion,0.014400000000000718,0.014400000000000305,5e-08,0.014400000000000353,-3.642919299551295e-16,0.16702424500000151,coupling,0.5600000000000003,0.24960050000000317,0.22051887200000295,0.16702424500000151,singles,2/25,49/25,0.04440012500000077,0.017760050000000308
3,"[0.1, 0.1]",native_repeats,0.01,0.0033600000000000014,full_feasible_return_range,adaptive_L,True,0.12319120879120932,H3_e0p1_0p1_native_singles_qNone_f0.0_world,54,numerically enlarged cost sublevel; not an exact eta-optimality assertion,0.014400000000000718,0.014400000000000305,5e-08,0.014400000000001405,6.869504964868156e-16,0.18542058325169758,coupling,0.530666666666667,0.27656848355263197,0.22051887200000295,0.18542058325169758,majority3,4535109/147500000,513837/295000,0.08880025000000154,0.017760050000000308
3,"[0.1, 0.1]",native_repeats,0.05,0.016800000000000006,full_feasible_return_range,LR,False,0.05600000000003719,H3_e0p1_0p1_native_repeats_qNone_f0.05_U,103,numerically enlarged cost sublevel; not an exact eta-optimality assertion,0.014400000000000718,0.014400000000000305,5e-08,0.03120000000000408,0.01680000000000336,0.2134668805555569,coupling,0.56,0.3120005000000031,0.28480020000000134,0.2134668805555569,singles,2/25,77/45,0.07800012500000078,0.031200050000000312
3,"[0.1, 0.1]",native_repeats,0.05,0.016800000000000006,full_feasible_return_range,LLL,False,0.12800000000000172,H3_e0p1_0p1_native_repeats_qNone_f0.05_U,103,numerically enlarged cost sublevel; not an exact eta-optimality assertion,0.014400000000000718,0.014400000000000305,5e-08,0.03120000000000408,0.01680000000000336,0.22800025000000157,coupling,0.4720000000000001,0.2280002500000018,0.3360642360000015,0.22800025000000157,singles,9/125,2,0.07800012500000078,0.031200050000000312
3,"[0.1, 0.1]",native_repeats,0.05,0.016800000000000006,full_feasible_return_range,RRR,False,0.12800000000003625,H3_e0p1_0p1_native_repeats_qNone_f0.05_V,103,numerically enlarged cost sublevel; not an exact eta-optimality assertion,0.014400000000000718,0.014400000000000305,5e-08,0.031200000000003867,0.01680000000000315,0.22800025000000157,coupling,0.47200000000000003,0.22800025000000174,0.3360642360000015,0.22800025000000157,singles,9/125,2,0.07800012500000078,0.031200050000000312
3,"[0.1, 0.1]",native_repeats,0.05,0.016800000000000006,full_feasible_return_range,LLR,True,0.09720000000000029,H3_e0p1_0p1_native_singles_qNone_f0.05_V,103,numerically enlarged cost sublevel; not an exact eta-optimality assertion,0.014400000000000718,0.014400000000000305,5e-08,0.02968000000004338,0.015280000000042662,0.23288024500000154,coupling,0.5600000000000003,0.3450000625000004,0.3360642360000015,0.23288024500000154,singles,2/25,49/25,0.07800012500000078,0.031200050000000312
3,"[0.1, 0.1]",native_repeats,0.05,0.016800000000000006,full_feasible_return_range,LRR,True,0.08455609756097583,H3_e0p1_0p1_native_tagged_qNone_absolute0.005_parity,103,numerically enlarged cost sublevel; not an exact eta-optimality assertion,0.014400000000000718,0.014400000000000305,5e-08,0.02440000000000915,0.010000000000008433,0.23288024500000154,coupling,0.5600000000000003,0.3450000625000003,0.3360642360000015,0.23288024500000154,singles,2/25,49/25,0.07800012500000078,0.031200050000000312
3,"[0.1, 0.1]",native_repeats,0.05,0.016800000000000006,full_feasible_return_range,adaptive_L,True,0.12319120879120932,H3_e0p1_0p1_native_singles_qNone_f0.0_world,103,numerically enlarged cost sublevel; not an exact eta-optimality assertion,0.014400000000000718,0.014400000000000305,5e-08,0.014400000000001405,6.869504964868156e-16,0.2615762115000013,coupling,0.530666666666667,0.29336848355263195,0.3360642360000015,0.2615762115000013,singles,81/625,423/250,0.07800012500000078,0.031200050000000312
3,"[0.1, 0.1]",native_minimax,0.0,0.0,full_feasible_return_range,LR,False,8.092485015431805e-15,H3_e0p1_0p1_native_repeats_qNone_f0.0_parity,36,numerically enlarged cost sublevel; not an exact eta-optimality assertion,0.07200000000000112,0.07200000000000015,5e-08,0.07200000000000033,-7.91033905045424e-16,0.07200005000000015,triangle,0.56,0.07200005000000015,0.16000008000000027,0.13671515937546944,majority3,28/1475,1383160/845883,0.07200005000000015,0.07200005000000015
3,"[0.1, 0.1]",native_minimax,0.0,0.0,full_feasible_return_range,LLL,False,0.07200000000014184,H3_e0p1_0p1_native_tagged_qNone,36,numerically enlarged cost sublevel; not an exact eta-optimality assertion,0.07200000000000112,0.07200000000000015,5e-08,0.07200000000014184,1.407207683712386e-13,0.07200005000000015,triangle,0.4720000000000001,0.07200005000000015,0.18880009440000028,0.1575092484237291,majority3,243/12500,5657/2950,0.07200005000000015,0.07200005000000015
3,"[0.1, 0.1]",native_minimax,0.0,0.0,full_feasible_return_range,RRR,False,0.07200000001640647,H3_e0p1_0p1_native_joint_qNone_f0.0_V,36,numerically enlarged cost sublevel; not an exact eta-optimality assertion,0.07200000000000112,0.07200000000000015,5e-08,0.07200000001640647,1.6405349301251704e-11,0.07200005000000015,triangle,0.47200000000000003,0.07200005000000015,0.18880009440000028,0.1575092484237291,majority3,243/12500,5657/2950,0.07200005000000015,0.07200005000000015
3,"[0.1, 0.1]",native_minimax,0.0,0.0,full_feasible_return_range,LLR,True,0.07200000000261561,H3_e0p1_0p1_native_repeats_qNone_f0.0_U,36,numerically enlarged cost sublevel; not an exact eta-optimality assertion,0.07200000000000112,0.07200000000000015,5e-08,0.07200000000000205,9.298117831235686e-16,0.13956482881364257,coupling,0.5600000000000003,0.14400005000000018,0.18880009440000028,0.13956482881364257,majority3,188046876684461838083/9415749307774751286500,98/59,0.07200005000000015,0.07200005000000015
3,"[0.1, 0.1]",native_minimax,0.0,0.0,full_feasible_return_range,LRR,True,0.07200000000499487,H3_e0p1_0p1_native_tagged_qNone_f0.0_V,36,numerically enlarged cost sublevel; not an exact eta-optimality assertion,0.07200000000000112,0.07200000000000015,5e-08,0.07200000000000245,1.3322676295501878e-15,0.13956482881355958,coupling,0.5600000000000003,0.1440000500000002,0.18880009440000028,0.13956482881355958,majority3,14729/737500,98/59,0.07200005000000015,0.07200005000000015
3,"[0.1, 0.1]",native_minimax,0.0,0.0,full_feasible_return_range,adaptive_L,True,0.12319120879120932,H3_e0p1_0p1_native_singles_qNone_f0.0_world,36,numerically enlarged cost sublevel; not an exact eta-optimality assertion,0.07200000000000112,0.07200000000000015,5e-08,0.07200000000001099,9.867107131356079e-15,0.15615765319271213,coupling,0.530666666666667,0.19636368636363655,0.18880009440000028,0.15615765319271213,majority3,4535109/147500000,513837/295000,0.07200005000000015,0.07200005000000015
3,"[0.1, 0.1]",native_minimax,0.01,0.004880000000000002,full_feasible_return_range,LR,False,0.00964097560975821,H3_e0p1_0p1_native_minimax_qNone_f0.01_parity,42,numerically enlarged cost sublevel; not an exact eta-optimality assertion,0.07200000000000112,0.07200000000000015,5e-08,0.07688000000000074,0.004879999999999621,0.07688005000000014,triangle,0.56,0.07688005000000014,0.16780808000000025,0.1446947745231908,majority3,28/1475,1383160/845883,0.07688005000000014,0.07688005000000014
3,"[0.1, 0.1]",native_minimax,0.01,0.004880000000000002,full_feasible_return_range,LLL,False,0.07688000000000761,H3_e0p1_0p1_native_minimax_qNone_f0.01_world,42,numerically enlarged cost sublevel; not an exact eta-optimality assertion,0.07200000000000112,0.07200000000000015,5e-08,0.07688000000000761,0.00488000000000649,0.07688005000000014,triangle,0.4720000000000001,0.07688005000000014,0.19801353440000027,0.16686726876271213,majority3,243/12500,5657/2950,0.07688005000000014,0.07688005000000014
3,"[0.1, 0.1]",native_minimax,0.01,0.004880000000000002,full_feasible_return_range,RRR,False,0.07688000000000074,H3_e0p1_0p1_native_minimax_qNone_f0.01_parity,42,numerically enlarged cost sublevel; not an exact eta-optimality assertion,0.07200000000000112,0.07200000000000015,5e-08,0.07688000000000074,0.004879999999999621,0.07688005000000014,triangle,0.47200000000000003,0.07688005000000014,0.19801353440000027,0.16686726876271213,majority3,243/12500,5657/2950,0.07688005000000014,0.07688005000000014
3,"[0.1, 0.1]",native_minimax,0.01,0.004880000000000002,full_feasible_return_range,LLR,True,0.07200000000261561,H3_e0p1_0p1_native_repeats_qNone_f0.0_U,42,numerically enlarged cost sublevel; not an exact eta-optimality assertion,0.07200000000000112,0.07200000000000015,5e-08,0.07200000000000205,9.298117831235686e-16,0.14767059152550696,coupling,0.5600000000000003,0.14888005000000018,0.19801353440000027,0.14767059152550696,majority3,188046876684461838083/9415749307774751286500,98/59,0.07688005000000014,0.07688005000000014
3,"[0.1, 0.1]",native_minimax,0.01,0.004880000000000002,full_feasible_return_range,LRR,True,0.07200000000499487,H3_e0p1_0p1_native_tagged_qNone_f0.0_V,42,numerically enlarged cost sublevel; not an exact eta-optimality assertion,0.07200000000000112,0.07200000000000015,5e-08,0.07200000000000245,1.3322676295501878e-15,0.14767059152542397,coupling,0.5600000000000003,0.1488800500000002,0.19801353440000027,0.14767059152542397,majority3,14729/737500,98/59,0.07688005000000014,0.07688005000000014
3,"[0.1, 0.1]",native_minimax,0.01,0.004880000000000002,full_feasible_return_range,adaptive_L,True,0.12319120879120932,H3_e0p1_0p1_native_singles_qNone_f0.0_world,42,numerically enlarged cost sublevel; not an exact eta-optimality assertion,0.07200000000000112,0.07200000000000015,5e-08,0.07200000000001099,9.867107131356079e-15,0.1646577364469494,coupling,0.530666666666667,0.20124368636363654,0.19801353440000027,0.1646577364469494,majority3,4535109/147500000,513837/295000,0.07688005000000014,0.07688005000000014
3,"[0.1, 0.1]",native_minimax,0.05,0.024400000000000015,full_feasible_return_range,LR,False,0.04820487804878041,H3_e0p1_0p1_native_minimax_qNone_f0.05_parity,81,numerically enlarged cost sublevel; not an exact eta-optimality assertion,0.07200000000000112,0.07200000000000015,5e-08,0.0964000000000003,0.024399999999999186,0.09640005000000017,triangle,0.56,0.09640005000000017,0.1990400800000003,0.17661323511407634,majority3,28/1475,1383160/845883,0.09640005000000017,0.09640005000000017
3,"[0.1, 0.1]",native_minimax,0.05,0.024400000000000015,full_feasible_return_range,LLL,False,0.0964000000000003,H3_e0p1_0p1_native_minimax_qNone_f0.05_parity,81,numerically enlarged cost sublevel; not an exact eta-optimality assertion,0.07200000000000112,0.07200000000000015,5e-08,0.0964000000000003,0.024399999999999186,0.09640005000000017,triangle,0.4720000000000001,0.09640005000000017,0.23486729440000034,0.20429935011864442,majority3,243/12500,5657/2950,0.09640005000000017,0.09640005000000017
3,"[0.1, 0.1]",native_minimax,0.05,0.024400000000000015,full_feasible_return_range,RRR,False,0.0964000000000022,H3_e0p1_0p1_native_minimax_qNone_f0.05_V,81,numerically enlarged cost sublevel; not an exact eta-optimality assertion,0.07200000000000112,0.07200000000000015,5e-08,0.0964000000000022,0.024400000000001087,0.09640005000000017,triangle,0.47200000000000003,0.09640005000000017,0.23486729440000034,0.20429935011864442,majority3,243/12500,5657/2950,0.09640005000000017,0.09640005000000017
3,"[0.1, 0.1]",native_minimax,0.05,0.024400000000000015,full_feasible_return_range,LLR,True,0.08241387944735755,H3_e0p1_0p1_native_minimax_qNone_f0.05_world,81,numerically enlarged cost sublevel; not an exact eta-optimality assertion,0.07200000000000112,0.07200000000000015,5e-08,0.09640000000000107,0.02439999999999995,0.1684000500000002,triangle,0.5600000000000003,0.1684000500000002,0.23486729440000034,0.18009364237296463,majority3,188046876684461838083/9415749307774751286500,98/59,0.09640005000000017,0.09640005000000017
3,"[0.1, 0.1]",native_minimax,0.05,0.024400000000000015,full_feasible_return_range,LRR,True,0.08430307451331479,H3_e0p1_0p1_native_minimax_qNone_f0.05_parity,81,numerically enlarged cost sublevel; not an exact eta-optimality assertion,0.07200000000000112,0.07200000000000015,5e-08,0.0964000000000003,0.024399999999999186,0.16840005000000025,triangle,0.5600000000000003,0.16840005000000025,0.23486729440000034,0.18009364237288164,majority3,14729/737500,98/59,0.09640005000000017,0.09640005000000017
3,"[0.1, 0.1]",native_minimax,0.05,0.024400000000000015,full_feasible_return_range,adaptive_L,True,0.12319120879120932,H3_e0p1_0p1_native_singles_qNone_f0.0_world,81,numerically enlarged cost sublevel; not an exact eta-optimality assertion,0.07200000000000112,0.07200000000000015,5e-08,0.07200000000001099,9.867107131356079e-15,0.19865806946389858,coupling,0.530666666666667,0.22076368636363658,0.23486729440000034,0.19865806946389858,majority3,4535109/147500000,513837/295000,0.09640005000000017,0.09640005000000017
3,"[0.25, 0.25]",native_singles,0.0,0.0,full_feasible_return_range,LR,False,1.0755285551056204e-15,H3_e0p25_0p25_native_minimax_qNone_f0.0_U,52,numerically enlarged cost sublevel; not an exact eta-optimality assertion,0.0,0.0,5e-08,3.3306690738754696e-16,3.3306690738754696e-16,0.12500016666666666,coupling,0.3125,0.187500125,0.250000125,0.12500016666666666,singles,1/8,4/3,1.25e-07,5e-08
3,"[0.25, 0.25]",native_singles,0.0,0.0,full_feasible_return_range,LLL,False,0.09375000000002276,H3_e0p25_0p25_native_tagged_qNone_f0.0_world,52,numerically enlarged cost sublevel; not an exact eta-optimality assertion,0.0,0.0,5e-08,2.2204460492503132e-17,2.2204460492503132e-17,0.09375024999999998,triangle,0.34375,0.09375024999999998,0.34375,0.09375025,singles,3/32,2,1.25e-07,5e-08
3,"[0.25, 0.25]",native_singles,0.0,0.0,full_feasible_return_range,RRR,False,0.09375000000116353,H3_e0p25_0p25_information_q0.5_f0.0_parity,52,numerically enlarged cost sublevel; not an exact eta-optimality assertion,0.0,0.0,5e-08,0.0,0.0,0.09375025,coupling,0.34375,0.09375025000000001,0.34375,0.09375025,singles,3/32,2,1.25e-07,5e-08
3,"[0.25, 0.25]",native_singles,0.0,0.0,full_feasible_return_range,LLR,True,0.09375000000124241,H3_e0p25_0p25_information_q0.5_f0.0_parity,52,numerically enlarged cost sublevel; not an exact eta-optimality assertion,0.0,0.0,5e-08,0.0,0.0,0.12500021875,coupling,0.34375000000000017,0.18750012500000005,0.34375000000000017,0.12500021875,singles,1/8,7/4,1.25e-07,5e-08
3,"[0.25, 0.25]",native_singles,0.0,0.0,full_feasible_return_range,LRR,True,0.09375000000002497,H3_e0p25_0p25_native_tagged_qNone_f0.0_parity,52,numerically enlarged cost sublevel; not an exact eta-optimality assertion,0.0,0.0,5e-08,2.2204460492503132e-17,2.2204460492503132e-17,0.12500021875,coupling,0.34375,0.187500125,0.34375,0.12500021875,singles,1/8,7/4,1.25e-07,5e-08
3,"[0.25, 0.25]",native_singles,0.0,0.0,full_feasible_return_range,adaptive_L,True,0.13125000000000234,H3_e0p25_0p25_native_singles_qNone,52,numerically enlarged cost sublevel; not an exact eta-optimality assertion,0.0,0.0,5e-08,0.0,0.0,0.1406251875,coupling,0.3437499999999999,0.18750012499999993,0.3437499999999999,0.1406251875,singles,9/64,3/2,1.25e-07,5e-08
3,"[0.25, 0.25]",native_singles,0.01,0.001,full_feasible_return_range,LR,False,0.005000000000000643,H3_e0p25_0p25_native_singles_qNone_f0.01_parity,60,numerically enlarged cost sublevel; not an exact eta-optimality assertion,0.0,0.0,5e-08,0.0010000000000000564,0.0010000000000000564,0.1283335,coupling,0.3125,0.190000125,0.252500125,0.1283335,singles,1/8,4/3,0.0025001249999999997,0.00100005
3,"[0.25, 0.25]",native_singles,0.01,0.001,full_feasible_return_range,LLL,False,0.09875000000000114,H3_e0p25_0p25_native_singles_qNone_f0.01_world,60,numerically enlarged cost sublevel; not an exact eta-optimality assertion,0.0,0.0,5e-08,0.0010000000000000343,0.0010000000000000343,0.09875024999999998,triangle,0.34375,0.09875024999999998,0.34375,0.09875025,singles,3/32,2,0.0025001249999999997,0.00100005
3,"[0.25, 0.25]",native_singles,0.01,0.001,full_feasible_return_range,RRR,False,0.09875000000000118,H3_e0p25_0p25_native_singles_qNone_f0.01_V,60,numerically enlarged cost sublevel; not an exact eta-optimality assertion,0.0,0.0,5e-08,0.0010000000000000176,0.0010000000000000176,0.09875025,coupling,0.34375,0.09875025000000001,0.34375,0.09875025,singles,3/32,2,0.0025001249999999997,0.00100005
3,"[0.25, 0.25]",native_singles,0.01,0.001,full_feasible_return_range,LLR,True,0.09375000000124241,H3_e0p25_0p25_information_q0.5_f0.0_parity,60,numerically enlarged cost sublevel; not an exact eta-optimality assertion,0.0,0.0,5e-08,0.0,0.0,0.12937521875,coupling,0.34375000000000017,0.19000012500000005,0.34375000000000017,0.12937521875,singles,1/8,7/4,0.0025001249999999997,0.00100005
3,"[0.25, 0.25]",native_singles,0.01,0.001,full_feasible_return_range,LRR,True,0.09375000000002497,H3_e0p25_0p25_native_tagged_qNone_f0.0_parity,60,numerically enlarged cost sublevel; not an exact eta-optimality assertion,0.0,0.0,5e-08,2.2204460492503132e-17,2.2204460492503132e-17,0.12937521875,coupling,0.34375,0.190000125,0.34375,0.12937521875,singles,1/8,7/4,0.0025001249999999997,0.00100005
3,"[0.25, 0.25]",native_singles,0.01,0.001,full_feasible_return_range,adaptive_L,True,0.13125000000000234,H3_e0p25_0p25_native_singles_qNone,60,numerically enlarged cost sublevel; not an exact eta-optimality assertion,0.0,0.0,5e-08,0.0,0.0,0.1443751875,coupling,0.3437499999999999,0.19000012499999994,0.3437499999999999,0.1443751875,singles,9/64,3/2,0.0025001249999999997,0.00100005
3,"[0.25, 0.25]",native_singles,0.05,0.005000000000000001,full_feasible_return_range,LR,False,0.025000000000008647,H3_e0p25_0p25_native_singles_qNone_f0.05_U,100,numerically enlarged cost sublevel; not an exact eta-optimality assertion,0.0,0.0,5e-08,0.0050000000000000105,0.0050000000000000105,0.14166683333333333,coupling,0.3125,0.200000125,0.262500125,0.14166683333333333,singles,1/8,4/3,0.012500125,0.005000050000000001
3,"[0.25, 0.25]",native_singles,0.05,0.005000000000000001,full_feasible_return_range,LLL,False,0.11875000000000528,H3_e0p25_0p25_native_singles_qNone_f0.05_world,100,numerically enlarged cost sublevel; not an exact eta-optimality assertion,0.0,0.0,5e-08,0.005000000000000019,0.005000000000000019,0.11875024999999999,triangle,0.34375,0.11875024999999999,0.34375,0.11875025,singles,3/32,2,0.012500125,0.005000050000000001
3,"[0.25, 0.25]",native_singles,0.05,0.005000000000000001,full_feasible_return_range,RRR,False,0.11875000000001046,H3_e0p25_0p25_native_tagged_qNone_absolute0.005_V,100,numerically enlarged cost sublevel; not an exact eta-optimality assertion,0.0,0.0,5e-08,0.005000000000000036,0.005000000000000036,0.11875025,coupling,0.34375,0.11875025000000002,0.34375,0.11875025,singles,3/32,2,0.012500125,0.005000050000000001
3,"[0.25, 0.25]",native_singles,0.05,0.005000000000000001,full_feasible_return_range,LLR,True,0.09375000000124241,H3_e0p25_0p25_information_q0.5_f0.0_parity,100,numerically enlarged cost sublevel; not an exact eta-optimality assertion,0.0,0.0,5e-08,0.0,0.0,0.14687521875,coupling,0.34375000000000017,0.20000012500000006,0.34375000000000017,0.14687521875,singles,1/8,7/4,0.012500125,0.005000050000000001
3,"[0.25, 0.25]",native_singles,0.05,0.005000000000000001,full_feasible_return_range,LRR,True,0.09375000000002497,H3_e0p25_0p25_native_tagged_qNone_f0.0_parity,100,numerically enlarged cost sublevel; not an exact eta-optimality assertion,0.0,0.0,5e-08,2.2204460492503132e-17,2.2204460492503132e-17,0.14687521875,coupling,0.34375,0.200000125,0.34375,0.14687521875,singles,1/8,7/4,0.012500125,0.005000050000000001
3,"[0.25, 0.25]",native_singles,0.05,0.005000000000000001,full_feasible_return_range,adaptive_L,True,0.13125000000000234,H3_e0p25_0p25_native_singles_qNone,100,numerically enlarged cost sublevel; not an exact eta-optimality assertion,0.0,0.0,5e-08,0.0,0.0,0.15937518750000002,coupling,0.3437499999999999,0.20000012499999995,0.3437499999999999,0.15937518750000002,singles,9/64,3/2,0.012500125,0.005000050000000001
3,"[0.25, 0.25]",native_tagged,0.0,0.0,full_feasible_return_range,LR,False,1.0755285551056204e-15,H3_e0p25_0p25_native_minimax_qNone_f0.0_U,52,numerically enlarged cost sublevel; not an exact eta-optimality assertion,0.0,0.0,5e-08,3.490263633665336e-16,3.490263633665336e-16,0.12500016666666666,coupling,0.3125,0.1875001,0.250000125,0.12500016666666666,singles,1/8,4/3,1.25e-07,5e-08
3,"[0.25, 0.25]",native_tagged,0.0,0.0,full_feasible_return_range,LLL,False,0.09375000000002276,H3_e0p25_0p25_native_tagged_qNone_f0.0_world,52,numerically enlarged cost sublevel; not an exact eta-optimality assertion,0.0,0.0,5e-08,4.024558464266193e-17,4.024558464266193e-17,0.09375024999999998,triangle,0.34375,0.09375024999999998,0.34375,0.09375025,singles,3/32,2,1.25e-07,5e-08
3,"[0.25, 0.25]",native_tagged,0.0,0.0,full_feasible_return_range,RRR,False,0.09375000000116353,H3_e0p25_0p25_information_q0.5_f0.0_parity,52,numerically enlarged cost sublevel; not an exact eta-optimality assertion,0.0,0.0,5e-08,4.163336342344338e-18,4.163336342344338e-18,0.09375025,coupling,0.34375,0.09375025000000001,0.34375,0.09375025,singles,3/32,2,1.25e-07,5e-08
3,"[0.25, 0.25]",native_tagged,0.0,0.0,full_feasible_return_range,LLR,True,0.09375000000124241,H3_e0p25_0p25_information_q0.5_f0.0_parity,52,numerically enlarged cost sublevel; not an exact eta-optimality assertion,0.0,0.0,5e-08,4.163336342344338e-18,4.163336342344338e-18,0.12500021875,coupling,0.34375000000000017,0.1875001,0.34375000000000017,0.12500021875,singles,1/8,7/4,1.25e-07,5e-08
3,"[0.25, 0.25]",native_tagged,0.0,0.0,full_feasible_return_range,LRR,True,0.09375000000002497,H3_e0p25_0p25_native_tagged_qNone_f0.0_parity,52,numerically enlarged cost sublevel; not an exact eta-optimality assertion,0.0,0.0,5e-08,3.053113317719181e-17,3.053113317719181e-17,0.12500021875,coupling,0.34375,0.18750009999999998,0.34375,0.12500021875,singles,1/8,7/4,1.25e-07,5e-08
3,"[0.25, 0.25]",native_tagged,0.0,0.0,full_feasible_return_range,adaptive_L,True,0.13125000000000234,H3_e0p25_0p25_native_singles_qNone,52,numerically enlarged cost sublevel; not an exact eta-optimality assertion,0.0,0.0,5e-08,0.0,0.0,0.1406251875,coupling,0.3437499999999999,0.18750009999999998,0.3437499999999999,0.1406251875,singles,9/64,3/2,1.25e-07,5e-08
3,"[0.25, 0.25]",native_tagged,0.01,0.00125,full_feasible_return_range,LR,False,0.006250000000000949,H3_e0p25_0p25_native_tagged_qNone_f0.01_parity,71,numerically enlarged cost sublevel; not an exact eta-optimality assertion,0.0,0.0,5e-08,0.0012500000000000761,0.0012500000000000761,0.12916683333333334,coupling,0.3125,0.1900001,0.253125125,0.12916683333333334,singles,1/8,4/3,0.003125125,0.00125005
3,"[0.25, 0.25]",native_tagged,0.01,0.00125,full_feasible_return_range,LLL,False,0.10000000000000037,H3_e0p25_0p25_native_tagged_qNone_f0.01_world,71,numerically enlarged cost sublevel; not an exact eta-optimality assertion,0.0,0.0,5e-08,0.0012500000000000206,0.0012500000000000206,0.10000024999999998,triangle,0.34375,0.10000024999999998,0.34375,0.10000025,singles,3/32,2,0.003125125,0.00125005
3,"[0.25, 0.25]",native_tagged,0.01,0.00125,full_feasible_return_range,RRR,False,0.10000000000000009,H3_e0p25_0p25_native_tagged_qNone_f0.01_V,71,numerically enlarged cost sublevel; not an exact eta-optimality assertion,0.0,0.0,5e-08,0.0012500000000000644,0.0012500000000000644,0.10000025,coupling,0.34375,0.10000025000000001,0.34375,0.10000025,singles,3/32,2,0.003125125,0.00125005
3,"[0.25, 0.25]",native_tagged,0.01,0.00125,full_feasible_return_range,LLR,True,0.09375000000124241,H3_e0p25_0p25_information_q0.5_f0.0_parity,71,numerically enlarged cost sublevel; not an exact eta-optimality assertion,0.0,0.0,5e-08,4.163336342344338e-18,4.163336342344338e-18,0.13046896875,coupling,0.34375000000000017,0.1900001,0.34375000000000017,0.13046896875,singles,1/8,7/4,0.003125125,0.00125005
3,"[0.25, 0.25]",native_tagged,0.01,0.00125,full_feasible_return_range,LRR,True,0.09375000000002497,H3_e0p25_0p25_native_tagged_qNone_f0.0_parity,71,numerically enlarged cost sublevel; not an exact eta-optimality assertion,0.0,0.0,5e-08,3.053113317719181e-17,3.053113317719181e-17,0.13046896875,coupling,0.34375,0.19000009999999998,0.34375,0.13046896875,singles,1/8,7/4,0.003125125,0.00125005
3,"[0.25, 0.25]",native_tagged,0.01,0.00125,full_feasible_return_range,adaptive_L,True,0.13125000000000234,H3_e0p25_0p25_native_singles_qNone,71,numerically enlarged cost sublevel; not an exact eta-optimality assertion,0.0,0.0,5e-08,0.0,0.0,0.1453126875,coupling,0.3437499999999999,0.19000009999999998,0.3437499999999999,0.1453126875,singles,9/64,3/2,0.003125125,0.00125005
3,"[0.25, 0.25]",native_tagged,0.05,0.00625,full_feasible_return_range,LR,False,0.0312500000000088,H3_e0p25_0p25_native_tagged_qNone_f0.05_V,113,numerically enlarged cost sublevel; not an exact eta-optimality assertion,0.0,0.0,5e-08,0.006250000000000037,0.006250000000000037,0.1458335,coupling,0.3125,0.20000010000000001,0.265625125,0.1458335,singles,1/8,4/3,0.015625125,0.00625005
3,"[0.25, 0.25]",native_tagged,0.05,0.00625,full_feasible_return_range,LLL,False,0.12500000000000228,H3_e0p25_0p25_native_tagged_qNone_f0.05_world,113,numerically enlarged cost sublevel; not an exact eta-optimality assertion,0.0,0.0,5e-08,0.00625000000000004,0.00625000000000004,0.12500024999999998,triangle,0.34375,0.12500024999999998,0.34375,0.12500025,singles,3/32,2,0.015625125,0.00625005
3,"[0.25, 0.25]",native_tagged,0.05,0.00625,full_feasible_return_range,RRR,False,0.12500000000000017,H3_e0p25_0p25_native_tagged_qNone_f0.05_V,113,numerically enlarged cost sublevel; not an exact eta-optimality assertion,0.0,0.0,5e-08,0.006250000000000037,0.006250000000000037,0.12500025,triangle,0.34375,0.12500025,0.34375,0.12500025,singles,3/32,2,0.015625125,0.00625005
3,"[0.25, 0.25]",native_tagged,0.05,0.00625,full_feasible_return_range,LLR,True,0.09423076923077012,H3_e0p25_0p25_native_joint_qNone_f0.05_V,113,numerically enlarged cost sublevel; not an exact eta-optimality assertion,0.0,0.0,5e-08,0.005208333333333405,0.005208333333333405,0.15234396875,coupling,0.34375000000000017,0.20000010000000001,0.34375000000000017,0.15234396875,singles,1/8,7/4,0.015625125,0.00625005
3,"[0.25, 0.25]",native_tagged,0.05,0.00625,full_feasible_return_range,LRR,True,0.09781483707264976,H3_e0p25_0p25_native_joint_qNone_f0.05_V,113,numerically enlarged cost sublevel; not an exact eta-optimality assertion,0.0,0.0,5e-08,0.005208333333333405,0.005208333333333405,0.15234396875,coupling,0.34375,0.20000009999999996,0.34375,0.15234396875,singles,1/8,7/4,0.015625125,0.00625005
3,"[0.25, 0.25]",native_tagged,0.05,0.00625,full_feasible_return_range,adaptive_L,True,0.13125000000000234,H3_e0p25_0p25_native_singles_qNone,113,numerically enlarged cost sublevel; not an exact eta-optimality assertion,0.0,0.0,5e-08,0.0,0.0,0.1640626875,coupling,0.3437499999999999,0.20000009999999996,0.3437499999999999,0.1640626875,singles,9/64,3/2,0.015625125,0.00625005
3,"[0.25, 0.25]",native_joint,0.0,0.0,full_feasible_return_range,LR,False,1.0755285551056204e-15,H3_e0p25_0p25_native_minimax_qNone_f0.0_U,52,numerically enlarged cost sublevel; not an exact eta-optimality assertion,0.0,0.0,5e-08,4.565792188770956e-16,4.565792188770956e-16,5e-07,triangle,0.3125,5e-07,0.250000125,0.12500016666666666,singles,1/8,4/3,1.25e-07,5e-08
3,"[0.25, 0.25]",native_joint,0.0,0.0,full_feasible_return_range,LLL,False,0.09375000000002276,H3_e0p25_0p25_native_tagged_qNone_f0.0_world,52,numerically enlarged cost sublevel; not an exact eta-optimality assertion,0.0,0.0,5e-08,4.024558464266193e-17,4.024558464266193e-17,0.09375024999999998,triangle,0.34375,0.09375024999999998,0.34375,0.09375025,singles,3/32,2,1.25e-07,5e-08
3,"[0.25, 0.25]",native_joint,0.0,0.0,full_feasible_return_range,RRR,False,0.09375000000116353,H3_e0p25_0p25_information_q0.5_f0.0_parity,52,numerically enlarged cost sublevel; not an exact eta-optimality assertion,0.0,0.0,5e-08,4.163336342344338e-18,4.163336342344338e-18,0.09375025,coupling,0.34375,0.09375025000000001,0.34375,0.09375025,singles,3/32,2,1.25e-07,5e-08
3,"[0.25, 0.25]",native_joint,0.0,0.0,full_feasible_return_range,LLR,True,0.09375000000124241,H3_e0p25_0p25_information_q0.5_f0.0_parity,52,numerically enlarged cost sublevel; not an exact eta-optimality assertion,0.0,0.0,5e-08,4.163336342344338e-18,4.163336342344338e-18,0.09375049999999999,triangle,0.34375000000000017,0.09375049999999999,0.34375000000000017,0.12500021875,singles,1/8,7/4,1.25e-07,5e-08
3,"[0.25, 0.25]",native_joint,0.0,0.0,full_feasible_return_range,LRR,True,0.09375000000002497,H3_e0p25_0p25_native_tagged_qNone_f0.0_parity,52,numerically enlarged cost sublevel; not an exact eta-optimality assertion,0.0,0.0,5e-08,3.053113317719181e-17,3.053113317719181e-17,0.0937505,triangle,0.34375,0.0937505,0.34375,0.12500021875,singles,1/8,7/4,1.25e-07,5e-08
3,"[0.25, 0.25]",native_joint,0.0,0.0,full_feasible_return_range,adaptive_L,True,0.13125000000000234,H3_e0p25_0p25_native_singles_qNone,52,numerically enlarged cost sublevel; not an exact eta-optimality assertion,0.0,0.0,5e-08,0.0,0.0,0.13125049999999927,triangle,0.3437499999999999,0.13125049999999927,0.3437499999999999,0.1406251875,singles,9/64,3/2,1.25e-07,5e-08
3,"[0.25, 0.25]",native_joint,0.01,0.0015625,full_feasible_return_range,LR,False,0.005208333333334432,H3_e0p25_0p25_native_joint_qNone_f0.01_U,66,numerically enlarged cost sublevel; not an exact eta-optimality assertion,0.0,0.0,5e-08,0.0015625000000003236,0.0015625000000003236,0.0156255,triangle,0.3125,0.0156255,0.253906375,0.1302085,singles,1/8,4/3,0.003906375,0.00156255
3,"[0.25, 0.25]",native_joint,0.01,0.0015625,full_feasible_return_range,LLL,False,0.0989583333333334,H3_e0p25_0p25_native_joint_qNone_f0.01_U,66,numerically enlarged cost sublevel; not an exact eta-optimality assertion,0.0,0.0,5e-08,0.0015625000000003236,0.0015625000000003236,0.10156274999999998,triangle,0.34375,0.10156274999999998,0.34375,0.10156275000000001,singles,3/32,2,0.003906375,0.00156255
3,"[0.25, 0.25]",native_joint,0.01,0.0015625,full_feasible_return_range,RRR,False,0.0989583333333337,H3_e0p25_0p25_native_joint_qNone_f0.01_V,66,numerically enlarged cost sublevel; not an exact eta-optimality assertion,0.0,0.0,5e-08,0.0015625000000001313,0.0015625000000001313,0.10156275000000001,triangle,0.34375,0.10156275000000001,0.34375,0.10156275000000001,singles,3/32,2,0.003906375,0.00156255
3,"[0.25, 0.25]",native_joint,0.01,0.0015625,full_feasible_return_range,LLR,True,0.09375000000124241,H3_e0p25_0p25_information_q0.5_f0.0_parity,66,numerically enlarged cost sublevel; not an exact eta-optimality assertion,0.0,0.0,5e-08,4.163336342344338e-18,4.163336342344338e-18,0.10937549999999999,triangle,0.34375000000000017,0.10937549999999999,0.34375000000000017,0.13183615625,singles,1/8,7/4,0.003906375,0.00156255
3,"[0.25, 0.25]",native_joint,0.01,0.0015625,full_feasible_return_range,LRR,True,0.09375000000002497,H3_e0p25_0p25_native_tagged_qNone_f0.0_parity,66,numerically enlarged cost sublevel; not an exact eta-optimality assertion,0.0,0.0,5e-08,3.053113317719181e-17,3.053113317719181e-17,0.1093755,triangle,0.34375,0.1093755,0.34375,0.13183615625,singles,1/8,7/4,0.003906375,0.00156255
3,"[0.25, 0.25]",native_joint,0.01,0.0015625,full_feasible_return_range,adaptive_L,True,0.13125000000000234,H3_e0p25_0p25_native_singles_qNone,66,numerically enlarged cost sublevel; not an exact eta-optimality assertion,0.0,0.0,5e-08,0.0,0.0,0.1464845625,coupling,0.3437499999999999,0.14687549999999927,0.3437499999999999,0.1464845625,singles,9/64,3/2,0.003906375,0.00156255
3,"[0.25, 0.25]",native_joint,0.05,0.0078125,full_feasible_return_range,LR,False,0.02604166666666688,H3_e0p25_0p25_native_joint_qNone_f0.05_U,106,numerically enlarged cost sublevel; not an exact eta-optimality assertion,0.0,0.0,5e-08,0.007812500000000193,0.007812500000000193,0.07812549999999999,triangle,0.3125,0.07812549999999999,0.269531375,0.15104183333333332,singles,1/8,4/3,0.019531374999999997,0.00781255
3,"[0.25, 0.25]",native_joint,0.05,0.0078125,full_feasible_return_range,LLL,False,0.11979166666666852,H3_e0p25_0p25_native_joint_qNone_f0.05_U,106,numerically enlarged cost sublevel; not an exact eta-optimality assertion,0.0,0.0,5e-08,0.007812500000000193,0.007812500000000193,0.13281274999999998,triangle,0.34375,0.13281274999999998,0.34375,0.13281274999999998,singles,3/32,2,0.019531374999999997,0.00781255
3,"[0.25, 0.25]",native_joint,0.05,0.0078125,full_feasible_return_range,RRR,False,0.11979166666666682,H3_e0p25_0p25_native_joint_qNone_f0.05_V,106,numerically enlarged cost sublevel; not an exact eta-optimality assertion,0.0,0.0,5e-08,0.007812500000000082,0.007812500000000082,0.13281274999999998,coupling,0.34375,0.13281275,0.34375,0.13281274999999998,singles,3/32,2,0.019531374999999997,0.00781255
3,"[0.25, 0.25]",native_joint,0.05,0.0078125,full_feasible_return_range,LLR,True,0.09423076923077012,H3_e0p25_0p25_native_joint_qNone_f0.05_V,106,numerically enlarged cost sublevel; not an exact eta-optimality assertion,0.0,0.0,5e-08,0.007812500000000082,0.007812500000000082,0.15917990625,coupling,0.34375000000000017,0.1692709166666666,0.34375000000000017,0.15917990625,singles,1/8,7/4,0.019531374999999997,0.00781255
3,"[0.25, 0.25]",native_joint,0.05,0.0078125,full_feasible_return_range,LRR,True,0.09781483707264976,H3_e0p25_0p25_native_joint_qNone_f0.05_V,106,numerically enlarged cost sublevel; not an exact eta-optimality assertion,0.0,0.0,5e-08,0.007812500000000082,0.007812500000000082,0.15917990625,coupling,0.34375,0.16927091666666672,0.34375,0.15917990625,singles,1/8,7/4,0.019531374999999997,0.00781255
3,"[0.25, 0.25]",native_joint,0.05,0.0078125,full_feasible_return_range,adaptive_L,True,0.13125000000000234,H3_e0p25_0p25_native_singles_qNone,106,numerically enlarged cost sublevel; not an exact eta-optimality assertion,0.0,0.0,5e-08,0.0,0.0,0.1699220625,coupling,0.3437499999999999,0.1826637738095238,0.3437499999999999,0.1699220625,singles,9/64,3/2,0.019531374999999997,0.00781255
3,"[0.25, 0.25]",native_repeats,0.0,0.0,full_feasible_return_range,LR,False,1.0755285551056204e-15,H3_e0p25_0p25_native_minimax_qNone_f0.0_U,52,numerically enlarged cost sublevel; not an exact eta-optimality assertion,0.018750000000000003,0.018750000000000367,5e-08,0.018750000000000495,4.926614671774132e-16,0.17137312457912682,coupling,0.3125,0.17578131250000048,0.2500002500000018,0.17137312457912682,majority3,5/88,3992/3267,0.09375025000000184,0.01875005000000037
3,"[0.25, 0.25]",native_repeats,0.0,0.0,full_feasible_return_range,LLL,False,0.09375000000002276,H3_e0p25_0p25_native_tagged_qNone_f0.0_world,52,numerically enlarged cost sublevel; not an exact eta-optimality assertion,0.018750000000000003,0.018750000000000367,5e-08,0.018750000000002327,2.3245294578089215e-15,0.1875002500000018,triangle,0.34375,0.1875002500000018,0.34375,0.18750025000000184,singles,3/32,2,0.04687512500000092,0.01875005000000037
3,"[0.25, 0.25]",native_repeats,0.0,0.0,full_feasible_return_range,RRR,False,0.09375000000116353,H3_e0p25_0p25_information_q0.5_f0.0_parity,52,numerically enlarged cost sublevel; not an exact eta-optimality assertion,0.018750000000000003,0.018750000000000367,5e-08,0.018750000000116368,1.1636525076852422e-13,0.18750025000000184,coupling,0.34375,0.18750025000000187,0.34375,0.18750025000000184,singles,3/32,2,0.04687512500000092,0.01875005000000037
3,"[0.25, 0.25]",native_repeats,0.0,0.0,full_feasible_return_range,LLR,True,0.09375000000124241,H3_e0p25_0p25_information_q0.5_f0.0_parity,52,numerically enlarged cost sublevel; not an exact eta-optimality assertion,0.018750000000000003,0.018750000000000367,5e-08,0.018750000000116368,1.1636525076852422e-13,0.17578131250000034,triangle,0.34375000000000017,0.17578131250000034,0.34375000000000017,0.18093071590909326,majority3,347/5632,14/11,0.09375025000000184,0.01875005000000037
3,"[0.25, 0.25]",native_repeats,0.0,0.0,full_feasible_return_range,LRR,True,0.09375000000002497,H3_e0p25_0p25_native_tagged_qNone_f0.0_parity,52,numerically enlarged cost sublevel; not an exact eta-optimality assertion,0.018750000000000003,0.018750000000000367,5e-08,0.018750000000000818,8.153200337090993e-16,0.17578131250000018,triangle,0.34375,0.17578131250000018,0.34375,0.18093071590909326,majority3,347/5632,14/11,0.09375025000000184,0.01875005000000037
3,"[0.25, 0.25]",native_repeats,0.0,0.0,full_feasible_return_range,adaptive_L,True,0.13125000000000234,H3_e0p25_0p25_native_singles_qNone,52,numerically enlarged cost sublevel; not an exact eta-optimality assertion,0.018750000000000003,0.018750000000000367,5e-08,0.01875000000000001,6.938893903907228e-18,0.18080363392857177,triangle,0.3437499999999999,0.18080363392857177,0.3437499999999999,0.20262318949751673,majority3,26757/360448,7713/5632,0.09375025000000184,0.01875005000000037
3,"[0.25, 0.25]",native_repeats,0.01,0.0020625,full_feasible_return_range,LR,False,0.006875000000000173,H3_e0p25_0p25_native_repeats_qNone_f0.01_U,64,numerically enlarged cost sublevel; not an exact eta-optimality assertion,0.018750000000000003,0.018750000000000367,5e-08,0.020812500000000494,0.002062500000000491,0.1783594375000005,triangle,0.3125,0.1783594375000005,0.26031275000000187,0.18397413468013693,majority3,5/88,3992/3267,0.10406275000000183,0.020812550000000367
3,"[0.25, 0.25]",native_repeats,0.01,0.0020625,full_feasible_return_range,LLL,False,0.1006250000000038,H3_e0p25_0p25_native_repeats_qNone_f0.01_U,64,numerically enlarged cost sublevel; not an exact eta-optimality assertion,0.018750000000000003,0.018750000000000367,5e-08,0.020812500000000494,0.002062500000000491,0.1978127500000018,triangle,0.34375,0.1978127500000018,0.34375,0.1978127500000018,singles,3/32,2,0.052031375000000914,0.020812550000000367
3,"[0.25, 0.25]",native_repeats,0.01,0.0020625,full_feasible_return_range,RRR,False,0.10062500000000006,H3_e0p25_0p25_native_repeats_qNone_f0.01_V,64,numerically enlarged cost sublevel; not an exact eta-optimality assertion,0.018750000000000003,0.018750000000000367,5e-08,0.02081250000000006,0.0020625000000000573,0.1978127500000018,coupling,0.34375,0.19781275000000184,0.34375,0.1978127500000018,singles,3/32,2,0.052031375000000914,0.020812550000000367
3,"[0.25, 0.25]",native_repeats,0.01,0.0020625,full_feasible_return_range,LLR,True,0.09375000000124241,H3_e0p25_0p25_information_q0.5_f0.0_parity,64,numerically enlarged cost sublevel; not an exact eta-optimality assertion,0.018750000000000003,0.018750000000000367,5e-08,0.018750000000116368,1.1636525076852422e-13,0.17835943750000036,triangle,0.34375000000000017,0.17835943750000036,0.34375000000000017,0.19405571590909323,majority3,347/5632,14/11,0.10406275000000183,0.020812550000000367
3,"[0.25, 0.25]",native_repeats,0.01,0.0020625,full_feasible_return_range,LRR,True,0.09375000000002497,H3_e0p25_0p25_native_tagged_qNone_f0.0_parity,64,numerically enlarged cost sublevel; not an exact eta-optimality assertion,0.018750000000000003,0.018750000000000367,5e-08,0.018750000000000818,8.153200337090993e-16,0.1783594375000002,triangle,0.34375,0.1783594375000002,0.34375,0.19405571590909323,majority3,347/5632,14/11,0.10406275000000183,0.020812550000000367
3,"[0.25, 0.25]",native_repeats,0.01,0.0020625,full_feasible_return_range,adaptive_L,True,0.13125000000000234,H3_e0p25_0p25_native_singles_qNone,64,numerically enlarged cost sublevel; not an exact eta-optimality assertion,0.018750000000000003,0.018750000000000367,5e-08,0.01875000000000001,6.938893903907228e-18,0.18338175892857178,triangle,0.3437499999999999,0.18338175892857178,0.3437499999999999,0.2167461143022042,majority3,26757/360448,7713/5632,0.10406275000000183,0.020812550000000367
3,"[0.25, 0.25]",native_repeats,0.05,0.010312500000000002,full_feasible_return_range,LR,False,0.03437500000000042,H3_e0p25_0p25_native_repeats_qNone_f0.05_U,106,numerically enlarged cost sublevel; not an exact eta-optimality assertion,0.018750000000000003,0.018750000000000367,5e-08,0.029062500000000505,0.010312500000000502,0.1886719375000005,triangle,0.3125,0.1886719375000005,0.3015627500000019,0.2218751666666679,singles,1/8,4/3,0.07265637500000093,0.02906255000000037
3,"[0.25, 0.25]",native_repeats,0.05,0.010312500000000002,full_feasible_return_range,LLL,False,0.12812500000000018,H3_e0p25_0p25_native_repeats_qNone_f0.05_U,106,numerically enlarged cost sublevel; not an exact eta-optimality assertion,0.018750000000000003,0.018750000000000367,5e-08,0.029062500000000505,0.010312500000000502,0.2277344375000005,triangle,0.34375,0.2277344375000005,0.34375,0.23906275000000185,singles,3/32,2,0.07265637500000093,0.02906255000000037
3,"[0.25, 0.25]",native_repeats,0.05,0.010312500000000002,full_feasible_return_range,RRR,False,0.12812500000000054,H3_e0p25_0p25_native_repeats_qNone_f0.05_V,106,numerically enlarged cost sublevel; not an exact eta-optimality assertion,0.018750000000000003,0.018750000000000367,5e-08,0.02906250000000016,0.010312500000000158,0.2277344375000004,triangle,0.34375,0.2277344375000004,0.34375,0.23906275000000185,singles,3/32,2,0.07265637500000093,0.02906255000000037
3,"[0.25, 0.25]",native_repeats,0.05,0.010312500000000002,full_feasible_return_range,LLR,True,0.09375000000124241,H3_e0p25_0p25_information_q0.5_f0.0_parity,106,numerically enlarged cost sublevel; not an exact eta-optimality assertion,0.018750000000000003,0.018750000000000367,5e-08,0.018750000000116368,1.1636525076852422e-13,0.18867193750000036,triangle,0.34375000000000017,0.18867193750000036,0.34375000000000017,0.24655571590909325,majority3,347/5632,14/11,0.14531275000000185,0.02906255000000037
3,"[0.25, 0.25]",native_repeats,0.05,0.010312500000000002,full_feasible_return_range,LRR,True,0.09375000000002497,H3_e0p25_0p25_native_tagged_qNone_f0.0_parity,106,numerically enlarged cost sublevel; not an exact eta-optimality assertion,0.018750000000000003,0.018750000000000367,5e-08,0.018750000000000818,8.153200337090993e-16,0.1886719375000002,triangle,0.34375,0.1886719375000002,0.34375,0.24655571590909325,majority3,347/5632,14/11,0.14531275000000185,0.02906255000000037
3,"[0.25, 0.25]",native_repeats,0.05,0.010312500000000002,full_feasible_return_range,adaptive_L,True,0.13125000000000234,H3_e0p25_0p25_native_singles_qNone,106,numerically enlarged cost sublevel; not an exact eta-optimality assertion,0.018750000000000003,0.018750000000000367,5e-08,0.01875000000000001,6.938893903907228e-18,0.19369425892857178,triangle,0.3437499999999999,0.19369425892857178,0.3437499999999999,0.24960956250000138,singles,9/64,3/2,0.07265637500000093,0.02906255000000037
3,"[0.25, 0.25]",native_minimax,0.0,0.0,full_feasible_return_range,LR,False,1.0755285551056204e-15,H3_e0p25_0p25_native_minimax_qNone_f0.0_U,52,numerically enlarged cost sublevel; not an exact eta-optimality assertion,0.09374999999999883,0.09375000000000154,5e-08,0.09375000000000065,1.817990202823694e-15,0.09375005000000154,triangle,0.3125,0.09375005000000154,0.25000005000000153,0.17137288019590027,majority3,5/88,3992/3267,0.09375005000000154,0.09375005000000154
3,"[0.25, 0.25]",native_minimax,0.0,0.0,full_feasible_return_range,LLL,False,0.09375000000002276,H3_e0p25_0p25_native_tagged_qNone_f0.0_world,52,numerically enlarged cost sublevel; not an exact eta-optimality assertion,0.09374999999999883,0.09375000000000154,5e-08,0.09375000000002276,2.3925306180672123e-14,0.09375005000000154,triangle,0.34375,0.09375005000000154,0.34375,0.21147025511363896,majority3,27/512,149/88,0.09375005000000154,0.09375005000000154
3,"[0.25, 0.25]",native_minimax,0.0,0.0,full_feasible_return_range,RRR,False,0.09375000000116353,H3_e0p25_0p25_information_q0.5_f0.0_parity,52,numerically enlarged cost sublevel; not an exact eta-optimality assertion,0.09374999999999883,0.09375000000000154,5e-08,0.09375000000116353,1.1646933417708283e-12,0.09375005000000154,triangle,0.34375,0.09375005000000154,0.34375,0.21147025511363896,majority3,27/512,149/88,0.09375005000000154,0.09375005000000154
3,"[0.25, 0.25]",native_minimax,0.0,0.0,full_feasible_return_range,LLR,True,0.09375000000124241,H3_e0p25_0p25_information_q0.5_f0.0_parity,52,numerically enlarged cost sublevel; not an exact eta-optimality assertion,0.09374999999999883,0.09375000000000154,5e-08,0.09375000000116353,1.1646933417708283e-12,0.18093046136363833,coupling,0.34375000000000017,0.18750005000000153,0.34375000000000017,0.18093046136363833,majority3,347/5632,14/11,0.09375005000000154,0.09375005000000154
3,"[0.25, 0.25]",native_minimax,0.0,0.0,full_feasible_return_range,LRR,True,0.09375000000002497,H3_e0p25_0p25_native_tagged_qNone_f0.0_parity,52,numerically enlarged cost sublevel; not an exact eta-optimality assertion,0.09374999999999883,0.09375000000000154,5e-08,0.09375000000000494,6.106226635438361e-15,0.18093046136363833,coupling,0.34375,0.18750005000000153,0.34375,0.18093046136363833,majority3,347/5632,14/11,0.09375005000000154,0.09375005000000154
3,"[0.25, 0.25]",native_minimax,0.0,0.0,full_feasible_return_range,adaptive_L,True,0.13125000000000234,H3_e0p25_0p25_native_singles_qNone,52,numerically enlarged cost sublevel; not an exact eta-optimality assertion,0.09374999999999883,0.09375000000000154,5e-08,0.0937500000000001,1.2628786905111156e-15,0.2026229155983686,coupling,0.3437499999999999,0.22500005000000084,0.3437499999999999,0.2026229155983686,majority3,26757/360448,7713/5632,0.09375005000000154,0.09375005000000154
3,"[0.25, 0.25]",native_minimax,0.01,0.0024999999999999988,full_feasible_return_range,LR,False,0.004500000000000302,H3_e0p25_0p25_native_minimax_qNone_f0.01_world,56,numerically enlarged cost sublevel; not an exact eta-optimality assertion,0.09374999999999883,0.09375000000000154,5e-08,0.09625000000000092,0.002500000000002084,0.09625005000000154,triangle,0.3125,0.09625005000000154,0.25250005000000153,0.17442767052341787,majority3,5/88,3992/3267,0.09625005000000154,0.09625005000000154
3,"[0.25, 0.25]",native_minimax,0.01,0.0024999999999999988,full_feasible_return_range,LLL,False,0.09625000000000086,H3_e0p25_0p25_native_minimax_qNone_f0.01_parity,56,numerically enlarged cost sublevel; not an exact eta-optimality assertion,0.09374999999999883,0.09375000000000154,5e-08,0.09625000000000303,0.0025000000000041933,0.09625005000000154,triangle,0.34375,0.09625005000000154,0.34375,0.2157032096590935,majority3,27/512,149/88,0.09625005000000154,0.09625005000000154
3,"[0.25, 0.25]",native_minimax,0.01,0.0024999999999999988,full_feasible_return_range,RRR,False,0.09625000000000303,H3_e0p25_0p25_native_minimax_qNone_f0.01_parity,56,numerically enlarged cost sublevel; not an exact eta-optimality assertion,0.09374999999999883,0.09375000000000154,5e-08,0.09625000000000303,0.0025000000000041933,0.09625005000000154,triangle,0.34375,0.09625005000000154,0.34375,0.2157032096590935,majority3,27/512,149/88,0.09625005000000154,0.09625005000000154
3,"[0.25, 0.25]",native_minimax,0.01,0.0024999999999999988,full_feasible_return_range,LLR,True,0.09375000000124241,H3_e0p25_0p25_information_q0.5_f0.0_parity,56,numerically enlarged cost sublevel; not an exact eta-optimality assertion,0.09374999999999883,0.09375000000000154,5e-08,0.09375000000116353,1.1646933417708283e-12,0.1841122795454565,coupling,0.34375000000000017,0.19000005000000153,0.34375000000000017,0.1841122795454565,majority3,347/5632,14/11,0.09625005000000154,0.09625005000000154
3,"[0.25, 0.25]",native_minimax,0.01,0.0024999999999999988,full_feasible_return_range,LRR,True,0.09375000000002497,H3_e0p25_0p25_native_tagged_qNone_f0.0_parity,56,numerically enlarged cost sublevel; not an exact eta-optimality assertion,0.09374999999999883,0.09375000000000154,5e-08,0.09375000000000494,6.106226635438361e-15,0.1841122795454565,coupling,0.34375,0.19000005000000153,0.34375,0.1841122795454565,majority3,347/5632,14/11,0.09625005000000154,0.09625005000000154
3,"[0.25, 0.25]",native_minimax,0.01,0.0024999999999999988,full_feasible_return_range,adaptive_L,True,0.13125000000000234,H3_e0p25_0p25_native_singles_qNone,56,numerically enlarged cost sublevel; not an exact eta-optimality assertion,0.09374999999999883,0.09375000000000154,5e-08,0.0937500000000001,1.2628786905111156e-15,0.2060466549449595,coupling,0.3437499999999999,0.22750005000000084,0.3437499999999999,0.2060466549449595,majority3,26757/360448,7713/5632,0.09625005000000154,0.09625005000000154
3,"[0.25, 0.25]",native_minimax,0.05,0.012499999999999995,full_feasible_return_range,LR,False,0.02250000000000267,H3_e0p25_0p25_native_minimax_qNone_f0.05_parity,82,numerically enlarged cost sublevel; not an exact eta-optimality assertion,0.09374999999999883,0.09375000000000154,5e-08,0.10625000000000087,0.012500000000002037,0.10625005000000154,triangle,0.3125,0.10625005000000154,0.26250005000000154,0.18664683183348826,majority3,5/88,3992/3267,0.10625005000000154,0.10625005000000154
3,"[0.25, 0.25]",native_minimax,0.05,0.012499999999999995,full_feasible_return_range,LLL,False,0.10625000000000859,H3_e0p25_0p25_native_minimax_qNone_f0.05_world,82,numerically enlarged cost sublevel; not an exact eta-optimality assertion,0.09374999999999883,0.09375000000000154,5e-08,0.10625000000000859,0.012500000000009753,0.10625005000000154,triangle,0.34375,0.10625005000000154,0.34375,0.2326350278409117,majority3,27/512,149/88,0.10625005000000154,0.10625005000000154
3,"[0.25, 0.25]",native_minimax,0.05,0.012499999999999995,full_feasible_return_range,RRR,False,0.1062500000000003,H3_e0p25_0p25_native_minimax_qNone_f0.05_V,82,numerically enlarged cost sublevel; not an exact eta-optimality assertion,0.09374999999999883,0.09375000000000154,5e-08,0.1062500000000003,0.012500000000001468,0.10625005000000154,triangle,0.34375,0.10625005000000154,0.34375,0.2326350278409117,majority3,27/512,149/88,0.10625005000000154,0.10625005000000154
3,"[0.25, 0.25]",native_minimax,0.05,0.012499999999999995,full_feasible_return_range,LLR,True,0.09375000000124241,H3_e0p25_0p25_information_q0.5_f0.0_parity,82,numerically enlarged cost sublevel; not an exact eta-optimality assertion,0.09374999999999883,0.09375000000000154,5e-08,0.09375000000116353,1.1646933417708283e-12,0.19683955227272923,coupling,0.34375000000000017,0.20000005000000154,0.34375000000000017,0.19683955227272923,majority3,347/5632,14/11,0.10625005000000154,0.10625005000000154
3,"[0.25, 0.25]",native_minimax,0.05,0.012499999999999995,full_feasible_return_range,LRR,True,0.09375000000002497,H3_e0p25_0p25_native_tagged_qNone_f0.0_parity,82,numerically enlarged cost sublevel; not an exact eta-optimality assertion,0.09374999999999883,0.09375000000000154,5e-08,0.09375000000000494,6.106226635438361e-15,0.19683955227272923,coupling,0.34375,0.20000005000000154,0.34375,0.19683955227272923,majority3,347/5632,14/11,0.10625005000000154,0.10625005000000154
3,"[0.25, 0.25]",native_minimax,0.05,0.012499999999999995,full_feasible_return_range,adaptive_L,True,0.13125000000000234,H3_e0p25_0p25_native_singles_qNone,82,numerically enlarged cost sublevel; not an exact eta-optimality assertion,0.09374999999999883,0.09375000000000154,5e-08,0.0937500000000001,1.2628786905111156e-15,0.2197416123313231,coupling,0.3437499999999999,0.23750005000000082,0.3437499999999999,0.2197416123313231,majority3,26757/360448,7713/5632,0.10625005000000154,0.10625005000000154
3,"[0.1, 0.3]",native_singles,0.0,0.0,full_feasible_return_range,LR,False,1.7139067942650854e-15,H3_e0p1_0p3_native_repeats_qNone_f0.0_world,24,numerically enlarged cost sublevel; not an exact eta-optimality assertion,0.0,6.938893903907228e-18,5e-08,5.828670879282072e-17,5.828670879282072e-17,0.08000020892857146,coupling,0.4,0.20000025000000007,0.32000020000000007,0.08000020892857146,singles,2/25,117/70,1.2500000001734723e-07,5.000000000693889e-08
3,"[0.1, 0.3]",native_singles,0.0,0.0,full_feasible_return_range,LLL,False,0.07200000000002305,H3_e0p1_0p3_native_singles_qNone_f0.0_world,24,numerically enlarged cost sublevel; not an exact eta-optimality assertion,0.0,6.938893903907228e-18,5e-08,2.914335439641036e-17,2.914335439641036e-17,0.07200025000000003,coupling,0.4720000000000001,0.07200025000000027,0.3776002360000001,0.07200025000000003,singles,9/125,2,1.2500000001734723e-07,5.000000000693889e-08
3,"[0.1, 0.3]",native_singles,0.0,0.0,full_feasible_return_range,RRR,False,0.08400000000000954,H3_e0p1_0p3_native_tagged_qNone_f0.0_parity,24,numerically enlarged cost sublevel; not an exact eta-optimality assertion,0.0,6.938893903907228e-18,5e-08,2.914335439641036e-17,2.914335439641036e-17,0.08400025000000004,coupling,0.284,0.08400025000000022,0.22720014199999997,0.08400025000000004,singles,21/250,2,1.2500000001734723e-07,5.000000000693889e-08
3,"[0.1, 0.3]",native_singles,0.0,0.0,full_feasible_return_range,LLR,True,0.07200000000009385,H3_e0p1_0p3_native_joint_qNone_f0.0_U_asymmetric,24,numerically enlarged cost sublevel; not an exact eta-optimality assertion,0.0,6.938893903907228e-18,5e-08,4.0245584642661923e-17,4.0245584642661923e-17,0.08000024500000004,coupling,0.4359999999999998,0.2300001250000001,0.348800218,0.08000024500000004,singles,2/25,49/25,1.2500000001734723e-07,5.000000000693889e-08
3,"[0.1, 0.3]",native_singles,0.0,0.0,full_feasible_return_range,LRR,True,0.0840000000014226,H3_e0p1_0p3_native_tagged_qNone_f0.0_U_asymmetric,24,numerically enlarged cost sublevel; not an exact eta-optimality assertion,0.0,6.938893903907228e-18,5e-08,4.163336342344337e-17,4.163336342344337e-17,0.10200025000000003,coupling,0.40000000000000013,0.20000025000000002,0.32000020000000007,0.10200025000000003,singles,51/500,2,1.2500000001734723e-07,5.000000000693889e-08
3,"[0.1, 0.3]",native_singles,0.0,0.0,full_feasible_return_range,adaptive_L,True,0.12210309278350573,H3_e0p1_0p3_native_tagged_qNone_f0.0_world,24,numerically enlarged cost sublevel; not an exact eta-optimality assertion,0.0,6.938893903907228e-18,5e-08,2.914335439641036e-17,2.914335439641036e-17,0.13140021100000002,coupling,0.43600000000000017,0.20842130263157896,0.3488002180000001,0.13140021100000002,singles,657/5000,211/125,1.2500000001734723e-07,5.000000000693889e-08
3,"[0.1, 0.3]",native_singles,0.01,0.0012000000000000003,full_feasible_return_range,LR,False,0.008787217438461547,H3_e0p1_0p3_native_singles_qNone_f0.01_world,36,numerically enlarged cost sublevel; not an exact eta-optimality assertion,0.0,6.938893903907228e-18,5e-08,0.0012000000000000192,0.0012000000000000192,0.08501449464285718,coupling,0.4,0.20600025000000008,0.3248002000000001,0.08501449464285718,singles,2/25,117/70,0.003000125000000018,0.0012000500000000072
3,"[0.1, 0.3]",native_singles,0.01,0.0012000000000000003,full_feasible_return_range,LLL,False,0.07800000000000078,H3_e0p1_0p3_native_singles_qNone_f0.01_U_asymmetric,36,numerically enlarged cost sublevel; not an exact eta-optimality assertion,0.0,6.938893903907228e-18,5e-08,0.0012000000000000526,0.0012000000000000526,0.07800025000000003,coupling,0.4720000000000001,0.07800025000000027,0.3832642360000001,0.07800025000000003,singles,9/125,2,0.003000125000000018,0.0012000500000000072
3,"[0.1, 0.3]",native_singles,0.01,0.0012000000000000003,full_feasible_return_range,RRR,False,0.09000000000018275,H3_e0p1_0p3_native_singles_qNone_f0.01_parity,36,numerically enlarged cost sublevel; not an exact eta-optimality assertion,0.0,6.938893903907228e-18,5e-08,0.001200000000000004,0.001200000000000004,0.09000025000000005,coupling,0.284,0.09000025000000023,0.23060814199999996,0.09000025000000005,singles,21/250,2,0.003000125000000018,0.0012000500000000072
3,"[0.1, 0.3]",native_singles,0.01,0.0012000000000000003,full_feasible_return_range,LLR,True,0.07200000000009385,H3_e0p1_0p3_native_joint_qNone_f0.0_U_asymmetric,36,numerically enlarged cost sublevel; not an exact eta-optimality assertion,0.0,6.938893903907228e-18,5e-08,4.0245584642661923e-17,4.0245584642661923e-17,0.08588024500000004,coupling,0.4359999999999998,0.2330001250000001,0.354032218,0.08588024500000004,singles,2/25,49/25,0.003000125000000018,0.0012000500000000072
3,"[0.1, 0.3]",native_singles,0.01,0.0012000000000000003,full_feasible_return_range,LRR,True,0.0840000000014226,H3_e0p1_0p3_native_tagged_qNone_f0.0_U_asymmetric,36,numerically enlarged cost sublevel; not an exact eta-optimality assertion,0.0,6.938893903907228e-18,5e-08,4.163336342344337e-17,4.163336342344337e-17,0.10800025000000003,coupling,0.40000000000000013,0.20600025000000002,0.3248002000000001,0.10800025000000003,singles,51/500,2,0.003000125000000018,0.0012000500000000072
3,"[0.1, 0.3]",native_singles,0.01,0.0012000000000000003,full_feasible_return_range,adaptive_L,True,0.12210309278350573,H3_e0p1_0p3_native_tagged_qNone_f0.0_world,36,numerically enlarged cost sublevel; not an exact eta-optimality assertion,0.0,6.938893903907228e-18,5e-08,2.914335439641036e-17,2.914335439641036e-17,0.13646421100000003,coupling,0.43600000000000017,0.21442130263157896,0.3540322180000001,0.13646421100000003,singles,657/5000,211/125,0.003000125000000018,0.0012000500000000072
3,"[0.1, 0.3]",native_singles,0.05,0.006000000000000002,full_feasible_return_range,LR,False,0.0403594351732999,H3_e0p1_0p3_native_singles_qNone_f0.05_world,93,numerically enlarged cost sublevel; not an exact eta-optimality assertion,0.0,6.938893903907228e-18,5e-08,0.006000000000000087,0.006000000000000087,0.10507163750000004,coupling,0.4,0.23000025000000007,0.3440002000000001,0.10507163750000004,singles,2/25,117/70,0.01500012500000002,0.0060000500000000085
3,"[0.1, 0.3]",native_singles,0.05,0.006000000000000002,full_feasible_return_range,LLL,False,0.10200000000001103,H3_e0p1_0p3_native_singles_qNone_f0.05_U,93,numerically enlarged cost sublevel; not an exact eta-optimality assertion,0.0,6.938893903907228e-18,5e-08,0.0059999999999999646,0.0059999999999999646,0.10200025000000004,coupling,0.4720000000000001,0.10200025000000026,0.4059202360000001,0.10200025000000004,singles,9/125,2,0.01500012500000002,0.0060000500000000085
3,"[0.1, 0.3]",native_singles,0.05,0.006000000000000002,full_feasible_return_range,RRR,False,0.11400000000000336,H3_e0p1_0p3_native_singles_qNone_f0.05_parity,93,numerically enlarged cost sublevel; not an exact eta-optimality assertion,0.0,6.938893903907228e-18,5e-08,0.006000000000000049,0.006000000000000049,0.11400025000000005,coupling,0.284,0.11400025000000022,0.24424014199999997,0.11400025000000005,singles,21/250,2,0.01500012500000002,0.0060000500000000085
3,"[0.1, 0.3]",native_singles,0.05,0.006000000000000002,full_feasible_return_range,LLR,True,0.07200000000009385,H3_e0p1_0p3_native_joint_qNone_f0.0_U_asymmetric,93,numerically enlarged cost sublevel; not an exact eta-optimality assertion,0.0,6.938893903907228e-18,5e-08,4.0245584642661923e-17,4.0245584642661923e-17,0.10940024500000003,coupling,0.4359999999999998,0.24500012500000012,0.374960218,0.10940024500000003,singles,2/25,49/25,0.01500012500000002,0.0060000500000000085
3,"[0.1, 0.3]",native_singles,0.05,0.006000000000000002,full_feasible_return_range,LRR,True,0.09660000000000007,H3_e0p1_0p3_native_singles_qNone_f0.05_U_asymmetric,93,numerically enlarged cost sublevel; not an exact eta-optimality assertion,0.0,6.938893903907228e-18,5e-08,0.006000000000000053,0.006000000000000053,0.13200025000000004,coupling,0.40000000000000013,0.23000025000000002,0.3440002000000001,0.13200025000000004,singles,51/500,2,0.01500012500000002,0.0060000500000000085
3,"[0.1, 0.3]",native_singles,0.05,0.006000000000000002,full_feasible_return_range,adaptive_L,True,0.12210309278350573,H3_e0p1_0p3_native_tagged_qNone_f0.0_world,93,numerically enlarged cost sublevel; not an exact eta-optimality assertion,0.0,6.938893903907228e-18,5e-08,2.914335439641036e-17,2.914335439641036e-17,0.15672021100000003,coupling,0.43600000000000017,0.23842130263157896,0.3749602180000001,0.15672021100000003,singles,657/5000,211/125,0.01500012500000002,0.0060000500000000085
3,"[0.1, 0.3]",native_tagged,0.0,0.0,full_feasible_return_range,LR,False,1.7139067942650854e-15,H3_e0p1_0p3_native_repeats_qNone_f0.0_world,24,numerically enlarged cost sublevel; not an exact eta-optimality assertion,0.0,4.649058915617843e-17,5e-08,8.153200337090993e-17,8.153200337090993e-17,0.08000020892857163,coupling,0.4,0.20000025000000027,0.32000020000000023,0.08000020892857163,singles,2/25,117/70,1.2500000011622647e-07,5.0000000046490586e-08
3,"[0.1, 0.3]",native_tagged,0.0,0.0,full_feasible_return_range,LLL,False,0.07200000000002305,H3_e0p1_0p3_native_singles_qNone_f0.0_world,24,numerically enlarged cost sublevel; not an exact eta-optimality assertion,0.0,4.649058915617843e-17,5e-08,3.608224830031759e-17,3.608224830031759e-17,0.07200025000000022,coupling,0.4720000000000001,0.07200025000000046,0.3776002360000003,0.07200025000000022,singles,9/125,2,1.2500000011622647e-07,5.0000000046490586e-08
3,"[0.1, 0.3]",native_tagged,0.0,0.0,full_feasible_return_range,RRR,False,0.08400000000000954,H3_e0p1_0p3_native_tagged_qNone_f0.0_parity,24,numerically enlarged cost sublevel; not an exact eta-optimality assertion,0.0,4.649058915617843e-17,5e-08,7.598088824778416e-17,7.598088824778416e-17,0.08400025000000023,coupling,0.284,0.08400025000000041,0.2272001420000001,0.08400025000000023,singles,21/250,2,1.2500000011622647e-07,5.0000000046490586e-08
3,"[0.1, 0.3]",native_tagged,0.0,0.0,full_feasible_return_range,LLR,True,0.07200000000009385,H3_e0p1_0p3_native_joint_qNone_f0.0_U_asymmetric,24,numerically enlarged cost sublevel; not an exact eta-optimality assertion,0.0,4.649058915617843e-17,5e-08,4.614364446098307e-17,4.614364446098307e-17,0.08000024500000023,coupling,0.4359999999999998,0.23000010000000176,0.3488002180000002,0.08000024500000023,singles,2/25,49/25,1.2500000011622647e-07,5.0000000046490586e-08
3,"[0.1, 0.3]",native_tagged,0.0,0.0,full_feasible_return_range,LRR,True,0.0840000000014226,H3_e0p1_0p3_native_tagged_qNone_f0.0_U_asymmetric,24,numerically enlarged cost sublevel; not an exact eta-optimality assertion,0.0,4.649058915617843e-17,5e-08,4.822531263215524e-17,4.822531263215524e-17,0.10200025000000022,coupling,0.40000000000000013,0.2000002500000002,0.32000020000000023,0.10200025000000022,singles,51/500,2,1.2500000011622647e-07,5.0000000046490586e-08
3,"[0.1, 0.3]",native_tagged,0.0,0.0,full_feasible_return_range,adaptive_L,True,0.12210309278350573,H3_e0p1_0p3_native_tagged_qNone_f0.0_world,24,numerically enlarged cost sublevel; not an exact eta-optimality assertion,0.0,4.649058915617843e-17,5e-08,3.642919299551295e-17,3.642919299551295e-17,0.13140021100000018,coupling,0.43600000000000017,0.20842130263157915,0.3488002180000003,0.13140021100000018,singles,657/5000,211/125,1.2500000011622647e-07,5.0000000046490586e-08
3,"[0.1, 0.3]",native_tagged,0.01,0.0015000000000000002,full_feasible_return_range,LR,False,0.010344827586207105,H3_e0p1_0p3_native_tagged_qNone_f0.01_parity,46,numerically enlarged cost sublevel; not an exact eta-optimality assertion,0.0,4.649058915617843e-17,5e-08,0.0015000000000000842,0.0015000000000000842,0.08626806607142877,coupling,0.4,0.20750025000000027,0.3260002000000002,0.08626806607142877,singles,2/25,117/70,0.003750125000000116,0.0015000500000000466
3,"[0.1, 0.3]",native_tagged,0.01,0.0015000000000000002,full_feasible_return_range,LLL,False,0.07950000000000093,H3_e0p1_0p3_native_tagged_qNone_f0.01_U_asymmetric,46,numerically enlarged cost sublevel; not an exact eta-optimality assertion,0.0,4.649058915617843e-17,5e-08,0.0014999999999999879,0.0014999999999999879,0.07950025000000023,coupling,0.4720000000000001,0.07950025000000047,0.38468023600000023,0.07950025000000023,singles,9/125,2,0.003750125000000116,0.0015000500000000466
3,"[0.1, 0.3]",native_tagged,0.01,0.0015000000000000002,full_feasible_return_range,RRR,False,0.09150000000000047,H3_e0p1_0p3_native_tagged_qNone_f0.01_V,46,numerically enlarged cost sublevel; not an exact eta-optimality assertion,0.0,4.649058915617843e-17,5e-08,0.001500000000000072,0.001500000000000072,0.09150025000000024,coupling,0.284,0.09150025000000042,0.23146014200000006,0.09150025000000024,singles,21/250,2,0.003750125000000116,0.0015000500000000466
3,"[0.1, 0.3]",native_tagged,0.01,0.0015000000000000002,full_feasible_return_range,LLR,True,0.07200000000009385,H3_e0p1_0p3_native_joint_qNone_f0.0_U_asymmetric,46,numerically enlarged cost sublevel; not an exact eta-optimality assertion,0.0,4.649058915617843e-17,5e-08,4.614364446098307e-17,4.614364446098307e-17,0.08735024500000023,coupling,0.4359999999999998,0.23300010000000176,0.35534021800000015,0.08735024500000023,singles,2/25,49/25,0.003750125000000116,0.0015000500000000466
3,"[0.1, 0.3]",native_tagged,0.01,0.0015000000000000002,full_feasible_return_range,LRR,True,0.0840000000014226,H3_e0p1_0p3_native_tagged_qNone_f0.0_U_asymmetric,46,numerically enlarged cost sublevel; not an exact eta-optimality assertion,0.0,4.649058915617843e-17,5e-08,4.822531263215524e-17,4.822531263215524e-17,0.10950025000000023,coupling,0.40000000000000013,0.20750025000000022,0.3260002000000002,0.10950025000000023,singles,51/500,2,0.003750125000000116,0.0015000500000000466
3,"[0.1, 0.3]",native_tagged,0.01,0.0015000000000000002,full_feasible_return_range,adaptive_L,True,0.12210309278350573,H3_e0p1_0p3_native_tagged_qNone_f0.0_world,46,numerically enlarged cost sublevel; not an exact eta-optimality assertion,0.0,4.649058915617843e-17,5e-08,3.642919299551295e-17,3.642919299551295e-17,0.13773021100000019,coupling,0.43600000000000017,0.21592130263157916,0.35534021800000026,0.13773021100000019,singles,657/5000,211/125,0.003750125000000116,0.0015000500000000466
3,"[0.1, 0.3]",native_tagged,0.05,0.0075000000000000015,full_feasible_return_range,LR,False,0.047676508344030886,H3_e0p1_0p3_native_tagged_qNone_f0.05_world,117,numerically enlarged cost sublevel; not an exact eta-optimality assertion,0.0,4.649058915617843e-17,5e-08,0.007500000000000076,0.007500000000000076,0.11133949464285733,coupling,0.4,0.23750025000000027,0.3500002000000002,0.11133949464285733,singles,2/25,117/70,0.018750125000000117,0.007500050000000048
3,"[0.1, 0.3]",native_tagged,0.05,0.0075000000000000015,full_feasible_return_range,LLL,False,0.10950000000000135,H3_e0p1_0p3_native_tagged_qNone_f0.05_U,117,numerically enlarged cost sublevel; not an exact eta-optimality assertion,0.0,4.649058915617843e-17,5e-08,0.007500000000000019,0.007500000000000019,0.10950025000000023,coupling,0.4720000000000001,0.10950025000000047,0.41300023600000024,0.10950025000000023,singles,9/125,2,0.018750125000000117,0.007500050000000048
3,"[0.1, 0.3]",native_tagged,0.05,0.0075000000000000015,full_feasible_return_range,RRR,False,0.12150000000000294,H3_e0p1_0p3_native_tagged_qNone_f0.05_world,117,numerically enlarged cost sublevel; not an exact eta-optimality assertion,0.0,4.649058915617843e-17,5e-08,0.007500000000000076,0.007500000000000076,0.12150025000000024,coupling,0.284,0.12150025000000042,0.24850014200000006,0.12150025000000024,singles,21/250,2,0.018750125000000117,0.007500050000000048
3,"[0.1, 0.3]",native_tagged,0.05,0.0075000000000000015,full_feasible_return_range,LLR,True,0.07200000000009385,H3_e0p1_0p3_native_joint_qNone_f0.0_U_asymmetric,117,numerically enlarged cost sublevel; not an exact eta-optimality assertion,0.0,4.649058915617843e-17,5e-08,4.614364446098307e-17,4.614364446098307e-17,0.11675024500000022,coupling,0.4359999999999998,0.24500010000000177,0.38150021800000017,0.11675024500000022,singles,2/25,49/25,0.018750125000000117,0.007500050000000048
3,"[0.1, 0.3]",native_tagged,0.05,0.0075000000000000015,full_feasible_return_range,LRR,True,0.10185000000000148,H3_e0p1_0p3_native_tagged_qNone_f0.05_U_asymmetric,117,numerically enlarged cost sublevel; not an exact eta-optimality assertion,0.0,4.649058915617843e-17,5e-08,0.007500000000000042,0.007500000000000042,0.13950025000000021,coupling,0.40000000000000013,0.23750025000000022,0.3500002000000002,0.13950025000000021,singles,51/500,2,0.018750125000000117,0.007500050000000048
3,"[0.1, 0.3]",native_tagged,0.05,0.0075000000000000015,full_feasible_return_range,adaptive_L,True,0.12210309278350573,H3_e0p1_0p3_native_tagged_qNone_f0.0_world,117,numerically enlarged cost sublevel; not an exact eta-optimality assertion,0.0,4.649058915617843e-17,5e-08,3.642919299551295e-17,3.642919299551295e-17,0.1630502110000002,coupling,0.43600000000000017,0.24592130263157916,0.3815002180000003,0.1630502110000002,singles,657/5000,211/125,0.018750125000000117,0.007500050000000048
3,"[0.1, 0.3]",native_joint,0.0,0.0,full_feasible_return_range,LR,False,1.7139067942650854e-15,H3_e0p1_0p3_native_repeats_qNone_f0.0_world,24,numerically enlarged cost sublevel; not an exact eta-optimality assertion,0.0,8.673617379884035e-18,5e-08,2.529226827974185e-16,2.529226827974185e-16,5.000000000867362e-07,triangle,0.4,5.000000000867362e-07,0.32000020000000007,0.08000020892857147,singles,2/25,117/70,1.2500000002168404e-07,5.0000000008673615e-08
3,"[0.1, 0.3]",native_joint,0.0,0.0,full_feasible_return_range,LLL,False,0.07200000000002305,H3_e0p1_0p3_native_singles_qNone_f0.0_world,24,numerically enlarged cost sublevel; not an exact eta-optimality assertion,0.0,8.673617379884035e-18,5e-08,4.163336342344337e-17,4.163336342344337e-17,0.07200025000000004,coupling,0.4720000000000001,0.07200025000000028,0.3776002360000001,0.07200025000000004,singles,9/125,2,1.2500000002168404e-07,5.0000000008673615e-08
3,"[0.1, 0.3]",native_joint,0.0,0.0,full_feasible_return_range,RRR,False,0.08400000000000954,H3_e0p1_0p3_native_tagged_qNone_f0.0_parity,24,numerically enlarged cost sublevel; not an exact eta-optimality assertion,0.0,8.673617379884035e-18,5e-08,8.239936510889834e-17,8.239936510889834e-17,0.08400025000000005,coupling,0.284,0.08400025000000023,0.22720014199999997,0.08400025000000005,singles,21/250,2,1.2500000002168404e-07,5.0000000008673615e-08
3,"[0.1, 0.3]",native_joint,0.0,0.0,full_feasible_return_range,LLR,True,0.07200000000009385,H3_e0p1_0p3_native_joint_qNone_f0.0_U_asymmetric,24,numerically enlarged cost sublevel; not an exact eta-optimality assertion,0.0,8.673617379884035e-18,5e-08,5.238864897449957e-17,5.238864897449957e-17,0.07200049999999963,triangle,0.4359999999999998,0.07200049999999963,0.348800218,0.08000024500000004,singles,2/25,49/25,1.2500000002168404e-07,5.0000000008673615e-08
3,"[0.1, 0.3]",native_joint,0.0,0.0,full_feasible_return_range,LRR,True,0.0840000000014226,H3_e0p1_0p3_native_tagged_qNone_f0.0_U_asymmetric,24,numerically enlarged cost sublevel; not an exact eta-optimality assertion,0.0,8.673617379884035e-18,5e-08,5.447031714567174e-17,5.447031714567174e-17,0.08400050000000008,triangle,0.40000000000000013,0.08400050000000008,0.32000020000000007,0.10200025000000004,singles,51/500,2,1.2500000002168404e-07,5.0000000008673615e-08
3,"[0.1, 0.3]",native_joint,0.0,0.0,full_feasible_return_range,adaptive_L,True,0.12210309278350573,H3_e0p1_0p3_native_tagged_qNone_f0.0_world,24,numerically enlarged cost sublevel; not an exact eta-optimality assertion,0.0,8.673617379884035e-18,5e-08,4.1980308118638737e-17,4.1980308118638737e-17,0.12210359278350519,triangle,0.43600000000000017,0.12210359278350519,0.3488002180000001,0.13140021100000002,singles,657/5000,211/125,1.2500000002168404e-07,5.0000000008673615e-08
3,"[0.1, 0.3]",native_joint,0.01,0.0019000000000000004,full_feasible_return_range,LR,False,0.00775510204081652,H3_e0p1_0p3_native_joint_qNone_f0.01_world,35,numerically enlarged cost sublevel; not an exact eta-optimality assertion,0.0,8.673617379884035e-18,5e-08,0.0019000000000000856,0.0019000000000000856,0.01900050000000009,triangle,0.4,0.01900050000000009,0.32760020000000006,0.08793949464285718,singles,2/25,117/70,0.0047501250000000226,0.001900050000000009
3,"[0.1, 0.3]",native_joint,0.01,0.0019000000000000004,full_feasible_return_range,LLL,False,0.07833333333333364,H3_e0p1_0p3_native_joint_qNone_f0.01_U_asymmetric,35,numerically enlarged cost sublevel; not an exact eta-optimality assertion,0.0,8.673617379884035e-18,5e-08,0.0019000000000000507,0.0019000000000000507,0.08150025000000004,coupling,0.4720000000000001,0.08150025000000027,0.38656823600000007,0.08150025000000004,singles,9/125,2,0.0047501250000000226,0.001900050000000009
3,"[0.1, 0.3]",native_joint,0.01,0.0019000000000000004,full_feasible_return_range,RRR,False,0.09033333333333791,H3_e0p1_0p3_native_joint_qNone_f0.01_V,35,numerically enlarged cost sublevel; not an exact eta-optimality assertion,0.0,8.673617379884035e-18,5e-08,0.0019000000000000696,0.0019000000000000696,0.09350025000000005,coupling,0.284,0.09350025000000023,0.23259614199999998,0.09350025000000005,singles,21/250,2,0.0047501250000000226,0.001900050000000009
3,"[0.1, 0.3]",native_joint,0.01,0.0019000000000000004,full_feasible_return_range,LLR,True,0.07200000000009385,H3_e0p1_0p3_native_joint_qNone_f0.0_U_asymmetric,35,numerically enlarged cost sublevel; not an exact eta-optimality assertion,0.0,8.673617379884035e-18,5e-08,5.238864897449957e-17,5.238864897449957e-17,0.08931024500000004,coupling,0.4359999999999998,0.09100049999999964,0.357084218,0.08931024500000004,singles,2/25,49/25,0.0047501250000000226,0.001900050000000009
3,"[0.1, 0.3]",native_joint,0.01,0.0019000000000000004,full_feasible_return_range,LRR,True,0.0840000000014226,H3_e0p1_0p3_native_tagged_qNone_f0.0_U_asymmetric,35,numerically enlarged cost sublevel; not an exact eta-optimality assertion,0.0,8.673617379884035e-18,5e-08,5.447031714567174e-17,5.447031714567174e-17,0.10300050000000008,triangle,0.40000000000000013,0.10300050000000008,0.32760020000000006,0.11150025000000004,singles,51/500,2,0.0047501250000000226,0.001900050000000009
3,"[0.1, 0.3]",native_joint,0.01,0.0019000000000000004,full_feasible_return_range,adaptive_L,True,0.12210309278350573,H3_e0p1_0p3_native_tagged_qNone_f0.0_world,35,numerically enlarged cost sublevel; not an exact eta-optimality assertion,0.0,8.673617379884035e-18,5e-08,4.1980308118638737e-17,4.1980308118638737e-17,0.13941821100000001,coupling,0.43600000000000017,0.1411035927835052,0.3570842180000001,0.13941821100000001,singles,657/5000,211/125,0.0047501250000000226,0.001900050000000009
3,"[0.1, 0.3]",native_joint,0.05,0.009500000000000001,full_feasible_return_range,LR,False,0.03860224331320118,H3_e0p1_0p3_native_joint_qNone_f0.05_world,93,numerically enlarged cost sublevel; not an exact eta-optimality assertion,0.0,8.673617379884035e-18,5e-08,0.009500000000000106,0.009500000000000106,0.0950005000000001,triangle,0.4,0.0950005000000001,0.35800020000000005,0.11969663750000004,singles,2/25,117/70,0.023750125000000025,0.00950005000000001
3,"[0.1, 0.3]",native_joint,0.05,0.009500000000000001,full_feasible_return_range,LLL,False,0.10366666666666717,H3_e0p1_0p3_native_joint_qNone_f0.05_U_asymmetric,93,numerically enlarged cost sublevel; not an exact eta-optimality assertion,0.0,8.673617379884035e-18,5e-08,0.009500000000000104,0.009500000000000104,0.11950025000000004,coupling,0.4720000000000001,0.11950025000000028,0.4224402360000001,0.11950025000000004,singles,9/125,2,0.023750125000000025,0.00950005000000001
3,"[0.1, 0.3]",native_joint,0.05,0.009500000000000001,full_feasible_return_range,RRR,False,0.11566666666666668,H3_e0p1_0p3_native_joint_qNone_f0.05_V,93,numerically enlarged cost sublevel; not an exact eta-optimality assertion,0.0,8.673617379884035e-18,5e-08,0.00950000000000021,0.00950000000000021,0.13150025000000004,coupling,0.284,0.13150025000000024,0.25418014199999994,0.13150025000000004,singles,21/250,2,0.023750125000000025,0.00950005000000001
3,"[0.1, 0.3]",native_joint,0.05,0.009500000000000001,full_feasible_return_range,LLR,True,0.07200000000009385,H3_e0p1_0p3_native_joint_qNone_f0.0_U_asymmetric,93,numerically enlarged cost sublevel; not an exact eta-optimality assertion,0.0,8.673617379884035e-18,5e-08,5.238864897449957e-17,5.238864897449957e-17,0.12655024500000006,coupling,0.4359999999999998,0.16700049999999966,0.390220218,0.12655024500000006,singles,2/25,49/25,0.023750125000000025,0.00950005000000001
3,"[0.1, 0.3]",native_joint,0.05,0.009500000000000001,full_feasible_return_range,LRR,True,0.09660000000000007,H3_e0p1_0p3_native_singles_qNone_f0.05_U_asymmetric,93,numerically enlarged cost sublevel; not an exact eta-optimality assertion,0.0,8.673617379884035e-18,5e-08,0.009000000000000077,0.009000000000000077,0.14950025000000006,coupling,0.40000000000000013,0.1790005000000001,0.35800020000000005,0.14950025000000006,singles,51/500,2,0.023750125000000025,0.00950005000000001
3,"[0.1, 0.3]",native_joint,0.05,0.009500000000000001,full_feasible_return_range,adaptive_L,True,0.12210309278350573,H3_e0p1_0p3_native_tagged_qNone_f0.0_world,93,numerically enlarged cost sublevel; not an exact eta-optimality assertion,0.0,8.673617379884035e-18,5e-08,4.1980308118638737e-17,4.1980308118638737e-17,0.17149021100000003,coupling,0.43600000000000017,0.21710359278350522,0.39022021800000006,0.17149021100000003,singles,657/5000,211/125,0.023750125000000025,0.00950005000000001
3,"[0.1, 0.3]",native_repeats,0.0,0.0,full_feasible_return_range,LR,False,1.7139067942650854e-15,H3_e0p1_0p3_native_repeats_qNone_f0.0_world,24,numerically enlarged cost sublevel; not an exact eta-optimality assertion,0.015599999999999947,0.015600000000001323,5e-08,0.015600000000000301,3.5388358909926865e-16,0.14276478992600744,coupling,0.4,0.15600050000001323,0.32000040000001057,0.14276478992600744,majority3,28/1775,6820/4189,0.07800025000000661,0.015600050000001323
3,"[0.1, 0.3]",native_repeats,0.0,0.0,full_feasible_return_range,LLL,False,0.07200000000002305,H3_e0p1_0p3_native_singles_qNone_f0.0_world,24,numerically enlarged cost sublevel; not an exact eta-optimality assertion,0.015599999999999947,0.015600000000001323,5e-08,0.015600000000002572,2.624636619152909e-15,0.1500002500000066,coupling,0.4720000000000001,0.15000025000000683,0.37760047200001245,0.1500002500000066,singles,9/125,2,0.039000125000003306,0.015600050000001323
3,"[0.1, 0.3]",native_repeats,0.0,0.0,full_feasible_return_range,RRR,False,0.08400000000000954,H3_e0p1_0p3_native_tagged_qNone_f0.0_parity,24,numerically enlarged cost sublevel; not an exact eta-optimality assertion,0.015599999999999947,0.015600000000001323,5e-08,0.01560000000000262,2.6732088764802597e-15,0.15600050000001323,triangle,0.284,0.15600050000001323,0.22720028400000744,0.16200025000000662,singles,21/250,2,0.039000125000003306,0.015600050000001323
3,"[0.1, 0.3]",native_repeats,0.0,0.0,full_feasible_return_range,LLR,True,0.07200000000009385,H3_e0p1_0p3_native_joint_qNone_f0.0_U_asymmetric,24,numerically enlarged cost sublevel; not an exact eta-optimality assertion,0.015599999999999947,0.015600000000001323,5e-08,0.015600000000000105,1.5785983631388945e-16,0.1437288561976491,coupling,0.4359999999999998,0.21100006250000133,0.3488004360000115,0.1437288561976491,majority3,123729398606646557944/7187448701433078582125,2879/1775,0.07800025000000661,0.015600050000001323
3,"[0.1, 0.3]",native_repeats,0.0,0.0,full_feasible_return_range,LRR,True,0.0840000000014226,H3_e0p1_0p3_native_tagged_qNone_f0.0_U_asymmetric,24,numerically enlarged cost sublevel; not an exact eta-optimality assertion,0.015599999999999947,0.015600000000001323,5e-08,0.015600000000000105,1.5785983631388945e-16,0.16724584669492645,coupling,0.40000000000000013,0.21245885370879278,0.32000040000001057,0.16724584669492645,majority3,441/12500,4991/2950,0.07800025000000661,0.015600050000001323
3,"[0.1, 0.3]",native_repeats,0.0,0.0,full_feasible_return_range,adaptive_L,True,0.12210309278350573,H3_e0p1_0p3_native_tagged_qNone_f0.0_world,24,numerically enlarged cost sublevel; not an exact eta-optimality assertion,0.015599999999999947,0.015600000000001323,5e-08,0.015600000000000292,3.452099717193846e-16,0.18182275020068922,coupling,0.43600000000000017,0.22414712132353115,0.34880043600001154,0.18182275020068922,majority3,9010197/184375000,314273/184375,0.07800025000000661,0.015600050000001323
3,"[0.1, 0.3]",native_repeats,0.01,0.0025000000000000014,full_feasible_return_range,LR,False,0.012500000000004171,H3_e0p1_0p3_native_repeats_qNone_f0.01_V,38,numerically enlarged cost sublevel; not an exact eta-optimality assertion,0.015599999999999947,0.015600000000001323,5e-08,0.01810000000000149,0.0025000000000015427,0.15563235178571982,coupling,0.4,0.18100050000001325,0.3400004000000106,0.15563235178571982,singles,2/25,117/70,0.04525012500000331,0.018100050000001325
3,"[0.1, 0.3]",native_repeats,0.01,0.0025000000000000014,full_feasible_return_range,LLL,False,0.07914285714286015,H3_e0p1_0p3_native_repeats_qNone_f0.01_U_asymmetric,38,numerically enlarged cost sublevel; not an exact eta-optimality assertion,0.015599999999999947,0.015600000000001323,5e-08,0.018100000000001653,0.0025000000000017057,0.16250025000000662,coupling,0.4720000000000001,0.16250025000000684,0.4012004720000125,0.16250025000000662,singles,9/125,2,0.04525012500000331,0.018100050000001325
3,"[0.1, 0.3]",native_repeats,0.01,0.0025000000000000014,full_feasible_return_range,RRR,False,0.0965000000000096,H3_e0p1_0p3_native_repeats_qNone_f0.01_V,38,numerically enlarged cost sublevel; not an exact eta-optimality assertion,0.015599999999999947,0.015600000000001323,5e-08,0.01810000000000149,0.0025000000000015427,0.17450025000000663,coupling,0.284,0.1745002500000068,0.24140028400000743,0.17450025000000663,singles,21/250,2,0.04525012500000331,0.018100050000001325
3,"[0.1, 0.3]",native_repeats,0.01,0.0025000000000000014,full_feasible_return_range,LLR,True,0.07200000000009385,H3_e0p1_0p3_native_joint_qNone_f0.0_U_asymmetric,38,numerically enlarged cost sublevel; not an exact eta-optimality assertion,0.015599999999999947,0.015600000000001323,5e-08,0.015600000000000105,1.5785983631388945e-16,0.16400350408497308,coupling,0.4359999999999998,0.21412506250000132,0.37060043600001147,0.16400350408497308,majority3,123729398606646557944/7187448701433078582125,2879/1775,0.09050025000000662,0.018100050000001325
3,"[0.1, 0.3]",native_repeats,0.01,0.0025000000000000014,full_feasible_return_range,LRR,True,0.0840000000014226,H3_e0p1_0p3_native_tagged_qNone_f0.0_U_asymmetric,38,numerically enlarged cost sublevel; not an exact eta-optimality assertion,0.015599999999999947,0.015600000000001323,5e-08,0.015600000000000105,1.5785983631388945e-16,0.18839415177967223,coupling,0.40000000000000013,0.21558385370879277,0.3400004000000106,0.18839415177967223,majority3,441/12500,4991/2950,0.09050025000000662,0.018100050000001325
3,"[0.1, 0.3]",native_repeats,0.01,0.0025000000000000014,full_feasible_return_range,adaptive_L,True,0.12210309278350573,H3_e0p1_0p3_native_tagged_qNone_f0.0_world,38,numerically enlarged cost sublevel; not an exact eta-optimality assertion,0.015599999999999947,0.015600000000001323,5e-08,0.015600000000000292,3.452099717193846e-16,0.20312939426848586,coupling,0.43600000000000017,0.22727212132353114,0.3706004360000116,0.20312939426848586,majority3,9010197/184375000,314273/184375,0.09050025000000662,0.018100050000001325
3,"[0.1, 0.3]",native_repeats,0.05,0.012500000000000006,full_feasible_return_range,LR,False,0.04745562086701084,H3_e0p1_0p3_native_repeats_qNone_f0.05_V,110,numerically enlarged cost sublevel; not an exact eta-optimality assertion,0.015599999999999947,0.015600000000001323,5e-08,0.028100000000753585,0.012500000000753637,0.19741806607143414,coupling,0.4,0.2266250625000017,0.4,0.19741806607143414,singles,2/25,117/70,0.07025012500000333,0.02810005000000133
3,"[0.1, 0.3]",native_repeats,0.05,0.012500000000000006,full_feasible_return_range,LLL,False,0.10771428571428601,H3_e0p1_0p3_native_repeats_qNone_f0.05_U,110,numerically enlarged cost sublevel; not an exact eta-optimality assertion,0.015599999999999947,0.015600000000001323,5e-08,0.028100000000011865,0.012500000000011918,0.21250025000000666,coupling,0.4720000000000001,0.21250025000000689,0.4720000000000001,0.21250025000000666,singles,9/125,2,0.07025012500000333,0.02810005000000133
3,"[0.1, 0.3]",native_repeats,0.05,0.012500000000000006,full_feasible_return_range,RRR,False,0.13145562086701162,H3_e0p1_0p3_native_repeats_qNone_f0.05_V,110,numerically enlarged cost sublevel; not an exact eta-optimality assertion,0.015599999999999947,0.015600000000001323,5e-08,0.028100000000753585,0.012500000000753637,0.19612506250000158,triangle,0.284,0.19612506250000158,0.284,0.22450025000000667,singles,21/250,2,0.07025012500000333,0.02810005000000133
3,"[0.1, 0.3]",native_repeats,0.05,0.012500000000000006,full_feasible_return_range,LLR,True,0.07200000000009385,H3_e0p1_0p3_native_joint_qNone_f0.0_U_asymmetric,110,numerically enlarged cost sublevel; not an exact eta-optimality assertion,0.015599999999999947,0.015600000000001323,5e-08,0.015600000000000105,1.5785983631388945e-16,0.21607023500000627,coupling,0.4359999999999998,0.22662506250000133,0.4359999999999998,0.21607023500000627,singles,21/250,47/25,0.07025012500000333,0.02810005000000133
3,"[0.1, 0.3]",native_repeats,0.05,0.012500000000000006,full_feasible_return_range,LRR,True,0.09660000000000007,H3_e0p1_0p3_native_singles_qNone_f0.05_U_asymmetric,110,numerically enlarged cost sublevel; not an exact eta-optimality assertion,0.015599999999999947,0.015600000000001323,5e-08,0.027600000000000312,0.012000000000000365,0.22808385370879278,triangle,0.40000000000000013,0.22808385370879278,0.40000000000000013,0.24007023500000624,singles,27/250,47/25,0.07025012500000333,0.02810005000000133
3,"[0.1, 0.3]",native_repeats,0.05,0.012500000000000006,full_feasible_return_range,adaptive_L,True,0.12210309278350573,H3_e0p1_0p3_native_tagged_qNone_f0.0_world,110,numerically enlarged cost sublevel; not an exact eta-optimality assertion,0.015599999999999947,0.015600000000001323,5e-08,0.015600000000000292,3.452099717193846e-16,0.23977212132353115,triangle,0.43600000000000017,0.23977212132353115,0.43600000000000017,0.24998221100000562,singles,657/5000,211/125,0.07025012500000333,0.02810005000000133
3,"[0.1, 0.3]",native_minimax,0.0,0.0,full_feasible_return_range,LR,False,0.008000000000004264,H3_e0p1_0p3_native_minimax_qNone_f0.0_parity,6,numerically enlarged cost sublevel; not an exact eta-optimality assertion,0.07999999999999996,0.08000000000000038,5e-08,0.08000000000000115,1.1934897514720433e-15,0.08000005000000038,triangle,0.4,0.08000005000000038,0.3232000800000006,0.14602061136309444,majority3,28/1775,6820/4189,0.08000005000000038,0.08000005000000038
3,"[0.1, 0.3]",native_minimax,0.0,0.0,full_feasible_return_range,LLL,False,0.08000000000000115,H3_e0p1_0p3_native_minimax_qNone_f0.0_parity,6,numerically enlarged cost sublevel; not an exact eta-optimality assertion,0.07999999999999996,0.08000000000000038,5e-08,0.08000000000000115,1.1934897514720433e-15,0.08000005000000038,triangle,0.4720000000000001,0.08000005000000038,0.38137609440000075,0.17285026537288206,majority3,243/12500,5657/2950,0.08000005000000038,0.08000005000000038
3,"[0.1, 0.3]",native_minimax,0.0,0.0,full_feasible_return_range,RRR,False,0.08000000000000222,H3_e0p1_0p3_native_minimax_qNone_f0.0_V,6,numerically enlarged cost sublevel; not an exact eta-optimality assertion,0.07999999999999996,0.08000000000000038,5e-08,0.08000000000000222,2.2620794126737565e-15,0.08000005000000038,triangle,0.284,0.08000005000000038,0.22947205680000035,0.18310599685915555,majority3,1323/25000,5777/3550,0.08000005000000038,0.08000005000000038
3,"[0.1, 0.3]",native_minimax,0.0,0.0,full_feasible_return_range,LLR,True,0.07200000000000009,H3_e0p1_0p3_native_minimax_qNone_f0.0_U_asymmetric,6,numerically enlarged cost sublevel; not an exact eta-optimality assertion,0.07999999999999996,0.08000000000000038,5e-08,0.08000000000000065,6.938893903907228e-16,0.14697247546524464,coupling,0.4359999999999998,0.15200004999999994,0.3522880872000006,0.14697247546524464,majority3,123729398606646557944/7187448701433078582125,2879/1775,0.08000005000000038,0.08000005000000038
3,"[0.1, 0.3]",native_minimax,0.0,0.0,full_feasible_return_range,LRR,True,0.0791600000000002,H3_e0p1_0p3_native_minimax_qNone_f0.0_parity,6,numerically enlarged cost sublevel; not an exact eta-optimality assertion,0.07999999999999996,0.08000000000000038,5e-08,0.08000000000000115,1.1934897514720433e-15,0.16400005000000037,triangle,0.40000000000000013,0.16400005000000037,0.3232000800000006,0.17062923713559386,majority3,441/12500,4991/2950,0.08000005000000038,0.08000005000000038
3,"[0.1, 0.3]",native_minimax,0.0,0.0,full_feasible_return_range,adaptive_L,True,0.10942369629656218,H3_e0p1_0p3_native_minimax_qNone_f0.0_V,6,numerically enlarged cost sublevel; not an exact eta-optimality assertion,0.07999999999999996,0.08000000000000038,5e-08,0.08000000000000222,2.2620794126737565e-15,0.18523147234522097,coupling,0.43600000000000017,0.2021031427835055,0.3522880872000007,0.18523147234522097,majority3,9010197/184375000,314273/184375,0.08000005000000038,0.08000005000000038
3,"[0.1, 0.3]",native_minimax,0.01,0.003920000000000003,full_feasible_return_range,LR,False,0.011920000000005284,H3_e0p1_0p3_native_minimax_qNone_f0.01_parity,13,numerically enlarged cost sublevel; not an exact eta-optimality assertion,0.07999999999999996,0.08000000000000038,5e-08,0.08392000000000005,0.00392000000000009,0.08392005000000038,triangle,0.4,0.08392005000000038,0.3294720800000006,0.15240265958462704,majority3,28/1775,6820/4189,0.08392005000000038,0.08392005000000038
3,"[0.1, 0.3]",native_minimax,0.01,0.003920000000000003,full_feasible_return_range,LLL,False,0.08392000000000042,H3_e0p1_0p3_native_minimax_qNone_f0.01_U,13,numerically enlarged cost sublevel; not an exact eta-optimality assertion,0.07999999999999996,0.08000000000000038,5e-08,0.08392000000000042,0.003920000000000465,0.08392005000000038,triangle,0.4720000000000001,0.08392005000000038,0.3887770544000007,0.18036736367796685,majority3,243/12500,5657/2950,0.08392005000000038,0.08392005000000038
3,"[0.1, 0.3]",native_minimax,0.01,0.003920000000000003,full_feasible_return_range,RRR,False,0.0839200000000975,H3_e0p1_0p3_native_minimax_qNone_f0.01_U_asymmetric,13,numerically enlarged cost sublevel; not an exact eta-optimality assertion,0.07999999999999996,0.08000000000000038,5e-08,0.0839200000000975,0.00392000000009754,0.08392005000000038,triangle,0.284,0.08392005000000038,0.23392517680000033,0.18948510671831048,majority3,1323/25000,5777/3550,0.08392005000000038,0.08392005000000038
3,"[0.1, 0.3]",native_minimax,0.01,0.003920000000000003,full_feasible_return_range,LLR,True,0.07200000000000172,H3_e0p1_0p3_native_repeats_qNone_f0.01_U_asymmetric,13,numerically enlarged cost sublevel; not an exact eta-optimality assertion,0.07999999999999996,0.08000000000000038,5e-08,0.08042857142857567,0.0004285714285757053,0.15333060504270943,coupling,0.4359999999999998,0.15592004999999992,0.3591245672000006,0.15333060504270943,majority3,123729398606646557944/7187448701433078582125,2879/1775,0.08392005000000038,0.08392005000000038
3,"[0.1, 0.3]",native_minimax,0.01,0.003920000000000003,full_feasible_return_range,LRR,True,0.08153828571428591,H3_e0p1_0p3_native_minimax_qNone_f0.01_V,13,numerically enlarged cost sublevel; not an exact eta-optimality assertion,0.07999999999999996,0.08000000000000038,5e-08,0.08392000000000983,0.003920000000009874,0.16792005000000038,triangle,0.40000000000000013,0.16792005000000038,0.3294720800000006,0.17726134561017015,majority3,441/12500,4991/2950,0.08392005000000038,0.08392005000000038
3,"[0.1, 0.3]",native_minimax,0.01,0.003920000000000003,full_feasible_return_range,adaptive_L,True,0.11336041944682475,H3_e0p1_0p3_native_minimax_qNone_f0.01_V,13,numerically enlarged cost sublevel; not an exact eta-optimality assertion,0.07999999999999996,0.08000000000000038,5e-08,0.08392000000000983,0.003920000000009874,0.19191323592488202,coupling,0.43600000000000017,0.20602314278350548,0.3591245672000007,0.19191323592488202,majority3,9010197/184375000,314273/184375,0.08392005000000038,0.08392005000000038
3,"[0.1, 0.3]",native_minimax,0.05,0.01960000000000002,full_feasible_return_range,LR,False,0.04226707851286071,H3_e0p1_0p3_native_minimax_qNone_f0.05_parity,75,numerically enlarged cost sublevel; not an exact eta-optimality assertion,0.07999999999999996,0.08000000000000038,5e-08,0.09960000000000008,0.019600000000000117,0.0996000500000004,triangle,0.4,0.0996000500000004,0.3545600800000006,0.1779308524707574,majority3,28/1775,6820/4189,0.0996000500000004,0.0996000500000004
3,"[0.1, 0.3]",native_minimax,0.05,0.01960000000000002,full_feasible_return_range,LLL,False,0.09960000000000299,H3_e0p1_0p3_native_minimax_qNone_f0.05_U_asymmetric,75,numerically enlarged cost sublevel; not an exact eta-optimality assertion,0.07999999999999996,0.08000000000000038,5e-08,0.09960000000000299,0.01960000000000303,0.0996000500000004,triangle,0.4720000000000001,0.0996000500000004,0.41838089440000076,0.21043575689830585,majority3,243/12500,5657/2950,0.0996000500000004,0.0996000500000004
3,"[0.1, 0.3]",native_minimax,0.05,0.01960000000000002,full_feasible_return_range,RRR,False,0.09960000000000063,H3_e0p1_0p3_native_minimax_qNone_f0.05_V,75,numerically enlarged cost sublevel; not an exact eta-optimality assertion,0.07999999999999996,0.08000000000000038,5e-08,0.09960000000000063,0.019600000000000672,0.0996000500000004,triangle,0.284,0.0996000500000004,0.2517376568000004,0.21500154615493022,majority3,1323/25000,5777/3550,0.0996000500000004,0.0996000500000004
3,"[0.1, 0.3]",native_minimax,0.05,0.01960000000000002,full_feasible_return_range,LLR,True,0.07200000000009385,H3_e0p1_0p3_native_joint_qNone_f0.0_U_asymmetric,75,numerically enlarged cost sublevel; not an exact eta-optimality assertion,0.07999999999999996,0.08000000000000038,5e-08,0.0840000000000001,0.004000000000000142,0.17160004999999995,triangle,0.4359999999999998,0.17160004999999995,0.3864704872000006,0.1787631233525686,majority3,123729398606646557944/7187448701433078582125,2879/1775,0.0996000500000004,0.0996000500000004
3,"[0.1, 0.3]",native_minimax,0.05,0.01960000000000002,full_feasible_return_range,LRR,True,0.09310000000000218,H3_e0p1_0p3_native_singles_qNone_absolute0.005_U,75,numerically enlarged cost sublevel; not an exact eta-optimality assertion,0.07999999999999996,0.08000000000000038,5e-08,0.09700000000000028,0.01700000000000032,0.1836000500000004,triangle,0.40000000000000013,0.1836000500000004,0.3545600800000006,0.20378977950847527,majority3,441/12500,4991/2950,0.0996000500000004,0.0996000500000004
3,"[0.1, 0.3]",native_minimax,0.05,0.01960000000000002,full_feasible_return_range,adaptive_L,True,0.12210309278350573,H3_e0p1_0p3_native_tagged_qNone_f0.0_world,75,numerically enlarged cost sublevel; not an exact eta-optimality assertion,0.07999999999999996,0.08000000000000038,5e-08,0.08400000000000225,0.004000000000002293,0.2186402902435261,coupling,0.43600000000000017,0.2217031427835055,0.3864704872000007,0.2186402902435261,majority3,9010197/184375000,314273/184375,0.0996000500000004,0.0996000500000004
3,"[0.1, 0.1]",native_singles,,0.005,absolute,LR,False,0.025000000000225453,H3_e0p1_0p1_native_singles_qNone_absolute0.005_V,88,numerically enlarged cost sublevel; not an exact eta-optimality assertion,0.0,2.6367796834847467e-17,5e-08,0.005000000000000109,0.005000000000000109,0.10138910277777788,coupling,0.56,0.3725001250000002,0.18000020000000017,0.10138910277777788,singles,2/25,77/45,0.012500125000000063,0.005000050000000026
3,"[0.1, 0.1]",native_singles,,0.005,absolute,LLL,False,0.09700000000007156,H3_e0p1_0p1_native_tagged_qNone_absolute0.005_parity,88,numerically enlarged cost sublevel; not an exact eta-optimality assertion,0.0,2.6367796834847467e-17,5e-08,0.005000000000000002,0.005000000000000002,0.09700025000000012,coupling,0.4720000000000001,0.09700025000000036,0.21240023600000016,0.09700025000000012,singles,9/125,2,0.012500125000000063,0.005000050000000026
3,"[0.1, 0.1]",native_singles,,0.005,absolute,RRR,False,0.0970000000000598,H3_e0p1_0p1_native_singles_qNone_absolute0.005_V,88,numerically enlarged cost sublevel; not an exact eta-optimality assertion,0.0,2.6367796834847467e-17,5e-08,0.005000000000000109,0.005000000000000109,0.09700025000000012,coupling,0.47200000000000003,0.09700025000000029,0.21240023600000016,0.09700025000000012,singles,9/125,2,0.012500125000000063,0.005000050000000026
3,"[0.1, 0.1]",native_singles,,0.005,absolute,LLR,True,0.08505000000094486,H3_e0p1_0p1_native_singles_qNone_absolute0.005_V,88,numerically enlarged cost sublevel; not an exact eta-optimality assertion,0.0,2.6367796834847467e-17,5e-08,0.005000000000000109,0.005000000000000109,0.10450024500000013,coupling,0.5600000000000003,0.3725001250000001,0.21240023600000016,0.10450024500000013,singles,2/25,49/25,0.012500125000000063,0.005000050000000026
3,"[0.1, 0.1]",native_singles,,0.005,absolute,LRR,True,0.08455609756097583,H3_e0p1_0p1_native_tagged_qNone_absolute0.005_parity,88,numerically enlarged cost sublevel; not an exact eta-optimality assertion,0.0,2.6367796834847467e-17,5e-08,0.005000000000000002,0.005000000000000002,0.10450024500000013,coupling,0.5600000000000003,0.37250012500000035,0.21240023600000016,0.10450024500000013,singles,2/25,49/25,0.012500125000000063,0.005000050000000026
3,"[0.1, 0.1]",native_singles,,0.005,absolute,adaptive_L,True,0.12319120879120932,H3_e0p1_0p1_native_singles_qNone_f0.0_world,88,numerically enlarged cost sublevel; not an exact eta-optimality assertion,0.0,2.6367796834847467e-17,5e-08,2.6367796834847467e-17,2.6367796834847467e-17,0.1507502115000001,coupling,0.530666666666667,0.313763282894737,0.21240023600000016,0.1507502115000001,singles,81/625,423/250,0.012500125000000063,0.005000050000000026
3,"[0.1, 0.1]",native_tagged,,0.005,absolute,LR,False,0.025000000000225453,H3_e0p1_0p1_native_singles_qNone_absolute0.005_V,88,numerically enlarged cost sublevel; not an exact eta-optimality assertion,0.0,2.42861286636753e-17,5e-08,0.005000000000000125,0.005000000000000125,0.10138910277777788,coupling,0.56,0.3700001000000001,0.18000020000000014,0.10138910277777788,singles,2/25,77/45,0.01250012500000006,0.005000050000000024
3,"[0.1, 0.1]",native_tagged,,0.005,absolute,LLL,False,0.09700000000007156,H3_e0p1_0p1_native_tagged_qNone_absolute0.005_parity,88,numerically enlarged cost sublevel; not an exact eta-optimality assertion,0.0,2.42861286636753e-17,5e-08,0.0050000000000000105,0.0050000000000000105,0.09700025000000012,coupling,0.4720000000000001,0.09700025000000034,0.21240023600000013,0.09700025000000012,singles,9/125,2,0.01250012500000006,0.005000050000000024
3,"[0.1, 0.1]",native_tagged,,0.005,absolute,RRR,False,0.0970000000000598,H3_e0p1_0p1_native_singles_qNone_absolute0.005_V,88,numerically enlarged cost sublevel; not an exact eta-optimality assertion,0.0,2.42861286636753e-17,5e-08,0.005000000000000125,0.005000000000000125,0.09700025000000012,coupling,0.47200000000000003,0.09700025000000029,0.21240023600000013,0.09700025000000012,singles,9/125,2,0.01250012500000006,0.005000050000000024
3,"[0.1, 0.1]",native_tagged,,0.005,absolute,LLR,True,0.08505000000094486,H3_e0p1_0p1_native_singles_qNone_absolute0.005_V,88,numerically enlarged cost sublevel; not an exact eta-optimality assertion,0.0,2.42861286636753e-17,5e-08,0.005000000000000125,0.005000000000000125,0.10450024500000012,coupling,0.5600000000000003,0.37000010000000016,0.21240023600000013,0.10450024500000012,singles,2/25,49/25,0.01250012500000006,0.005000050000000024
3,"[0.1, 0.1]",native_tagged,,0.005,absolute,LRR,True,0.08455609756097583,H3_e0p1_0p1_native_tagged_qNone_absolute0.005_parity,88,numerically enlarged cost sublevel; not an exact eta-optimality assertion,0.0,2.42861286636753e-17,5e-08,0.0050000000000000105,0.0050000000000000105,0.10450024500000012,coupling,0.5600000000000003,0.37000010000000005,0.21240023600000013,0.10450024500000012,singles,2/25,49/25,0.01250012500000006,0.005000050000000024
3,"[0.1, 0.1]",native_tagged,,0.005,absolute,adaptive_L,True,0.12319120879120932,H3_e0p1_0p1_native_singles_qNone_f0.0_world,88,numerically enlarged cost sublevel; not an exact eta-optimality assertion,0.0,2.42861286636753e-17,5e-08,3.538835890992686e-17,3.538835890992686e-17,0.1507502115000001,coupling,0.530666666666667,0.311263257894737,0.21240023600000013,0.1507502115000001,singles,81/625,423/250,0.01250012500000006,0.005000050000000024
3,"[0.1, 0.1]",native_joint,,0.005,absolute,LR,False,0.01666666666667261,H3_e0p1_0p1_native_joint_qNone_absolute0.005_V,73,numerically enlarged cost sublevel; not an exact eta-optimality assertion,0.0,9.922618282587337e-17,5e-08,0.005000000000000654,0.005000000000000654,0.05000050000000098,triangle,0.56,0.05000050000000098,0.18000020000000044,0.1013891027777782,singles,2/25,77/45,0.012500125000000245,0.005000050000000099
3,"[0.1, 0.1]",native_joint,,0.005,absolute,LLL,False,0.08866666666667619,H3_e0p1_0p1_native_joint_qNone_absolute0.005_U,73,numerically enlarged cost sublevel; not an exact eta-optimality assertion,0.0,9.922618282587337e-17,5e-08,0.005000000000000283,0.005000000000000283,0.09700025000000048,coupling,0.4720000000000001,0.09700025000000072,0.2124002360000005,0.09700025000000048,singles,9/125,2,0.012500125000000245,0.005000050000000099
3,"[0.1, 0.1]",native_joint,,0.005,absolute,RRR,False,0.08866666666667243,H3_e0p1_0p1_native_repeats_qNone_absolute0.005_V,73,numerically enlarged cost sublevel; not an exact eta-optimality assertion,0.0,9.922618282587337e-17,5e-08,0.005000000000000374,0.005000000000000374,0.09700025000000048,coupling,0.47200000000000003,0.09700025000000065,0.2124002360000005,0.09700025000000048,singles,9/125,2,0.012500125000000245,0.005000050000000099
3,"[0.1, 0.1]",native_joint,,0.005,absolute,LLR,True,0.07200000000261561,H3_e0p1_0p1_native_repeats_qNone_f0.0_U,73,numerically enlarged cost sublevel; not an exact eta-optimality assertion,0.0,9.922618282587337e-17,5e-08,8.465450562766819e-17,8.465450562766819e-17,0.10450024500000048,coupling,0.5600000000000003,0.12200050000000101,0.2124002360000005,0.10450024500000048,singles,2/25,49/25,0.012500125000000245,0.005000050000000099
3,"[0.1, 0.1]",native_joint,,0.005,absolute,LRR,True,0.0727024390243922,H3_e0p1_0p1_native_tagged_qNone_f0.01_parity,73,numerically enlarged cost sublevel; not an exact eta-optimality assertion,0.0,9.922618282587337e-17,5e-08,0.003000000000000461,0.003000000000000461,0.10450024500000048,coupling,0.5600000000000003,0.12200050000000107,0.2124002360000005,0.10450024500000048,singles,2/25,49/25,0.012500125000000245,0.005000050000000099
3,"[0.1, 0.1]",native_joint,,0.005,absolute,adaptive_L,True,0.12319120879120932,H3_e0p1_0p1_native_singles_qNone_f0.0_world,73,numerically enlarged cost sublevel; not an exact eta-optimality assertion,0.0,9.922618282587337e-17,5e-08,3.686287386450715e-17,3.686287386450715e-17,0.1507502115000004,coupling,0.530666666666667,0.1743641363636374,0.2124002360000005,0.1507502115000004,singles,81/625,423/250,0.012500125000000245,0.005000050000000099
3,"[0.1, 0.1]",native_repeats,,0.005,absolute,LR,False,0.01666666666667261,H3_e0p1_0p1_native_joint_qNone_absolute0.005_V,68,numerically enlarged cost sublevel; not an exact eta-optimality assertion,0.014400000000000718,0.014400000000000305,5e-08,0.01940000000000079,0.005000000000000074,0.1629891027777791,coupling,0.56,0.19400050000000307,0.2000004000000025,0.1629891027777791,singles,2/25,77/45,0.04850012500000077,0.019400050000000307
3,"[0.1, 0.1]",native_repeats,,0.005,absolute,LLL,False,0.08866666666667619,H3_e0p1_0p1_native_joint_qNone_absolute0.005_U,68,numerically enlarged cost sublevel; not an exact eta-optimality assertion,0.014400000000000718,0.014400000000000305,5e-08,0.019400000000001253,0.005000000000000535,0.16900025000000152,coupling,0.4720000000000001,0.16900025000000177,0.2360004720000029,0.16900025000000152,singles,9/125,2,0.04850012500000077,0.019400050000000307
3,"[0.1, 0.1]",native_repeats,,0.005,absolute,RRR,False,0.08866666666667243,H3_e0p1_0p1_native_repeats_qNone_absolute0.005_V,68,numerically enlarged cost sublevel; not an exact eta-optimality assertion,0.014400000000000718,0.014400000000000305,5e-08,0.01940000000000111,0.005000000000000393,0.16900025000000152,coupling,0.47200000000000003,0.16900025000000168,0.2360004720000029,0.16900025000000152,singles,9/125,2,0.04850012500000077,0.019400050000000307
3,"[0.1, 0.1]",native_repeats,,0.005,absolute,LLR,True,0.07200000000261561,H3_e0p1_0p1_native_repeats_qNone_f0.0_U,68,numerically enlarged cost sublevel; not an exact eta-optimality assertion,0.014400000000000718,0.014400000000000305,5e-08,0.014400000000000314,-4.0419056990259605e-16,0.1750602450000015,coupling,0.5600000000000003,0.2660005000000031,0.2360004720000029,0.1750602450000015,singles,2/25,49/25,0.04850012500000077,0.019400050000000307
3,"[0.1, 0.1]",native_repeats,,0.005,absolute,LRR,True,0.0727024390243922,H3_e0p1_0p1_native_tagged_qNone_f0.01_parity,68,numerically enlarged cost sublevel; not an exact eta-optimality assertion,0.014400000000000718,0.014400000000000305,5e-08,0.018400000000000628,0.00399999999999991,0.1750602450000015,coupling,0.5600000000000003,0.26600050000000314,0.2360004720000029,0.1750602450000015,singles,2/25,49/25,0.04850012500000077,0.019400050000000307
3,"[0.1, 0.1]",native_repeats,,0.005,absolute,adaptive_L,True,0.12319120879120932,H3_e0p1_0p1_native_singles_qNone_f0.0_world,68,numerically enlarged cost sublevel; not an exact eta-optimality assertion,0.014400000000000718,0.014400000000000305,5e-08,0.014400000000001405,6.869504964868156e-16,0.1997035100313586,coupling,0.530666666666667,0.27861848355263197,0.2360004720000029,0.1997035100313586,majority3,4535109/147500000,513837/295000,0.09700025000000154,0.019400050000000307
3,"[0.25, 0.25]",native_singles,,0.005,absolute,LR,False,0.025000000000008647,H3_e0p25_0p25_native_singles_qNone_f0.05_U,100,numerically enlarged cost sublevel; not an exact eta-optimality assertion,0.0,0.0,5e-08,0.0050000000000000105,0.0050000000000000105,0.14166683333333333,coupling,0.3125,0.200000125,0.262500125,0.14166683333333333,singles,1/8,4/3,0.012500124999999999,0.00500005
3,"[0.25, 0.25]",native_singles,,0.005,absolute,LLL,False,0.11875000000000528,H3_e0p25_0p25_native_singles_qNone_f0.05_world,100,numerically enlarged cost sublevel; not an exact eta-optimality assertion,0.0,0.0,5e-08,0.005000000000000019,0.005000000000000019,0.11875024999999999,triangle,0.34375,0.11875024999999999,0.34375,0.11875025,singles,3/32,2,0.012500124999999999,0.00500005
3,"[0.25, 0.25]",native_singles,,0.005,absolute,RRR,False,0.11875000000001046,H3_e0p25_0p25_native_tagged_qNone_absolute0.005_V,100,numerically enlarged cost sublevel; not an exact eta-optimality assertion,0.0,0.0,5e-08,0.005000000000000036,0.005000000000000036,0.11875025,coupling,0.34375,0.11875025000000002,0.34375,0.11875025,singles,3/32,2,0.012500124999999999,0.00500005
3,"[0.25, 0.25]",native_singles,,0.005,absolute,LLR,True,0.09375000000124241,H3_e0p25_0p25_information_q0.5_f0.0_parity,100,numerically enlarged cost sublevel; not an exact eta-optimality assertion,0.0,0.0,5e-08,0.0,0.0,0.14687521875,coupling,0.34375000000000017,0.20000012500000006,0.34375000000000017,0.14687521875,singles,1/8,7/4,0.012500124999999999,0.00500005
3,"[0.25, 0.25]",native_singles,,0.005,absolute,LRR,True,0.09375000000002497,H3_e0p25_0p25_native_tagged_qNone_f0.0_parity,100,numerically enlarged cost sublevel; not an exact eta-optimality assertion,0.0,0.0,5e-08,2.2204460492503132e-17,2.2204460492503132e-17,0.14687521875,coupling,0.34375,0.200000125,0.34375,0.14687521875,singles,1/8,7/4,0.012500124999999999,0.00500005
3,"[0.25, 0.25]",native_singles,,0.005,absolute,adaptive_L,True,0.13125000000000234,H3_e0p25_0p25_native_singles_qNone,100,numerically enlarged cost sublevel; not an exact eta-optimality assertion,0.0,0.0,5e-08,0.0,0.0,0.1593751875,coupling,0.3437499999999999,0.20000012499999995,0.3437499999999999,0.1593751875,singles,9/64,3/2,0.012500124999999999,0.00500005
3,"[0.25, 0.25]",native_tagged,,0.005,absolute,LR,False,0.025000000000008647,H3_e0p25_0p25_native_singles_qNone_f0.05_U,100,numerically enlarged cost sublevel; not an exact eta-optimality assertion,0.0,0.0,5e-08,0.005000000000000014,0.005000000000000014,0.14166683333333333,coupling,0.3125,0.1975001,0.262500125,0.14166683333333333,singles,1/8,4/3,0.012500124999999999,0.00500005
3,"[0.25, 0.25]",native_tagged,,0.005,absolute,LLL,False,0.11875000000000528,H3_e0p25_0p25_native_singles_qNone_f0.05_world,100,numerically enlarged cost sublevel; not an exact eta-optimality assertion,0.0,0.0,5e-08,0.005000000000000027,0.005000000000000027,0.11875024999999999,triangle,0.34375,0.11875024999999999,0.34375,0.11875025,singles,3/32,2,0.012500124999999999,0.00500005
3,"[0.25, 0.25]",native_tagged,,0.005,absolute,RRR,False,0.11875000000001046,H3_e0p25_0p25_native_tagged_qNone_absolute0.005_V,100,numerically enlarged cost sublevel; not an exact eta-optimality assertion,0.0,0.0,5e-08,0.005000000000000065,0.005000000000000065,0.11875025,coupling,0.34375,0.11875025000000002,0.34375,0.11875025,singles,3/32,2,0.012500124999999999,0.00500005
3,"[0.25, 0.25]",native_tagged,,0.005,absolute,LLR,True,0.09375000000124241,H3_e0p25_0p25_information_q0.5_f0.0_parity,100,numerically enlarged cost sublevel; not an exact eta-optimality assertion,0.0,0.0,5e-08,4.163336342344338e-18,4.163336342344338e-18,0.14687521875,coupling,0.34375000000000017,0.1975001,0.34375000000000017,0.14687521875,singles,1/8,7/4,0.012500124999999999,0.00500005
3,"[0.25, 0.25]",native_tagged,,0.005,absolute,LRR,True,0.09375000000002497,H3_e0p25_0p25_native_tagged_qNone_f0.0_parity,100,numerically enlarged cost sublevel; not an exact eta-optimality assertion,0.0,0.0,5e-08,3.053113317719181e-17,3.053113317719181e-17,0.14687521875,coupling,0.34375,0.19750009999999998,0.34375,0.14687521875,singles,1/8,7/4,0.012500124999999999,0.00500005
3,"[0.25, 0.25]",native_tagged,,0.005,absolute,adaptive_L,True,0.13125000000000234,H3_e0p25_0p25_native_singles_qNone,100,numerically enlarged cost sublevel; not an exact eta-optimality assertion,0.0,0.0,5e-08,0.0,0.0,0.1593751875,coupling,0.3437499999999999,0.19750009999999998,0.3437499999999999,0.1593751875,singles,9/64,3/2,0.012500124999999999,0.00500005
3,"[0.25, 0.25]",native_joint,,0.005,absolute,LR,False,0.016666666666673408,H3_e0p25_0p25_native_joint_qNone_absolute0.005_V,86,numerically enlarged cost sublevel; not an exact eta-optimality assertion,0.0,0.0,5e-08,0.0050000000000007625,0.0050000000000007625,0.050000499999999996,triangle,0.3125,0.050000499999999996,0.262500125,0.14166683333333333,singles,1/8,4/3,0.012500124999999999,0.00500005
3,"[0.25, 0.25]",native_joint,,0.005,absolute,LLL,False,0.1104166666666673,H3_e0p25_0p25_native_joint_qNone_absolute0.005_U,86,numerically enlarged cost sublevel; not an exact eta-optimality assertion,0.0,0.0,5e-08,0.005000000000000169,0.005000000000000169,0.11875024999999999,triangle,0.34375,0.11875024999999999,0.34375,0.11875025,singles,3/32,2,0.012500124999999999,0.00500005
3,"[0.25, 0.25]",native_joint,,0.005,absolute,RRR,False,0.1104166666666679,H3_e0p25_0p25_native_joint_qNone_absolute0.005_V,86,numerically enlarged cost sublevel; not an exact eta-optimality assertion,0.0,0.0,5e-08,0.0050000000000007625,0.0050000000000007625,0.11875025,coupling,0.34375,0.11875025000000002,0.34375,0.11875025,singles,3/32,2,0.012500124999999999,0.00500005
3,"[0.25, 0.25]",native_joint,,0.005,absolute,LLR,True,0.09375000000124241,H3_e0p25_0p25_information_q0.5_f0.0_parity,86,numerically enlarged cost sublevel; not an exact eta-optimality assertion,0.0,0.0,5e-08,4.163336342344338e-18,4.163336342344338e-18,0.14375049999999998,triangle,0.34375000000000017,0.14375049999999998,0.34375000000000017,0.14687521875,singles,1/8,7/4,0.012500124999999999,0.00500005
3,"[0.25, 0.25]",native_joint,,0.005,absolute,LRR,True,0.09375000000002497,H3_e0p25_0p25_native_tagged_qNone_f0.0_parity,86,numerically enlarged cost sublevel; not an exact eta-optimality assertion,0.0,0.0,5e-08,3.053113317719181e-17,3.053113317719181e-17,0.1437505,triangle,0.34375,0.1437505,0.34375,0.14687521875,singles,1/8,7/4,0.012500124999999999,0.00500005
3,"[0.25, 0.25]",native_joint,,0.005,absolute,adaptive_L,True,0.13125000000000234,H3_e0p25_0p25_native_singles_qNone,86,numerically enlarged cost sublevel; not an exact eta-optimality assertion,0.0,0.0,5e-08,0.0,0.0,0.1593751875,coupling,0.3437499999999999,0.17797627380952383,0.3437499999999999,0.1593751875,singles,9/64,3/2,0.012500124999999999,0.00500005
3,"[0.25, 0.25]",native_repeats,,0.005,absolute,LR,False,0.016666666666668613,H3_e0p25_0p25_native_repeats_qNone_absolute0.005_V,82,numerically enlarged cost sublevel; not an exact eta-optimality assertion,0.018750000000000003,0.018750000000000367,5e-08,0.023750000000000566,0.005000000000000563,0.1820313125000005,triangle,0.3125,0.1820313125000005,0.27500025000000183,0.20192102785430285,majority3,5/88,3992/3267,0.11875025000000185,0.02375005000000037
3,"[0.25, 0.25]",native_repeats,,0.005,absolute,LLL,False,0.11041666666666704,H3_e0p25_0p25_native_repeats_qNone_absolute0.005_U,82,numerically enlarged cost sublevel; not an exact eta-optimality assertion,0.018750000000000003,0.018750000000000367,5e-08,0.02375000000000039,0.005000000000000386,0.21250025000000183,triangle,0.34375,0.21250025000000183,0.34375,0.21250025000000183,singles,3/32,2,0.059375125000000924,0.02375005000000037
3,"[0.25, 0.25]",native_repeats,,0.005,absolute,RRR,False,0.11041666666666777,H3_e0p25_0p25_native_repeats_qNone_absolute0.005_V,82,numerically enlarged cost sublevel; not an exact eta-optimality assertion,0.018750000000000003,0.018750000000000367,5e-08,0.023750000000000566,0.005000000000000563,0.21250025000000183,coupling,0.34375,0.21250025000000186,0.34375,0.21250025000000183,singles,3/32,2,0.059375125000000924,0.02375005000000037
3,"[0.25, 0.25]",native_repeats,,0.005,absolute,LLR,True,0.09375000000124241,H3_e0p25_0p25_information_q0.5_f0.0_parity,82,numerically enlarged cost sublevel; not an exact eta-optimality assertion,0.018750000000000003,0.018750000000000367,5e-08,0.018750000000116368,1.1636525076852422e-13,0.18203131250000035,triangle,0.34375000000000017,0.18203131250000035,0.34375000000000017,0.21274889772727507,majority3,347/5632,14/11,0.11875025000000185,0.02375005000000037
3,"[0.25, 0.25]",native_repeats,,0.005,absolute,LRR,True,0.09375000000002497,H3_e0p25_0p25_native_tagged_qNone_f0.0_parity,82,numerically enlarged cost sublevel; not an exact eta-optimality assertion,0.018750000000000003,0.018750000000000367,5e-08,0.018750000000000818,8.153200337090993e-16,0.18203131250000018,triangle,0.34375,0.18203131250000018,0.34375,0.21274889772727507,majority3,347/5632,14/11,0.11875025000000185,0.02375005000000037
3,"[0.25, 0.25]",native_repeats,,0.005,absolute,adaptive_L,True,0.13125000000000234,H3_e0p25_0p25_native_singles_qNone,82,numerically enlarged cost sublevel; not an exact eta-optimality assertion,0.018750000000000003,0.018750000000000367,5e-08,0.01875000000000001,6.938893903907228e-18,0.18705363392857177,triangle,0.3437499999999999,0.18705363392857177,0.3437499999999999,0.2296876875000014,singles,9/64,3/2,0.059375125000000924,0.02375005000000037
3,"[0.1, 0.3]",native_singles,,0.005,absolute,LR,False,0.034482758620690335,H3_e0p1_0p3_native_singles_qNone_absolute0.005_world,79,numerically enlarged cost sublevel; not an exact eta-optimality assertion,0.0,6.938893903907228e-18,5e-08,0.005000000000000088,0.005000000000000088,0.1008930660714286,coupling,0.4,0.22500025000000007,0.3400002000000001,0.1008930660714286,singles,2/25,117/70,0.012500125000000016,0.005000050000000007
3,"[0.1, 0.3]",native_singles,,0.005,absolute,LLL,False,0.09700000000000186,H3_e0p1_0p3_native_tagged_qNone_absolute0.005_U_asymmetric,79,numerically enlarged cost sublevel; not an exact eta-optimality assertion,0.0,6.938893903907228e-18,5e-08,0.005000000000000021,0.005000000000000021,0.09700025000000002,coupling,0.4720000000000001,0.09700025000000026,0.4012002360000001,0.09700025000000002,singles,9/125,2,0.012500125000000016,0.005000050000000007
3,"[0.1, 0.3]",native_singles,,0.005,absolute,RRR,False,0.10900000000011198,H3_e0p1_0p3_native_singles_qNone_absolute0.005_world,79,numerically enlarged cost sublevel; not an exact eta-optimality assertion,0.0,6.938893903907228e-18,5e-08,0.005000000000000088,0.005000000000000088,0.10900025000000003,coupling,0.284,0.10900025000000022,0.24140014199999998,0.10900025000000003,singles,21/250,2,0.012500125000000016,0.005000050000000007
3,"[0.1, 0.3]",native_singles,,0.005,absolute,LLR,True,0.07200000000009385,H3_e0p1_0p3_native_joint_qNone_f0.0_U_asymmetric,79,numerically enlarged cost sublevel; not an exact eta-optimality assertion,0.0,6.938893903907228e-18,5e-08,4.0245584642661923e-17,4.0245584642661923e-17,0.10450024500000003,coupling,0.4359999999999998,0.24250012500000012,0.37060021800000004,0.10450024500000003,singles,2/25,49/25,0.012500125000000016,0.005000050000000007
3,"[0.1, 0.3]",native_singles,,0.005,absolute,LRR,True,0.09310000000000218,H3_e0p1_0p3_native_singles_qNone_absolute0.005_U,79,numerically enlarged cost sublevel; not an exact eta-optimality assertion,0.0,6.938893903907228e-18,5e-08,0.005000000000000024,0.005000000000000024,0.12700025000000004,coupling,0.40000000000000013,0.22500025,0.3400002000000001,0.12700025000000004,singles,51/500,2,0.012500125000000016,0.005000050000000007
3,"[0.1, 0.3]",native_singles,,0.005,absolute,adaptive_L,True,0.12210309278350573,H3_e0p1_0p3_native_tagged_qNone_f0.0_world,79,numerically enlarged cost sublevel; not an exact eta-optimality assertion,0.0,6.938893903907228e-18,5e-08,2.914335439641036e-17,2.914335439641036e-17,0.15250021100000002,coupling,0.43600000000000017,0.23342130263157895,0.3706002180000001,0.15250021100000002,singles,657/5000,211/125,0.012500125000000016,0.005000050000000007
3,"[0.1, 0.3]",native_tagged,,0.005,absolute,LR,False,0.034482758620690335,H3_e0p1_0p3_native_singles_qNone_absolute0.005_world,79,numerically enlarged cost sublevel; not an exact eta-optimality assertion,0.0,4.649058915617843e-17,5e-08,0.005000000000000102,0.005000000000000102,0.10089306607142877,coupling,0.4,0.22500025000000026,0.3400002000000002,0.10089306607142877,singles,2/25,117/70,0.012500125000000115,0.005000050000000047
3,"[0.1, 0.3]",native_tagged,,0.005,absolute,LLL,False,0.09700000000000186,H3_e0p1_0p3_native_tagged_qNone_absolute0.005_U_asymmetric,79,numerically enlarged cost sublevel; not an exact eta-optimality assertion,0.0,4.649058915617843e-17,5e-08,0.005000000000000032,0.005000000000000032,0.09700025000000023,coupling,0.4720000000000001,0.09700025000000045,0.40120023600000027,0.09700025000000023,singles,9/125,2,0.012500125000000115,0.005000050000000047
3,"[0.1, 0.3]",native_tagged,,0.005,absolute,RRR,False,0.10900000000011198,H3_e0p1_0p3_native_singles_qNone_absolute0.005_world,79,numerically enlarged cost sublevel; not an exact eta-optimality assertion,0.0,4.649058915617843e-17,5e-08,0.005000000000000102,0.005000000000000102,0.10900025000000024,coupling,0.284,0.10900025000000041,0.24140014200000007,0.10900025000000024,singles,21/250,2,0.012500125000000115,0.005000050000000047
3,"[0.1, 0.3]",native_tagged,,0.005,absolute,LLR,True,0.07200000000009385,H3_e0p1_0p3_native_joint_qNone_f0.0_U_asymmetric,79,numerically enlarged cost sublevel; not an exact eta-optimality assertion,0.0,4.649058915617843e-17,5e-08,4.614364446098307e-17,4.614364446098307e-17,0.10450024500000023,coupling,0.4359999999999998,0.24000010000000177,0.37060021800000015,0.10450024500000023,singles,2/25,49/25,0.012500125000000115,0.005000050000000047
3,"[0.1, 0.3]",native_tagged,,0.005,absolute,LRR,True,0.09310000000000218,H3_e0p1_0p3_native_singles_qNone_absolute0.005_U,79,numerically enlarged cost sublevel; not an exact eta-optimality assertion,0.0,4.649058915617843e-17,5e-08,0.0050000000000000305,0.0050000000000000305,0.12700025000000023,coupling,0.40000000000000013,0.2250002500000002,0.3400002000000002,0.12700025000000023,singles,51/500,2,0.012500125000000115,0.005000050000000047
3,"[0.1, 0.3]",native_tagged,,0.005,absolute,adaptive_L,True,0.12210309278350573,H3_e0p1_0p3_native_tagged_qNone_f0.0_world,79,numerically enlarged cost sublevel; not an exact eta-optimality assertion,0.0,4.649058915617843e-17,5e-08,3.642919299551295e-17,3.642919299551295e-17,0.1525002110000002,coupling,0.43600000000000017,0.23342130263157915,0.37060021800000026,0.1525002110000002,singles,657/5000,211/125,0.012500125000000115,0.005000050000000047
3,"[0.1, 0.3]",native_joint,,0.005,absolute,LR,False,0.02040816326530639,H3_e0p1_0p3_native_joint_qNone_absolute0.005_world,68,numerically enlarged cost sublevel; not an exact eta-optimality assertion,0.0,8.673617379884035e-18,5e-08,0.005000000000000096,0.005000000000000096,0.05000050000000008,triangle,0.4,0.05000050000000008,0.3400002000000001,0.1008930660714286,singles,2/25,117/70,0.01250012500000002,0.0050000500000000085
3,"[0.1, 0.3]",native_joint,,0.005,absolute,LLL,False,0.08866666666666811,H3_e0p1_0p3_native_joint_qNone_absolute0.005_U,68,numerically enlarged cost sublevel; not an exact eta-optimality assertion,0.0,8.673617379884035e-18,5e-08,0.00500000000000048,0.00500000000000048,0.09700025000000004,coupling,0.4720000000000001,0.09700025000000027,0.4012002360000001,0.09700025000000004,singles,9/125,2,0.01250012500000002,0.0050000500000000085
3,"[0.1, 0.3]",native_joint,,0.005,absolute,RRR,False,0.10066666666666793,H3_e0p1_0p3_native_joint_qNone_absolute0.005_V,68,numerically enlarged cost sublevel; not an exact eta-optimality assertion,0.0,8.673617379884035e-18,5e-08,0.005000000000000131,0.005000000000000131,0.10900025000000005,coupling,0.284,0.10900025000000023,0.24140014199999998,0.10900025000000005,singles,21/250,2,0.01250012500000002,0.0050000500000000085
3,"[0.1, 0.3]",native_joint,,0.005,absolute,LLR,True,0.07200000000009385,H3_e0p1_0p3_native_joint_qNone_f0.0_U_asymmetric,68,numerically enlarged cost sublevel; not an exact eta-optimality assertion,0.0,8.673617379884035e-18,5e-08,5.238864897449957e-17,5.238864897449957e-17,0.10450024500000005,coupling,0.4359999999999998,0.12200049999999962,0.37060021800000004,0.10450024500000005,singles,2/25,49/25,0.01250012500000002,0.0050000500000000085
3,"[0.1, 0.3]",native_joint,,0.005,absolute,LRR,True,0.08505147679326079,H3_e0p1_0p3_native_joint_qNone_absolute0.005_U_asymmetric,68,numerically enlarged cost sublevel; not an exact eta-optimality assertion,0.0,8.673617379884035e-18,5e-08,0.005000000000000024,0.005000000000000024,0.12700025000000004,coupling,0.40000000000000013,0.13400050000000008,0.3400002000000001,0.12700025000000004,singles,51/500,2,0.01250012500000002,0.0050000500000000085
3,"[0.1, 0.3]",native_joint,,0.005,absolute,adaptive_L,True,0.12210309278350573,H3_e0p1_0p3_native_tagged_qNone_f0.0_world,68,numerically enlarged cost sublevel; not an exact eta-optimality assertion,0.0,8.673617379884035e-18,5e-08,4.1980308118638737e-17,4.1980308118638737e-17,0.15250021100000002,coupling,0.43600000000000017,0.17210359278350518,0.3706002180000001,0.15250021100000002,singles,657/5000,211/125,0.01250012500000002,0.0050000500000000085
3,"[0.1, 0.3]",native_repeats,,0.005,absolute,LR,False,0.02500000000000122,H3_e0p1_0p3_native_repeats_qNone_absolute0.005_V,65,numerically enlarged cost sublevel; not an exact eta-optimality assertion,0.015599999999999947,0.015600000000001323,5e-08,0.02060000000000049,0.005000000000000542,0.1660787803571484,coupling,0.4,0.20600050000001321,0.3600004000000106,0.1660787803571484,singles,2/25,117/70,0.051500125000003304,0.020600050000001324
3,"[0.1, 0.3]",native_repeats,,0.005,absolute,LLL,False,0.0862857142857147,H3_e0p1_0p3_native_repeats_qNone_absolute0.005_U,65,numerically enlarged cost sublevel; not an exact eta-optimality assertion,0.015599999999999947,0.015600000000001323,5e-08,0.02060000000000467,0.005000000000004723,0.1750002500000066,coupling,0.4720000000000001,0.17500025000000685,0.42480047200001253,0.1750002500000066,singles,9/125,2,0.051500125000003304,0.020600050000001324
3,"[0.1, 0.3]",native_repeats,,0.005,absolute,RRR,False,0.10900000000001198,H3_e0p1_0p3_native_singles_qNone_absolute0.005_V,65,numerically enlarged cost sublevel; not an exact eta-optimality assertion,0.015599999999999947,0.015600000000001323,5e-08,0.020600000000001777,0.005000000000001829,0.18675006250000156,triangle,0.284,0.18675006250000156,0.25560028400000745,0.1870002500000066,singles,21/250,2,0.051500125000003304,0.020600050000001324
3,"[0.1, 0.3]",native_repeats,,0.005,absolute,LLR,True,0.07200000000009385,H3_e0p1_0p3_native_joint_qNone_f0.0_U_asymmetric,65,numerically enlarged cost sublevel; not an exact eta-optimality assertion,0.015599999999999947,0.015600000000001323,5e-08,0.015600000000000105,1.5785983631388945e-16,0.1808202350000062,coupling,0.4359999999999998,0.2172500625000013,0.3924004360000115,0.1808202350000062,singles,21/250,47/25,0.051500125000003304,0.020600050000001324
3,"[0.1, 0.3]",native_repeats,,0.005,absolute,LRR,True,0.0840000000014226,H3_e0p1_0p3_native_tagged_qNone_f0.0_U_asymmetric,65,numerically enlarged cost sublevel; not an exact eta-optimality assertion,0.015599999999999947,0.015600000000001323,5e-08,0.015600000000000105,1.5785983631388945e-16,0.2048202350000062,coupling,0.40000000000000013,0.21870885370879276,0.3600004000000106,0.2048202350000062,singles,27/250,47/25,0.051500125000003304,0.020600050000001324
3,"[0.1, 0.3]",native_repeats,,0.005,absolute,adaptive_L,True,0.12210309278350573,H3_e0p1_0p3_native_tagged_qNone_f0.0_world,65,numerically enlarged cost sublevel; not an exact eta-optimality assertion,0.015599999999999947,0.015600000000001323,5e-08,0.015600000000000292,3.452099717193846e-16,0.21833221100000555,coupling,0.43600000000000017,0.23039712132353113,0.39240043600001157,0.21833221100000555,singles,657/5000,211/125,0.051500125000003304,0.020600050000001324
4,"[0.1, 0.1]",native_singles,0.0,0.0,full_feasible_return_range,LR,False,0.014202739726027817,H4_e0p1_0p1_native_tagged_qNone_f0.0_parity,64,numerically enlarged cost sublevel; not an exact eta-optimality assertion,0.0,5.967448757360216e-17,5e-08,1.6153745008296028e-15,1.6153745008296028e-15,0.08000021388888914,coupling,0.56,0.3600001250000002,0.16000020000000026,0.08000021388888914,singles,2/25,77/45,1.2500000014918621e-07,5.000000005967449e-08
4,"[0.1, 0.1]",native_singles,0.0,0.0,full_feasible_return_range,LLL,False,0.07200000001326506,H4_e0p1_0p1_native_repeats_qNone_f0.0_U_asymmetric,64,numerically enlarged cost sublevel; not an exact eta-optimality assertion,0.0,5.967448757360216e-17,5e-08,3.608224830031759e-17,3.608224830031759e-17,0.0720002500000003,coupling,0.4720000000000001,0.07200025000000053,0.1888002360000003,0.0720002500000003,singles,9/125,2,1.2500000014918621e-07,5.000000005967449e-08
4,"[0.1, 0.1]",native_singles,0.0,0.0,full_feasible_return_range,RRR,False,0.07200000000013532,H4_e0p1_0p1_native_repeats_qNone_f0.0_V,64,numerically enlarged cost sublevel; not an exact eta-optimality assertion,0.0,5.967448757360216e-17,5e-08,2.761679773755077e-16,2.761679773755077e-16,0.0720002500000003,coupling,0.47200000000000003,0.07200025000000046,0.1888002360000003,0.0720002500000003,singles,9/125,2,1.2500000014918621e-07,5.000000005967449e-08
4,"[0.1, 0.1]",native_singles,0.0,0.0,full_feasible_return_range,LLR,True,0.072000000002862,H4_e0p1_0p1_native_singles_qNone_f0.0_U_asymmetric,64,numerically enlarged cost sublevel; not an exact eta-optimality assertion,0.0,5.967448757360216e-17,5e-08,4.163336342344337e-17,4.163336342344337e-17,0.08000024500000029,coupling,0.5600000000000003,0.36000012500000017,0.1888002360000003,0.08000024500000029,singles,2/25,49/25,1.2500000014918621e-07,5.000000005967449e-08
4,"[0.1, 0.1]",native_singles,0.0,0.0,full_feasible_return_range,LRR,True,0.07200000000000167,H4_e0p1_0p1_native_repeats_qNone_f0.0_V,64,numerically enlarged cost sublevel; not an exact eta-optimality assertion,0.0,5.967448757360216e-17,5e-08,2.761679773755077e-16,2.761679773755077e-16,0.08000024500000029,coupling,0.5600000000000003,0.3600001250000004,0.1888002360000003,0.08000024500000029,singles,2/25,49/25,1.2500000014918621e-07,5.000000005967449e-08
4,"[0.1, 0.1]",native_singles,0.0,0.0,full_feasible_return_range,adaptive_L,True,0.09864201291862316,H4_e0p1_0p1_native_minimax_qNone_f0.05_parity,64,numerically enlarged cost sublevel; not an exact eta-optimality assertion,0.0,5.967448757360216e-17,5e-08,1.207367539279858e-16,1.207367539279858e-16,0.12960021150000026,coupling,0.530666666666667,0.30126328289473703,0.1888002360000003,0.12960021150000026,singles,81/625,423/250,1.2500000014918621e-07,5.000000005967449e-08
4,"[0.1, 0.1]",native_singles,0.01,0.0016000000000000003,full_feasible_return_range,LR,False,0.02218082191813647,H4_e0p1_0p1_native_singles_qNone_f0.01_parity,73,numerically enlarged cost sublevel; not an exact eta-optimality assertion,0.0,5.967448757360216e-17,5e-08,0.0016000000000000916,0.0016000000000000916,0.08684465833333359,coupling,0.56,0.36400012500000023,0.16640020000000028,0.08684465833333359,singles,2/25,77/45,0.004000125000000149,0.0016000500000000598
4,"[0.1, 0.1]",native_singles,0.01,0.0016000000000000003,full_feasible_return_range,LLL,False,0.08000000000000063,H4_e0p1_0p1_native_singles_qNone_f0.01_U,73,numerically enlarged cost sublevel; not an exact eta-optimality assertion,0.0,5.967448757360216e-17,5e-08,0.0016000000000001154,0.0016000000000001154,0.0800002500000003,coupling,0.4720000000000001,0.08000025000000052,0.1963522360000003,0.0800002500000003,singles,9/125,2,0.004000125000000149,0.0016000500000000598
4,"[0.1, 0.1]",native_singles,0.01,0.0016000000000000003,full_feasible_return_range,RRR,False,0.08000000000000111,H4_e0p1_0p1_native_singles_qNone_f0.01_V,73,numerically enlarged cost sublevel; not an exact eta-optimality assertion,0.0,5.967448757360216e-17,5e-08,0.001600000000000057,0.001600000000000057,0.0800002500000003,coupling,0.47200000000000003,0.08000025000000047,0.1963522360000003,0.0800002500000003,singles,9/125,2,0.004000125000000149,0.0016000500000000598
4,"[0.1, 0.1]",native_singles,0.01,0.0016000000000000003,full_feasible_return_range,LLR,True,0.072000000002862,H4_e0p1_0p1_native_singles_qNone_f0.0_U_asymmetric,73,numerically enlarged cost sublevel; not an exact eta-optimality assertion,0.0,5.967448757360216e-17,5e-08,4.163336342344337e-17,4.163336342344337e-17,0.08784024500000029,coupling,0.5600000000000003,0.3640001250000002,0.1963522360000003,0.08784024500000029,singles,2/25,49/25,0.004000125000000149,0.0016000500000000598
4,"[0.1, 0.1]",native_singles,0.01,0.0016000000000000003,full_feasible_return_range,LRR,True,0.07200000000000167,H4_e0p1_0p1_native_repeats_qNone_f0.0_V,73,numerically enlarged cost sublevel; not an exact eta-optimality assertion,0.0,5.967448757360216e-17,5e-08,2.761679773755077e-16,2.761679773755077e-16,0.08784024500000029,coupling,0.5600000000000003,0.3640001250000004,0.1963522360000003,0.08784024500000029,singles,2/25,49/25,0.004000125000000149,0.0016000500000000598
4,"[0.1, 0.1]",native_singles,0.01,0.0016000000000000003,full_feasible_return_range,adaptive_L,True,0.1055159921550606,H4_e0p1_0p1_native_singles_qNone_f0.01_U,73,numerically enlarged cost sublevel; not an exact eta-optimality assertion,0.0,5.967448757360216e-17,5e-08,0.0016000000000001154,0.0016000000000001154,0.13636821150000025,coupling,0.530666666666667,0.30526328289473703,0.1963522360000003,0.13636821150000025,singles,81/625,423/250,0.004000125000000149,0.0016000500000000598
4,"[0.1, 0.1]",native_singles,0.05,0.008000000000000002,full_feasible_return_range,LR,False,0.05409315068493518,H4_e0p1_0p1_native_singles_qNone_f0.05_world,117,numerically enlarged cost sublevel; not an exact eta-optimality assertion,0.0,5.967448757360216e-17,5e-08,0.008000000000000099,0.008000000000000099,0.11422243611111137,coupling,0.56,0.38000012500000024,0.1920002000000003,0.11422243611111137,singles,2/25,77/45,0.02000012500000015,0.00800005000000006
4,"[0.1, 0.1]",native_singles,0.05,0.008000000000000002,full_feasible_return_range,LLL,False,0.11200000000000088,H4_e0p1_0p1_native_singles_qNone_f0.05_U,117,numerically enlarged cost sublevel; not an exact eta-optimality assertion,0.0,5.967448757360216e-17,5e-08,0.008000000000000049,0.008000000000000049,0.1120002500000003,coupling,0.4720000000000001,0.11200025000000052,0.2265602360000003,0.1120002500000003,singles,9/125,2,0.02000012500000015,0.00800005000000006
4,"[0.1, 0.1]",native_singles,0.05,0.008000000000000002,full_feasible_return_range,RRR,False,0.1120000000000014,H4_e0p1_0p1_native_singles_qNone_f0.05_V,117,numerically enlarged cost sublevel; not an exact eta-optimality assertion,0.0,5.967448757360216e-17,5e-08,0.00800000000000005,0.00800000000000005,0.1120002500000003,coupling,0.47200000000000003,0.11200025000000047,0.2265602360000003,0.1120002500000003,singles,9/125,2,0.02000012500000015,0.00800005000000006
4,"[0.1, 0.1]",native_singles,0.05,0.008000000000000002,full_feasible_return_range,LLR,True,0.072000000002862,H4_e0p1_0p1_native_singles_qNone_f0.0_U_asymmetric,117,numerically enlarged cost sublevel; not an exact eta-optimality assertion,0.0,5.967448757360216e-17,5e-08,4.163336342344337e-17,4.163336342344337e-17,0.11920024500000029,coupling,0.5600000000000003,0.3800001250000002,0.2265602360000003,0.11920024500000029,singles,2/25,49/25,0.02000012500000015,0.00800005000000006
4,"[0.1, 0.1]",native_singles,0.05,0.008000000000000002,full_feasible_return_range,LRR,True,0.07476768248987231,H4_e0p1_0p1_native_singles_qNone_f0.05_parity,117,numerically enlarged cost sublevel; not an exact eta-optimality assertion,0.0,5.967448757360216e-17,5e-08,0.00800000000000011,0.00800000000000011,0.11920024500000029,coupling,0.5600000000000003,0.3800001250000004,0.2265602360000003,0.11920024500000029,singles,2/25,49/25,0.02000012500000015,0.00800005000000006
4,"[0.1, 0.1]",native_singles,0.05,0.008000000000000002,full_feasible_return_range,adaptive_L,True,0.1055159921550606,H4_e0p1_0p1_native_singles_qNone_f0.01_U,117,numerically enlarged cost sublevel; not an exact eta-optimality assertion,0.0,5.967448757360216e-17,5e-08,0.0016000000000001154,0.0016000000000001154,0.16344021150000024,coupling,0.530666666666667,0.32126328289473705,0.2265602360000003,0.16344021150000024,singles,81/625,423/250,0.02000012500000015,0.00800005000000006
4,"[0.1, 0.1]",native_tagged,0.0,0.0,full_feasible_return_range,LR,False,0.014202739726027817,H4_e0p1_0p1_native_tagged_qNone_f0.0_parity,64,numerically enlarged cost sublevel; not an exact eta-optimality assertion,0.0,1.3322676295501878e-16,5e-08,1.6403545188836688e-15,1.6403545188836688e-15,0.08000021388888946,coupling,0.56,0.3600001000000003,0.1600002000000006,0.08000021388888946,singles,2/25,77/45,1.250000003330669e-07,5.000000013322676e-08
4,"[0.1, 0.1]",native_tagged,0.0,0.0,full_feasible_return_range,LLL,False,0.07200000001326506,H4_e0p1_0p1_native_repeats_qNone_f0.0_U_asymmetric,64,numerically enlarged cost sublevel; not an exact eta-optimality assertion,0.0,1.3322676295501878e-16,5e-08,7.667477763817488e-17,7.667477763817488e-17,0.07200025000000065,coupling,0.4720000000000001,0.07200025000000089,0.18880023600000065,0.07200025000000065,singles,9/125,2,1.250000003330669e-07,5.000000013322676e-08
4,"[0.1, 0.1]",native_tagged,0.0,0.0,full_feasible_return_range,RRR,False,0.07200000000013532,H4_e0p1_0p1_native_repeats_qNone_f0.0_V,64,numerically enlarged cost sublevel; not an exact eta-optimality assertion,0.0,1.3322676295501878e-16,5e-08,2.935152121352758e-16,2.935152121352758e-16,0.07200025000000065,coupling,0.47200000000000003,0.07200025000000082,0.18880023600000065,0.07200025000000065,singles,9/125,2,1.250000003330669e-07,5.000000013322676e-08
4,"[0.1, 0.1]",native_tagged,0.0,0.0,full_feasible_return_range,LLR,True,0.072000000002862,H4_e0p1_0p1_native_singles_qNone_f0.0_U_asymmetric,64,numerically enlarged cost sublevel; not an exact eta-optimality assertion,0.0,1.3322676295501878e-16,5e-08,5.412337245047638e-17,5.412337245047638e-17,0.08000024500000065,coupling,0.5600000000000003,0.3600001000000004,0.18880023600000065,0.08000024500000065,singles,2/25,49/25,1.250000003330669e-07,5.000000013322676e-08
4,"[0.1, 0.1]",native_tagged,0.0,0.0,full_feasible_return_range,LRR,True,0.07200000000000167,H4_e0p1_0p1_native_repeats_qNone_f0.0_V,64,numerically enlarged cost sublevel; not an exact eta-optimality assertion,0.0,1.3322676295501878e-16,5e-08,2.935152121352758e-16,2.935152121352758e-16,0.08000024500000065,coupling,0.5600000000000003,0.36000010000000027,0.18880023600000065,0.08000024500000065,singles,2/25,49/25,1.250000003330669e-07,5.000000013322676e-08
4,"[0.1, 0.1]",native_tagged,0.0,0.0,full_feasible_return_range,adaptive_L,True,0.09864201291862316,H4_e0p1_0p1_native_minimax_qNone_f0.05_parity,64,numerically enlarged cost sublevel; not an exact eta-optimality assertion,0.0,1.3322676295501878e-16,5e-08,1.3843093338294923e-16,1.3843093338294923e-16,0.12960021150000056,coupling,0.530666666666667,0.30126325789473724,0.18880023600000065,0.12960021150000056,singles,81/625,423/250,1.250000003330669e-07,5.000000013322676e-08
4,"[0.1, 0.1]",native_tagged,0.01,0.0020000000000000005,full_feasible_return_range,LR,False,0.02417534246575373,H4_e0p1_0p1_native_tagged_qNone_f0.01_parity,84,numerically enlarged cost sublevel; not an exact eta-optimality assertion,0.0,1.3322676295501878e-16,5e-08,0.0020000000000000473,0.0020000000000000473,0.08855576944444501,coupling,0.56,0.3640001000000003,0.16800020000000057,0.08855576944444501,singles,2/25,77/45,0.005000125000000334,0.0020000500000001338
4,"[0.1, 0.1]",native_tagged,0.01,0.0020000000000000005,full_feasible_return_range,LLL,False,0.08200000000000332,H4_e0p1_0p1_native_tagged_qNone_f0.01_U,84,numerically enlarged cost sublevel; not an exact eta-optimality assertion,0.0,1.3322676295501878e-16,5e-08,0.002000000000000257,0.002000000000000257,0.08200025000000066,coupling,0.4720000000000001,0.0820002500000009,0.19824023600000065,0.08200025000000066,singles,9/125,2,0.005000125000000334,0.0020000500000001338
4,"[0.1, 0.1]",native_tagged,0.01,0.0020000000000000005,full_feasible_return_range,RRR,False,0.0820000000000001,H4_e0p1_0p1_native_tagged_qNone_f0.01_V,84,numerically enlarged cost sublevel; not an exact eta-optimality assertion,0.0,1.3322676295501878e-16,5e-08,0.002000000000000132,0.002000000000000132,0.08200025000000066,coupling,0.47200000000000003,0.08200025000000083,0.19824023600000065,0.08200025000000066,singles,9/125,2,0.005000125000000334,0.0020000500000001338
4,"[0.1, 0.1]",native_tagged,0.01,0.0020000000000000005,full_feasible_return_range,LLR,True,0.072000000002862,H4_e0p1_0p1_native_singles_qNone_f0.0_U_asymmetric,84,numerically enlarged cost sublevel; not an exact eta-optimality assertion,0.0,1.3322676295501878e-16,5e-08,5.412337245047638e-17,5.412337245047638e-17,0.08980024500000065,coupling,0.5600000000000003,0.3640001000000004,0.19824023600000065,0.08980024500000065,singles,2/25,49/25,0.005000125000000334,0.0020000500000001338
4,"[0.1, 0.1]",native_tagged,0.01,0.0020000000000000005,full_feasible_return_range,LRR,True,0.07200000000000441,H4_e0p1_0p1_native_repeats_qNone_f0.01_V,84,numerically enlarged cost sublevel; not an exact eta-optimality assertion,0.0,1.3322676295501878e-16,5e-08,0.0017160000000001753,0.0017160000000001753,0.08980024500000065,coupling,0.5600000000000003,0.36400010000000027,0.19824023600000065,0.08980024500000065,singles,2/25,49/25,0.005000125000000334,0.0020000500000001338
4,"[0.1, 0.1]",native_tagged,0.01,0.0020000000000000005,full_feasible_return_range,adaptive_L,True,0.1055159921550606,H4_e0p1_0p1_native_singles_qNone_f0.01_U,84,numerically enlarged cost sublevel; not an exact eta-optimality assertion,0.0,1.3322676295501878e-16,5e-08,0.0016000000000001282,0.0016000000000001282,0.13806021150000056,coupling,0.530666666666667,0.30526325789473724,0.19824023600000065,0.13806021150000056,singles,81/625,423/250,0.005000125000000334,0.0020000500000001338
4,"[0.1, 0.1]",native_tagged,0.05,0.010000000000000002,full_feasible_return_range,LR,False,0.06406575342465781,H4_e0p1_0p1_native_tagged_qNone_f0.05_parity,128,numerically enlarged cost sublevel; not an exact eta-optimality assertion,0.0,1.3322676295501878e-16,5e-08,0.010000000000000168,0.010000000000000168,0.12277799166666725,coupling,0.56,0.3800001000000003,0.2000002000000006,0.12277799166666725,singles,2/25,77/45,0.025000125000000338,0.010000050000000135
4,"[0.1, 0.1]",native_tagged,0.05,0.010000000000000002,full_feasible_return_range,LLL,False,0.12200000000000152,H4_e0p1_0p1_native_tagged_qNone_f0.05_U,128,numerically enlarged cost sublevel; not an exact eta-optimality assertion,0.0,1.3322676295501878e-16,5e-08,0.010000000000000224,0.010000000000000224,0.12200025000000067,coupling,0.4720000000000001,0.1220002500000009,0.23600023600000067,0.12200025000000067,singles,9/125,2,0.025000125000000338,0.010000050000000135
4,"[0.1, 0.1]",native_tagged,0.05,0.010000000000000002,full_feasible_return_range,RRR,False,0.12200000000000084,H4_e0p1_0p1_native_tagged_qNone_f0.05_V,128,numerically enlarged cost sublevel; not an exact eta-optimality assertion,0.0,1.3322676295501878e-16,5e-08,0.01000000000000007,0.01000000000000007,0.12200025000000067,coupling,0.47200000000000003,0.12200025000000084,0.23600023600000067,0.12200025000000067,singles,9/125,2,0.025000125000000338,0.010000050000000135
4,"[0.1, 0.1]",native_tagged,0.05,0.010000000000000002,full_feasible_return_range,LLR,True,0.072000000002862,H4_e0p1_0p1_native_singles_qNone_f0.0_U_asymmetric,128,numerically enlarged cost sublevel; not an exact eta-optimality assertion,0.0,1.3322676295501878e-16,5e-08,5.412337245047638e-17,5.412337245047638e-17,0.12900024500000068,coupling,0.5600000000000003,0.3800001000000004,0.23600023600000067,0.12900024500000068,singles,2/25,49/25,0.025000125000000338,0.010000050000000135
4,"[0.1, 0.1]",native_tagged,0.05,0.010000000000000002,full_feasible_return_range,LRR,True,0.08372665569977923,H4_e0p1_0p1_native_tagged_qNone_f0.05_parity,128,numerically enlarged cost sublevel; not an exact eta-optimality assertion,0.0,1.3322676295501878e-16,5e-08,0.010000000000000168,0.010000000000000168,0.12900024500000068,coupling,0.5600000000000003,0.3800001000000003,0.23600023600000067,0.12900024500000068,singles,2/25,49/25,0.025000125000000338,0.010000050000000135
4,"[0.1, 0.1]",native_tagged,0.05,0.010000000000000002,full_feasible_return_range,adaptive_L,True,0.106205387396757,H4_e0p1_0p1_native_tagged_qNone_f0.05_parity,128,numerically enlarged cost sublevel; not an exact eta-optimality assertion,0.0,1.3322676295501878e-16,5e-08,0.010000000000000168,0.010000000000000168,0.17190021150000057,coupling,0.530666666666667,0.3212632578947372,0.23600023600000067,0.17190021150000057,singles,81/625,423/250,0.025000125000000338,0.010000050000000135
4,"[0.1, 0.1]",native_joint,0.0,0.0,full_feasible_return_range,LR,False,3.3867873783233193e-14,H4_e0p1_0p1_native_minimax_qNone_f0.01_U_asymmetric,60,numerically enlarged cost sublevel; not an exact eta-optimality assertion,0.0,1.0269562977782698e-16,5e-08,3.590790859098192e-15,3.590790859098192e-15,5.000000010269563e-07,triangle,0.56,5.000000010269563e-07,0.16000020000000045,0.08000021388888932,singles,2/25,77/45,1.2500000025673907e-07,5.000000010269563e-08
4,"[0.1, 0.1]",native_joint,0.0,0.0,full_feasible_return_range,LLL,False,0.07200000001326506,H4_e0p1_0p1_native_repeats_qNone_f0.0_U_asymmetric,60,numerically enlarged cost sublevel; not an exact eta-optimality assertion,0.0,1.0269562977782698e-16,5e-08,8.925152283900673e-17,8.925152283900673e-17,0.0720002500000005,coupling,0.4720000000000001,0.07200025000000074,0.1888002360000005,0.0720002500000005,singles,9/125,2,1.2500000025673907e-07,5.000000010269563e-08
4,"[0.1, 0.1]",native_joint,0.0,0.0,full_feasible_return_range,RRR,False,0.07200000000013532,H4_e0p1_0p1_native_repeats_qNone_f0.0_V,60,numerically enlarged cost sublevel; not an exact eta-optimality assertion,0.0,1.0269562977782698e-16,5e-08,3.00454106039183e-16,3.00454106039183e-16,0.0720002500000005,coupling,0.47200000000000003,0.07200025000000067,0.1888002360000005,0.0720002500000005,singles,9/125,2,1.2500000025673907e-07,5.000000010269563e-08
4,"[0.1, 0.1]",native_joint,0.0,0.0,full_feasible_return_range,LLR,True,0.072000000002862,H4_e0p1_0p1_native_singles_qNone_f0.0_U_asymmetric,60,numerically enlarged cost sublevel; not an exact eta-optimality assertion,0.0,1.0269562977782698e-16,5e-08,5.559788740505666e-17,5.559788740505666e-17,0.07200050000000106,triangle,0.5600000000000003,0.07200050000000106,0.1888002360000005,0.08000024500000051,singles,2/25,49/25,1.2500000025673907e-07,5.000000010269563e-08
4,"[0.1, 0.1]",native_joint,0.0,0.0,full_feasible_return_range,LRR,True,0.07200000000000167,H4_e0p1_0p1_native_repeats_qNone_f0.0_V,60,numerically enlarged cost sublevel; not an exact eta-optimality assertion,0.0,1.0269562977782698e-16,5e-08,3.00454106039183e-16,3.00454106039183e-16,0.0720005000000011,triangle,0.5600000000000003,0.0720005000000011,0.1888002360000005,0.08000024500000051,singles,2/25,49/25,1.2500000025673907e-07,5.000000010269563e-08
4,"[0.1, 0.1]",native_joint,0.0,0.0,full_feasible_return_range,adaptive_L,True,0.09864201291862316,H4_e0p1_0p1_native_minimax_qNone_f0.05_parity,60,numerically enlarged cost sublevel; not an exact eta-optimality assertion,0.0,1.0269562977782698e-16,5e-08,6.674348573820765e-16,6.674348573820765e-16,0.12436413636363744,triangle,0.530666666666667,0.12436413636363744,0.1888002360000005,0.12960021150000042,singles,81/625,423/250,1.2500000025673907e-07,5.000000010269563e-08
4,"[0.1, 0.1]",native_joint,0.01,0.0025600000000000006,full_feasible_return_range,LR,False,0.0179948811700252,H4_e0p1_0p1_native_joint_qNone_f0.01_parity,74,numerically enlarged cost sublevel; not an exact eta-optimality assertion,0.0,1.0269562977782698e-16,5e-08,0.002560000000000751,0.002560000000000751,0.025600500000001036,triangle,0.56,0.025600500000001036,0.17024020000000045,0.09095132500000044,singles,2/25,77/45,0.006400125000000259,0.0025600500000001036
4,"[0.1, 0.1]",native_joint,0.01,0.0025600000000000006,full_feasible_return_range,LLL,False,0.08053333333333362,H4_e0p1_0p1_native_joint_qNone_f0.01_U,74,numerically enlarged cost sublevel; not an exact eta-optimality assertion,0.0,1.0269562977782698e-16,5e-08,0.002560000000000183,0.002560000000000183,0.08480025000000051,coupling,0.4720000000000001,0.08480025000000074,0.2008834360000005,0.08480025000000051,singles,9/125,2,0.006400125000000259,0.0025600500000001036
4,"[0.1, 0.1]",native_joint,0.01,0.0025600000000000006,full_feasible_return_range,RRR,False,0.08053333333333348,H4_e0p1_0p1_native_joint_qNone_f0.01_V,74,numerically enlarged cost sublevel; not an exact eta-optimality assertion,0.0,1.0269562977782698e-16,5e-08,0.0025600000000463316,0.0025600000000463316,0.08480025000000051,coupling,0.47200000000000003,0.08480025000000067,0.2008834360000005,0.08480025000000051,singles,9/125,2,0.006400125000000259,0.0025600500000001036
4,"[0.1, 0.1]",native_joint,0.01,0.0025600000000000006,full_feasible_return_range,LLR,True,0.072000000002862,H4_e0p1_0p1_native_singles_qNone_f0.0_U_asymmetric,74,numerically enlarged cost sublevel; not an exact eta-optimality assertion,0.0,1.0269562977782698e-16,5e-08,5.559788740505666e-17,5.559788740505666e-17,0.09254424500000051,coupling,0.5600000000000003,0.09760050000000108,0.2008834360000005,0.09254424500000051,singles,2/25,49/25,0.006400125000000259,0.0025600500000001036
4,"[0.1, 0.1]",native_joint,0.01,0.0025600000000000006,full_feasible_return_range,LRR,True,0.07200000000000167,H4_e0p1_0p1_native_repeats_qNone_f0.0_V,74,numerically enlarged cost sublevel; not an exact eta-optimality assertion,0.0,1.0269562977782698e-16,5e-08,3.00454106039183e-16,3.00454106039183e-16,0.09254424500000051,coupling,0.5600000000000003,0.09760050000000112,0.2008834360000005,0.09254424500000051,singles,2/25,49/25,0.006400125000000259,0.0025600500000001036
4,"[0.1, 0.1]",native_joint,0.01,0.0025600000000000006,full_feasible_return_range,adaptive_L,True,0.1055159921550606,H4_e0p1_0p1_native_singles_qNone_f0.01_U,74,numerically enlarged cost sublevel; not an exact eta-optimality assertion,0.0,1.0269562977782698e-16,5e-08,0.0024000000000002136,0.0024000000000002136,0.14042901150000042,coupling,0.530666666666667,0.14996413636363745,0.2008834360000005,0.14042901150000042,singles,81/625,423/250,0.006400125000000259,0.0025600500000001036
4,"[0.1, 0.1]",native_joint,0.05,0.012800000000000004,full_feasible_return_range,LR,False,0.052065813528336585,H4_e0p1_0p1_native_joint_qNone_f0.05_world,118,numerically enlarged cost sublevel; not an exact eta-optimality assertion,0.0,1.0269562977782698e-16,5e-08,0.012800000000000198,0.012800000000000198,0.12800050000000104,triangle,0.56,0.12800050000000104,0.21120020000000048,0.1347557694444449,singles,2/25,77/45,0.03200012500000026,0.012800050000000106
4,"[0.1, 0.1]",native_joint,0.05,0.012800000000000004,full_feasible_return_range,LLL,False,0.11466666666666736,H4_e0p1_0p1_native_joint_qNone_f0.05_U,118,numerically enlarged cost sublevel; not an exact eta-optimality assertion,0.0,1.0269562977782698e-16,5e-08,0.012800000000000412,0.012800000000000412,0.13600025000000052,coupling,0.4720000000000001,0.13600025000000077,0.24921623600000054,0.13600025000000052,singles,9/125,2,0.03200012500000026,0.012800050000000106
4,"[0.1, 0.1]",native_joint,0.05,0.012800000000000004,full_feasible_return_range,RRR,False,0.11466666666666714,H4_e0p1_0p1_native_joint_qNone_f0.05_V,118,numerically enlarged cost sublevel; not an exact eta-optimality assertion,0.0,1.0269562977782698e-16,5e-08,0.012800000000000127,0.012800000000000127,0.13600025000000052,coupling,0.47200000000000003,0.13600025000000068,0.24921623600000054,0.13600025000000052,singles,9/125,2,0.03200012500000026,0.012800050000000106
4,"[0.1, 0.1]",native_joint,0.05,0.012800000000000004,full_feasible_return_range,LLR,True,0.072000000002862,H4_e0p1_0p1_native_singles_qNone_f0.0_U_asymmetric,118,numerically enlarged cost sublevel; not an exact eta-optimality assertion,0.0,1.0269562977782698e-16,5e-08,5.559788740505666e-17,5.559788740505666e-17,0.14272024500000052,coupling,0.5600000000000003,0.20000050000000108,0.24921623600000054,0.14272024500000052,singles,2/25,49/25,0.03200012500000026,0.012800050000000106
4,"[0.1, 0.1]",native_joint,0.05,0.012800000000000004,full_feasible_return_range,LRR,True,0.07200000000000441,H4_e0p1_0p1_native_repeats_qNone_f0.01_V,118,numerically enlarged cost sublevel; not an exact eta-optimality assertion,0.0,1.0269562977782698e-16,5e-08,0.002574000000000183,0.002574000000000183,0.14272024500000052,coupling,0.5600000000000003,0.20000050000000114,0.24921623600000054,0.14272024500000052,singles,2/25,49/25,0.03200012500000026,0.012800050000000106
4,"[0.1, 0.1]",native_joint,0.05,0.012800000000000004,full_feasible_return_range,adaptive_L,True,0.1055159921550606,H4_e0p1_0p1_native_singles_qNone_f0.01_U,118,numerically enlarged cost sublevel; not an exact eta-optimality assertion,0.0,1.0269562977782698e-16,5e-08,0.0024000000000002136,0.0024000000000002136,0.18374421150000042,coupling,0.530666666666667,0.25236413636363747,0.24921623600000054,0.18374421150000042,singles,81/625,423/250,0.03200012500000026,0.012800050000000106
4,"[0.1, 0.1]",native_repeats,0.0,0.0,full_feasible_return_range,LR,False,1.042048392019268e-14,H4_e0p1_0p1_native_minimax_qNone_f0.0_parity,12,numerically enlarged cost sublevel; not an exact eta-optimality assertion,0.007200000000000012,0.007200000000000279,5e-08,0.0072000000000079995,7.987534245135208e-15,0.07200050000000278,triangle,0.56,0.07200050000000278,0.10240040000000225,0.07784947302404935,majority3,28/1475,1383160/845883,0.03600025000000139,0.007200050000000279
4,"[0.1, 0.1]",native_repeats,0.0,0.0,full_feasible_return_range,LLL,False,0.07200000001326506,H4_e0p1_0p1_native_repeats_qNone_f0.0_U_asymmetric,12,numerically enlarged cost sublevel; not an exact eta-optimality assertion,0.007200000000000012,0.007200000000000279,5e-08,0.007200000001326597,1.3265846754428878e-12,0.07200050000000278,triangle,0.4720000000000001,0.07200050000000278,0.12083247200000265,0.08847505567796878,majority3,243/12500,5657/2950,0.03600025000000139,0.007200050000000279
4,"[0.1, 0.1]",native_repeats,0.0,0.0,full_feasible_return_range,RRR,False,0.07200000000013532,H4_e0p1_0p1_native_repeats_qNone_f0.0_V,12,numerically enlarged cost sublevel; not an exact eta-optimality assertion,0.007200000000000012,0.007200000000000279,5e-08,0.007200000000013833,1.382140929484521e-14,0.07200050000000278,triangle,0.47200000000000003,0.07200050000000278,0.12083247200000265,0.08847505567796878,majority3,243/12500,5657/2950,0.03600025000000139,0.007200050000000279
4,"[0.1, 0.1]",native_repeats,0.0,0.0,full_feasible_return_range,LLR,True,0.07200000000000968,H4_e0p1_0p1_native_repeats_qNone_f0.0_U,12,numerically enlarged cost sublevel; not an exact eta-optimality assertion,0.007200000000000012,0.007200000000000279,5e-08,0.007200000000000597,5.854691731421724e-16,0.07976855084754293,coupling,0.5600000000000003,0.1440005000000028,0.12083247200000265,0.07976855084754293,majority3,188046876684461838083/9415749307774751286500,98/59,0.03600025000000139,0.007200050000000279
4,"[0.1, 0.1]",native_repeats,0.0,0.0,full_feasible_return_range,LRR,True,0.07200000000000167,H4_e0p1_0p1_native_repeats_qNone_f0.0_V,12,numerically enlarged cost sublevel; not an exact eta-optimality assertion,0.007200000000000012,0.007200000000000279,5e-08,0.007200000000013833,1.382140929484521e-14,0.07976855084745993,coupling,0.5600000000000003,0.14400050000000286,0.12083247200000265,0.07976855084745993,majority3,14729/737500,98/59,0.03600025000000139,0.007200050000000279
4,"[0.1, 0.1]",native_repeats,0.0,0.0,full_feasible_return_range,adaptive_L,True,0.07200000000000698,H4_e0p1_0p1_native_repeats_qNone_f0.0_U_asymmetric,12,numerically enlarged cost sublevel; not an exact eta-optimality assertion,0.007200000000000012,0.007200000000000279,5e-08,0.007200000001326597,1.3265846754428878e-12,0.09345246935339224,coupling,0.530666666666667,0.1963641363636392,0.12083247200000265,0.09345246935339224,majority3,4535109/147500000,513837/295000,0.03600025000000139,0.007200050000000279
4,"[0.1, 0.1]",native_repeats,0.01,0.0034320000000000006,full_feasible_return_range,LR,False,0.008580000000002886,H4_e0p1_0p1_native_repeats_qNone_f0.01_U,47,numerically enlarged cost sublevel; not an exact eta-optimality assertion,0.007200000000000012,0.007200000000000279,5e-08,0.010632000000001567,0.0034320000000015553,0.10590893940415155,coupling,0.56,0.10632050000000279,0.1298564000000023,0.10590893940415155,majority3,28/1475,1383160/845883,0.053160250000001394,0.01063205000000028
4,"[0.1, 0.1]",native_repeats,0.01,0.0034320000000000006,full_feasible_return_range,LLL,False,0.08058000000000198,H4_e0p1_0p1_native_repeats_qNone_f0.01_U,47,numerically enlarged cost sublevel; not an exact eta-optimality assertion,0.007200000000000012,0.007200000000000279,5e-08,0.010632000000001567,0.0034320000000015553,0.10632050000000279,triangle,0.4720000000000001,0.10632050000000279,0.15323055200000266,0.12138153703390098,majority3,243/12500,5657/2950,0.053160250000001394,0.01063205000000028
4,"[0.1, 0.1]",native_repeats,0.01,0.0034320000000000006,full_feasible_return_range,RRR,False,0.08058000000000176,H4_e0p1_0p1_native_repeats_qNone_f0.01_V,47,numerically enlarged cost sublevel; not an exact eta-optimality assertion,0.007200000000000012,0.007200000000000279,5e-08,0.010632000000000377,0.0034320000000003653,0.10632050000000279,triangle,0.47200000000000003,0.10632050000000279,0.15323055200000266,0.12138153703390098,majority3,243/12500,5657/2950,0.053160250000001394,0.01063205000000028
4,"[0.1, 0.1]",native_repeats,0.01,0.0034320000000000006,full_feasible_return_range,LLR,True,0.07200000000006018,H4_e0p1_0p1_information_q0.5_f0.05_U_asymmetric,47,numerically enlarged cost sublevel; not an exact eta-optimality assertion,0.007200000000000012,0.007200000000000279,5e-08,0.010539885289451443,0.0033398852894514306,0.10827160169500057,coupling,0.5600000000000003,0.17832050000000282,0.15323055200000266,0.10827160169500057,majority3,188046876684461838083/9415749307774751286500,98/59,0.053160250000001394,0.01063205000000028
4,"[0.1, 0.1]",native_repeats,0.01,0.0034320000000000006,full_feasible_return_range,LRR,True,0.07200000000000441,H4_e0p1_0p1_native_repeats_qNone_f0.01_V,47,numerically enlarged cost sublevel; not an exact eta-optimality assertion,0.007200000000000012,0.007200000000000279,5e-08,0.010632000000000377,0.0034320000000003653,0.10827160169491756,coupling,0.5600000000000003,0.17832050000000288,0.15323055200000266,0.10827160169491756,majority3,14729/737500,98/59,0.053160250000001394,0.01063205000000028
4,"[0.1, 0.1]",native_repeats,0.01,0.0034320000000000006,full_feasible_return_range,adaptive_L,True,0.08146308684752485,H4_e0p1_0p1_native_repeats_qNone_f0.01_parity,47,numerically enlarged cost sublevel; not an exact eta-optimality assertion,0.007200000000000012,0.007200000000000279,5e-08,0.01063200000000028,0.003432000000000268,0.1233421063703414,coupling,0.530666666666667,0.23068413636363921,0.15323055200000266,0.1233421063703414,majority3,4535109/147500000,513837/295000,0.053160250000001394,0.01063205000000028
4,"[0.1, 0.1]",native_repeats,0.05,0.017160000000000005,full_feasible_return_range,LR,False,0.042900000000002776,H4_e0p1_0p1_native_repeats_qNone_f0.05_V,110,numerically enlarged cost sublevel; not an exact eta-optimality assertion,0.007200000000000012,0.007200000000000279,5e-08,0.024360000000000655,0.017160000000000643,0.18420688055555678,coupling,0.56,0.24360050000000286,0.23968040000000235,0.18420688055555678,singles,2/25,77/45,0.060900125000000714,0.024360050000000286
4,"[0.1, 0.1]",native_repeats,0.05,0.017160000000000005,full_feasible_return_range,LLL,False,0.11490000000000057,H4_e0p1_0p1_native_repeats_qNone_f0.05_U_asymmetric,110,numerically enlarged cost sublevel; not an exact eta-optimality assertion,0.007200000000000012,0.007200000000000279,5e-08,0.024360000000000305,0.017160000000000293,0.19380025000000142,coupling,0.4720000000000001,0.19380025000000167,0.2828228720000027,0.19380025000000142,singles,9/125,2,0.060900125000000714,0.024360050000000286
4,"[0.1, 0.1]",native_repeats,0.05,0.017160000000000005,full_feasible_return_range,RRR,False,0.11490000000000102,H4_e0p1_0p1_native_repeats_qNone_f0.05_V,110,numerically enlarged cost sublevel; not an exact eta-optimality assertion,0.007200000000000012,0.007200000000000279,5e-08,0.024360000000000655,0.017160000000000643,0.19380025000000142,coupling,0.47200000000000003,0.1938002500000016,0.2828228720000027,0.19380025000000142,singles,9/125,2,0.060900125000000714,0.024360050000000286
4,"[0.1, 0.1]",native_repeats,0.05,0.017160000000000005,full_feasible_return_range,LLR,True,0.072000000002862,H4_e0p1_0p1_native_singles_qNone_f0.0_U_asymmetric,110,numerically enlarged cost sublevel; not an exact eta-optimality assertion,0.007200000000000012,0.007200000000000279,5e-08,0.014341090909091638,0.007141090909091626,0.19936424500000138,coupling,0.5600000000000003,0.3156005000000029,0.2828228720000027,0.19936424500000138,singles,2/25,49/25,0.060900125000000714,0.024360050000000286
4,"[0.1, 0.1]",native_repeats,0.05,0.017160000000000005,full_feasible_return_range,LRR,True,0.07200000000000441,H4_e0p1_0p1_native_repeats_qNone_f0.01_V,110,numerically enlarged cost sublevel; not an exact eta-optimality assertion,0.007200000000000012,0.007200000000000279,5e-08,0.010632000000000377,0.0034320000000003653,0.19936424500000138,coupling,0.5600000000000003,0.31560050000000295,0.2828228720000027,0.19936424500000138,singles,2/25,49/25,0.060900125000000714,0.024360050000000286
4,"[0.1, 0.1]",native_repeats,0.05,0.017160000000000005,full_feasible_return_range,adaptive_L,True,0.1055159921550606,H4_e0p1_0p1_native_singles_qNone_f0.01_U,110,numerically enlarged cost sublevel; not an exact eta-optimality assertion,0.007200000000000012,0.007200000000000279,5e-08,0.01611253320454085,0.00891253320454084,0.23264301150000122,coupling,0.530666666666667,0.28481848355263195,0.2828228720000027,0.23264301150000122,singles,81/625,423/250,0.060900125000000714,0.024360050000000286
4,"[0.1, 0.1]",native_minimax,0.0,0.0,full_feasible_return_range,LR,False,1.042048392019268e-14,H4_e0p1_0p1_native_minimax_qNone_f0.0_parity,6,numerically enlarged cost sublevel; not an exact eta-optimality assertion,0.036000000000004306,0.036000000000001815,5e-08,0.03600000000000883,4.524158825347513e-15,0.03600005000000182,triangle,0.56,0.03600005000000182,0.10240008000000293,0.07784914599064234,majority3,28/1475,1383160/845883,0.03600005000000182,0.03600005000000182
4,"[0.1, 0.1]",native_minimax,0.0,0.0,full_feasible_return_range,LLL,False,0.036000000000059415,H4_e0p1_0p1_native_minimax_qNone_f0.0_U_asymmetric,6,numerically enlarged cost sublevel; not an exact eta-optimality assertion,0.036000000000004306,0.036000000000001815,5e-08,0.036000000000059415,5.510869538483121e-14,0.03600005000000182,triangle,0.4720000000000001,0.03600005000000182,0.12083209440000345,0.08847467215254586,majority3,243/12500,5657/2950,0.03600005000000182,0.03600005000000182
4,"[0.1, 0.1]",native_minimax,0.0,0.0,full_feasible_return_range,RRR,False,0.03600000000001006,H4_e0p1_0p1_native_minimax_qNone_f0.0_V,6,numerically enlarged cost sublevel; not an exact eta-optimality assertion,0.036000000000004306,0.036000000000001815,5e-08,0.03600000000001006,5.752343046339092e-15,0.03600005000000182,triangle,0.47200000000000003,0.03600005000000182,0.12083209440000345,0.08847467215254586,majority3,243/12500,5657/2950,0.03600005000000182,0.03600005000000182
4,"[0.1, 0.1]",native_minimax,0.0,0.0,full_feasible_return_range,LLR,True,0.03600000000002469,H4_e0p1_0p1_native_minimax_qNone_f0.0_U_asymmetric,6,numerically enlarged cost sublevel; not an exact eta-optimality assertion,0.036000000000004306,0.036000000000001815,5e-08,0.036000000000059415,5.510869538483121e-14,0.0797682186441538,coupling,0.5600000000000003,0.10800005000000185,0.12083209440000345,0.0797682186441538,majority3,188046876684461838083/9415749307774751286500,98/59,0.03600005000000182,0.03600005000000182
4,"[0.1, 0.1]",native_minimax,0.0,0.0,full_feasible_return_range,LRR,True,0.03595555555556469,H4_e0p1_0p1_native_minimax_qNone_f0.0_parity,6,numerically enlarged cost sublevel; not an exact eta-optimality assertion,0.036000000000004306,0.036000000000001815,5e-08,0.03600000000000883,4.524158825347513e-15,0.07976821864407081,coupling,0.5600000000000003,0.1080000500000019,0.12083209440000345,0.07976821864407081,majority3,14729/737500,98/59,0.03600005000000182,0.03600005000000182
4,"[0.1, 0.1]",native_minimax,0.0,0.0,full_feasible_return_range,adaptive_L,True,0.060840000000010594,H4_e0p1_0p1_native_minimax_qNone_f0.0_parity,6,numerically enlarged cost sublevel; not an exact eta-optimality assertion,0.036000000000004306,0.036000000000001815,5e-08,0.03600000000000883,4.524158825347513e-15,0.0934521209893252,coupling,0.530666666666667,0.16036368636363824,0.12083209440000345,0.0934521209893252,majority3,4535109/147500000,513837/295000,0.03600005000000182,0.03600005000000182
4,"[0.1, 0.1]",native_minimax,0.01,0.0052399999999999895,full_feasible_return_range,LR,False,3.3867873783233193e-14,H4_e0p1_0p1_native_minimax_qNone_f0.01_U_asymmetric,11,numerically enlarged cost sublevel; not an exact eta-optimality assertion,0.036000000000004306,0.036000000000001815,5e-08,0.041240000000001276,0.005239999999996969,0.041240050000001804,triangle,0.56,0.041240050000001804,0.11078408000000291,0.086417421272212,majority3,28/1475,1383160/845883,0.041240050000001804,0.041240050000001804
4,"[0.1, 0.1]",native_minimax,0.01,0.0052399999999999895,full_feasible_return_range,LLL,False,0.04124000000000454,H4_e0p1_0p1_native_minimax_qNone_f0.01_parity,11,numerically enlarged cost sublevel; not an exact eta-optimality assertion,0.036000000000004306,0.036000000000001815,5e-08,0.04124000000000454,0.005240000000000231,0.041240050000001804,triangle,0.4720000000000001,0.041240050000001804,0.1307252144000034,0.09852303825424075,majority3,243/12500,5657/2950,0.041240050000001804,0.041240050000001804
4,"[0.1, 0.1]",native_minimax,0.01,0.0052399999999999895,full_feasible_return_range,RRR,False,0.041240000000001956,H4_e0p1_0p1_native_minimax_qNone_f0.01_V,11,numerically enlarged cost sublevel; not an exact eta-optimality assertion,0.036000000000004306,0.036000000000001815,5e-08,0.041240000000001956,0.005239999999997649,0.041240050000001804,triangle,0.47200000000000003,0.041240050000001804,0.1307252144000034,0.09852303825424075,majority3,243/12500,5657/2950,0.041240050000001804,0.041240050000001804
4,"[0.1, 0.1]",native_minimax,0.01,0.0052399999999999895,full_feasible_return_range,LLR,True,0.041240000000003094,H4_e0p1_0p1_native_minimax_qNone_f0.01_U_asymmetric,11,numerically enlarged cost sublevel; not an exact eta-optimality assertion,0.036000000000004306,0.036000000000001815,5e-08,0.041240000000001276,0.005239999999996969,0.08847194745771311,coupling,0.5600000000000003,0.11324005000000184,0.1307252144000034,0.08847194745771311,majority3,188046876684461838083/9415749307774751286500,98/59,0.041240050000001804,0.041240050000001804
4,"[0.1, 0.1]",native_minimax,0.01,0.0052399999999999895,full_feasible_return_range,LRR,True,0.03953222600358462,H4_e0p1_0p1_native_minimax_qNone_f0.01_V,11,numerically enlarged cost sublevel; not an exact eta-optimality assertion,0.036000000000004306,0.036000000000001815,5e-08,0.041240000000001956,0.005239999999997649,0.08847194745763012,coupling,0.5600000000000003,0.11324005000000188,0.1307252144000034,0.08847194745763012,majority3,14729/737500,98/59,0.041240050000001804,0.041240050000001804
4,"[0.1, 0.1]",native_minimax,0.01,0.0052399999999999895,full_feasible_return_range,adaptive_L,True,0.06328988783717641,H4_e0p1_0p1_native_minimax_qNone_f0.01_parity,11,numerically enlarged cost sublevel; not an exact eta-optimality assertion,0.036000000000004306,0.036000000000001815,5e-08,0.04124000000000454,0.005240000000000231,0.10257925956559635,coupling,0.530666666666667,0.1656036863636382,0.1307252144000034,0.10257925956559635,majority3,4535109/147500000,513837/295000,0.041240050000001804,0.041240050000001804
4,"[0.1, 0.1]",native_minimax,0.05,0.026199999999999946,full_feasible_return_range,LR,False,3.3867873783233193e-14,H4_e0p1_0p1_native_minimax_qNone_f0.01_U_asymmetric,17,numerically enlarged cost sublevel; not an exact eta-optimality assertion,0.036000000000004306,0.036000000000001815,5e-08,0.041240000000001276,0.005239999999996969,0.06220005000000176,triangle,0.56,0.06220005000000176,0.14432008000000285,0.12069052239849062,majority3,28/1475,1383160/845883,0.06220005000000176,0.06220005000000176
4,"[0.1, 0.1]",native_minimax,0.05,0.026199999999999946,full_feasible_return_range,LLL,False,0.062200000000006375,H4_e0p1_0p1_native_minimax_qNone_f0.05_U_asymmetric,17,numerically enlarged cost sublevel; not an exact eta-optimality assertion,0.036000000000004306,0.036000000000001815,5e-08,0.062200000000006375,0.02620000000000207,0.06220005000000176,triangle,0.4720000000000001,0.06220005000000176,0.17029769440000334,0.1387165026610203,majority3,243/12500,5657/2950,0.06220005000000176,0.06220005000000176
4,"[0.1, 0.1]",native_minimax,0.05,0.026199999999999946,full_feasible_return_range,RRR,False,0.062200000000002836,H4_e0p1_0p1_native_minimax_qNone_f0.05_V,17,numerically enlarged cost sublevel; not an exact eta-optimality assertion,0.036000000000004306,0.036000000000001815,5e-08,0.062200000000002836,0.02619999999999853,0.06220005000000176,triangle,0.47200000000000003,0.06220005000000176,0.17029769440000334,0.1387165026610203,majority3,243/12500,5657/2950,0.06220005000000176,0.06220005000000176
4,"[0.1, 0.1]",native_minimax,0.05,0.026199999999999946,full_feasible_return_range,LLR,True,0.06220000000002321,H4_e0p1_0p1_native_minimax_qNone_f0.05_U_asymmetric,17,numerically enlarged cost sublevel; not an exact eta-optimality assertion,0.036000000000004306,0.036000000000001815,5e-08,0.062200000000006375,0.02620000000000207,0.12328686271195033,coupling,0.5600000000000003,0.1342000500000018,0.17029769440000334,0.12328686271195033,majority3,188046876684461838083/9415749307774751286500,98/59,0.06220005000000176,0.06220005000000176
4,"[0.1, 0.1]",native_minimax,0.05,0.026199999999999946,full_feasible_return_range,LRR,True,0.06162598754493356,H4_e0p1_0p1_native_minimax_qNone_f0.05_V,17,numerically enlarged cost sublevel; not an exact eta-optimality assertion,0.036000000000004306,0.036000000000001815,5e-08,0.062200000000002836,0.02619999999999853,0.12328686271186734,coupling,0.5600000000000003,0.13420005000000185,0.17029769440000334,0.12328686271186734,majority3,14729/737500,98/59,0.06220005000000176,0.06220005000000176
4,"[0.1, 0.1]",native_minimax,0.05,0.026199999999999946,full_feasible_return_range,adaptive_L,True,0.09864201291862316,H4_e0p1_0p1_native_minimax_qNone_f0.05_parity,17,numerically enlarged cost sublevel; not an exact eta-optimality assertion,0.036000000000004306,0.036000000000001815,5e-08,0.06220000000000193,0.02619999999999762,0.13908781387068103,coupling,0.530666666666667,0.18656368636363818,0.17029769440000334,0.13908781387068103,majority3,4535109/147500000,513837/295000,0.06220005000000176,0.06220005000000176
4,"[0.25, 0.25]",native_singles,0.0,0.0,full_feasible_return_range,LR,False,0.040178571479406955,H4_e0p25_0p25_native_singles_qNone_f0.0_parity,81,numerically enlarged cost sublevel; not an exact eta-optimality assertion,0.0,0.0,5e-08,3.33066907387547e-17,3.33066907387547e-17,0.12500016666666666,coupling,0.3125,0.187500125,0.250000125,0.12500016666666666,singles,1/8,4/3,1.25e-07,5e-08
4,"[0.25, 0.25]",native_singles,0.0,0.0,full_feasible_return_range,LLL,False,0.0937500000000539,H4_e0p25_0p25_native_singles_qNone_f0.01_U_asymmetric,81,numerically enlarged cost sublevel; not an exact eta-optimality assertion,0.0,0.0,5e-08,0.0,0.0,0.09375024999999998,triangle,0.34375,0.09375024999999998,0.34375,0.09375025,singles,3/32,2,1.25e-07,5e-08
4,"[0.25, 0.25]",native_singles,0.0,0.0,full_feasible_return_range,RRR,False,0.09375000000004094,H4_e0p25_0p25_native_joint_qNone_f0.0_U_asymmetric,81,numerically enlarged cost sublevel; not an exact eta-optimality assertion,0.0,0.0,5e-08,7.216449660063518e-17,7.216449660063518e-17,0.09375025,coupling,0.34375,0.09375025000000001,0.34375,0.09375025,singles,3/32,2,1.25e-07,5e-08
4,"[0.25, 0.25]",native_singles,0.0,0.0,full_feasible_return_range,LLR,True,0.09375000000004882,H4_e0p25_0p25_native_tagged_qNone_f0.0_U_asymmetric,81,numerically enlarged cost sublevel; not an exact eta-optimality assertion,0.0,0.0,5e-08,0.0,0.0,0.12500021875,coupling,0.34375000000000017,0.18750012500000005,0.34375000000000017,0.12500021875,singles,1/8,7/4,1.25e-07,5e-08
4,"[0.25, 0.25]",native_singles,0.0,0.0,full_feasible_return_range,LRR,True,0.09375000000001785,H4_e0p25_0p25_native_singles_qNone_f0.0_U,81,numerically enlarged cost sublevel; not an exact eta-optimality assertion,0.0,0.0,5e-08,0.0,0.0,0.12500021875,coupling,0.34375,0.187500125,0.34375,0.12500021875,singles,1/8,7/4,1.25e-07,5e-08
4,"[0.25, 0.25]",native_singles,0.0,0.0,full_feasible_return_range,adaptive_L,True,0.13125000000000234,H4_e0p25_0p25_native_singles_qNone,81,numerically enlarged cost sublevel; not an exact eta-optimality assertion,0.0,0.0,5e-08,0.0,0.0,0.1406251875,coupling,0.3437499999999999,0.18750012499999993,0.3437499999999999,0.1406251875,singles,9/64,3/2,1.25e-07,5e-08
4,"[0.25, 0.25]",native_singles,0.01,0.001,full_feasible_return_range,LR,False,0.04482142857142969,H4_e0p25_0p25_native_singles_qNone_f0.01_parity,87,numerically enlarged cost sublevel; not an exact eta-optimality assertion,0.0,0.0,5e-08,0.0010000000000000618,0.0010000000000000618,0.1283335,coupling,0.3125,0.190000125,0.252500125,0.1283335,singles,1/8,4/3,0.0025001249999999997,0.00100005
4,"[0.25, 0.25]",native_singles,0.01,0.001,full_feasible_return_range,LLL,False,0.09875000000000117,H4_e0p25_0p25_native_singles_qNone_f0.01_parity,87,numerically enlarged cost sublevel; not an exact eta-optimality assertion,0.0,0.0,5e-08,0.0010000000000000618,0.0010000000000000618,0.09875024999999998,triangle,0.34375,0.09875024999999998,0.34375,0.09875025,singles,3/32,2,0.0025001249999999997,0.00100005
4,"[0.25, 0.25]",native_singles,0.01,0.001,full_feasible_return_range,RRR,False,0.09875000000000034,H4_e0p25_0p25_native_singles_qNone_f0.01_V,87,numerically enlarged cost sublevel; not an exact eta-optimality assertion,0.0,0.0,5e-08,0.001000000000000023,0.001000000000000023,0.09875025,coupling,0.34375,0.09875025000000001,0.34375,0.09875025,singles,3/32,2,0.0025001249999999997,0.00100005
4,"[0.25, 0.25]",native_singles,0.01,0.001,full_feasible_return_range,LLR,True,0.09375000000004882,H4_e0p25_0p25_native_tagged_qNone_f0.0_U_asymmetric,87,numerically enlarged cost sublevel; not an exact eta-optimality assertion,0.0,0.0,5e-08,0.0,0.0,0.12937521875,coupling,0.34375000000000017,0.19000012500000005,0.34375000000000017,0.12937521875,singles,1/8,7/4,0.0025001249999999997,0.00100005
4,"[0.25, 0.25]",native_singles,0.01,0.001,full_feasible_return_range,LRR,True,0.09375000000001785,H4_e0p25_0p25_native_singles_qNone_f0.0_U,87,numerically enlarged cost sublevel; not an exact eta-optimality assertion,0.0,0.0,5e-08,0.0,0.0,0.12937521875,coupling,0.34375,0.190000125,0.34375,0.12937521875,singles,1/8,7/4,0.0025001249999999997,0.00100005
4,"[0.25, 0.25]",native_singles,0.01,0.001,full_feasible_return_range,adaptive_L,True,0.13125000000000234,H4_e0p25_0p25_native_singles_qNone,87,numerically enlarged cost sublevel; not an exact eta-optimality assertion,0.0,0.0,5e-08,0.0,0.0,0.1443751875,coupling,0.3437499999999999,0.19000012499999994,0.3437499999999999,0.1443751875,singles,9/64,3/2,0.0025001249999999997,0.00100005
4,"[0.25, 0.25]",native_singles,0.05,0.005000000000000001,full_feasible_return_range,LR,False,0.05937500000000018,H4_e0p25_0p25_native_singles_qNone_f0.05_parity,115,numerically enlarged cost sublevel; not an exact eta-optimality assertion,0.0,0.0,5e-08,0.005000000000000033,0.005000000000000033,0.14166683333333333,coupling,0.3125,0.200000125,0.262500125,0.14166683333333333,singles,1/8,4/3,0.012500125,0.005000050000000001
4,"[0.25, 0.25]",native_singles,0.05,0.005000000000000001,full_feasible_return_range,LLL,False,0.11875000000000101,H4_e0p25_0p25_native_singles_qNone_f0.05_world,115,numerically enlarged cost sublevel; not an exact eta-optimality assertion,0.0,0.0,5e-08,0.005000000000000033,0.005000000000000033,0.11875024999999999,triangle,0.34375,0.11875024999999999,0.34375,0.11875025,singles,3/32,2,0.012500125,0.005000050000000001
4,"[0.25, 0.25]",native_singles,0.05,0.005000000000000001,full_feasible_return_range,RRR,False,0.118750000000002,H4_e0p25_0p25_native_tagged_qNone_absolute0.005_V,115,numerically enlarged cost sublevel; not an exact eta-optimality assertion,0.0,0.0,5e-08,0.0050000000000000495,0.0050000000000000495,0.11875025,coupling,0.34375,0.11875025000000002,0.34375,0.11875025,singles,3/32,2,0.012500125,0.005000050000000001
4,"[0.25, 0.25]",native_singles,0.05,0.005000000000000001,full_feasible_return_range,LLR,True,0.09375000000004882,H4_e0p25_0p25_native_tagged_qNone_f0.0_U_asymmetric,115,numerically enlarged cost sublevel; not an exact eta-optimality assertion,0.0,0.0,5e-08,0.0,0.0,0.14687521875,coupling,0.34375000000000017,0.20000012500000006,0.34375000000000017,0.14687521875,singles,1/8,7/4,0.012500125,0.005000050000000001
4,"[0.25, 0.25]",native_singles,0.05,0.005000000000000001,full_feasible_return_range,LRR,True,0.09375000000038435,H4_e0p25_0p25_native_repeats_qNone_f0.01_V,115,numerically enlarged cost sublevel; not an exact eta-optimality assertion,0.0,0.0,5e-08,0.001078125000000671,0.001078125000000671,0.14687521875,coupling,0.34375,0.200000125,0.34375,0.14687521875,singles,1/8,7/4,0.012500125,0.005000050000000001
4,"[0.25, 0.25]",native_singles,0.05,0.005000000000000001,full_feasible_return_range,adaptive_L,True,0.13125000000000234,H4_e0p25_0p25_native_singles_qNone,115,numerically enlarged cost sublevel; not an exact eta-optimality assertion,0.0,0.0,5e-08,0.0,0.0,0.15937518750000002,coupling,0.3437499999999999,0.20000012499999995,0.3437499999999999,0.15937518750000002,singles,9/64,3/2,0.012500125,0.005000050000000001
4,"[0.25, 0.25]",native_tagged,0.0,0.0,full_feasible_return_range,LR,False,0.040178571479406955,H4_e0p25_0p25_native_singles_qNone_f0.0_parity,81,numerically enlarged cost sublevel; not an exact eta-optimality assertion,0.0,0.0,5e-08,1.0894063429134349e-16,1.0894063429134349e-16,0.12500016666666666,coupling,0.3125,0.1875001,0.250000125,0.12500016666666666,singles,1/8,4/3,1.25e-07,5e-08
4,"[0.25, 0.25]",native_tagged,0.0,0.0,full_feasible_return_range,LLL,False,0.0937500000000539,H4_e0p25_0p25_native_singles_qNone_f0.01_U_asymmetric,81,numerically enlarged cost sublevel; not an exact eta-optimality assertion,0.0,0.0,5e-08,4.163336342344338e-18,4.163336342344338e-18,0.09375024999999998,triangle,0.34375,0.09375024999999998,0.34375,0.09375025,singles,3/32,2,1.25e-07,5e-08
4,"[0.25, 0.25]",native_tagged,0.0,0.0,full_feasible_return_range,RRR,False,0.09375000000004094,H4_e0p25_0p25_native_joint_qNone_f0.0_U_asymmetric,81,numerically enlarged cost sublevel; not an exact eta-optimality assertion,0.0,0.0,5e-08,7.979727989493313e-17,7.979727989493313e-17,0.09375025,coupling,0.34375,0.09375025000000001,0.34375,0.09375025,singles,3/32,2,1.25e-07,5e-08
4,"[0.25, 0.25]",native_tagged,0.0,0.0,full_feasible_return_range,LLR,True,0.09375000000004882,H4_e0p25_0p25_native_tagged_qNone_f0.0_U_asymmetric,81,numerically enlarged cost sublevel; not an exact eta-optimality assertion,0.0,0.0,5e-08,0.0,0.0,0.12500021875,coupling,0.34375000000000017,0.1875001,0.34375000000000017,0.12500021875,singles,1/8,7/4,1.25e-07,5e-08
4,"[0.25, 0.25]",native_tagged,0.0,0.0,full_feasible_return_range,LRR,True,0.09375000000001785,H4_e0p25_0p25_native_singles_qNone_f0.0_U,81,numerically enlarged cost sublevel; not an exact eta-optimality assertion,0.0,0.0,5e-08,5.551115123125783e-18,5.551115123125783e-18,0.12500021875,coupling,0.34375,0.18750009999999998,0.34375,0.12500021875,singles,1/8,7/4,1.25e-07,5e-08
4,"[0.25, 0.25]",native_tagged,0.0,0.0,full_feasible_return_range,adaptive_L,True,0.13125000000000234,H4_e0p25_0p25_native_singles_qNone,81,numerically enlarged cost sublevel; not an exact eta-optimality assertion,0.0,0.0,5e-08,0.0,0.0,0.1406251875,coupling,0.3437499999999999,0.18750009999999998,0.3437499999999999,0.1406251875,singles,9/64,3/2,1.25e-07,5e-08
4,"[0.25, 0.25]",native_tagged,0.01,0.00125,full_feasible_return_range,LR,False,0.04598214285714302,H4_e0p25_0p25_native_tagged_qNone_f0.01_world,95,numerically enlarged cost sublevel; not an exact eta-optimality assertion,0.0,0.0,5e-08,0.0012500000000001332,0.0012500000000001332,0.12916683333333334,coupling,0.3125,0.1900001,0.253125125,0.12916683333333334,singles,1/8,4/3,0.003125125,0.00125005
4,"[0.25, 0.25]",native_tagged,0.01,0.00125,full_feasible_return_range,LLL,False,0.10000000000000023,H4_e0p25_0p25_native_tagged_qNone_f0.01_world,95,numerically enlarged cost sublevel; not an exact eta-optimality assertion,0.0,0.0,5e-08,0.0012500000000001332,0.0012500000000001332,0.10000024999999998,triangle,0.34375,0.10000024999999998,0.34375,0.10000025,singles,3/32,2,0.003125125,0.00125005
4,"[0.25, 0.25]",native_tagged,0.01,0.00125,full_feasible_return_range,RRR,False,0.10000000000000016,H4_e0p25_0p25_native_tagged_qNone_f0.01_V,95,numerically enlarged cost sublevel; not an exact eta-optimality assertion,0.0,0.0,5e-08,0.0012500000000003795,0.0012500000000003795,0.10000025,coupling,0.34375,0.10000025000000001,0.34375,0.10000025,singles,3/32,2,0.003125125,0.00125005
4,"[0.25, 0.25]",native_tagged,0.01,0.00125,full_feasible_return_range,LLR,True,0.09375000000004882,H4_e0p25_0p25_native_tagged_qNone_f0.0_U_asymmetric,95,numerically enlarged cost sublevel; not an exact eta-optimality assertion,0.0,0.0,5e-08,0.0,0.0,0.13046896875,coupling,0.34375000000000017,0.1900001,0.34375000000000017,0.13046896875,singles,1/8,7/4,0.003125125,0.00125005
4,"[0.25, 0.25]",native_tagged,0.01,0.00125,full_feasible_return_range,LRR,True,0.09375000000038435,H4_e0p25_0p25_native_repeats_qNone_f0.01_V,95,numerically enlarged cost sublevel; not an exact eta-optimality assertion,0.0,0.0,5e-08,0.0010781250000006855,0.0010781250000006855,0.13046896875,coupling,0.34375,0.19000009999999998,0.34375,0.13046896875,singles,1/8,7/4,0.003125125,0.00125005
4,"[0.25, 0.25]",native_tagged,0.01,0.00125,full_feasible_return_range,adaptive_L,True,0.13125000000000234,H4_e0p25_0p25_native_singles_qNone,95,numerically enlarged cost sublevel; not an exact eta-optimality assertion,0.0,0.0,5e-08,0.0,0.0,0.1453126875,coupling,0.3437499999999999,0.19000009999999998,0.3437499999999999,0.1453126875,singles,9/64,3/2,0.003125125,0.00125005
4,"[0.25, 0.25]",native_tagged,0.05,0.00625,full_feasible_return_range,LR,False,0.06250000000000042,H4_e0p25_0p25_native_tagged_qNone_f0.05_world,124,numerically enlarged cost sublevel; not an exact eta-optimality assertion,0.0,0.0,5e-08,0.006250000000000342,0.006250000000000342,0.1458335,coupling,0.3125,0.20000010000000001,0.265625125,0.1458335,singles,1/8,4/3,0.015625125,0.00625005
4,"[0.25, 0.25]",native_tagged,0.05,0.00625,full_feasible_return_range,LLL,False,0.12500000000000017,H4_e0p25_0p25_native_tagged_qNone_f0.05_world,124,numerically enlarged cost sublevel; not an exact eta-optimality assertion,0.0,0.0,5e-08,0.006250000000000342,0.006250000000000342,0.12500024999999998,triangle,0.34375,0.12500024999999998,0.34375,0.12500025,singles,3/32,2,0.015625125,0.00625005
4,"[0.25, 0.25]",native_tagged,0.05,0.00625,full_feasible_return_range,RRR,False,0.1250000000000009,H4_e0p25_0p25_native_tagged_qNone_f0.05_V,124,numerically enlarged cost sublevel; not an exact eta-optimality assertion,0.0,0.0,5e-08,0.0062500000000002285,0.0062500000000002285,0.12500025,triangle,0.34375,0.12500025,0.34375,0.12500025,singles,3/32,2,0.015625125,0.00625005
4,"[0.25, 0.25]",native_tagged,0.05,0.00625,full_feasible_return_range,LLR,True,0.09375000000004882,H4_e0p25_0p25_native_tagged_qNone_f0.0_U_asymmetric,124,numerically enlarged cost sublevel; not an exact eta-optimality assertion,0.0,0.0,5e-08,0.0,0.0,0.15234396875,coupling,0.34375000000000017,0.20000010000000001,0.34375000000000017,0.15234396875,singles,1/8,7/4,0.015625125,0.00625005
4,"[0.25, 0.25]",native_tagged,0.05,0.00625,full_feasible_return_range,LRR,True,0.09375000000038435,H4_e0p25_0p25_native_repeats_qNone_f0.01_V,124,numerically enlarged cost sublevel; not an exact eta-optimality assertion,0.0,0.0,5e-08,0.0010781250000006855,0.0010781250000006855,0.15234396875,coupling,0.34375,0.20000009999999996,0.34375,0.15234396875,singles,1/8,7/4,0.015625125,0.00625005
4,"[0.25, 0.25]",native_tagged,0.05,0.00625,full_feasible_return_range,adaptive_L,True,0.13125000000000234,H4_e0p25_0p25_native_singles_qNone,124,numerically enlarged cost sublevel; not an exact eta-optimality assertion,0.0,0.0,5e-08,0.0,0.0,0.1640626875,coupling,0.3437499999999999,0.20000009999999996,0.3437499999999999,0.1640626875,singles,9/64,3/2,0.015625125,0.00625005
4,"[0.25, 0.25]",native_joint,0.0,0.0,full_feasible_return_range,LR,False,3.219646771412954e-14,H4_e0p25_0p25_native_joint_qNone_f0.0_V,70,numerically enlarged cost sublevel; not an exact eta-optimality assertion,0.0,0.0,5e-08,7.870787355201969e-15,7.870787355201969e-15,5e-07,triangle,0.3125,5e-07,0.250000125,0.12500016666666666,singles,1/8,4/3,1.25e-07,5e-08
4,"[0.25, 0.25]",native_joint,0.0,0.0,full_feasible_return_range,LLL,False,0.0937500000000539,H4_e0p25_0p25_native_singles_qNone_f0.01_U_asymmetric,70,numerically enlarged cost sublevel; not an exact eta-optimality assertion,0.0,0.0,5e-08,4.163336342344338e-18,4.163336342344338e-18,0.09375024999999998,triangle,0.34375,0.09375024999999998,0.34375,0.09375025,singles,3/32,2,1.25e-07,5e-08
4,"[0.25, 0.25]",native_joint,0.0,0.0,full_feasible_return_range,RRR,False,0.09375000000004094,H4_e0p25_0p25_native_joint_qNone_f0.0_U_asymmetric,70,numerically enlarged cost sublevel; not an exact eta-optimality assertion,0.0,0.0,5e-08,9.298117831235686e-17,9.298117831235686e-17,0.09375025,coupling,0.34375,0.09375025000000001,0.34375,0.09375025,singles,3/32,2,1.25e-07,5e-08
4,"[0.25, 0.25]",native_joint,0.0,0.0,full_feasible_return_range,LLR,True,0.09375000000004882,H4_e0p25_0p25_native_tagged_qNone_f0.0_U_asymmetric,70,numerically enlarged cost sublevel; not an exact eta-optimality assertion,0.0,0.0,5e-08,0.0,0.0,0.09375049999999999,triangle,0.34375000000000017,0.09375049999999999,0.34375000000000017,0.12500021875,singles,1/8,7/4,1.25e-07,5e-08
4,"[0.25, 0.25]",native_joint,0.0,0.0,full_feasible_return_range,LRR,True,0.09375000000001785,H4_e0p25_0p25_native_singles_qNone_f0.0_U,70,numerically enlarged cost sublevel; not an exact eta-optimality assertion,0.0,0.0,5e-08,5.551115123125783e-18,5.551115123125783e-18,0.0937505,triangle,0.34375,0.0937505,0.34375,0.12500021875,singles,1/8,7/4,1.25e-07,5e-08
4,"[0.25, 0.25]",native_joint,0.0,0.0,full_feasible_return_range,adaptive_L,True,0.13125000000000234,H4_e0p25_0p25_native_singles_qNone,70,numerically enlarged cost sublevel; not an exact eta-optimality assertion,0.0,0.0,5e-08,0.0,0.0,0.13125049999999927,triangle,0.3437499999999999,0.13125049999999927,0.3437499999999999,0.1406251875,singles,9/64,3/2,1.25e-07,5e-08
4,"[0.25, 0.25]",native_joint,0.01,0.0015625,full_feasible_return_range,LR,False,0.01562500000000068,H4_e0p25_0p25_native_joint_qNone_f0.01_parity,80,numerically enlarged cost sublevel; not an exact eta-optimality assertion,0.0,0.0,5e-08,0.0015625000000001764,0.0015625000000001764,0.0156255,triangle,0.3125,0.0156255,0.253906375,0.1302085,singles,1/8,4/3,0.003906375,0.00156255
4,"[0.25, 0.25]",native_joint,0.01,0.0015625,full_feasible_return_range,LLL,False,0.09895833333333338,H4_e0p25_0p25_native_joint_qNone_f0.01_U,80,numerically enlarged cost sublevel; not an exact eta-optimality assertion,0.0,0.0,5e-08,0.0015625000000001137,0.0015625000000001137,0.10156274999999998,triangle,0.34375,0.10156274999999998,0.34375,0.10156275000000001,singles,3/32,2,0.003906375,0.00156255
4,"[0.25, 0.25]",native_joint,0.01,0.0015625,full_feasible_return_range,RRR,False,0.09895833333333344,H4_e0p25_0p25_native_joint_qNone_f0.01_V,80,numerically enlarged cost sublevel; not an exact eta-optimality assertion,0.0,0.0,5e-08,0.0015625000000012352,0.0015625000000012352,0.10156275000000001,triangle,0.34375,0.10156275000000001,0.34375,0.10156275000000001,singles,3/32,2,0.003906375,0.00156255
4,"[0.25, 0.25]",native_joint,0.01,0.0015625,full_feasible_return_range,LLR,True,0.09375000000004882,H4_e0p25_0p25_native_tagged_qNone_f0.0_U_asymmetric,80,numerically enlarged cost sublevel; not an exact eta-optimality assertion,0.0,0.0,5e-08,0.0,0.0,0.10937549999999999,triangle,0.34375000000000017,0.10937549999999999,0.34375000000000017,0.13183615625,singles,1/8,7/4,0.003906375,0.00156255
4,"[0.25, 0.25]",native_joint,0.01,0.0015625,full_feasible_return_range,LRR,True,0.09375000000001785,H4_e0p25_0p25_native_singles_qNone_f0.0_U,80,numerically enlarged cost sublevel; not an exact eta-optimality assertion,0.0,0.0,5e-08,5.551115123125783e-18,5.551115123125783e-18,0.1093755,triangle,0.34375,0.1093755,0.34375,0.13183615625,singles,1/8,7/4,0.003906375,0.00156255
4,"[0.25, 0.25]",native_joint,0.01,0.0015625,full_feasible_return_range,adaptive_L,True,0.13125000000000234,H4_e0p25_0p25_native_singles_qNone,80,numerically enlarged cost sublevel; not an exact eta-optimality assertion,0.0,0.0,5e-08,0.0,0.0,0.1464845625,coupling,0.3437499999999999,0.14687549999999927,0.3437499999999999,0.1464845625,singles,9/64,3/2,0.003906375,0.00156255
4,"[0.25, 0.25]",native_joint,0.05,0.0078125,full_feasible_return_range,LR,False,0.05221036585365899,H4_e0p25_0p25_native_joint_qNone_f0.05_parity,112,numerically enlarged cost sublevel; not an exact eta-optimality assertion,0.0,0.0,5e-08,0.007812500000000206,0.007812500000000206,0.07812549999999999,triangle,0.3125,0.07812549999999999,0.269531375,0.15104183333333332,singles,1/8,4/3,0.019531374999999997,0.00781255
4,"[0.25, 0.25]",native_joint,0.05,0.0078125,full_feasible_return_range,LLL,False,0.11979166666666691,H4_e0p25_0p25_native_joint_qNone_f0.05_U,112,numerically enlarged cost sublevel; not an exact eta-optimality assertion,0.0,0.0,5e-08,0.007812500000000158,0.007812500000000158,0.13281274999999998,triangle,0.34375,0.13281274999999998,0.34375,0.13281274999999998,singles,3/32,2,0.019531374999999997,0.00781255
4,"[0.25, 0.25]",native_joint,0.05,0.0078125,full_feasible_return_range,RRR,False,0.11979166666666687,H4_e0p25_0p25_native_joint_qNone_f0.05_V,112,numerically enlarged cost sublevel; not an exact eta-optimality assertion,0.0,0.0,5e-08,0.007812500000000095,0.007812500000000095,0.13281274999999998,coupling,0.34375,0.13281275,0.34375,0.13281274999999998,singles,3/32,2,0.019531374999999997,0.00781255
4,"[0.25, 0.25]",native_joint,0.05,0.0078125,full_feasible_return_range,LLR,True,0.09375000000004882,H4_e0p25_0p25_native_tagged_qNone_f0.0_U_asymmetric,112,numerically enlarged cost sublevel; not an exact eta-optimality assertion,0.0,0.0,5e-08,0.0,0.0,0.15917990625,coupling,0.34375000000000017,0.1692709166666666,0.34375000000000017,0.15917990625,singles,1/8,7/4,0.019531374999999997,0.00781255
4,"[0.25, 0.25]",native_joint,0.05,0.0078125,full_feasible_return_range,LRR,True,0.09375000000038435,H4_e0p25_0p25_native_repeats_qNone_f0.01_V,112,numerically enlarged cost sublevel; not an exact eta-optimality assertion,0.0,0.0,5e-08,0.0016171875000011336,0.0016171875000011336,0.15917990625,coupling,0.34375,0.16927091666666672,0.34375,0.15917990625,singles,1/8,7/4,0.019531374999999997,0.00781255
4,"[0.25, 0.25]",native_joint,0.05,0.0078125,full_feasible_return_range,adaptive_L,True,0.13125000000000234,H4_e0p25_0p25_native_singles_qNone,112,numerically enlarged cost sublevel; not an exact eta-optimality assertion,0.0,0.0,5e-08,0.0,0.0,0.1699220625,coupling,0.3437499999999999,0.1826637738095238,0.3437499999999999,0.1699220625,singles,9/64,3/2,0.019531374999999997,0.00781255
4,"[0.25, 0.25]",native_repeats,0.0,0.0,full_feasible_return_range,LR,False,6.522560269672795e-16,H4_e0p25_0p25_native_repeats_qNone,12,numerically enlarged cost sublevel; not an exact eta-optimality assertion,0.009375000000000244,0.009375000000001747,5e-08,0.009375000000001747,1.502270530195915e-15,0.09375050000001746,triangle,0.3125,0.09375050000001746,0.20312525000000872,0.11409580593818024,majority3,5/88,3992/3267,0.04687525000000873,0.009375050000001746
4,"[0.25, 0.25]",native_repeats,0.0,0.0,full_feasible_return_range,LLL,False,0.09375000000002479,H4_e0p25_0p25_native_repeats_qNone_f0.0_U_asymmetric,12,numerically enlarged cost sublevel; not an exact eta-optimality assertion,0.009375000000000244,0.009375000000001747,5e-08,0.00937500000000265,2.4060614611798314e-15,0.09375050000001746,triangle,0.34375,0.09375050000001746,0.279297218750012,0.13210269602274205,majority3,27/512,149/88,0.04687525000000873,0.009375050000001746
4,"[0.25, 0.25]",native_repeats,0.0,0.0,full_feasible_return_range,RRR,False,0.09375000000000673,H4_e0p25_0p25_native_repeats_qNone_f0.0_V,12,numerically enlarged cost sublevel; not an exact eta-optimality assertion,0.009375000000000244,0.009375000000001747,5e-08,0.009375000000000761,5.169475958410885e-16,0.09375050000001746,triangle,0.34375,0.09375050000001746,0.279297218750012,0.13210269602274205,majority3,27/512,149/88,0.04687525000000873,0.009375050000001746
4,"[0.25, 0.25]",native_repeats,0.0,0.0,full_feasible_return_range,LLR,True,0.09375000000001003,H4_e0p25_0p25_native_repeats_qNone_f0.0_U,12,numerically enlarged cost sublevel; not an exact eta-optimality assertion,0.009375000000000244,0.009375000000001747,5e-08,0.009375000000000074,-1.700029006457271e-16,0.12127162500001111,coupling,0.34375000000000017,0.16406256250000206,0.279297218750012,0.12127162500001111,majority3,347/5632,14/11,0.04687525000000873,0.009375050000001746
4,"[0.25, 0.25]",native_repeats,0.0,0.0,full_feasible_return_range,LRR,True,0.09375000000000057,H4_e0p25_0p25_native_repeats_qNone_f0.0_V,12,numerically enlarged cost sublevel; not an exact eta-optimality assertion,0.009375000000000244,0.009375000000001747,5e-08,0.009375000000000761,5.169475958410885e-16,0.12127162500001111,coupling,0.34375,0.1640625625000019,0.279297218750012,0.12127162500001111,majority3,347/5632,14/11,0.04687525000000873,0.009375050000001746
4,"[0.25, 0.25]",native_repeats,0.0,0.0,full_feasible_return_range,adaptive_L,True,0.09375000000000061,H4_e0p25_0p25_native_repeats_qNone_f0.0_U,12,numerically enlarged cost sublevel; not an exact eta-optimality assertion,0.009375000000000244,0.009375000000001747,5e-08,0.009375000000000074,-1.700029006457271e-16,0.1384280767489466,coupling,0.3437499999999999,0.1690848839285735,0.279297218750012,0.1384280767489466,majority3,26757/360448,7713/5632,0.04687525000000873,0.009375050000001746
4,"[0.25, 0.25]",native_repeats,0.01,0.00215625,full_feasible_return_range,LR,False,0.005390625000004479,H4_e0p25_0p25_native_repeats_qNone_f0.01_V,25,numerically enlarged cost sublevel; not an exact eta-optimality assertion,0.009375000000000244,0.009375000000001747,5e-08,0.01153125000000201,0.002156250000001766,0.11531300000001746,triangle,0.3125,0.11531300000001746,0.21390650000000871,0.1272695892255999,majority3,5/88,3992/3267,0.05765650000000873,0.011531300000001746
4,"[0.25, 0.25]",native_repeats,0.01,0.00215625,full_feasible_return_range,LLL,False,0.09914062500009217,H4_e0p25_0p25_native_repeats_qNone_f0.01_U,25,numerically enlarged cost sublevel; not an exact eta-optimality assertion,0.009375000000000244,0.009375000000001747,5e-08,0.011531250000009605,0.0021562500000093607,0.11531300000001746,triangle,0.34375,0.11531300000001746,0.29412143750001196,0.15035731250001477,majority3,27/512,149/88,0.05765650000000873,0.011531300000001746
4,"[0.25, 0.25]",native_repeats,0.01,0.00215625,full_feasible_return_range,RRR,False,0.09914062500000462,H4_e0p25_0p25_native_repeats_qNone_f0.01_V,25,numerically enlarged cost sublevel; not an exact eta-optimality assertion,0.009375000000000244,0.009375000000001747,5e-08,0.01153125000000201,0.002156250000001766,0.11531300000001746,triangle,0.34375,0.11531300000001746,0.29412143750001196,0.15035731250001477,majority3,27/512,149/88,0.05765650000000873,0.011531300000001746
4,"[0.25, 0.25]",native_repeats,0.01,0.00215625,full_feasible_return_range,LLR,True,0.09375000000001003,H4_e0p25_0p25_native_repeats_qNone_f0.0_U,25,numerically enlarged cost sublevel; not an exact eta-optimality assertion,0.009375000000000244,0.009375000000001747,5e-08,0.009375000000000074,-1.700029006457271e-16,0.13499321590910202,coupling,0.34375000000000017,0.16675787500000208,0.29412143750001196,0.13499321590910202,majority3,347/5632,14/11,0.05765650000000873,0.011531300000001746
4,"[0.25, 0.25]",native_repeats,0.01,0.00215625,full_feasible_return_range,LRR,True,0.09375000000038435,H4_e0p25_0p25_native_repeats_qNone_f0.01_V,25,numerically enlarged cost sublevel; not an exact eta-optimality assertion,0.009375000000000244,0.009375000000001747,5e-08,0.01153125000000201,0.002156250000001766,0.13499321590910202,coupling,0.34375,0.16675787500000191,0.29412143750001196,0.13499321590910202,majority3,347/5632,14/11,0.05765650000000873,0.011531300000001746
4,"[0.25, 0.25]",native_repeats,0.01,0.00215625,full_feasible_return_range,adaptive_L,True,0.09375000000000061,H4_e0p25_0p25_native_repeats_qNone_f0.0_U,25,numerically enlarged cost sublevel; not an exact eta-optimality assertion,0.009375000000000244,0.009375000000001747,5e-08,0.009375000000000074,-1.700029006457271e-16,0.1531929526811199,coupling,0.3437499999999999,0.1717801964285735,0.29412143750001196,0.1531929526811199,majority3,26757/360448,7713/5632,0.05765650000000873,0.011531300000001746
4,"[0.25, 0.25]",native_repeats,0.05,0.010781250000000001,full_feasible_return_range,LR,False,0.027604166666666784,H4_e0p25_0p25_native_repeats_qNone_f0.05_parity,82,numerically enlarged cost sublevel; not an exact eta-optimality assertion,0.009375000000000244,0.009375000000001747,5e-08,0.02015625000000029,0.010781250000000044,0.1775391250000022,triangle,0.3125,0.1775391250000022,0.25703150000000874,0.17996472237527852,majority3,5/88,3992/3267,0.10078150000000875,0.02015630000000175
4,"[0.25, 0.25]",native_repeats,0.05,0.010781250000000001,full_feasible_return_range,LLL,False,0.1207031250000786,H4_e0p25_0p25_native_repeats_qNone_f0.05_U,82,numerically enlarged cost sublevel; not an exact eta-optimality assertion,0.009375000000000244,0.009375000000001747,5e-08,0.020156250000091778,0.010781250000091534,0.19453150000000874,triangle,0.34375,0.19453150000000874,0.34375,0.19453150000000874,singles,3/32,2,0.050390750000004376,0.02015630000000175
4,"[0.25, 0.25]",native_repeats,0.05,0.010781250000000001,full_feasible_return_range,RRR,False,0.12070312499999988,H4_e0p25_0p25_native_repeats_qNone_f0.05_V,82,numerically enlarged cost sublevel; not an exact eta-optimality assertion,0.009375000000000244,0.009375000000001747,5e-08,0.020156250000000143,0.010781249999999899,0.19453150000000874,coupling,0.34375,0.19453150000000877,0.34375,0.19453150000000874,singles,3/32,2,0.050390750000004376,0.02015630000000175
4,"[0.25, 0.25]",native_repeats,0.05,0.010781250000000001,full_feasible_return_range,LLR,True,0.09375000000004882,H4_e0p25_0p25_native_tagged_qNone_f0.0_U_asymmetric,82,numerically enlarged cost sublevel; not an exact eta-optimality assertion,0.009375000000000244,0.009375000000001747,5e-08,0.018750000000000114,0.00937499999999987,0.17753912500000207,triangle,0.34375000000000017,0.17753912500000207,0.34375000000000017,0.1898795795454657,majority3,347/5632,14/11,0.10078150000000875,0.02015630000000175
4,"[0.25, 0.25]",native_repeats,0.05,0.010781250000000001,full_feasible_return_range,LRR,True,0.09375000000038435,H4_e0p25_0p25_native_repeats_qNone_f0.01_V,82,numerically enlarged cost sublevel; not an exact eta-optimality assertion,0.009375000000000244,0.009375000000001747,5e-08,0.01153125000000201,0.002156250000001766,0.1775391250000019,triangle,0.34375,0.1775391250000019,0.34375,0.1898795795454657,majority3,347/5632,14/11,0.10078150000000875,0.02015630000000175
4,"[0.25, 0.25]",native_repeats,0.05,0.010781250000000001,full_feasible_return_range,adaptive_L,True,0.13125000000000234,H4_e0p25_0p25_native_singles_qNone,82,numerically enlarged cost sublevel; not an exact eta-optimality assertion,0.009375000000000244,0.009375000000001747,5e-08,0.01875000000000001,0.009374999999999765,0.1825614464285735,triangle,0.3437499999999999,0.1825614464285735,0.3437499999999999,0.2122524564098131,majority3,26757/360448,7713/5632,0.10078150000000875,0.02015630000000175
4,"[0.25, 0.25]",native_minimax,0.0,0.0,full_feasible_return_range,LR,False,5.100087019371813e-16,H4_e0p25_0p25_native_minimax_qNone_f0.0_parity,6,numerically enlarged cost sublevel; not an exact eta-optimality assertion,0.046875,0.04687500000000192,5e-08,0.046875000000001166,1.1657341758564144e-15,0.046875050000001924,triangle,0.3125,0.046875050000001924,0.20312505000000192,0.11409556155494571,majority3,5/88,3992/3267,0.046875050000001924,0.046875050000001924
4,"[0.25, 0.25]",native_minimax,0.0,0.0,full_feasible_return_range,LLL,False,0.04687500000000346,H4_e0p25_0p25_native_minimax_qNone_f0.0_world,6,numerically enlarged cost sublevel; not an exact eta-optimality assertion,0.046875,0.04687500000000192,5e-08,0.04687500000000346,3.462508058049707e-15,0.046875050000001924,triangle,0.34375,0.046875050000001924,0.27929694375000264,0.1321023573863669,majority3,27/512,149/88,0.046875050000001924,0.046875050000001924
4,"[0.25, 0.25]",native_minimax,0.0,0.0,full_feasible_return_range,RRR,False,0.04687500000000192,H4_e0p25_0p25_native_minimax_qNone,6,numerically enlarged cost sublevel; not an exact eta-optimality assertion,0.046875,0.04687500000000192,5e-08,0.04687500000000192,1.9220736113823023e-15,0.046875050000001924,triangle,0.34375,0.046875050000001924,0.27929694375000264,0.1321023573863669,majority3,27/512,149/88,0.046875050000001924,0.046875050000001924
4,"[0.25, 0.25]",native_minimax,0.0,0.0,full_feasible_return_range,LLR,True,0.0468750000000003,H4_e0p25_0p25_native_minimax_qNone_f0.0_U_asymmetric,6,numerically enlarged cost sublevel; not an exact eta-optimality assertion,0.046875,0.04687500000000192,5e-08,0.04687500000000051,5.065392549852277e-16,0.1212713704545479,coupling,0.34375000000000017,0.14062505000000192,0.27929694375000264,0.1212713704545479,majority3,347/5632,14/11,0.046875050000001924,0.046875050000001924
4,"[0.25, 0.25]",native_minimax,0.0,0.0,full_feasible_return_range,LRR,True,0.04449168898347605,H4_e0p25_0p25_native_minimax_qNone,6,numerically enlarged cost sublevel; not an exact eta-optimality assertion,0.046875,0.04687500000000192,5e-08,0.04687500000000192,1.9220736113823023e-15,0.1212713704545479,coupling,0.34375,0.14062505000000192,0.27929694375000264,0.1212713704545479,majority3,347/5632,14/11,0.046875050000001924,0.046875050000001924
4,"[0.25, 0.25]",native_minimax,0.0,0.0,full_feasible_return_range,adaptive_L,True,0.046155424166377496,H4_e0p25_0p25_native_minimax_qNone_f0.0_world,6,numerically enlarged cost sublevel; not an exact eta-optimality assertion,0.046875,0.04687500000000192,5e-08,0.04687500000000346,3.462508058049707e-15,0.13842780284978956,coupling,0.3437499999999999,0.1781250500000012,0.27929694375000264,0.13842780284978956,majority3,26757/360448,7713/5632,0.046875050000001924,0.046875050000001924
4,"[0.25, 0.25]",native_minimax,0.01,0.0029687499999999996,full_feasible_return_range,LR,False,3.3063829452117943e-15,H4_e0p25_0p25_native_minimax_qNone_f0.01_parity,14,numerically enlarged cost sublevel; not an exact eta-optimality assertion,0.046875,0.04687500000000192,5e-08,0.04984375000000429,0.0029687500000042874,0.04984380000000192,triangle,0.3125,0.04984380000000192,0.20609380000000194,0.11772312506887286,majority3,5/88,3992/3267,0.04984380000000192,0.04984380000000192
4,"[0.25, 0.25]",native_minimax,0.01,0.0029687499999999996,full_feasible_return_range,LLL,False,0.04984375000000429,H4_e0p25_0p25_native_minimax_qNone_f0.01_parity,14,numerically enlarged cost sublevel; not an exact eta-optimality assertion,0.046875,0.04687500000000192,5e-08,0.04984375000000429,0.0029687500000042874,0.04984380000000192,triangle,0.34375,0.04984380000000192,0.28337897500000264,0.13712899090909417,majority3,27/512,149/88,0.04984380000000192,0.04984380000000192
4,"[0.25, 0.25]",native_minimax,0.01,0.0029687499999999996,full_feasible_return_range,RRR,False,0.04984375000000105,H4_e0p25_0p25_native_minimax_qNone_f0.01_parity,14,numerically enlarged cost sublevel; not an exact eta-optimality assertion,0.046875,0.04687500000000192,5e-08,0.04984375000000429,0.0029687500000042874,0.04984380000000192,triangle,0.34375,0.04984380000000192,0.28337897500000264,0.13712899090909417,majority3,27/512,149/88,0.04984380000000192,0.04984380000000192
4,"[0.25, 0.25]",native_minimax,0.01,0.0029687499999999996,full_feasible_return_range,LLR,True,0.04984375000000016,H4_e0p25_0p25_native_minimax_qNone_f0.01_U_asymmetric,14,numerically enlarged cost sublevel; not an exact eta-optimality assertion,0.046875,0.04687500000000192,5e-08,0.04984375000000152,0.002968750000001519,0.12504977954545698,coupling,0.34375000000000017,0.1435938000000019,0.28337897500000264,0.12504977954545698,majority3,347/5632,14/11,0.04984380000000192,0.04984380000000192
4,"[0.25, 0.25]",native_minimax,0.01,0.0029687499999999996,full_feasible_return_range,LRR,True,0.046233512915347795,H4_e0p25_0p25_native_repeats_qNone,14,numerically enlarged cost sublevel; not an exact eta-optimality assertion,0.046875,0.04687500000000192,5e-08,0.047054024241844475,0.00017902424184447485,0.12504977954545698,coupling,0.34375,0.14359380000000194,0.28337897500000264,0.12504977954545698,majority3,347/5632,14/11,0.04984380000000192,0.04984380000000192
4,"[0.25, 0.25]",native_minimax,0.01,0.0029687499999999996,full_feasible_return_range,adaptive_L,True,0.0491485587072757,H4_e0p25_0p25_native_repeats_qNone,14,numerically enlarged cost sublevel; not an exact eta-optimality assertion,0.046875,0.04687500000000192,5e-08,0.047054024241844475,0.00017902424184447485,0.14249349332386627,coupling,0.3437499999999999,0.1810938000000012,0.28337897500000264,0.14249349332386627,majority3,26757/360448,7713/5632,0.04984380000000192,0.04984380000000192
4,"[0.25, 0.25]",native_minimax,0.05,0.014843749999999998,full_feasible_return_range,LR,False,3.83026943495679e-15,H4_e0p25_0p25_native_minimax_qNone_f0.05_parity,19,numerically enlarged cost sublevel; not an exact eta-optimality assertion,0.046875,0.04687500000000192,5e-08,0.061718750000000475,0.014843750000000475,0.06171880000000192,triangle,0.3125,0.06171880000000192,0.2179688000000019,0.13223337912458147,majority3,5/88,3992/3267,0.06171880000000192,0.06171880000000192
4,"[0.25, 0.25]",native_minimax,0.05,0.014843749999999998,full_feasible_return_range,LLL,False,0.06171875000000068,H4_e0p25_0p25_native_minimax_qNone_f0.05_U_asymmetric,19,numerically enlarged cost sublevel; not an exact eta-optimality assertion,0.046875,0.04687500000000192,5e-08,0.06171875000000068,0.014843750000000683,0.06171880000000192,triangle,0.34375,0.06171880000000192,0.2997071000000026,0.15723552500000326,majority3,27/512,149/88,0.06171880000000192,0.06171880000000192
4,"[0.25, 0.25]",native_minimax,0.05,0.014843749999999998,full_feasible_return_range,RRR,False,0.06171875000000193,H4_e0p25_0p25_native_minimax_qNone_f0.05_V,19,numerically enlarged cost sublevel; not an exact eta-optimality assertion,0.046875,0.04687500000000192,5e-08,0.06171875000000193,0.014843750000001932,0.06171880000000192,triangle,0.34375,0.06171880000000192,0.2997071000000026,0.15723552500000326,majority3,27/512,149/88,0.06171880000000192,0.06171880000000192
4,"[0.25, 0.25]",native_minimax,0.05,0.014843749999999998,full_feasible_return_range,LLR,True,0.06171875000000017,H4_e0p25_0p25_native_minimax_qNone_f0.05_U_asymmetric,19,numerically enlarged cost sublevel; not an exact eta-optimality assertion,0.046875,0.04687500000000192,5e-08,0.06171875000000068,0.014843750000000683,0.14016341590909337,coupling,0.34375000000000017,0.1554688000000019,0.2997071000000026,0.14016341590909337,majority3,347/5632,14/11,0.06171880000000192,0.06171880000000192
4,"[0.25, 0.25]",native_minimax,0.05,0.014843749999999998,full_feasible_return_range,LRR,True,0.046233512915347795,H4_e0p25_0p25_native_repeats_qNone,19,numerically enlarged cost sublevel; not an exact eta-optimality assertion,0.046875,0.04687500000000192,5e-08,0.047054024241844475,0.00017902424184447485,0.14016341590909337,coupling,0.34375,0.1554688000000019,0.2997071000000026,0.14016341590909337,majority3,347/5632,14/11,0.06171880000000192,0.06171880000000192
4,"[0.25, 0.25]",native_minimax,0.05,0.014843749999999998,full_feasible_return_range,adaptive_L,True,0.05917174105344654,H4_e0p25_0p25_native_minimax_qNone_f0.05_world,19,numerically enlarged cost sublevel; not an exact eta-optimality assertion,0.046875,0.04687500000000192,5e-08,0.061718750000000364,0.014843750000000364,0.15875625522017306,coupling,0.3437499999999999,0.19296880000000122,0.2997071000000026,0.15875625522017306,majority3,26757/360448,7713/5632,0.06171880000000192,0.06171880000000192
4,"[0.1, 0.3]",native_singles,0.0,0.0,full_feasible_return_range,LR,False,0.027415591531758578,H4_e0p1_0p3_native_singles_qNone_f0.0_parity,55,numerically enlarged cost sublevel; not an exact eta-optimality assertion,0.0,3.053113317719181e-17,5e-08,1.0824674490095277e-16,1.0824674490095277e-16,0.08000020892857156,coupling,0.4,0.20000025000000018,0.3200002000000002,0.08000020892857156,singles,2/25,117/70,1.250000000763278e-07,5.000000003053113e-08
4,"[0.1, 0.3]",native_singles,0.0,0.0,full_feasible_return_range,LLL,False,0.07200000000001902,H4_e0p1_0p3_native_repeats_qNone_f0.0_V,55,numerically enlarged cost sublevel; not an exact eta-optimality assertion,0.0,3.053113317719181e-17,5e-08,3.7470027081099036e-17,3.7470027081099036e-17,0.07200025000000014,coupling,0.4720000000000001,0.07200025000000038,0.3776002360000002,0.07200025000000014,singles,9/125,2,1.250000000763278e-07,5.000000003053113e-08
4,"[0.1, 0.3]",native_singles,0.0,0.0,full_feasible_return_range,RRR,False,0.08400000000036817,H4_e0p1_0p3_native_tagged_qNone_f0.0_parity,55,numerically enlarged cost sublevel; not an exact eta-optimality assertion,0.0,3.053113317719181e-17,5e-08,2.7755575615628914e-16,2.7755575615628914e-16,0.08400025000000015,coupling,0.284,0.08400025000000033,0.22720014200000002,0.08400025000000015,singles,21/250,2,1.250000000763278e-07,5.000000003053113e-08
4,"[0.1, 0.3]",native_singles,0.0,0.0,full_feasible_return_range,LLR,True,0.0720000000000155,H4_e0p1_0p3_native_repeats_qNone_f0.0_world,55,numerically enlarged cost sublevel; not an exact eta-optimality assertion,0.0,3.053113317719181e-17,5e-08,3.608224830031759e-17,3.608224830031759e-17,0.08000024500000015,coupling,0.4359999999999998,0.23000012500000017,0.3488002180000001,0.08000024500000015,singles,2/25,49/25,1.250000000763278e-07,5.000000003053113e-08
4,"[0.1, 0.3]",native_singles,0.0,0.0,full_feasible_return_range,LRR,True,0.08400000000214118,H4_e0p1_0p3_native_singles_qNone_f0.0_U,55,numerically enlarged cost sublevel; not an exact eta-optimality assertion,0.0,3.053113317719181e-17,5e-08,3.469446951953614e-17,3.469446951953614e-17,0.10200025000000014,coupling,0.40000000000000013,0.20000025000000013,0.3200002000000002,0.10200025000000014,singles,51/500,2,1.250000000763278e-07,5.000000003053113e-08
4,"[0.1, 0.3]",native_singles,0.0,0.0,full_feasible_return_range,adaptive_L,True,0.09838067010309384,H4_e0p1_0p3_native_joint_qNone_f0.0_U,55,numerically enlarged cost sublevel; not an exact eta-optimality assertion,0.0,3.053113317719181e-17,5e-08,1.9290125052862095e-16,1.9290125052862095e-16,0.13140021100000013,coupling,0.43600000000000017,0.20842130263157907,0.3488002180000002,0.13140021100000013,singles,657/5000,211/125,1.250000000763278e-07,5.000000003053113e-08
4,"[0.1, 0.3]",native_singles,0.01,0.0012000000000000003,full_feasible_return_range,LR,False,0.0333991531756058,H4_e0p1_0p3_native_singles_qNone_f0.01_world,64,numerically enlarged cost sublevel; not an exact eta-optimality assertion,0.0,3.053113317719181e-17,5e-08,0.001200000000000097,0.001200000000000097,0.08501449464285728,coupling,0.4,0.2060002500000002,0.32480020000000015,0.08501449464285728,singles,2/25,117/70,0.003000125000000077,0.0012000500000000308
4,"[0.1, 0.3]",native_singles,0.01,0.0012000000000000003,full_feasible_return_range,LLL,False,0.0780000000000011,H4_e0p1_0p3_native_singles_qNone_f0.01_U,64,numerically enlarged cost sublevel; not an exact eta-optimality assertion,0.0,3.053113317719181e-17,5e-08,0.001200000000000076,0.001200000000000076,0.07800025000000015,coupling,0.4720000000000001,0.07800025000000038,0.3832642360000002,0.07800025000000015,singles,9/125,2,0.003000125000000077,0.0012000500000000308
4,"[0.1, 0.3]",native_singles,0.01,0.0012000000000000003,full_feasible_return_range,RRR,False,0.09000000000000102,H4_e0p1_0p3_native_singles_qNone_f0.01_V,64,numerically enlarged cost sublevel; not an exact eta-optimality assertion,0.0,3.053113317719181e-17,5e-08,0.0012000000000000305,0.0012000000000000305,0.09000025000000016,coupling,0.284,0.09000025000000034,0.23060814200000004,0.09000025000000016,singles,21/250,2,0.003000125000000077,0.0012000500000000308
4,"[0.1, 0.3]",native_singles,0.01,0.0012000000000000003,full_feasible_return_range,LLR,True,0.0720000000000155,H4_e0p1_0p3_native_repeats_qNone_f0.0_world,64,numerically enlarged cost sublevel; not an exact eta-optimality assertion,0.0,3.053113317719181e-17,5e-08,3.608224830031759e-17,3.608224830031759e-17,0.08588024500000015,coupling,0.4359999999999998,0.23300012500000017,0.3540322180000001,0.08588024500000015,singles,2/25,49/25,0.003000125000000077,0.0012000500000000308
4,"[0.1, 0.3]",native_singles,0.01,0.0012000000000000003,full_feasible_return_range,LRR,True,0.08400000000214118,H4_e0p1_0p3_native_singles_qNone_f0.0_U,64,numerically enlarged cost sublevel; not an exact eta-optimality assertion,0.0,3.053113317719181e-17,5e-08,3.469446951953614e-17,3.469446951953614e-17,0.10800025000000014,coupling,0.40000000000000013,0.20600025000000013,0.32480020000000015,0.10800025000000014,singles,51/500,2,0.003000125000000077,0.0012000500000000308
4,"[0.1, 0.3]",native_singles,0.01,0.0012000000000000003,full_feasible_return_range,adaptive_L,True,0.09838067010309384,H4_e0p1_0p3_native_joint_qNone_f0.0_U,64,numerically enlarged cost sublevel; not an exact eta-optimality assertion,0.0,3.053113317719181e-17,5e-08,1.9290125052862095e-16,1.9290125052862095e-16,0.1364642110000001,coupling,0.43600000000000017,0.21442130263157907,0.3540322180000002,0.1364642110000001,singles,657/5000,211/125,0.003000125000000077,0.0012000500000000308
4,"[0.1, 0.3]",native_singles,0.05,0.006000000000000002,full_feasible_return_range,LR,False,0.057333399750935994,H4_e0p1_0p3_native_singles_qNone_f0.05_world,105,numerically enlarged cost sublevel; not an exact eta-optimality assertion,0.0,3.053113317719181e-17,5e-08,0.006000000000000122,0.006000000000000122,0.10507163750000013,coupling,0.4,0.23000025000000018,0.3440002000000002,0.10507163750000013,singles,2/25,117/70,0.01500012500000008,0.006000050000000032
4,"[0.1, 0.3]",native_singles,0.05,0.006000000000000002,full_feasible_return_range,LLL,False,0.10200000000000317,H4_e0p1_0p3_native_singles_qNone_f0.05_U_asymmetric,105,numerically enlarged cost sublevel; not an exact eta-optimality assertion,0.0,3.053113317719181e-17,5e-08,0.006000000000000017,0.006000000000000017,0.10200025000000015,coupling,0.4720000000000001,0.10200025000000039,0.4059202360000002,0.10200025000000015,singles,9/125,2,0.01500012500000008,0.006000050000000032
4,"[0.1, 0.3]",native_singles,0.05,0.006000000000000002,full_feasible_return_range,RRR,False,0.1140000000000002,H4_e0p1_0p3_native_singles_qNone_f0.05_parity,105,numerically enlarged cost sublevel; not an exact eta-optimality assertion,0.0,3.053113317719181e-17,5e-08,0.006000000000000088,0.006000000000000088,0.11400025000000016,coupling,0.284,0.11400025000000034,0.24424014200000005,0.11400025000000016,singles,21/250,2,0.01500012500000008,0.006000050000000032
4,"[0.1, 0.3]",native_singles,0.05,0.006000000000000002,full_feasible_return_range,LLR,True,0.0720000000000155,H4_e0p1_0p3_native_repeats_qNone_f0.0_world,105,numerically enlarged cost sublevel; not an exact eta-optimality assertion,0.0,3.053113317719181e-17,5e-08,3.608224830031759e-17,3.608224830031759e-17,0.10940024500000016,coupling,0.4359999999999998,0.24500012500000018,0.3749602180000001,0.10940024500000016,singles,2/25,49/25,0.01500012500000008,0.006000050000000032
4,"[0.1, 0.3]",native_singles,0.05,0.006000000000000002,full_feasible_return_range,LRR,True,0.09192517310293719,H4_e0p1_0p3_native_singles_qNone_f0.05_U,105,numerically enlarged cost sublevel; not an exact eta-optimality assertion,0.0,3.053113317719181e-17,5e-08,0.006000000000000058,0.006000000000000058,0.13200025000000015,coupling,0.40000000000000013,0.23000025000000013,0.3440002000000002,0.13200025000000015,singles,51/500,2,0.01500012500000008,0.006000050000000032
4,"[0.1, 0.3]",native_singles,0.05,0.006000000000000002,full_feasible_return_range,adaptive_L,True,0.09844362582122222,H4_e0p1_0p3_native_singles_qNone_f0.05_U,105,numerically enlarged cost sublevel; not an exact eta-optimality assertion,0.0,3.053113317719181e-17,5e-08,0.006000000000000058,0.006000000000000058,0.1567202110000001,coupling,0.43600000000000017,0.23842130263157907,0.37496021800000023,0.1567202110000001,singles,657/5000,211/125,0.01500012500000008,0.006000050000000032
4,"[0.1, 0.3]",native_tagged,0.0,0.0,full_feasible_return_range,LR,False,0.027415591531758578,H4_e0p1_0p3_native_singles_qNone_f0.0_parity,55,numerically enlarged cost sublevel; not an exact eta-optimality assertion,0.0,1.2004286453759506e-16,5e-08,1.297573160030652e-16,1.297573160030652e-16,0.08000020892857193,coupling,0.4,0.20000025000000063,0.3200002000000005,0.08000020892857193,singles,2/25,117/70,1.2500000030010716e-07,5.0000000120042864e-08
4,"[0.1, 0.3]",native_tagged,0.0,0.0,full_feasible_return_range,LLL,False,0.07200000000001902,H4_e0p1_0p3_native_repeats_qNone_f0.0_V,55,numerically enlarged cost sublevel; not an exact eta-optimality assertion,0.0,1.2004286453759506e-16,5e-08,4.9266146717741325e-17,4.9266146717741325e-17,0.0720002500000006,coupling,0.4720000000000001,0.07200025000000083,0.3776002360000006,0.0720002500000006,singles,9/125,2,1.2500000030010716e-07,5.0000000120042864e-08
4,"[0.1, 0.3]",native_tagged,0.0,0.0,full_feasible_return_range,RRR,False,0.08400000000036817,H4_e0p1_0p3_native_tagged_qNone_f0.0_parity,55,numerically enlarged cost sublevel; not an exact eta-optimality assertion,0.0,1.2004286453759506e-16,5e-08,2.969846590872294e-16,2.969846590872294e-16,0.08400025000000061,coupling,0.284,0.08400025000000079,0.22720014200000027,0.08400025000000061,singles,21/250,2,1.2500000030010716e-07,5.0000000120042864e-08
4,"[0.1, 0.3]",native_tagged,0.0,0.0,full_feasible_return_range,LLR,True,0.0720000000000155,H4_e0p1_0p3_native_repeats_qNone_f0.0_world,55,numerically enlarged cost sublevel; not an exact eta-optimality assertion,0.0,1.2004286453759506e-16,5e-08,5.377642775528102e-17,5.377642775528102e-17,0.0800002450000006,coupling,0.4359999999999998,0.23000010000000193,0.3488002180000005,0.0800002450000006,singles,2/25,49/25,1.2500000030010716e-07,5.0000000120042864e-08
4,"[0.1, 0.3]",native_tagged,0.0,0.0,full_feasible_return_range,LRR,True,0.08400000000214118,H4_e0p1_0p3_native_singles_qNone_f0.0_U,55,numerically enlarged cost sublevel; not an exact eta-optimality assertion,0.0,1.2004286453759506e-16,5e-08,4.5102810375396984e-17,4.5102810375396984e-17,0.1020002500000006,coupling,0.40000000000000013,0.20000025000000057,0.3200002000000005,0.1020002500000006,singles,51/500,2,1.2500000030010716e-07,5.0000000120042864e-08
4,"[0.1, 0.3]",native_tagged,0.0,0.0,full_feasible_return_range,adaptive_L,True,0.09838067010309384,H4_e0p1_0p3_native_joint_qNone_f0.0_U,55,numerically enlarged cost sublevel; not an exact eta-optimality assertion,0.0,1.2004286453759506e-16,5e-08,2.0955459589799832e-16,2.0955459589799832e-16,0.1314002110000005,coupling,0.43600000000000017,0.2084213026315795,0.34880021800000055,0.1314002110000005,singles,657/5000,211/125,1.2500000030010716e-07,5.0000000120042864e-08
4,"[0.1, 0.3]",native_tagged,0.01,0.0015000000000000002,full_feasible_return_range,LR,False,0.034895043586551704,H4_e0p1_0p3_native_tagged_qNone_f0.01_parity,74,numerically enlarged cost sublevel; not an exact eta-optimality assertion,0.0,1.2004286453759506e-16,5e-08,0.0015000000000001499,0.0015000000000001499,0.08626806607142908,coupling,0.4,0.20750025000000064,0.3260002000000005,0.08626806607142908,singles,2/25,117/70,0.0037501250000003005,0.0015000500000001203
4,"[0.1, 0.3]",native_tagged,0.01,0.0015000000000000002,full_feasible_return_range,LLL,False,0.07950000000000025,H4_e0p1_0p3_native_tagged_qNone_f0.01_U,74,numerically enlarged cost sublevel; not an exact eta-optimality assertion,0.0,1.2004286453759506e-16,5e-08,0.0015000000000000584,0.0015000000000000584,0.07950025000000059,coupling,0.4720000000000001,0.07950025000000083,0.3846802360000006,0.07950025000000059,singles,9/125,2,0.0037501250000003005,0.0015000500000001203
4,"[0.1, 0.3]",native_tagged,0.01,0.0015000000000000002,full_feasible_return_range,RRR,False,0.09150000000000008,H4_e0p1_0p3_native_tagged_qNone_f0.01_V,74,numerically enlarged cost sublevel; not an exact eta-optimality assertion,0.0,1.2004286453759506e-16,5e-08,0.0015000000000000787,0.0015000000000000787,0.0915002500000006,coupling,0.284,0.09150025000000078,0.23146014200000029,0.0915002500000006,singles,21/250,2,0.0037501250000003005,0.0015000500000001203
4,"[0.1, 0.3]",native_tagged,0.01,0.0015000000000000002,full_feasible_return_range,LLR,True,0.0720000000000155,H4_e0p1_0p3_native_repeats_qNone_f0.0_world,74,numerically enlarged cost sublevel; not an exact eta-optimality assertion,0.0,1.2004286453759506e-16,5e-08,5.377642775528102e-17,5.377642775528102e-17,0.08735024500000059,coupling,0.4359999999999998,0.2330001000000019,0.3553402180000005,0.08735024500000059,singles,2/25,49/25,0.0037501250000003005,0.0015000500000001203
4,"[0.1, 0.3]",native_tagged,0.01,0.0015000000000000002,full_feasible_return_range,LRR,True,0.08400000000214118,H4_e0p1_0p3_native_singles_qNone_f0.0_U,74,numerically enlarged cost sublevel; not an exact eta-optimality assertion,0.0,1.2004286453759506e-16,5e-08,4.5102810375396984e-17,4.5102810375396984e-17,0.10950025000000059,coupling,0.40000000000000013,0.20750025000000058,0.3260002000000005,0.10950025000000059,singles,51/500,2,0.0037501250000003005,0.0015000500000001203
4,"[0.1, 0.3]",native_tagged,0.01,0.0015000000000000002,full_feasible_return_range,adaptive_L,True,0.09838067010309384,H4_e0p1_0p3_native_joint_qNone_f0.0_U,74,numerically enlarged cost sublevel; not an exact eta-optimality assertion,0.0,1.2004286453759506e-16,5e-08,2.0955459589799832e-16,2.0955459589799832e-16,0.1377302110000005,coupling,0.43600000000000017,0.21592130263157952,0.3553402180000006,0.1377302110000005,singles,657/5000,211/125,0.0037501250000003005,0.0015000500000001203
4,"[0.1, 0.3]",native_tagged,0.05,0.0075000000000000015,full_feasible_return_range,LR,False,0.06481285180572918,H4_e0p1_0p3_native_tagged_qNone_f0.05_world,123,numerically enlarged cost sublevel; not an exact eta-optimality assertion,0.0,1.2004286453759506e-16,5e-08,0.007500000000000133,0.007500000000000133,0.11133949464285764,coupling,0.4,0.23750025000000063,0.35000020000000054,0.11133949464285764,singles,2/25,117/70,0.0187501250000003,0.007500050000000121
4,"[0.1, 0.3]",native_tagged,0.05,0.0075000000000000015,full_feasible_return_range,LLL,False,0.10950000000000001,H4_e0p1_0p3_native_tagged_qNone_f0.05_U_asymmetric,123,numerically enlarged cost sublevel; not an exact eta-optimality assertion,0.0,1.2004286453759506e-16,5e-08,0.007500000000000146,0.007500000000000146,0.1095002500000006,coupling,0.4720000000000001,0.10950025000000083,0.41300023600000063,0.1095002500000006,singles,9/125,2,0.0187501250000003,0.007500050000000121
4,"[0.1, 0.3]",native_tagged,0.05,0.0075000000000000015,full_feasible_return_range,RRR,False,0.12150000000000155,H4_e0p1_0p3_native_tagged_qNone_f0.05_world,123,numerically enlarged cost sublevel; not an exact eta-optimality assertion,0.0,1.2004286453759506e-16,5e-08,0.007500000000000133,0.007500000000000133,0.12150025000000061,coupling,0.284,0.12150025000000078,0.24850014200000028,0.12150025000000061,singles,21/250,2,0.0187501250000003,0.007500050000000121
4,"[0.1, 0.3]",native_tagged,0.05,0.0075000000000000015,full_feasible_return_range,LLR,True,0.07353594415423596,H4_e0p1_0p3_native_tagged_qNone_f0.05_parity,123,numerically enlarged cost sublevel; not an exact eta-optimality assertion,0.0,1.2004286453759506e-16,5e-08,0.0075000000000000665,0.0075000000000000665,0.11675024500000059,coupling,0.4359999999999998,0.2450001000000019,0.3815002180000005,0.11675024500000059,singles,2/25,49/25,0.0187501250000003,0.007500050000000121
4,"[0.1, 0.3]",native_tagged,0.05,0.0075000000000000015,full_feasible_return_range,LRR,True,0.09669377301922999,H4_e0p1_0p3_native_tagged_qNone_f0.05_U,123,numerically enlarged cost sublevel; not an exact eta-optimality assertion,0.0,1.2004286453759506e-16,5e-08,0.007500000000000042,0.007500000000000042,0.1395002500000006,coupling,0.40000000000000013,0.23750025000000058,0.35000020000000054,0.1395002500000006,singles,51/500,2,0.0187501250000003,0.007500050000000121
4,"[0.1, 0.3]",native_tagged,0.05,0.0075000000000000015,full_feasible_return_range,adaptive_L,True,0.0995790590124426,H4_e0p1_0p3_native_tagged_qNone_f0.05_U,123,numerically enlarged cost sublevel; not an exact eta-optimality assertion,0.0,1.2004286453759506e-16,5e-08,0.007500000000000042,0.007500000000000042,0.1630502110000005,coupling,0.43600000000000017,0.24592130263157952,0.3815002180000006,0.1630502110000005,singles,657/5000,211/125,0.0187501250000003,0.007500050000000121
4,"[0.1, 0.3]",native_joint,0.0,0.0,full_feasible_return_range,LR,False,4.595282487862562e-15,H4_e0p1_0p3_native_joint_qNone_f0.0_world,47,numerically enlarged cost sublevel; not an exact eta-optimality assertion,0.0,2.1302404284995193e-16,5e-08,5.681219383824044e-16,5.681219383824044e-16,5.000000021302404e-07,triangle,0.4,5.000000021302404e-07,0.3200002000000009,0.08000020892857232,singles,2/25,117/70,1.250000005325601e-07,5.000000021302404e-08
4,"[0.1, 0.3]",native_joint,0.0,0.0,full_feasible_return_range,LLL,False,0.07200000000001902,H4_e0p1_0p3_native_repeats_qNone_f0.0_V,47,numerically enlarged cost sublevel; not an exact eta-optimality assertion,0.0,2.1302404284995193e-16,5e-08,5.863365348801609e-17,5.863365348801609e-17,0.07200025000000106,coupling,0.4720000000000001,0.07200025000000129,0.3776002360000011,0.07200025000000106,singles,9/125,2,1.250000005325601e-07,5.000000021302404e-08
4,"[0.1, 0.3]",native_joint,0.0,0.0,full_feasible_return_range,RRR,False,0.08400000000013329,H4_e0p1_0p3_native_repeats_qNone_f0.01_world,47,numerically enlarged cost sublevel; not an exact eta-optimality assertion,0.0,2.1302404284995193e-16,5e-08,7.145325997548469e-16,7.145325997548469e-16,0.08400025000000107,coupling,0.284,0.08400025000000125,0.22720014200000058,0.08400025000000107,singles,21/250,2,1.250000005325601e-07,5.000000021302404e-08
4,"[0.1, 0.3]",native_joint,0.0,0.0,full_feasible_return_range,LLR,True,0.0720000000000155,H4_e0p1_0p3_native_repeats_qNone_f0.0_world,47,numerically enlarged cost sublevel; not an exact eta-optimality assertion,0.0,2.1302404284995193e-16,5e-08,6.626643678231404e-17,6.626643678231404e-17,0.07200050000000167,triangle,0.4359999999999998,0.07200050000000167,0.34880021800000094,0.08000024500000105,singles,2/25,49/25,1.250000005325601e-07,5.000000021302404e-08
4,"[0.1, 0.3]",native_joint,0.0,0.0,full_feasible_return_range,LRR,True,0.08400000000214118,H4_e0p1_0p3_native_singles_qNone_f0.0_U,47,numerically enlarged cost sublevel; not an exact eta-optimality assertion,0.0,2.1302404284995193e-16,5e-08,5.4296844798074063e-17,5.4296844798074063e-17,0.08400050000000212,triangle,0.40000000000000013,0.08400050000000212,0.3200002000000009,0.10200025000000106,singles,51/500,2,1.250000005325601e-07,5.000000021302404e-08
4,"[0.1, 0.3]",native_joint,0.0,0.0,full_feasible_return_range,adaptive_L,True,0.09838067010309384,H4_e0p1_0p3_native_joint_qNone_f0.0_U,47,numerically enlarged cost sublevel; not an exact eta-optimality assertion,0.0,2.1302404284995193e-16,5e-08,2.838007606698057e-16,2.838007606698057e-16,0.12210359278350723,triangle,0.43600000000000017,0.12210359278350723,0.348800218000001,0.13140021100000088,singles,657/5000,211/125,1.250000005325601e-07,5.000000021302404e-08
4,"[0.1, 0.3]",native_joint,0.01,0.0019000000000000004,full_feasible_return_range,LR,False,0.01900000000000015,H4_e0p1_0p3_native_joint_qNone_f0.01_world,58,numerically enlarged cost sublevel; not an exact eta-optimality assertion,0.0,2.1302404284995193e-16,5e-08,0.0019000000000002515,0.0019000000000002515,0.01900050000000213,triangle,0.4,0.01900050000000213,0.3276002000000009,0.08793949464285804,singles,2/25,117/70,0.004750125000000533,0.0019000500000002133
4,"[0.1, 0.3]",native_joint,0.01,0.0019000000000000004,full_feasible_return_range,LLL,False,0.07833333333333356,H4_e0p1_0p3_native_joint_qNone_f0.01_U,58,numerically enlarged cost sublevel; not an exact eta-optimality assertion,0.0,2.1302404284995193e-16,5e-08,0.0019000000000000867,0.0019000000000000867,0.08150025000000106,coupling,0.4720000000000001,0.0815002500000013,0.386568236000001,0.08150025000000106,singles,9/125,2,0.004750125000000533,0.0019000500000002133
4,"[0.1, 0.3]",native_joint,0.01,0.0019000000000000004,full_feasible_return_range,RRR,False,0.09033333333333424,H4_e0p1_0p3_native_joint_qNone_f0.01_V,58,numerically enlarged cost sublevel; not an exact eta-optimality assertion,0.0,2.1302404284995193e-16,5e-08,0.0019000000000004523,0.0019000000000004523,0.09350025000000108,coupling,0.284,0.09350025000000126,0.23259614200000053,0.09350025000000108,singles,21/250,2,0.004750125000000533,0.0019000500000002133
4,"[0.1, 0.3]",native_joint,0.01,0.0019000000000000004,full_feasible_return_range,LLR,True,0.0720000000000155,H4_e0p1_0p3_native_repeats_qNone_f0.0_world,58,numerically enlarged cost sublevel; not an exact eta-optimality assertion,0.0,2.1302404284995193e-16,5e-08,6.626643678231404e-17,6.626643678231404e-17,0.08931024500000105,coupling,0.4359999999999998,0.09100050000000168,0.3570842180000009,0.08931024500000105,singles,2/25,49/25,0.004750125000000533,0.0019000500000002133
4,"[0.1, 0.3]",native_joint,0.01,0.0019000000000000004,full_feasible_return_range,LRR,True,0.08400000000214118,H4_e0p1_0p3_native_singles_qNone_f0.0_U,58,numerically enlarged cost sublevel; not an exact eta-optimality assertion,0.0,2.1302404284995193e-16,5e-08,5.4296844798074063e-17,5.4296844798074063e-17,0.10300050000000212,triangle,0.40000000000000013,0.10300050000000212,0.3276002000000009,0.11150025000000106,singles,51/500,2,0.004750125000000533,0.0019000500000002133
4,"[0.1, 0.3]",native_joint,0.01,0.0019000000000000004,full_feasible_return_range,adaptive_L,True,0.09838067010309384,H4_e0p1_0p3_native_joint_qNone_f0.0_U,58,numerically enlarged cost sublevel; not an exact eta-optimality assertion,0.0,2.1302404284995193e-16,5e-08,2.838007606698057e-16,2.838007606698057e-16,0.1394182110000009,coupling,0.43600000000000017,0.14110359278350723,0.35708421800000095,0.1394182110000009,singles,657/5000,211/125,0.004750125000000533,0.0019000500000002133
4,"[0.1, 0.3]",native_joint,0.05,0.009500000000000001,full_feasible_return_range,LR,False,0.049902542795414395,H4_e0p1_0p3_native_joint_qNone_f0.05_world,102,numerically enlarged cost sublevel; not an exact eta-optimality assertion,0.0,2.1302404284995193e-16,5e-08,0.009500000000000251,0.009500000000000251,0.09500050000000214,triangle,0.4,0.09500050000000214,0.3580002000000009,0.1196966375000009,singles,2/25,117/70,0.023750125000000535,0.009500050000000215
4,"[0.1, 0.3]",native_joint,0.05,0.009500000000000001,full_feasible_return_range,LLL,False,0.1036666666666681,H4_e0p1_0p3_native_joint_qNone_f0.05_U_asymmetric,102,numerically enlarged cost sublevel; not an exact eta-optimality assertion,0.0,2.1302404284995193e-16,5e-08,0.009500000000002323,0.009500000000002323,0.11950025000000106,coupling,0.4720000000000001,0.1195002500000013,0.4224402360000011,0.11950025000000106,singles,9/125,2,0.023750125000000535,0.009500050000000215
4,"[0.1, 0.3]",native_joint,0.05,0.009500000000000001,full_feasible_return_range,RRR,False,0.11566666666666695,H4_e0p1_0p3_native_joint_qNone_f0.05_V,102,numerically enlarged cost sublevel; not an exact eta-optimality assertion,0.0,2.1302404284995193e-16,5e-08,0.009500000000000368,0.009500000000000368,0.13150025000000107,coupling,0.284,0.13150025000000126,0.25418014200000055,0.13150025000000107,singles,21/250,2,0.023750125000000535,0.009500050000000215
4,"[0.1, 0.3]",native_joint,0.05,0.009500000000000001,full_feasible_return_range,LLR,True,0.0720000000000155,H4_e0p1_0p3_native_repeats_qNone_f0.0_world,102,numerically enlarged cost sublevel; not an exact eta-optimality assertion,0.0,2.1302404284995193e-16,5e-08,6.626643678231404e-17,6.626643678231404e-17,0.12655024500000106,coupling,0.4359999999999998,0.1670005000000017,0.3902202180000009,0.12655024500000106,singles,2/25,49/25,0.023750125000000535,0.009500050000000215
4,"[0.1, 0.3]",native_joint,0.05,0.009500000000000001,full_feasible_return_range,LRR,True,0.09192517310293719,H4_e0p1_0p3_native_singles_qNone_f0.05_U,102,numerically enlarged cost sublevel; not an exact eta-optimality assertion,0.0,2.1302404284995193e-16,5e-08,0.009000000000000136,0.009000000000000136,0.14950025000000106,coupling,0.40000000000000013,0.17900050000000212,0.3580002000000009,0.14950025000000106,singles,51/500,2,0.023750125000000535,0.009500050000000215
4,"[0.1, 0.3]",native_joint,0.05,0.009500000000000001,full_feasible_return_range,adaptive_L,True,0.09844362582122222,H4_e0p1_0p3_native_singles_qNone_f0.05_U,102,numerically enlarged cost sublevel; not an exact eta-optimality assertion,0.0,2.1302404284995193e-16,5e-08,0.009000000000000136,0.009000000000000136,0.1714902110000009,coupling,0.43600000000000017,0.21710359278350724,0.390220218000001,0.1714902110000009,singles,657/5000,211/125,0.023750125000000535,0.009500050000000215
4,"[0.1, 0.3]",native_repeats,0.0,0.0,full_feasible_return_range,LR,False,2.8102520310824275e-16,H4_e0p1_0p3_native_repeats_qNone_f0.0_U,6,numerically enlarged cost sublevel; not an exact eta-optimality assertion,0.007199999999999873,0.007200000000000195,5e-08,0.007200000000000186,3.131175874138137e-16,0.07200050000000194,triangle,0.4,0.07200050000000194,0.25280040000000153,0.0743857018381491,majority3,28/1775,6820/4189,0.03600025000000097,0.007200050000000195
4,"[0.1, 0.3]",native_repeats,0.0,0.0,full_feasible_return_range,LLL,False,0.07200000000001902,H4_e0p1_0p3_native_repeats_qNone_f0.0_V,6,numerically enlarged cost sublevel; not an exact eta-optimality assertion,0.007199999999999873,0.007200000000000195,5e-08,0.007200000000002004,2.1311077902375075e-15,0.07200050000000194,triangle,0.4720000000000001,0.07200050000000194,0.2983044720000018,0.08847505567796796,majority3,243/12500,5657/2950,0.03600025000000097,0.007200050000000195
4,"[0.1, 0.3]",native_repeats,0.0,0.0,full_feasible_return_range,RRR,False,4.3194614551822497e-16,H4_e0p1_0p3_native_repeats_qNone_f0.0_V,6,numerically enlarged cost sublevel; not an exact eta-optimality assertion,0.007199999999999873,0.007200000000000195,5e-08,0.007200000000002004,2.1311077902375075e-15,0.07200050000000194,triangle,0.284,0.07200050000000194,0.17948828400000102,0.11150406880281848,majority3,1323/25000,5777/3550,0.03600025000000097,0.007200050000000195
4,"[0.1, 0.3]",native_repeats,0.0,0.0,full_feasible_return_range,LLR,True,0.0720000000000155,H4_e0p1_0p3_native_repeats_qNone_f0.0_world,6,numerically enlarged cost sublevel; not an exact eta-optimality assertion,0.007199999999999873,0.007200000000000195,5e-08,0.007200000000000475,6.019490461639521e-16,0.07515533782472772,coupling,0.4359999999999998,0.14400050000000147,0.2755524360000016,0.07515533782472772,majority3,7263/443750,26087/15975,0.03600025000000097,0.007200050000000195
4,"[0.1, 0.3]",native_repeats,0.0,0.0,full_feasible_return_range,LRR,True,8.153200337090993e-17,H4_e0p1_0p3_native_repeats_qNone_f0.0_U,6,numerically enlarged cost sublevel; not an exact eta-optimality assertion,0.007199999999999873,0.007200000000000195,5e-08,0.007200000000000186,3.131175874138137e-16,0.09618754161017112,coupling,0.40000000000000013,0.15600050000000193,0.25280040000000153,0.09618754161017112,majority3,441/12500,4991/2950,0.03600025000000097,0.007200050000000195
4,"[0.1, 0.3]",native_repeats,0.0,0.0,full_feasible_return_range,adaptive_L,True,0.07200000000009998,H4_e0p1_0p3_native_repeats_qNone_f0.0_parity,6,numerically enlarged cost sublevel; not an exact eta-optimality assertion,0.007199999999999873,0.007200000000000195,5e-08,0.0072000000000001126,2.393918396847994e-16,0.110232426132883,coupling,0.43600000000000017,0.19410359278350703,0.2755524360000017,0.110232426132883,majority3,9010197/184375000,314273/184375,0.03600025000000097,0.007200050000000195
4,"[0.1, 0.3]",native_repeats,0.01,0.002584000000000001,full_feasible_return_range,LR,False,0.006460000000000528,H4_e0p1_0p3_native_repeats_qNone_f0.01_U_asymmetric,36,numerically enlarged cost sublevel; not an exact eta-optimality assertion,0.007199999999999873,0.007200000000000195,5e-08,0.009784000000000334,0.002584000000000461,0.09542041179279222,coupling,0.4,0.09784050000000194,0.27347240000000156,0.09542041179279222,majority3,28/1775,6820/4189,0.04892025000000097,0.009784050000000195
4,"[0.1, 0.3]",native_repeats,0.01,0.002584000000000001,full_feasible_return_range,LLL,False,0.07846000000000078,H4_e0p1_0p3_native_repeats_qNone_f0.01_U_asymmetric,36,numerically enlarged cost sublevel; not an exact eta-optimality assertion,0.007199999999999873,0.007200000000000195,5e-08,0.009784000000000334,0.002584000000000461,0.09784050000000194,triangle,0.4720000000000001,0.09784050000000194,0.32269743200000184,0.11325079805084932,majority3,243/12500,5657/2950,0.04892025000000097,0.009784050000000195
4,"[0.1, 0.3]",native_repeats,0.01,0.002584000000000001,full_feasible_return_range,RRR,False,0.0874600000000035,H4_e0p1_0p3_native_repeats_qNone_f0.01_V,36,numerically enlarged cost sublevel; not an exact eta-optimality assertion,0.007199999999999873,0.007200000000000195,5e-08,0.009784000000000488,0.0025840000000006153,0.09784050000000194,triangle,0.284,0.09784050000000194,0.19416540400000104,0.13252909415493117,majority3,1323/25000,5777/3550,0.04892025000000097,0.009784050000000195
4,"[0.1, 0.3]",native_repeats,0.01,0.002584000000000001,full_feasible_return_range,LLR,True,0.0720000000000155,H4_e0p1_0p3_native_repeats_qNone_f0.0_world,36,numerically enlarged cost sublevel; not an exact eta-optimality assertion,0.007199999999999873,0.007200000000000195,5e-08,0.007200000000000475,6.019490461639521e-16,0.09625355629108139,coupling,0.4359999999999998,0.1698405000000015,0.29808491600000164,0.09625355629108139,majority3,7263/443750,26087/15975,0.04892025000000097,0.009784050000000195
4,"[0.1, 0.3]",native_repeats,0.01,0.002584000000000001,full_feasible_return_range,LRR,True,0.08400000000001275,H4_e0p1_0p3_native_joint_qNone,36,numerically enlarged cost sublevel; not an exact eta-optimality assertion,0.007199999999999873,0.007200000000000195,5e-08,0.008684192285476264,0.0014841922854763913,0.11804642974576435,coupling,0.40000000000000013,0.18184050000000193,0.27347240000000156,0.11804642974576435,majority3,441/12500,4991/2950,0.04892025000000097,0.009784050000000195
4,"[0.1, 0.3]",native_repeats,0.01,0.002584000000000001,full_feasible_return_range,adaptive_L,True,0.07754348898696312,H4_e0p1_0p3_native_tagged_qNone,36,numerically enlarged cost sublevel; not an exact eta-optimality assertion,0.007199999999999873,0.007200000000000195,5e-08,0.009425312045336386,0.0022253120453365124,0.1322549734413576,coupling,0.43600000000000017,0.21687712132352974,0.2980849160000017,0.1322549734413576,majority3,9010197/184375000,314273/184375,0.04892025000000097,0.009784050000000195
4,"[0.1, 0.3]",native_repeats,0.05,0.012920000000000004,full_feasible_return_range,LR,False,0.03230000000000026,H4_e0p1_0p3_native_repeats_qNone_f0.05_U,83,numerically enlarged cost sublevel; not an exact eta-optimality assertion,0.007199999999999873,0.007200000000000195,5e-08,0.020120000000000107,0.012920000000000233,0.1640730660714294,coupling,0.4,0.201200500000002,0.3561604000000016,0.1640730660714294,singles,2/25,117/70,0.0503001250000005,0.0201200500000002
4,"[0.1, 0.3]",native_repeats,0.05,0.012920000000000004,full_feasible_return_range,LLL,False,0.10430000000000034,H4_e0p1_0p3_native_repeats_qNone_f0.05_U,83,numerically enlarged cost sublevel; not an exact eta-optimality assertion,0.007199999999999873,0.007200000000000195,5e-08,0.020120000000000107,0.012920000000000233,0.172600250000001,coupling,0.4720000000000001,0.17260025000000123,0.4202692720000019,0.172600250000001,singles,9/125,2,0.0503001250000005,0.0201200500000002
4,"[0.1, 0.3]",native_repeats,0.05,0.012920000000000004,full_feasible_return_range,RRR,False,0.1132999999999997,H4_e0p1_0p3_native_repeats_qNone_f0.05_V,83,numerically enlarged cost sublevel; not an exact eta-optimality assertion,0.007199999999999873,0.007200000000000195,5e-08,0.020120000000000002,0.01292000000000013,0.18460025000000102,coupling,0.284,0.1846002500000012,0.25287388400000105,0.18460025000000102,singles,21/250,2,0.0503001250000005,0.0201200500000002
4,"[0.1, 0.3]",native_repeats,0.05,0.012920000000000004,full_feasible_return_range,LLR,True,0.0720000000000155,H4_e0p1_0p3_native_repeats_qNone_f0.0_world,83,numerically enlarged cost sublevel; not an exact eta-optimality assertion,0.007199999999999873,0.007200000000000195,5e-08,0.007200000000000475,6.019490461639521e-16,0.17856423500000096,coupling,0.4359999999999998,0.2166500624999999,0.3882148360000017,0.17856423500000096,singles,21/250,47/25,0.0503001250000005,0.0201200500000002
4,"[0.1, 0.3]",native_repeats,0.05,0.012920000000000004,full_feasible_return_range,LRR,True,0.08400000000214118,H4_e0p1_0p3_native_singles_qNone_f0.0_U,83,numerically enlarged cost sublevel; not an exact eta-optimality assertion,0.007199999999999873,0.007200000000000195,5e-08,0.015600000000010578,0.008400000000010704,0.20256423500000093,coupling,0.40000000000000013,0.21810885370879135,0.3561604000000016,0.20256423500000093,singles,27/250,47/25,0.0503001250000005,0.0201200500000002
4,"[0.1, 0.3]",native_repeats,0.05,0.012920000000000004,full_feasible_return_range,adaptive_L,True,0.09838067010309384,H4_e0p1_0p3_native_joint_qNone_f0.0_U,83,numerically enlarged cost sublevel; not an exact eta-optimality assertion,0.007199999999999873,0.007200000000000195,5e-08,0.015600000000000426,0.008400000000000553,0.21630661100000081,coupling,0.43600000000000017,0.22979712132352975,0.3882148360000018,0.21630661100000081,singles,657/5000,211/125,0.0503001250000005,0.0201200500000002
4,"[0.1, 0.3]",native_minimax,0.0,0.0,full_feasible_return_range,LR,False,3.2127078775090467e-15,H4_e0p1_0p3_native_minimax_qNone_f0.0_U,6,numerically enlarged cost sublevel; not an exact eta-optimality assertion,0.038769230769230945,0.03876923076923487,5e-08,0.03876923076923994,8.992806499463768e-15,0.03876928076923487,triangle,0.4,0.03876928076923487,0.25723084923077577,0.07889388752594458,majority3,28/1775,6820/4189,0.03876928076923487,0.03876928076923487
4,"[0.1, 0.3]",native_minimax,0.0,0.0,full_feasible_return_range,LLL,False,0.03876923076932841,H4_e0p1_0p3_native_minimax_qNone_f0.0_world,6,numerically enlarged cost sublevel; not an exact eta-optimality assertion,0.038769230769230945,0.03876923076923487,5e-08,0.03876923077016222,9.31275889737293e-13,0.03876928076923487,triangle,0.4720000000000001,0.03876928076923487,0.3035324020923154,0.09378502417341074,majority3,243/12500,5657/2950,0.03876928076923487,0.03876928076923487
4,"[0.1, 0.3]",native_minimax,0.0,0.0,full_feasible_return_range,RRR,False,0.03876923077016222,H4_e0p1_0p3_native_minimax_qNone_f0.0_world,6,numerically enlarged cost sublevel; not an exact eta-optimality assertion,0.038769230769230945,0.03876923076923487,5e-08,0.03876923077016222,9.31275889737293e-13,0.03876928076923487,triangle,0.284,0.03876928076923487,0.18263390295385074,0.11601017887432954,majority3,1323/25000,5777/3550,0.03876928076923487,0.03876928076923487
4,"[0.1, 0.3]",native_minimax,0.0,0.0,full_feasible_return_range,LLR,True,0.03876923076926142,H4_e0p1_0p3_native_minimax_qNone_f0.0_U_asymmetric,6,numerically enlarged cost sublevel; not an exact eta-optimality assertion,0.038769230769230945,0.03876923076923487,5e-08,0.038769230769231174,2.2898349882893854e-16,0.07967713473721628,coupling,0.4359999999999998,0.11076928076923442,0.28038162566154556,0.07967713473721628,majority3,7263/443750,26087/15975,0.03876928076923487,0.03876928076923487
4,"[0.1, 0.3]",native_minimax,0.0,0.0,full_feasible_return_range,LRR,True,0.038769230769235115,H4_e0p1_0p3_native_minimax_qNone_f0.0_V,6,numerically enlarged cost sublevel; not an exact eta-optimality assertion,0.038769230769230945,0.03876923076923487,5e-08,0.038769230769246626,1.5681900222830336e-14,0.10087236620991569,coupling,0.40000000000000013,0.12276928076923486,0.25723084923077577,0.10087236620991569,majority3,441/12500,4991/2950,0.03876928076923487,0.03876928076923487
4,"[0.1, 0.3]",native_minimax,0.0,0.0,full_feasible_return_range,adaptive_L,True,0.0583657867436807,H4_e0p1_0p3_native_minimax_qNone_f0.0_U_asymmetric,6,numerically enlarged cost sublevel; not an exact eta-optimality assertion,0.038769230769230945,0.03876923076923487,5e-08,0.038769230769231174,2.2898349882893854e-16,0.11495232637391052,coupling,0.43600000000000017,0.16087237355273998,0.2803816256615456,0.11495232637391052,majority3,9010197/184375000,314273/184375,0.03876928076923487,0.03876928076923487
4,"[0.1, 0.3]",native_minimax,0.01,0.004332307692307695,full_feasible_return_range,LR,False,3.2127078775090467e-15,H4_e0p1_0p3_native_minimax_qNone_f0.0_U,11,numerically enlarged cost sublevel; not an exact eta-optimality assertion,0.038769230769230945,0.03876923076923487,5e-08,0.03876923076923994,8.992806499463768e-15,0.04310158846154257,triangle,0.4,0.04310158846154257,0.2641625415384681,0.08594720298584874,majority3,28/1775,6820/4189,0.04310158846154257,0.04310158846154257
4,"[0.1, 0.3]",native_minimax,0.01,0.004332307692307695,full_feasible_return_range,LLL,False,0.04310153846154191,H4_e0p1_0p3_native_minimax_qNone_f0.01_U_asymmetric,11,numerically enlarged cost sublevel; not an exact eta-optimality assertion,0.038769230769230945,0.03876923076923487,5e-08,0.04310153846154191,0.004332307692310966,0.04310158846154257,triangle,0.4720000000000001,0.04310158846154257,0.31171179901539237,0.10209277489049028,majority3,243/12500,5657/2950,0.04310158846154257,0.04310158846154257
4,"[0.1, 0.3]",native_minimax,0.01,0.004332307692307695,full_feasible_return_range,RRR,False,0.04310153846195236,H4_e0p1_0p3_native_minimax_qNone_f0.01_world,11,numerically enlarged cost sublevel; not an exact eta-optimality assertion,0.038769230769230945,0.03876923076923487,5e-08,0.04310153846195236,0.0043323076927214155,0.04310158846154257,triangle,0.284,0.04310158846154257,0.18755540449231228,0.12306024691333281,majority3,1323/25000,5777/3550,0.04310158846154257,0.04310158846154257
4,"[0.1, 0.3]",native_minimax,0.01,0.004332307692307695,full_feasible_return_range,LLR,True,0.04310153846154276,H4_e0p1_0p3_native_minimax_qNone_f0.01_U_asymmetric,11,numerically enlarged cost sublevel; not an exact eta-optimality assertion,0.038769230769230945,0.03876923076923487,5e-08,0.04310153846154191,0.004332307692310966,0.08675174573998504,coupling,0.4359999999999998,0.11510158846154211,0.28793717027693017,0.08675174573998504,majority3,7263/443750,26087/15975,0.04310158846154257,0.04310158846154257
4,"[0.1, 0.3]",native_minimax,0.01,0.004332307692307695,full_feasible_return_range,LRR,True,0.04310153846154257,H4_e0p1_0p3_native_minimax_qNone_f0.01_parity,11,numerically enlarged cost sublevel; not an exact eta-optimality assertion,0.038769230769230945,0.03876923076923487,5e-08,0.04310153846154008,0.004332307692309134,0.10820204339374881,coupling,0.40000000000000013,0.12710158846154257,0.2641625415384681,0.10820204339374881,majority3,441/12500,4991/2950,0.04310158846154257,0.04310158846154257
4,"[0.1, 0.3]",native_minimax,0.01,0.004332307692307695,full_feasible_return_range,adaptive_L,True,0.0583657867436807,H4_e0p1_0p3_native_minimax_qNone_f0.0_U_asymmetric,11,numerically enlarged cost sublevel; not an exact eta-optimality assertion,0.038769230769230945,0.03876923076923487,5e-08,0.038769230769231174,2.2898349882893854e-16,0.1223368814132847,coupling,0.43600000000000017,0.16520468124504767,0.2879371702769302,0.1223368814132847,majority3,9010197/184375000,314273/184375,0.04310158846154257,0.04310158846154257
4,"[0.1, 0.3]",native_minimax,0.05,0.02166153846153848,full_feasible_return_range,LR,False,3.2127078775090467e-15,H4_e0p1_0p3_native_minimax_qNone_f0.0_U,16,numerically enlarged cost sublevel; not an exact eta-optimality assertion,0.038769230769230945,0.03876923076923487,5e-08,0.03876923076923994,8.992806499463768e-15,0.060430819230773355,triangle,0.4,0.060430819230773355,0.29188931076923735,0.11416046482546534,majority3,28/1775,6820/4189,0.060430819230773355,0.060430819230773355
4,"[0.1, 0.3]",native_minimax,0.05,0.02166153846153848,full_feasible_return_range,LLL,False,0.06043076923077013,H4_e0p1_0p3_native_minimax_qNone_f0.05_world,16,numerically enlarged cost sublevel; not an exact eta-optimality assertion,0.038769230769230945,0.03876923076923487,5e-08,0.06043076923078024,0.021661538461549293,0.060430819230773355,triangle,0.4720000000000001,0.060430819230773355,0.34442938670770007,0.13532377775880844,majority3,243/12500,5657/2950,0.060430819230773355,0.060430819230773355
4,"[0.1, 0.3]",native_minimax,0.05,0.02166153846153848,full_feasible_return_range,RRR,False,0.06043076923082424,H4_e0p1_0p3_native_minimax_qNone_f0.05_parity,16,numerically enlarged cost sublevel; not an exact eta-optimality assertion,0.038769230769230945,0.03876923076923487,5e-08,0.06043076923082424,0.021661538461593292,0.060430819230773355,triangle,0.284,0.060430819230773355,0.20724141064615845,0.15126051906934582,majority3,1323/25000,5777/3550,0.060430819230773355,0.060430819230773355
4,"[0.1, 0.3]",native_minimax,0.05,0.02166153846153848,full_feasible_return_range,LLR,True,0.060430769230774325,H4_e0p1_0p3_native_minimax_qNone_f0.05_U_asymmetric,16,numerically enlarged cost sublevel; not an exact eta-optimality assertion,0.038769230769230945,0.03876923076923487,5e-08,0.06043076923076944,0.021661538461538496,0.11505018975106006,coupling,0.4359999999999998,0.1324308192307729,0.3181593487384687,0.11505018975106006,majority3,7263/443750,26087/15975,0.060430819230773355,0.060430819230773355
4,"[0.1, 0.3]",native_minimax,0.05,0.02166153846153848,full_feasible_return_range,LRR,True,0.06364819757029742,H4_e0p1_0p3_native_minimax_qNone_f0.05_parity,16,numerically enlarged cost sublevel; not an exact eta-optimality assertion,0.038769230769230945,0.03876923076923487,5e-08,0.06043076923082424,0.021661538461593292,0.1375207521290813,coupling,0.40000000000000013,0.14443081923077333,0.29188931076923735,0.1375207521290813,majority3,441/12500,4991/2950,0.060430819230773355,0.060430819230773355
4,"[0.1, 0.3]",native_minimax,0.05,0.02166153846153848,full_feasible_return_range,adaptive_L,True,0.06281256449398821,H4_e0p1_0p3_native_minimax_qNone_f0.05_world,16,numerically enlarged cost sublevel; not an exact eta-optimality assertion,0.038769230769230945,0.03876923076923487,5e-08,0.06043076923078024,0.021661538461549293,0.1518751015707815,coupling,0.43600000000000017,0.18253391201427846,0.31815934873846874,0.1518751015707815,majority3,9010197/184375000,314273/184375,0.060430819230773355,0.060430819230773355
4,"[0.1, 0.1]",native_singles,,0.005,absolute,LR,False,0.03913424657534746,H4_e0p1_0p1_native_singles_qNone_absolute0.005_parity,109,numerically enlarged cost sublevel; not an exact eta-optimality assertion,0.0,5.967448757360216e-17,5e-08,0.005000000000000069,0.005000000000000069,0.10138910277777803,coupling,0.56,0.37250012500000024,0.18000020000000028,0.10138910277777803,singles,2/25,77/45,0.012500125000000148,0.00500005000000006
4,"[0.1, 0.1]",native_singles,,0.005,absolute,LLL,False,0.09700000000007895,H4_e0p1_0p1_native_tagged_qNone_absolute0.005_U_asymmetric,109,numerically enlarged cost sublevel; not an exact eta-optimality assertion,0.0,5.967448757360216e-17,5e-08,0.005000000000000057,0.005000000000000057,0.09700025000000029,coupling,0.4720000000000001,0.09700025000000052,0.21240023600000033,0.09700025000000029,singles,9/125,2,0.012500125000000148,0.00500005000000006
4,"[0.1, 0.1]",native_singles,,0.005,absolute,RRR,False,0.09700000000000114,H4_e0p1_0p1_native_singles_qNone_absolute0.005_V,109,numerically enlarged cost sublevel; not an exact eta-optimality assertion,0.0,5.967448757360216e-17,5e-08,0.005000000000000053,0.005000000000000053,0.09700025000000029,coupling,0.47200000000000003,0.09700025000000045,0.21240023600000033,0.09700025000000029,singles,9/125,2,0.012500125000000148,0.00500005000000006
4,"[0.1, 0.1]",native_singles,,0.005,absolute,LLR,True,0.072000000002862,H4_e0p1_0p1_native_singles_qNone_f0.0_U_asymmetric,109,numerically enlarged cost sublevel; not an exact eta-optimality assertion,0.0,5.967448757360216e-17,5e-08,4.163336342344337e-17,4.163336342344337e-17,0.1045002450000003,coupling,0.5600000000000003,0.3725001250000002,0.21240023600000033,0.1045002450000003,singles,2/25,49/25,0.012500125000000148,0.00500005000000006
4,"[0.1, 0.1]",native_singles,,0.005,absolute,LRR,True,0.07200000000000441,H4_e0p1_0p1_native_repeats_qNone_f0.01_V,109,numerically enlarged cost sublevel; not an exact eta-optimality assertion,0.0,5.967448757360216e-17,5e-08,0.0017160000000001284,0.0017160000000001284,0.1045002450000003,coupling,0.5600000000000003,0.3725001250000004,0.21240023600000033,0.1045002450000003,singles,2/25,49/25,0.012500125000000148,0.00500005000000006
4,"[0.1, 0.1]",native_singles,,0.005,absolute,adaptive_L,True,0.1055159921550606,H4_e0p1_0p1_native_singles_qNone_f0.01_U,109,numerically enlarged cost sublevel; not an exact eta-optimality assertion,0.0,5.967448757360216e-17,5e-08,0.0016000000000001154,0.0016000000000001154,0.15075021150000023,coupling,0.530666666666667,0.31376328289473704,0.21240023600000033,0.15075021150000023,singles,81/625,423/250,0.012500125000000148,0.00500005000000006
4,"[0.1, 0.1]",native_tagged,,0.005,absolute,LR,False,0.03913424657534746,H4_e0p1_0p1_native_singles_qNone_absolute0.005_parity,109,numerically enlarged cost sublevel; not an exact eta-optimality assertion,0.0,1.3322676295501878e-16,5e-08,0.005000000000000106,0.005000000000000106,0.10138910277777835,coupling,0.56,0.37000010000000033,0.18000020000000058,0.10138910277777835,singles,2/25,77/45,0.012500125000000332,0.005000050000000133
4,"[0.1, 0.1]",native_tagged,,0.005,absolute,LLL,False,0.09700000000007895,H4_e0p1_0p1_native_tagged_qNone_absolute0.005_U_asymmetric,109,numerically enlarged cost sublevel; not an exact eta-optimality assertion,0.0,1.3322676295501878e-16,5e-08,0.005000000000000071,0.005000000000000071,0.09700025000000066,coupling,0.4720000000000001,0.0970002500000009,0.21240023600000066,0.09700025000000066,singles,9/125,2,0.012500125000000332,0.005000050000000133
4,"[0.1, 0.1]",native_tagged,,0.005,absolute,RRR,False,0.09700000000000114,H4_e0p1_0p1_native_singles_qNone_absolute0.005_V,109,numerically enlarged cost sublevel; not an exact eta-optimality assertion,0.0,1.3322676295501878e-16,5e-08,0.005000000000000068,0.005000000000000068,0.09700025000000066,coupling,0.47200000000000003,0.09700025000000083,0.21240023600000066,0.09700025000000066,singles,9/125,2,0.012500125000000332,0.005000050000000133
4,"[0.1, 0.1]",native_tagged,,0.005,absolute,LLR,True,0.072000000002862,H4_e0p1_0p1_native_singles_qNone_f0.0_U_asymmetric,109,numerically enlarged cost sublevel; not an exact eta-optimality assertion,0.0,1.3322676295501878e-16,5e-08,5.412337245047638e-17,5.412337245047638e-17,0.10450024500000066,coupling,0.5600000000000003,0.3700001000000004,0.21240023600000066,0.10450024500000066,singles,2/25,49/25,0.012500125000000332,0.005000050000000133
4,"[0.1, 0.1]",native_tagged,,0.005,absolute,LRR,True,0.07200000000000441,H4_e0p1_0p1_native_repeats_qNone_f0.01_V,109,numerically enlarged cost sublevel; not an exact eta-optimality assertion,0.0,1.3322676295501878e-16,5e-08,0.0017160000000001753,0.0017160000000001753,0.10450024500000066,coupling,0.5600000000000003,0.3700001000000003,0.21240023600000066,0.10450024500000066,singles,2/25,49/25,0.012500125000000332,0.005000050000000133
4,"[0.1, 0.1]",native_tagged,,0.005,absolute,adaptive_L,True,0.1055159921550606,H4_e0p1_0p1_native_singles_qNone_f0.01_U,109,numerically enlarged cost sublevel; not an exact eta-optimality assertion,0.0,1.3322676295501878e-16,5e-08,0.0016000000000001282,0.0016000000000001282,0.15075021150000056,coupling,0.530666666666667,0.31126325789473724,0.21240023600000066,0.15075021150000056,singles,81/625,423/250,0.012500125000000332,0.005000050000000133
4,"[0.1, 0.1]",native_joint,,0.005,absolute,LR,False,0.026113345521023852,H4_e0p1_0p1_native_joint_qNone_absolute0.005_parity,93,numerically enlarged cost sublevel; not an exact eta-optimality assertion,0.0,1.0269562977782698e-16,5e-08,0.005000000000000071,0.005000000000000071,0.050000500000001016,triangle,0.56,0.050000500000001016,0.18000020000000044,0.10138910277777821,singles,2/25,77/45,0.012500125000000254,0.005000050000000102
4,"[0.1, 0.1]",native_joint,,0.005,absolute,LLL,False,0.08866666666666717,H4_e0p1_0p1_native_joint_qNone_absolute0.005_U_asymmetric,93,numerically enlarged cost sublevel; not an exact eta-optimality assertion,0.0,1.0269562977782698e-16,5e-08,0.005000000000000479,0.005000000000000479,0.09700025000000051,coupling,0.4720000000000001,0.09700025000000073,0.2124002360000005,0.09700025000000051,singles,9/125,2,0.012500125000000254,0.005000050000000102
4,"[0.1, 0.1]",native_joint,,0.005,absolute,RRR,False,0.08866666666666739,H4_e0p1_0p1_native_joint_qNone_absolute0.005_V,93,numerically enlarged cost sublevel; not an exact eta-optimality assertion,0.0,1.0269562977782698e-16,5e-08,0.005000000000000326,0.005000000000000326,0.09700025000000051,coupling,0.47200000000000003,0.09700025000000068,0.2124002360000005,0.09700025000000051,singles,9/125,2,0.012500125000000254,0.005000050000000102
4,"[0.1, 0.1]",native_joint,,0.005,absolute,LLR,True,0.072000000002862,H4_e0p1_0p1_native_singles_qNone_f0.0_U_asymmetric,93,numerically enlarged cost sublevel; not an exact eta-optimality assertion,0.0,1.0269562977782698e-16,5e-08,5.559788740505666e-17,5.559788740505666e-17,0.10450024500000049,coupling,0.5600000000000003,0.12200050000000105,0.2124002360000005,0.10450024500000049,singles,2/25,49/25,0.012500125000000254,0.005000050000000102
4,"[0.1, 0.1]",native_joint,,0.005,absolute,LRR,True,0.07200000000000441,H4_e0p1_0p1_native_repeats_qNone_f0.01_V,93,numerically enlarged cost sublevel; not an exact eta-optimality assertion,0.0,1.0269562977782698e-16,5e-08,0.002574000000000183,0.002574000000000183,0.10450024500000049,coupling,0.5600000000000003,0.1220005000000011,0.2124002360000005,0.10450024500000049,singles,2/25,49/25,0.012500125000000254,0.005000050000000102
4,"[0.1, 0.1]",native_joint,,0.005,absolute,adaptive_L,True,0.1055159921550606,H4_e0p1_0p1_native_singles_qNone_f0.01_U,93,numerically enlarged cost sublevel; not an exact eta-optimality assertion,0.0,1.0269562977782698e-16,5e-08,0.0024000000000002136,0.0024000000000002136,0.15075021150000043,coupling,0.530666666666667,0.17436413636363743,0.2124002360000005,0.15075021150000043,singles,81/625,423/250,0.012500125000000254,0.005000050000000102
4,"[0.1, 0.1]",native_repeats,,0.005,absolute,LR,False,0.012500000000189655,H4_e0p1_0p1_native_repeats_qNone_absolute0.005_U,59,numerically enlarged cost sublevel; not an exact eta-optimality assertion,0.007200000000000012,0.007200000000000279,5e-08,0.012200000000145591,0.005000000000145579,0.1187286489857367,coupling,0.56,0.12200050000000279,0.1424004000000023,0.1187286489857367,majority3,28/1475,1383160/845883,0.061000250000001394,0.01220005000000028
4,"[0.1, 0.1]",native_repeats,,0.005,absolute,LLL,False,0.08450000000019062,H4_e0p1_0p1_native_repeats_qNone_absolute0.005_U,59,numerically enlarged cost sublevel; not an exact eta-optimality assertion,0.007200000000000012,0.007200000000000279,5e-08,0.012200000000145591,0.005000000000145579,0.12200050000000279,triangle,0.4720000000000001,0.12200050000000279,0.16803247200000265,0.13300025000000137,singles,9/125,2,0.030500125000000697,0.01220005000000028
4,"[0.1, 0.1]",native_repeats,,0.005,absolute,RRR,False,0.0845000000000032,H4_e0p1_0p1_native_repeats_qNone_absolute0.005_V,59,numerically enlarged cost sublevel; not an exact eta-optimality assertion,0.007200000000000012,0.007200000000000279,5e-08,0.012200000000001092,0.00500000000000108,0.12200050000000279,triangle,0.47200000000000003,0.12200050000000279,0.16803247200000265,0.13300025000000137,singles,9/125,2,0.030500125000000697,0.01220005000000028
4,"[0.1, 0.1]",native_repeats,,0.005,absolute,LLR,True,0.07200000000026054,H4_e0p1_0p1_native_repeats_qNone_absolute0.005_U,59,numerically enlarged cost sublevel; not an exact eta-optimality assertion,0.007200000000000012,0.007200000000000279,5e-08,0.012200000000145591,0.005000000000145579,0.1212939745763565,coupling,0.5600000000000003,0.19400050000000282,0.16803247200000265,0.1212939745763565,majority3,188046876684461838083/9415749307774751286500,98/59,0.061000250000001394,0.01220005000000028
4,"[0.1, 0.1]",native_repeats,,0.005,absolute,LRR,True,0.07200000000000441,H4_e0p1_0p1_native_repeats_qNone_f0.01_V,59,numerically enlarged cost sublevel; not an exact eta-optimality assertion,0.007200000000000012,0.007200000000000279,5e-08,0.010632000000000377,0.0034320000000003653,0.1212939745762735,coupling,0.5600000000000003,0.19400050000000285,0.16803247200000265,0.1212939745762735,majority3,14729/737500,98/59,0.061000250000001394,0.01220005000000028
4,"[0.1, 0.1]",native_repeats,,0.005,absolute,adaptive_L,True,0.08359431789550179,H4_e0p1_0p1_native_repeats_qNone_absolute0.005_parity,59,numerically enlarged cost sublevel; not an exact eta-optimality assertion,0.007200000000000012,0.007200000000000279,5e-08,0.012200000000005568,0.0050000000000055556,0.13699797782796852,coupling,0.530666666666667,0.24636413636363919,0.16803247200000265,0.13699797782796852,majority3,4535109/147500000,513837/295000,0.061000250000001394,0.01220005000000028
4,"[0.25, 0.25]",native_singles,,0.005,absolute,LR,False,0.05937500000000018,H4_e0p25_0p25_native_singles_qNone_f0.05_parity,115,numerically enlarged cost sublevel; not an exact eta-optimality assertion,0.0,0.0,5e-08,0.005000000000000033,0.005000000000000033,0.14166683333333333,coupling,0.3125,0.200000125,0.262500125,0.14166683333333333,singles,1/8,4/3,0.012500124999999999,0.00500005
4,"[0.25, 0.25]",native_singles,,0.005,absolute,LLL,False,0.11875000000000101,H4_e0p25_0p25_native_singles_qNone_f0.05_world,115,numerically enlarged cost sublevel; not an exact eta-optimality assertion,0.0,0.0,5e-08,0.005000000000000033,0.005000000000000033,0.11875024999999999,triangle,0.34375,0.11875024999999999,0.34375,0.11875025,singles,3/32,2,0.012500124999999999,0.00500005
4,"[0.25, 0.25]",native_singles,,0.005,absolute,RRR,False,0.118750000000002,H4_e0p25_0p25_native_tagged_qNone_absolute0.005_V,115,numerically enlarged cost sublevel; not an exact eta-optimality assertion,0.0,0.0,5e-08,0.0050000000000000495,0.0050000000000000495,0.11875025,coupling,0.34375,0.11875025000000002,0.34375,0.11875025,singles,3/32,2,0.012500124999999999,0.00500005
4,"[0.25, 0.25]",native_singles,,0.005,absolute,LLR,True,0.09375000000004882,H4_e0p25_0p25_native_tagged_qNone_f0.0_U_asymmetric,115,numerically enlarged cost sublevel; not an exact eta-optimality assertion,0.0,0.0,5e-08,0.0,0.0,0.14687521875,coupling,0.34375000000000017,0.20000012500000006,0.34375000000000017,0.14687521875,singles,1/8,7/4,0.012500124999999999,0.00500005
4,"[0.25, 0.25]",native_singles,,0.005,absolute,LRR,True,0.09375000000038435,H4_e0p25_0p25_native_repeats_qNone_f0.01_V,115,numerically enlarged cost sublevel; not an exact eta-optimality assertion,0.0,0.0,5e-08,0.001078125000000671,0.001078125000000671,0.14687521875,coupling,0.34375,0.200000125,0.34375,0.14687521875,singles,1/8,7/4,0.012500124999999999,0.00500005
4,"[0.25, 0.25]",native_singles,,0.005,absolute,adaptive_L,True,0.13125000000000234,H4_e0p25_0p25_native_singles_qNone,115,numerically enlarged cost sublevel; not an exact eta-optimality assertion,0.0,0.0,5e-08,0.0,0.0,0.1593751875,coupling,0.3437499999999999,0.20000012499999995,0.3437499999999999,0.1593751875,singles,9/64,3/2,0.012500124999999999,0.00500005
4,"[0.25, 0.25]",native_tagged,,0.005,absolute,LR,False,0.05937500000000018,H4_e0p25_0p25_native_singles_qNone_f0.05_parity,115,numerically enlarged cost sublevel; not an exact eta-optimality assertion,0.0,0.0,5e-08,0.00500000000000029,0.00500000000000029,0.14166683333333333,coupling,0.3125,0.1975001,0.262500125,0.14166683333333333,singles,1/8,4/3,0.012500124999999999,0.00500005
4,"[0.25, 0.25]",native_tagged,,0.005,absolute,LLL,False,0.11875000000000101,H4_e0p25_0p25_native_singles_qNone_f0.05_world,115,numerically enlarged cost sublevel; not an exact eta-optimality assertion,0.0,0.0,5e-08,0.005000000000000063,0.005000000000000063,0.11875024999999999,triangle,0.34375,0.11875024999999999,0.34375,0.11875025,singles,3/32,2,0.012500124999999999,0.00500005
4,"[0.25, 0.25]",native_tagged,,0.005,absolute,RRR,False,0.118750000000002,H4_e0p25_0p25_native_tagged_qNone_absolute0.005_V,115,numerically enlarged cost sublevel; not an exact eta-optimality assertion,0.0,0.0,5e-08,0.005000000000000064,0.005000000000000064,0.11875025,coupling,0.34375,0.11875025000000002,0.34375,0.11875025,singles,3/32,2,0.012500124999999999,0.00500005
4,"[0.25, 0.25]",native_tagged,,0.005,absolute,LLR,True,0.09375000000004882,H4_e0p25_0p25_native_tagged_qNone_f0.0_U_asymmetric,115,numerically enlarged cost sublevel; not an exact eta-optimality assertion,0.0,0.0,5e-08,0.0,0.0,0.14687521875,coupling,0.34375000000000017,0.1975001,0.34375000000000017,0.14687521875,singles,1/8,7/4,0.012500124999999999,0.00500005
4,"[0.25, 0.25]",native_tagged,,0.005,absolute,LRR,True,0.09375000000038435,H4_e0p25_0p25_native_repeats_qNone_f0.01_V,115,numerically enlarged cost sublevel; not an exact eta-optimality assertion,0.0,0.0,5e-08,0.0010781250000006855,0.0010781250000006855,0.14687521875,coupling,0.34375,0.19750009999999998,0.34375,0.14687521875,singles,1/8,7/4,0.012500124999999999,0.00500005
4,"[0.25, 0.25]",native_tagged,,0.005,absolute,adaptive_L,True,0.13125000000000234,H4_e0p25_0p25_native_singles_qNone,115,numerically enlarged cost sublevel; not an exact eta-optimality assertion,0.0,0.0,5e-08,0.0,0.0,0.1593751875,coupling,0.3437499999999999,0.19750009999999998,0.3437499999999999,0.1593751875,singles,9/64,3/2,0.012500124999999999,0.00500005
4,"[0.25, 0.25]",native_joint,,0.005,absolute,LR,False,0.04329268292682929,H4_e0p25_0p25_native_joint_qNone_absolute0.005_world,96,numerically enlarged cost sublevel; not an exact eta-optimality assertion,0.0,0.0,5e-08,0.00500000000000005,0.00500000000000005,0.050000499999999996,triangle,0.3125,0.050000499999999996,0.262500125,0.14166683333333333,singles,1/8,4/3,0.012500124999999999,0.00500005
4,"[0.25, 0.25]",native_joint,,0.005,absolute,LLL,False,0.11041666666666675,H4_e0p25_0p25_native_joint_qNone_absolute0.005_U,96,numerically enlarged cost sublevel; not an exact eta-optimality assertion,0.0,0.0,5e-08,0.005000000000000263,0.005000000000000263,0.11875024999999999,triangle,0.34375,0.11875024999999999,0.34375,0.11875025,singles,3/32,2,0.012500124999999999,0.00500005
4,"[0.25, 0.25]",native_joint,,0.005,absolute,RRR,False,0.11041666666666672,H4_e0p25_0p25_native_joint_qNone_absolute0.005_V,96,numerically enlarged cost sublevel; not an exact eta-optimality assertion,0.0,0.0,5e-08,0.005000000000000087,0.005000000000000087,0.11875025,coupling,0.34375,0.11875025000000002,0.34375,0.11875025,singles,3/32,2,0.012500124999999999,0.00500005
4,"[0.25, 0.25]",native_joint,,0.005,absolute,LLR,True,0.09375000000004882,H4_e0p25_0p25_native_tagged_qNone_f0.0_U_asymmetric,96,numerically enlarged cost sublevel; not an exact eta-optimality assertion,0.0,0.0,5e-08,0.0,0.0,0.14375049999999998,triangle,0.34375000000000017,0.14375049999999998,0.34375000000000017,0.14687521875,singles,1/8,7/4,0.012500124999999999,0.00500005
4,"[0.25, 0.25]",native_joint,,0.005,absolute,LRR,True,0.09375000000038435,H4_e0p25_0p25_native_repeats_qNone_f0.01_V,96,numerically enlarged cost sublevel; not an exact eta-optimality assertion,0.0,0.0,5e-08,0.0016171875000011336,0.0016171875000011336,0.1437505,triangle,0.34375,0.1437505,0.34375,0.14687521875,singles,1/8,7/4,0.012500124999999999,0.00500005
4,"[0.25, 0.25]",native_joint,,0.005,absolute,adaptive_L,True,0.13125000000000234,H4_e0p25_0p25_native_singles_qNone,96,numerically enlarged cost sublevel; not an exact eta-optimality assertion,0.0,0.0,5e-08,0.0,0.0,0.1593751875,coupling,0.3437499999999999,0.17797627380952383,0.3437499999999999,0.1593751875,singles,9/64,3/2,0.012500124999999999,0.00500005
4,"[0.25, 0.25]",native_repeats,,0.005,absolute,LR,False,0.012500000000001003,H4_e0p25_0p25_native_repeats_qNone_absolute0.005_U,50,numerically enlarged cost sublevel; not an exact eta-optimality assertion,0.009375000000000244,0.009375000000001747,5e-08,0.014375000000000809,0.005000000000000565,0.14375050000001746,triangle,0.3125,0.14375050000001746,0.22812525000000872,0.14464370921335623,majority3,5/88,3992/3267,0.07187525000000873,0.014375050000001747
4,"[0.25, 0.25]",native_repeats,,0.005,absolute,LLL,False,0.10625000000000151,H4_e0p25_0p25_native_repeats_qNone_absolute0.005_U,50,numerically enlarged cost sublevel; not an exact eta-optimality assertion,0.009375000000000244,0.009375000000001747,5e-08,0.014375000000000809,0.005000000000000565,0.14375050000001746,triangle,0.34375,0.14375050000001746,0.313672218750012,0.16562525000000872,singles,3/32,2,0.035937625000004365,0.014375050000001747
4,"[0.25, 0.25]",native_repeats,,0.005,absolute,RRR,False,0.1062500000000001,H4_e0p25_0p25_native_repeats_qNone_absolute0.005_V,50,numerically enlarged cost sublevel; not an exact eta-optimality assertion,0.009375000000000244,0.009375000000001747,5e-08,0.014375000000000526,0.005000000000000282,0.14375050000001746,triangle,0.34375,0.14375050000001746,0.313672218750012,0.16562525000000872,singles,3/32,2,0.035937625000004365,0.014375050000001747
4,"[0.25, 0.25]",native_repeats,,0.005,absolute,LLR,True,0.09375000000001003,H4_e0p25_0p25_native_repeats_qNone_f0.0_U,50,numerically enlarged cost sublevel; not an exact eta-optimality assertion,0.009375000000000244,0.009375000000001747,5e-08,0.009375000000000074,-1.700029006457271e-16,0.15308980681819293,coupling,0.34375000000000017,0.17031256250000207,0.313672218750012,0.15308980681819293,majority3,347/5632,14/11,0.07187525000000873,0.014375050000001747
4,"[0.25, 0.25]",native_repeats,,0.005,absolute,LRR,True,0.09375000000038435,H4_e0p25_0p25_native_repeats_qNone_f0.01_V,50,numerically enlarged cost sublevel; not an exact eta-optimality assertion,0.009375000000000244,0.009375000000001747,5e-08,0.01153125000000201,0.002156250000001766,0.15308980681819293,coupling,0.34375,0.1703125625000019,0.313672218750012,0.15308980681819293,majority3,347/5632,14/11,0.07187525000000873,0.014375050000001747
4,"[0.25, 0.25]",native_repeats,,0.005,absolute,adaptive_L,True,0.09375000000000061,H4_e0p25_0p25_native_repeats_qNone_f0.0_U,50,numerically enlarged cost sublevel; not an exact eta-optimality assertion,0.009375000000000244,0.009375000000001747,5e-08,0.009375000000000074,-1.700029006457271e-16,0.1726654702148557,coupling,0.3437499999999999,0.1753348839285735,0.313672218750012,0.1726654702148557,majority3,26757/360448,7713/5632,0.07187525000000873,0.014375050000001747
4,"[0.1, 0.3]",native_singles,,0.005,absolute,LR,False,0.052347098381071204,H4_e0p1_0p3_native_singles_qNone_absolute0.005_world,98,numerically enlarged cost sublevel; not an exact eta-optimality assertion,0.0,3.053113317719181e-17,5e-08,0.005000000000000234,0.005000000000000234,0.1008930660714287,coupling,0.4,0.22500025000000018,0.3400002000000002,0.1008930660714287,singles,2/25,117/70,0.012500125000000075,0.00500005000000003
4,"[0.1, 0.3]",native_singles,,0.005,absolute,LLL,False,0.09700000000000063,H4_e0p1_0p3_native_tagged_qNone_absolute0.005_U,98,numerically enlarged cost sublevel; not an exact eta-optimality assertion,0.0,3.053113317719181e-17,5e-08,0.005000000000000037,0.005000000000000037,0.09700025000000015,coupling,0.4720000000000001,0.09700025000000038,0.4012002360000002,0.09700025000000015,singles,9/125,2,0.012500125000000075,0.00500005000000003
4,"[0.1, 0.3]",native_singles,,0.005,absolute,RRR,False,0.1090000000000004,H4_e0p1_0p3_native_tagged_qNone_absolute0.005_V,98,numerically enlarged cost sublevel; not an exact eta-optimality assertion,0.0,3.053113317719181e-17,5e-08,0.005000000000000034,0.005000000000000034,0.10900025000000016,coupling,0.284,0.10900025000000034,0.24140014200000004,0.10900025000000016,singles,21/250,2,0.012500125000000075,0.00500005000000003
4,"[0.1, 0.3]",native_singles,,0.005,absolute,LLR,True,0.0720000000000155,H4_e0p1_0p3_native_repeats_qNone_f0.0_world,98,numerically enlarged cost sublevel; not an exact eta-optimality assertion,0.0,3.053113317719181e-17,5e-08,3.608224830031759e-17,3.608224830031759e-17,0.10450024500000014,coupling,0.4359999999999998,0.24250012500000018,0.3706002180000001,0.10450024500000014,singles,2/25,49/25,0.012500125000000075,0.00500005000000003
4,"[0.1, 0.3]",native_singles,,0.005,absolute,LRR,True,0.0890774346828747,H4_e0p1_0p3_native_singles_qNone_absolute0.005_U,98,numerically enlarged cost sublevel; not an exact eta-optimality assertion,0.0,3.053113317719181e-17,5e-08,0.005000000000000076,0.005000000000000076,0.12700025000000015,coupling,0.40000000000000013,0.22500025000000012,0.3400002000000002,0.12700025000000015,singles,51/500,2,0.012500125000000075,0.00500005000000003
4,"[0.1, 0.3]",native_singles,,0.005,absolute,adaptive_L,True,0.09838067010309384,H4_e0p1_0p3_native_joint_qNone_f0.0_U,98,numerically enlarged cost sublevel; not an exact eta-optimality assertion,0.0,3.053113317719181e-17,5e-08,1.9290125052862095e-16,1.9290125052862095e-16,0.1525002110000001,coupling,0.43600000000000017,0.23342130263157906,0.3706002180000002,0.1525002110000001,singles,657/5000,211/125,0.012500125000000075,0.00500005000000003
4,"[0.1, 0.3]",native_tagged,,0.005,absolute,LR,False,0.052347098381071204,H4_e0p1_0p3_native_singles_qNone_absolute0.005_world,98,numerically enlarged cost sublevel; not an exact eta-optimality assertion,0.0,1.2004286453759506e-16,5e-08,0.0050000000000002785,0.0050000000000002785,0.10089306607142907,coupling,0.4,0.22500025000000062,0.34000020000000053,0.10089306607142907,singles,2/25,117/70,0.012500125000000297,0.0050000500000001195
4,"[0.1, 0.3]",native_tagged,,0.005,absolute,LLL,False,0.09700000000000063,H4_e0p1_0p3_native_tagged_qNone_absolute0.005_U,98,numerically enlarged cost sublevel; not an exact eta-optimality assertion,0.0,1.2004286453759506e-16,5e-08,0.005000000000000062,0.005000000000000062,0.09700025000000059,coupling,0.4720000000000001,0.09700025000000083,0.4012002360000006,0.09700025000000059,singles,9/125,2,0.012500125000000297,0.0050000500000001195
4,"[0.1, 0.3]",native_tagged,,0.005,absolute,RRR,False,0.1090000000000004,H4_e0p1_0p3_native_tagged_qNone_absolute0.005_V,98,numerically enlarged cost sublevel; not an exact eta-optimality assertion,0.0,1.2004286453759506e-16,5e-08,0.005000000000000045,0.005000000000000045,0.1090002500000006,coupling,0.284,0.10900025000000078,0.2414001420000003,0.1090002500000006,singles,21/250,2,0.012500125000000297,0.0050000500000001195
4,"[0.1, 0.3]",native_tagged,,0.005,absolute,LLR,True,0.0720000000000155,H4_e0p1_0p3_native_repeats_qNone_f0.0_world,98,numerically enlarged cost sublevel; not an exact eta-optimality assertion,0.0,1.2004286453759506e-16,5e-08,5.377642775528102e-17,5.377642775528102e-17,0.10450024500000059,coupling,0.4359999999999998,0.2400001000000019,0.3706002180000005,0.10450024500000059,singles,2/25,49/25,0.012500125000000297,0.0050000500000001195
4,"[0.1, 0.3]",native_tagged,,0.005,absolute,LRR,True,0.0890774346828747,H4_e0p1_0p3_native_singles_qNone_absolute0.005_U,98,numerically enlarged cost sublevel; not an exact eta-optimality assertion,0.0,1.2004286453759506e-16,5e-08,0.005000000000000092,0.005000000000000092,0.1270002500000006,coupling,0.40000000000000013,0.22500025000000057,0.34000020000000053,0.1270002500000006,singles,51/500,2,0.012500125000000297,0.0050000500000001195
4,"[0.1, 0.3]",native_tagged,,0.005,absolute,adaptive_L,True,0.09838067010309384,H4_e0p1_0p3_native_joint_qNone_f0.0_U,98,numerically enlarged cost sublevel; not an exact eta-optimality assertion,0.0,1.2004286453759506e-16,5e-08,2.0955459589799832e-16,2.0955459589799832e-16,0.1525002110000005,coupling,0.43600000000000017,0.2334213026315795,0.3706002180000006,0.1525002110000005,singles,657/5000,211/125,0.012500125000000297,0.0050000500000001195
4,"[0.1, 0.3]",native_joint,,0.005,absolute,LR,False,0.03492996509888652,H4_e0p1_0p3_native_joint_qNone_absolute0.005_world,83,numerically enlarged cost sublevel; not an exact eta-optimality assertion,0.0,2.1302404284995193e-16,5e-08,0.0050000000000001545,0.0050000000000001545,0.05000050000000213,triangle,0.4,0.05000050000000213,0.34000020000000086,0.10089306607142946,singles,2/25,117/70,0.012500125000000532,0.005000050000000213
4,"[0.1, 0.3]",native_joint,,0.005,absolute,LLL,False,0.08866666666666731,H4_e0p1_0p3_native_joint_qNone_absolute0.005_U,83,numerically enlarged cost sublevel; not an exact eta-optimality assertion,0.0,2.1302404284995193e-16,5e-08,0.005000000000000271,0.005000000000000271,0.09700025000000106,coupling,0.4720000000000001,0.09700025000000129,0.40120023600000104,0.09700025000000106,singles,9/125,2,0.012500125000000532,0.005000050000000213
4,"[0.1, 0.3]",native_joint,,0.005,absolute,RRR,False,0.1006666666667646,H4_e0p1_0p3_native_joint_qNone_absolute0.005_V,83,numerically enlarged cost sublevel; not an exact eta-optimality assertion,0.0,2.1302404284995193e-16,5e-08,0.005000000000015358,0.005000000000015358,0.10900025000000108,coupling,0.284,0.10900025000000124,0.24140014200000054,0.10900025000000108,singles,21/250,2,0.012500125000000532,0.005000050000000213
4,"[0.1, 0.3]",native_joint,,0.005,absolute,LLR,True,0.0720000000000155,H4_e0p1_0p3_native_repeats_qNone_f0.0_world,83,numerically enlarged cost sublevel; not an exact eta-optimality assertion,0.0,2.1302404284995193e-16,5e-08,6.626643678231404e-17,6.626643678231404e-17,0.10450024500000105,coupling,0.4359999999999998,0.12200050000000168,0.37060021800000087,0.10450024500000105,singles,2/25,49/25,0.012500125000000532,0.005000050000000213
4,"[0.1, 0.3]",native_joint,,0.005,absolute,LRR,True,0.08400000000214118,H4_e0p1_0p3_native_singles_qNone_f0.0_U,83,numerically enlarged cost sublevel; not an exact eta-optimality assertion,0.0,2.1302404284995193e-16,5e-08,5.4296844798074063e-17,5.4296844798074063e-17,0.12700025000000106,coupling,0.40000000000000013,0.13400050000000213,0.34000020000000086,0.12700025000000106,singles,51/500,2,0.012500125000000532,0.005000050000000213
4,"[0.1, 0.3]",native_joint,,0.005,absolute,adaptive_L,True,0.09838067010309384,H4_e0p1_0p3_native_joint_qNone_f0.0_U,83,numerically enlarged cost sublevel; not an exact eta-optimality assertion,0.0,2.1302404284995193e-16,5e-08,2.838007606698057e-16,2.838007606698057e-16,0.15250021100000088,coupling,0.43600000000000017,0.17210359278350723,0.370600218000001,0.15250021100000088,singles,657/5000,211/125,0.012500125000000532,0.005000050000000213
4,"[0.1, 0.3]",native_repeats,,0.005,absolute,LR,False,0.012500000000000639,H4_e0p1_0p3_native_repeats_qNone_absolute0.005_U,50,numerically enlarged cost sublevel; not an exact eta-optimality assertion,0.007199999999999873,0.007200000000000195,5e-08,0.012200000000000455,0.005000000000000582,0.11508753998567835,coupling,0.4,0.12200050000000194,0.29280040000000157,0.11508753998567835,majority3,28/1775,6820/4189,0.06100025000000097,0.012200050000000195
4,"[0.1, 0.3]",native_repeats,,0.005,absolute,LLL,False,0.08450000000000216,H4_e0p1_0p3_native_repeats_qNone_absolute0.005_U,50,numerically enlarged cost sublevel; not an exact eta-optimality assertion,0.007199999999999873,0.007200000000000195,5e-08,0.012200000000000455,0.005000000000000582,0.12200050000000194,triangle,0.4720000000000001,0.12200050000000194,0.34550447200000184,0.13300025000000096,singles,9/125,2,0.030500125000000485,0.012200050000000195
4,"[0.1, 0.3]",native_repeats,,0.005,absolute,RRR,False,0.09349999999999836,H4_e0p1_0p3_native_repeats_qNone_absolute0.005_V,50,numerically enlarged cost sublevel; not an exact eta-optimality assertion,0.007199999999999873,0.007200000000000195,5e-08,0.01219999999999941,0.004999999999999536,0.12200050000000194,triangle,0.284,0.12200050000000194,0.20788828400000106,0.14500025000000097,singles,21/250,2,0.030500125000000485,0.012200050000000195
4,"[0.1, 0.3]",native_repeats,,0.005,absolute,LLR,True,0.0720000000000155,H4_e0p1_0p3_native_repeats_qNone_f0.0_world,50,numerically enlarged cost sublevel; not an exact eta-optimality assertion,0.007199999999999873,0.007200000000000195,5e-08,0.007200000000000475,6.019490461639521e-16,0.115980063959313,coupling,0.4359999999999998,0.1940005000000015,0.31915243600000165,0.115980063959313,majority3,7263/443750,26087/15975,0.06100025000000097,0.012200050000000195
4,"[0.1, 0.3]",native_repeats,,0.005,absolute,LRR,True,0.08400000000001275,H4_e0p1_0p3_native_joint_qNone,50,numerically enlarged cost sublevel; not an exact eta-optimality assertion,0.007199999999999873,0.007200000000000195,5e-08,0.008684192285476264,0.0014841922854763913,0.13848415177966267,coupling,0.40000000000000013,0.20600050000000192,0.29280040000000157,0.13848415177966267,majority3,441/12500,4991/2950,0.06100025000000097,0.012200050000000195
4,"[0.1, 0.3]",native_repeats,,0.005,absolute,adaptive_L,True,0.07754348898696312,H4_e0p1_0p3_native_tagged_qNone,50,numerically enlarged cost sublevel; not an exact eta-optimality assertion,0.007199999999999873,0.007200000000000195,5e-08,0.009425312045336386,0.0022253120453365124,0.15284571426847623,coupling,0.43600000000000017,0.21989712132352973,0.31915243600000176,0.15284571426847623,majority3,9010197/184375000,314273/184375,0.06100025000000097,0.012200050000000195
