case,method,t,reference,lower,upper,planning_certified,planning_seconds,at_0.05,at_0.02,at_0.01
sensors_0.1_0.1,information,3,information,0.0,1.0083080204115191e-17,True,0.007744425907731056,reproduced,reproduced,reproduced
sensors_0.1_0.1,information,3,brier,0.0,1.0083080204115191e-17,True,0.007744425907731056,reproduced,reproduced,reproduced
sensors_0.1_0.1,information,3,pseudo_count,0.008181818181815959,0.008181818181819109,True,0.007744425907731056,reproduced,reproduced,reproduced
sensors_0.1_0.1,information,3,uniform,0.03382417582403585,0.03382417582440164,True,0.007744425907731056,reproduced,not_reproduced,not_reproduced
sensors_0.1_0.1,information,3,weighted128,0.033299999999454544,0.03330000000000155,True,0.007744425907731056,reproduced,not_reproduced,not_reproduced
sensors_0.1_0.1,information,3,minimax,0.033425630074961465,0.03342563007501348,True,0.007744425907731056,reproduced,not_reproduced,not_reproduced
sensors_0.1_0.1,brier,3,information,0.0,1.0083080204115191e-17,True,0.007871399633586407,reproduced,reproduced,reproduced
sensors_0.1_0.1,brier,3,brier,0.0,1.0083080204115191e-17,True,0.007871399633586407,reproduced,reproduced,reproduced
sensors_0.1_0.1,brier,3,pseudo_count,0.008181818181815959,0.008181818181819109,True,0.007871399633586407,reproduced,reproduced,reproduced
sensors_0.1_0.1,brier,3,uniform,0.03382417582403585,0.03382417582440164,True,0.007871399633586407,reproduced,not_reproduced,not_reproduced
sensors_0.1_0.1,brier,3,weighted128,0.033299999999454544,0.03330000000000155,True,0.007871399633586407,reproduced,not_reproduced,not_reproduced
sensors_0.1_0.1,brier,3,minimax,0.033425630074961465,0.03342563007501348,True,0.007871399633586407,reproduced,not_reproduced,not_reproduced
sensors_0.1_0.1,pseudo_count,3,information,0.009000000000000119,0.009000000000000317,True,0.007800658233463764,reproduced,reproduced,reproduced
sensors_0.1_0.1,pseudo_count,3,brier,0.009000000000000119,0.009000000000000317,True,0.007800658233463764,reproduced,reproduced,reproduced
sensors_0.1_0.1,pseudo_count,3,pseudo_count,0.0,3.3484825155694065e-14,True,0.007800658233463764,reproduced,reproduced,reproduced
sensors_0.1_0.1,pseudo_count,3,uniform,0.03293406593406423,0.032934065934084406,True,0.007800658233463764,reproduced,not_reproduced,not_reproduced
sensors_0.1_0.1,pseudo_count,3,weighted128,0.03239999999999943,0.032400000000001095,True,0.007800658233463764,reproduced,not_reproduced,not_reproduced
sensors_0.1_0.1,pseudo_count,3,minimax,0.032525630075010414,0.03252563007502431,True,0.007800658233463764,reproduced,not_reproduced,not_reproduced
sensors_0.1_0.1,uniform,3,information,0.0818901098901097,0.08189010989011,True,0.0059795016422867775,not_reproduced,not_reproduced,not_reproduced
sensors_0.1_0.1,uniform,3,brier,0.0818901098901097,0.08189010989011,True,0.0059795016422867775,not_reproduced,not_reproduced,not_reproduced
sensors_0.1_0.1,uniform,3,pseudo_count,0.0820378279438625,0.08203782794386832,True,0.0059795016422867775,not_reproduced,not_reproduced,not_reproduced
sensors_0.1_0.1,uniform,3,uniform,0.0,1.3010426069826053e-18,True,0.0059795016422867775,reproduced,reproduced,reproduced
sensors_0.1_0.1,uniform,3,weighted128,0.08099999999998586,0.08100000000003421,True,0.0059795016422867775,not_reproduced,not_reproduced,not_reproduced
sensors_0.1_0.1,uniform,3,minimax,0.08099999999996865,0.08100000000000143,True,0.0059795016422867775,not_reproduced,not_reproduced,not_reproduced
sensors_0.1_0.1,weighted128,3,information,0.03599999999999948,0.03600000000000217,True,0.006275901570916176,reproduced,not_reproduced,not_reproduced
sensors_0.1_0.1,weighted128,3,brier,0.03599999999999948,0.03600000000000217,True,0.006275901570916176,reproduced,not_reproduced,not_reproduced
sensors_0.1_0.1,weighted128,3,pseudo_count,0.03599999999999637,0.03600000000000297,True,0.006275901570916176,reproduced,not_reproduced,not_reproduced
sensors_0.1_0.1,weighted128,3,uniform,0.0019756097560955643,0.001975609756120361,True,0.006275901570916176,reproduced,reproduced,reproduced
sensors_0.1_0.1,weighted128,3,weighted128,0.0,1.0990489659849778e-14,True,0.006275901570916176,reproduced,reproduced,reproduced
sensors_0.1_0.1,weighted128,3,minimax,0.00016598770737918933,0.00016598770737941617,True,0.006275901570916176,reproduced,reproduced,reproduced
sensors_0.1_0.1,minimax,3,information,0.03612225065688268,0.03612225065688382,True,0.0061393678188323975,reproduced,not_reproduced,not_reproduced
sensors_0.1_0.1,minimax,3,brier,0.03612225065688268,0.03612225065688382,True,0.0061393678188323975,reproduced,not_reproduced,not_reproduced
sensors_0.1_0.1,minimax,3,pseudo_count,0.03612225065688246,0.0361222506568838,True,0.0061393678188323975,reproduced,not_reproduced,not_reproduced
sensors_0.1_0.1,minimax,3,uniform,0.001975609756089902,0.001975609756143742,True,0.0061393678188323975,reproduced,reproduced,reproduced
sensors_0.1_0.1,minimax,3,weighted128,0.00016936712550597033,0.00016936712550618012,True,0.0061393678188323975,reproduced,reproduced,reproduced
sensors_0.1_0.1,minimax,3,minimax,-5.075708476054996e-13,1.4821352695496004e-13,True,0.0061393678188323975,reproduced,reproduced,reproduced
delayed_0.1_0.1,information,3,information,0.0,0.0,True,0.006268980912864208,reproduced,reproduced,reproduced
delayed_0.1_0.1,information,3,brier,0.0,0.0,True,0.006268980912864208,reproduced,reproduced,reproduced
delayed_0.1_0.1,information,3,pseudo_count,0.01799999999998858,0.018000000000033142,True,0.006268980912864208,reproduced,reproduced,not_reproduced
delayed_0.1_0.1,information,3,uniform,0.04499999999999982,0.04500000000000186,True,0.006268980912864208,reproduced,not_reproduced,not_reproduced
delayed_0.1_0.1,information,3,weighted128,0.008467326768017758,0.00846732676803327,True,0.006268980912864208,reproduced,reproduced,reproduced
delayed_0.1_0.1,information,3,minimax,0.00996498681478264,0.009964986814785085,True,0.006268980912864208,reproduced,reproduced,reproduced
delayed_0.1_0.1,brier,3,information,0.0,0.0,True,0.006253000348806381,reproduced,reproduced,reproduced
delayed_0.1_0.1,brier,3,brier,0.0,0.0,True,0.006253000348806381,reproduced,reproduced,reproduced
delayed_0.1_0.1,brier,3,pseudo_count,0.01799999999998858,0.018000000000033142,True,0.006253000348806381,reproduced,reproduced,not_reproduced
delayed_0.1_0.1,brier,3,uniform,0.04499999999999982,0.04500000000000186,True,0.006253000348806381,reproduced,not_reproduced,not_reproduced
delayed_0.1_0.1,brier,3,weighted128,0.008467326768017758,0.00846732676803327,True,0.006253000348806381,reproduced,reproduced,reproduced
delayed_0.1_0.1,brier,3,minimax,0.00996498681478264,0.009964986814785085,True,0.006253000348806381,reproduced,reproduced,reproduced
delayed_0.1_0.1,pseudo_count,3,information,0.15749999999999997,0.15750000000000008,True,0.007034135051071644,not_reproduced,not_reproduced,not_reproduced
delayed_0.1_0.1,pseudo_count,3,brier,0.15749999999999997,0.15750000000000008,True,0.007034135051071644,not_reproduced,not_reproduced,not_reproduced
delayed_0.1_0.1,pseudo_count,3,pseudo_count,0.0,1.1259981662348206e-14,True,0.007034135051071644,reproduced,reproduced,reproduced
delayed_0.1_0.1,pseudo_count,3,uniform,0.026999999999997137,0.027000000000010353,True,0.007034135051071644,reproduced,not_reproduced,not_reproduced
delayed_0.1_0.1,pseudo_count,3,weighted128,0.11875121648526854,0.11875121648528057,True,0.007034135051071644,not_reproduced,not_reproduced,not_reproduced
delayed_0.1_0.1,pseudo_count,3,minimax,0.11199811167660745,0.11199811167660804,True,0.007034135051071644,not_reproduced,not_reproduced,not_reproduced
delayed_0.1_0.1,uniform,3,information,0.26550000000000007,0.2655000000000002,True,0.006237510591745377,not_reproduced,not_reproduced,not_reproduced
delayed_0.1_0.1,uniform,3,brier,0.26550000000000007,0.2655000000000002,True,0.006237510591745377,not_reproduced,not_reproduced,not_reproduced
delayed_0.1_0.1,uniform,3,pseudo_count,0.10799999999999987,0.10800000000000051,True,0.006237510591745377,not_reproduced,not_reproduced,not_reproduced
delayed_0.1_0.1,uniform,3,uniform,-9.222263735233302e-12,3.073659219938324e-13,True,0.006237510591745377,reproduced,reproduced,reproduced
delayed_0.1_0.1,uniform,3,weighted128,0.22675121648527108,0.22675121648527294,True,0.006237510591745377,not_reproduced,not_reproduced,not_reproduced
delayed_0.1_0.1,uniform,3,minimax,0.2199981116757178,0.21999811167661115,True,0.006237510591745377,not_reproduced,not_reproduced,not_reproduced
delayed_0.1_0.1,weighted128,3,information,0.039865003615975,0.03986500361597613,True,0.006323572248220444,reproduced,not_reproduced,not_reproduced
delayed_0.1_0.1,weighted128,3,brier,0.039865003615975,0.03986500361597613,True,0.006323572248220444,reproduced,not_reproduced,not_reproduced
delayed_0.1_0.1,weighted128,3,pseudo_count,0.009532673231965938,0.009532673231970962,True,0.006323572248220444,reproduced,reproduced,reproduced
delayed_0.1_0.1,weighted128,3,uniform,0.036532673231965296,0.03653267323196746,True,0.006323572248220444,reproduced,not_reproduced,not_reproduced
delayed_0.1_0.1,weighted128,3,weighted128,0.0,2.94389160401462e-13,True,0.006323572248220444,reproduced,reproduced,reproduced
delayed_0.1_0.1,weighted128,3,minimax,0.0014976600467481171,0.0014976600467527003,True,0.006323572248220444,reproduced,reproduced,reproduced
delayed_0.1_0.1,minimax,3,information,0.04803384167257352,0.0480338416725737,True,0.0061673372983932495,reproduced,not_reproduced,not_reproduced
delayed_0.1_0.1,minimax,3,brier,0.04803384167257352,0.0480338416725737,True,0.0061673372983932495,reproduced,not_reproduced,not_reproduced
delayed_0.1_0.1,minimax,3,pseudo_count,0.008035013185199724,0.008035013185217632,True,0.0061673372983932495,reproduced,reproduced,reproduced
delayed_0.1_0.1,minimax,3,uniform,0.03503501318521485,0.03503501318522188,True,0.0061673372983932495,reproduced,not_reproduced,not_reproduced
delayed_0.1_0.1,minimax,3,weighted128,0.008213273031761226,0.008213273031780398,True,0.0061673372983932495,reproduced,reproduced,reproduced
delayed_0.1_0.1,minimax,3,minimax,0.0,3.4605022840306088e-15,True,0.0061673372983932495,reproduced,reproduced,reproduced
irreversible_0.1_0.1,information,3,information,0.0,1.0842021724855044e-18,True,0.006079736165702343,reproduced,reproduced,reproduced
irreversible_0.1_0.1,information,3,brier,0.0,1.0842021724855044e-18,True,0.006079736165702343,reproduced,reproduced,reproduced
irreversible_0.1_0.1,information,3,pseudo_count,0.0,1.0842021724855044e-18,True,0.006079736165702343,reproduced,reproduced,reproduced
irreversible_0.1_0.1,information,3,uniform,0.0,1.0842021724855044e-18,True,0.006079736165702343,reproduced,reproduced,reproduced
irreversible_0.1_0.1,information,3,weighted128,0.009689046598587825,0.009689046598588566,True,0.006079736165702343,reproduced,reproduced,reproduced
irreversible_0.1_0.1,information,3,minimax,0.0,2.84562006120162e-14,True,0.006079736165702343,reproduced,reproduced,reproduced
irreversible_0.1_0.1,brier,3,information,0.0,1.0842021724855044e-18,True,0.006228089332580566,reproduced,reproduced,reproduced
irreversible_0.1_0.1,brier,3,brier,0.0,1.0842021724855044e-18,True,0.006228089332580566,reproduced,reproduced,reproduced
irreversible_0.1_0.1,brier,3,pseudo_count,0.0,1.0842021724855044e-18,True,0.006228089332580566,reproduced,reproduced,reproduced
irreversible_0.1_0.1,brier,3,uniform,0.0,1.0842021724855044e-18,True,0.006228089332580566,reproduced,reproduced,reproduced
irreversible_0.1_0.1,brier,3,weighted128,0.009689046598587825,0.009689046598588566,True,0.006228089332580566,reproduced,reproduced,reproduced
irreversible_0.1_0.1,brier,3,minimax,0.0,2.84562006120162e-14,True,0.006228089332580566,reproduced,reproduced,reproduced
irreversible_0.1_0.1,pseudo_count,3,information,0.0,1.0842021724855044e-18,True,0.006191789172589779,reproduced,reproduced,reproduced
irreversible_0.1_0.1,pseudo_count,3,brier,0.0,1.0842021724855044e-18,True,0.006191789172589779,reproduced,reproduced,reproduced
irreversible_0.1_0.1,pseudo_count,3,pseudo_count,0.0,1.0842021724855044e-18,True,0.006191789172589779,reproduced,reproduced,reproduced
irreversible_0.1_0.1,pseudo_count,3,uniform,0.0,1.0842021724855044e-18,True,0.006191789172589779,reproduced,reproduced,reproduced
irreversible_0.1_0.1,pseudo_count,3,weighted128,0.009689046598587825,0.009689046598588566,True,0.006191789172589779,reproduced,reproduced,reproduced
irreversible_0.1_0.1,pseudo_count,3,minimax,0.0,2.84562006120162e-14,True,0.006191789172589779,reproduced,reproduced,reproduced
irreversible_0.1_0.1,uniform,3,information,0.0,1.0842021724855044e-18,True,0.006290431134402752,reproduced,reproduced,reproduced
irreversible_0.1_0.1,uniform,3,brier,0.0,1.0842021724855044e-18,True,0.006290431134402752,reproduced,reproduced,reproduced
irreversible_0.1_0.1,uniform,3,pseudo_count,0.0,1.0842021724855044e-18,True,0.006290431134402752,reproduced,reproduced,reproduced
irreversible_0.1_0.1,uniform,3,uniform,0.0,1.0842021724855044e-18,True,0.006290431134402752,reproduced,reproduced,reproduced
irreversible_0.1_0.1,uniform,3,weighted128,0.009689046598587825,0.009689046598588566,True,0.006290431134402752,reproduced,reproduced,reproduced
irreversible_0.1_0.1,uniform,3,minimax,0.0,2.84562006120162e-14,True,0.006290431134402752,reproduced,reproduced,reproduced
irreversible_0.1_0.1,weighted128,3,information,0.009689046598587936,0.00968904659858867,True,0.006281781941652298,reproduced,reproduced,reproduced
irreversible_0.1_0.1,weighted128,3,brier,0.009689046598587825,0.00968904659858867,True,0.006281781941652298,reproduced,reproduced,reproduced
irreversible_0.1_0.1,weighted128,3,pseudo_count,0.009689046598587825,0.00968904659858867,True,0.006281781941652298,reproduced,reproduced,reproduced
irreversible_0.1_0.1,weighted128,3,uniform,0.009689046598587825,0.00968904659858867,True,0.006281781941652298,reproduced,reproduced,reproduced
irreversible_0.1_0.1,weighted128,3,weighted128,0.0,9.393062770732957e-14,True,0.006281781941652298,reproduced,reproduced,reproduced
irreversible_0.1_0.1,weighted128,3,minimax,0.009689046598585715,0.009689046598590313,True,0.006281781941652298,reproduced,reproduced,reproduced
irreversible_0.1_0.1,minimax,3,information,0.0,3.047109548189042e-15,True,0.006290832534432411,reproduced,reproduced,reproduced
irreversible_0.1_0.1,minimax,3,brier,0.0,3.047109548189042e-15,True,0.006290832534432411,reproduced,reproduced,reproduced
irreversible_0.1_0.1,minimax,3,pseudo_count,0.0,3.047109548189042e-15,True,0.006290832534432411,reproduced,reproduced,reproduced
irreversible_0.1_0.1,minimax,3,uniform,0.0,3.047109548189042e-15,True,0.006290832534432411,reproduced,reproduced,reproduced
irreversible_0.1_0.1,minimax,3,weighted128,0.009689046597078033,0.009689046598695421,True,0.006290832534432411,reproduced,reproduced,reproduced
irreversible_0.1_0.1,minimax,3,minimax,0.0,2.2115013813273077e-16,True,0.006290832534432411,reproduced,reproduced,reproduced
fresh_hmm_2026096800_q4_s3_c0.2,information,3,information,0.0,0.0,True,0.0063738347962498665,reproduced,reproduced,reproduced
fresh_hmm_2026096800_q4_s3_c0.2,information,3,brier,0.0,0.0,True,0.0063738347962498665,reproduced,reproduced,reproduced
fresh_hmm_2026096800_q4_s3_c0.2,information,3,pseudo_count,0.08380314185033633,0.08380314185033896,True,0.0063738347962498665,not_reproduced,not_reproduced,not_reproduced
fresh_hmm_2026096800_q4_s3_c0.2,information,3,uniform,0.1031128068469247,0.10311280684693103,True,0.0063738347962498665,not_reproduced,not_reproduced,not_reproduced
fresh_hmm_2026096800_q4_s3_c0.2,information,3,weighted128,0.15956756773198255,0.15956756773198308,True,0.0063738347962498665,not_reproduced,not_reproduced,not_reproduced
fresh_hmm_2026096800_q4_s3_c0.2,information,3,minimax,0.19919592267877728,0.19919592267877784,True,0.0063738347962498665,not_reproduced,not_reproduced,not_reproduced
fresh_hmm_2026096800_q4_s3_c0.2,brier,3,information,0.0,0.0,True,0.006615182384848595,reproduced,reproduced,reproduced
fresh_hmm_2026096800_q4_s3_c0.2,brier,3,brier,0.0,0.0,True,0.006615182384848595,reproduced,reproduced,reproduced
fresh_hmm_2026096800_q4_s3_c0.2,brier,3,pseudo_count,0.08380314185033633,0.08380314185033896,True,0.006615182384848595,not_reproduced,not_reproduced,not_reproduced
fresh_hmm_2026096800_q4_s3_c0.2,brier,3,uniform,0.1031128068469247,0.10311280684693103,True,0.006615182384848595,not_reproduced,not_reproduced,not_reproduced
fresh_hmm_2026096800_q4_s3_c0.2,brier,3,weighted128,0.15956756773198255,0.15956756773198308,True,0.006615182384848595,not_reproduced,not_reproduced,not_reproduced
fresh_hmm_2026096800_q4_s3_c0.2,brier,3,minimax,0.19919592267877728,0.19919592267877784,True,0.006615182384848595,not_reproduced,not_reproduced,not_reproduced
fresh_hmm_2026096800_q4_s3_c0.2,pseudo_count,3,information,0.38229147310157763,0.38229147310157763,True,0.006339694373309612,not_reproduced,not_reproduced,not_reproduced
fresh_hmm_2026096800_q4_s3_c0.2,pseudo_count,3,brier,0.38229147310157763,0.38229147310157763,True,0.006339694373309612,not_reproduced,not_reproduced,not_reproduced
fresh_hmm_2026096800_q4_s3_c0.2,pseudo_count,3,pseudo_count,0.0,3.070121739300047e-16,True,0.006339694373309612,reproduced,reproduced,reproduced
fresh_hmm_2026096800_q4_s3_c0.2,pseudo_count,3,uniform,0.18809868127423546,0.18809868127423557,True,0.006339694373309612,not_reproduced,not_reproduced,not_reproduced
fresh_hmm_2026096800_q4_s3_c0.2,pseudo_count,3,weighted128,0.35265056057051625,0.35265056057051647,True,0.006339694373309612,not_reproduced,not_reproduced,not_reproduced
fresh_hmm_2026096800_q4_s3_c0.2,pseudo_count,3,minimax,0.34730282341596197,0.3473028234159623,True,0.006339694373309612,not_reproduced,not_reproduced,not_reproduced
fresh_hmm_2026096800_q4_s3_c0.2,uniform,3,information,0.26442146876795225,0.26442146876795247,True,0.008240452036261559,not_reproduced,not_reproduced,not_reproduced
fresh_hmm_2026096800_q4_s3_c0.2,uniform,3,brier,0.26442146876795225,0.26442146876795247,True,0.008240452036261559,not_reproduced,not_reproduced,not_reproduced
fresh_hmm_2026096800_q4_s3_c0.2,uniform,3,pseudo_count,0.01813656817706577,0.018136568177065947,True,0.008240452036261559,reproduced,reproduced,not_reproduced
fresh_hmm_2026096800_q4_s3_c0.2,uniform,3,uniform,0.0,7.132278302028963e-15,True,0.008240452036261559,reproduced,reproduced,reproduced
fresh_hmm_2026096800_q4_s3_c0.2,uniform,3,weighted128,0.1645518792962809,0.1645518792962812,True,0.008240452036261559,not_reproduced,not_reproduced,not_reproduced
fresh_hmm_2026096800_q4_s3_c0.2,uniform,3,minimax,0.15920414214172662,0.15920414214172907,True,0.008240452036261559,not_reproduced,not_reproduced,not_reproduced
fresh_hmm_2026096800_q4_s3_c0.2,weighted128,3,information,0.141261422217145,0.14126142221714508,True,0.006297112442553043,not_reproduced,not_reproduced,not_reproduced
fresh_hmm_2026096800_q4_s3_c0.2,weighted128,3,brier,0.141261422217145,0.14126142221714508,True,0.006297112442553043,not_reproduced,not_reproduced,not_reproduced
fresh_hmm_2026096800_q4_s3_c0.2,weighted128,3,pseudo_count,0.016163053247871928,0.016163053247874426,True,0.006297112442553043,reproduced,reproduced,not_reproduced
fresh_hmm_2026096800_q4_s3_c0.2,weighted128,3,uniform,0.008225770920376907,0.008225770920395467,True,0.006297112442553043,reproduced,reproduced,reproduced
fresh_hmm_2026096800_q4_s3_c0.2,weighted128,3,weighted128,0.0,3.775923801060954e-14,True,0.006297112442553043,reproduced,reproduced,reproduced
fresh_hmm_2026096800_q4_s3_c0.2,weighted128,3,minimax,0.039702001118328334,0.03970200111832935,True,0.006297112442553043,reproduced,not_reproduced,not_reproduced
fresh_hmm_2026096800_q4_s3_c0.2,minimax,3,information,0.17439922396729302,0.17439922396729324,True,0.00628950260579586,not_reproduced,not_reproduced,not_reproduced
fresh_hmm_2026096800_q4_s3_c0.2,minimax,3,brier,0.17439922396729302,0.17439922396729324,True,0.00628950260579586,not_reproduced,not_reproduced,not_reproduced
fresh_hmm_2026096800_q4_s3_c0.2,minimax,3,pseudo_count,0.014616942504715569,0.014616942504716318,True,0.00628950260579586,reproduced,reproduced,not_reproduced
fresh_hmm_2026096800_q4_s3_c0.2,minimax,3,uniform,0.012713431953257248,0.012713431954941592,True,0.00628950260579586,reproduced,reproduced,not_reproduced
fresh_hmm_2026096800_q4_s3_c0.2,minimax,3,weighted128,0.037206586624052074,0.03720658662405592,True,0.00628950260579586,reproduced,not_reproduced,not_reproduced
fresh_hmm_2026096800_q4_s3_c0.2,minimax,3,minimax,0.0,7.171126756647106e-13,True,0.00628950260579586,reproduced,reproduced,reproduced
delayed_0.25_0.1,information,3,information,0.0,1.734723475976807e-18,True,0.006312142126262188,reproduced,reproduced,reproduced
delayed_0.25_0.1,information,3,brier,0.24999999999999922,0.2500000000000001,True,0.006312142126262188,not_reproduced,not_reproduced,not_reproduced
delayed_0.25_0.1,information,3,pseudo_count,0.1562499999999999,0.15625000000000014,True,0.006312142126262188,not_reproduced,not_reproduced,not_reproduced
delayed_0.25_0.1,information,3,uniform,0.09374999999999978,0.09375000000000011,True,0.006312142126262188,not_reproduced,not_reproduced,not_reproduced
delayed_0.25_0.1,information,3,weighted128,0.1621779859484772,0.1621779859484778,True,0.006312142126262188,not_reproduced,not_reproduced,not_reproduced
delayed_0.25_0.1,information,3,minimax,0.17753327574070488,0.17753327574070657,True,0.006312142126262188,not_reproduced,not_reproduced,not_reproduced
delayed_0.25_0.1,brier,3,information,0.07199999999999995,0.07200000000000005,True,0.006274811923503876,not_reproduced,not_reproduced,not_reproduced
delayed_0.25_0.1,brier,3,brier,0.0,0.0,True,0.006274811923503876,reproduced,reproduced,reproduced
delayed_0.25_0.1,brier,3,pseudo_count,0.017109374999999316,0.017109375000000406,True,0.006274811923503876,reproduced,reproduced,not_reproduced
delayed_0.25_0.1,brier,3,uniform,0.04171874999999359,0.041718750000013814,True,0.006274811923503876,reproduced,not_reproduced,not_reproduced
delayed_0.25_0.1,brier,3,weighted128,0.027663934426223835,0.027663934426230767,True,0.006274811923503876,reproduced,not_reproduced,not_reproduced
delayed_0.25_0.1,brier,3,minimax,0.025484497984257004,0.025484497984258087,True,0.006274811923503876,reproduced,not_reproduced,not_reproduced
delayed_0.25_0.1,pseudo_count,3,information,0.09700000000000009,0.09700000000000006,True,0.006328322924673557,not_reproduced,not_reproduced,not_reproduced
delayed_0.25_0.1,pseudo_count,3,brier,0.10312499999999913,0.10312500000000031,True,0.006328322924673557,not_reproduced,not_reproduced,not_reproduced
delayed_0.25_0.1,pseudo_count,3,pseudo_count,0.0,1.2706849461530112e-16,True,0.006328322924673557,reproduced,reproduced,reproduced
delayed_0.25_0.1,pseudo_count,3,uniform,0.024843749999990727,0.0248437500000016,True,0.006328322924673557,reproduced,not_reproduced,not_reproduced
delayed_0.25_0.1,pseudo_count,3,weighted128,0.025182962528829567,0.02518296252927859,True,0.006328322924673557,reproduced,not_reproduced,not_reproduced
delayed_0.25_0.1,pseudo_count,3,minimax,0.02537795162215517,0.025377951622240935,True,0.006328322924673557,reproduced,not_reproduced,not_reproduced
delayed_0.25_0.1,uniform,3,information,0.1130000000000001,0.11300000000000013,True,0.006350213661789894,not_reproduced,not_reproduced,not_reproduced
delayed_0.25_0.1,uniform,3,brier,0.17362499999999859,0.17362500000000153,True,0.006350213661789894,not_reproduced,not_reproduced,not_reproduced
delayed_0.25_0.1,uniform,3,pseudo_count,0.07050000000000001,0.07050000000000119,True,0.006350213661789894,not_reproduced,not_reproduced,not_reproduced
delayed_0.25_0.1,uniform,3,uniform,0.0,4.1846300730119523e-14,True,0.006350213661789894,reproduced,reproduced,reproduced
delayed_0.25_0.1,uniform,3,weighted128,0.0882620023419175,0.08826200234192032,True,0.006350213661789894,not_reproduced,not_reproduced,not_reproduced
delayed_0.25_0.1,uniform,3,minimax,0.0929442071414861,0.09294420714148818,True,0.006350213661789894,not_reproduced,not_reproduced,not_reproduced
delayed_0.25_0.1,weighted128,3,information,0.07200000000000017,0.07200000000000038,True,0.006189328618347645,not_reproduced,not_reproduced,not_reproduced
delayed_0.25_0.1,weighted128,3,brier,0.0878220140515219,0.08782201405152261,True,0.006189328618347645,not_reproduced,not_reproduced,not_reproduced
delayed_0.25_0.1,weighted128,3,pseudo_count,-7.66807742937112e-13,1.044221133172929e-13,True,0.006189328618347645,reproduced,reproduced,reproduced
delayed_0.25_0.1,weighted128,3,uniform,0.014713480679156343,0.014713480679156963,True,0.006189328618347645,reproduced,reproduced,not_reproduced
delayed_0.25_0.1,weighted128,3,weighted128,0.0,1.9048673229049573e-14,True,0.006189328618347645,reproduced,reproduced,reproduced
delayed_0.25_0.1,weighted128,3,minimax,0.015355289791548543,0.015355289792244257,True,0.006189328618347645,reproduced,reproduced,not_reproduced
delayed_0.25_0.1,minimax,3,information,0.08565751583797265,0.08565751583797282,True,0.006187179125845432,not_reproduced,not_reproduced,not_reproduced
delayed_0.25_0.1,minimax,3,brier,0.08068079285851382,0.0806807928585139,True,0.006187179125845432,not_reproduced,not_reproduced,not_reproduced
delayed_0.25_0.1,minimax,3,pseudo_count,0.0,2.1565919623017793e-14,True,0.006187179125845432,reproduced,reproduced,reproduced
delayed_0.25_0.1,minimax,3,uniform,0.016580089748510107,0.016580089748513188,True,0.006187179125845432,reproduced,reproduced,not_reproduced
delayed_0.25_0.1,minimax,3,weighted128,0.013657515837971479,0.013657515837972894,True,0.006187179125845432,reproduced,reproduced,not_reproduced
delayed_0.25_0.1,minimax,3,minimax,0.0,2.2768245622195593e-17,True,0.006187179125845432,reproduced,reproduced,reproduced
fresh_hmm_2026096801_q4_s3_c0.2,information,3,information,0.0,0.0,True,0.0062517812475562096,reproduced,reproduced,reproduced
fresh_hmm_2026096801_q4_s3_c0.2,information,3,brier,0.0,0.0,True,0.0062517812475562096,reproduced,reproduced,reproduced
fresh_hmm_2026096801_q4_s3_c0.2,information,3,pseudo_count,0.05175478120648802,0.05175478120648887,True,0.0062517812475562096,not_reproduced,not_reproduced,not_reproduced
fresh_hmm_2026096801_q4_s3_c0.2,information,3,uniform,0.04077950504114236,0.040779505049251936,True,0.0062517812475562096,reproduced,not_reproduced,not_reproduced
fresh_hmm_2026096801_q4_s3_c0.2,information,3,weighted128,0.02223508604360258,0.02223508604381136,True,0.0062517812475562096,reproduced,not_reproduced,not_reproduced
fresh_hmm_2026096801_q4_s3_c0.2,information,3,minimax,0.03757114367974457,0.037571143681009556,True,0.0062517812475562096,reproduced,not_reproduced,not_reproduced
fresh_hmm_2026096801_q4_s3_c0.2,brier,3,information,0.0,0.0,True,0.0062895119190216064,reproduced,reproduced,reproduced
fresh_hmm_2026096801_q4_s3_c0.2,brier,3,brier,0.0,0.0,True,0.0062895119190216064,reproduced,reproduced,reproduced
fresh_hmm_2026096801_q4_s3_c0.2,brier,3,pseudo_count,0.05175478120648802,0.05175478120648887,True,0.0062895119190216064,not_reproduced,not_reproduced,not_reproduced
fresh_hmm_2026096801_q4_s3_c0.2,brier,3,uniform,0.04077950504114236,0.040779505049251936,True,0.0062895119190216064,reproduced,not_reproduced,not_reproduced
fresh_hmm_2026096801_q4_s3_c0.2,brier,3,weighted128,0.02223508604360258,0.02223508604381136,True,0.0062895119190216064,reproduced,not_reproduced,not_reproduced
fresh_hmm_2026096801_q4_s3_c0.2,brier,3,minimax,0.03757114367974457,0.037571143681009556,True,0.0062895119190216064,reproduced,not_reproduced,not_reproduced
fresh_hmm_2026096801_q4_s3_c0.2,pseudo_count,3,information,0.11159532229917635,0.11159532229917649,True,0.006349713541567326,not_reproduced,not_reproduced,not_reproduced
fresh_hmm_2026096801_q4_s3_c0.2,pseudo_count,3,brier,0.11159532229917635,0.11159532229917649,True,0.006349713541567326,not_reproduced,not_reproduced,not_reproduced
fresh_hmm_2026096801_q4_s3_c0.2,pseudo_count,3,pseudo_count,0.0,0.0,True,0.006349713541567326,reproduced,reproduced,reproduced
fresh_hmm_2026096801_q4_s3_c0.2,pseudo_count,3,uniform,0.051517615735990785,0.051517615735991146,True,0.006349713541567326,not_reproduced,not_reproduced,not_reproduced
fresh_hmm_2026096801_q4_s3_c0.2,pseudo_count,3,weighted128,0.09599936307213819,0.09599936307213844,True,0.006349713541567326,not_reproduced,not_reproduced,not_reproduced
fresh_hmm_2026096801_q4_s3_c0.2,pseudo_count,3,minimax,0.0878016026409093,0.08780160264090947,True,0.006349713541567326,not_reproduced,not_reproduced,not_reproduced
fresh_hmm_2026096801_q4_s3_c0.2,uniform,3,information,0.14905401234822135,0.14905401234822144,True,0.006982892751693726,not_reproduced,not_reproduced,not_reproduced
fresh_hmm_2026096801_q4_s3_c0.2,uniform,3,brier,0.14905401234822135,0.14905401234822144,True,0.006982892751693726,not_reproduced,not_reproduced,not_reproduced
fresh_hmm_2026096801_q4_s3_c0.2,uniform,3,pseudo_count,0.14802760553261674,0.14802760553261674,True,0.006982892751693726,not_reproduced,not_reproduced,not_reproduced
fresh_hmm_2026096801_q4_s3_c0.2,uniform,3,uniform,0.0,1.0027963634517695e-13,True,0.006982892751693726,reproduced,reproduced,reproduced
fresh_hmm_2026096801_q4_s3_c0.2,uniform,3,weighted128,0.12535124268371212,0.1253512426838565,True,0.006982892751693726,not_reproduced,not_reproduced,not_reproduced
fresh_hmm_2026096801_q4_s3_c0.2,uniform,3,minimax,0.10345801870130755,0.10345801870133352,True,0.006982892751693726,not_reproduced,not_reproduced,not_reproduced
fresh_hmm_2026096801_q4_s3_c0.2,weighted128,3,information,0.027300397269331755,0.02730039726933184,True,0.006274891085922718,reproduced,not_reproduced,not_reproduced
fresh_hmm_2026096801_q4_s3_c0.2,weighted128,3,brier,0.027300397269331755,0.02730039726933184,True,0.006274891085922718,reproduced,not_reproduced,not_reproduced
fresh_hmm_2026096801_q4_s3_c0.2,weighted128,3,pseudo_count,0.03522106699784189,0.03522106699784274,True,0.006274891085922718,reproduced,not_reproduced,not_reproduced
fresh_hmm_2026096801_q4_s3_c0.2,weighted128,3,uniform,0.018984139667610478,0.018984140865251128,True,0.006274891085922718,reproduced,reproduced,not_reproduced
fresh_hmm_2026096801_q4_s3_c0.2,weighted128,3,weighted128,0.0,2.914335439641036e-16,True,0.006274891085922718,reproduced,reproduced,reproduced
fresh_hmm_2026096801_q4_s3_c0.2,weighted128,3,minimax,0.01779585856080501,0.017795858560807523,True,0.006274891085922718,reproduced,reproduced,not_reproduced
fresh_hmm_2026096801_q4_s3_c0.2,minimax,3,information,0.051721253838846626,0.05172125383884667,True,0.006713634356856346,not_reproduced,not_reproduced,not_reproduced
fresh_hmm_2026096801_q4_s3_c0.2,minimax,3,brier,0.051721253838846626,0.05172125383884667,True,0.006713634356856346,not_reproduced,not_reproduced,not_reproduced
fresh_hmm_2026096801_q4_s3_c0.2,minimax,3,pseudo_count,0.04758477392283056,0.04758477392361157,True,0.006713634356856346,reproduced,not_reproduced,not_reproduced
fresh_hmm_2026096801_q4_s3_c0.2,minimax,3,uniform,0.012055734542055219,0.012055735799683526,True,0.006713634356856346,reproduced,reproduced,not_reproduced
fresh_hmm_2026096801_q4_s3_c0.2,minimax,3,weighted128,0.03571702522702647,0.03571702522703518,True,0.006713634356856346,reproduced,not_reproduced,not_reproduced
fresh_hmm_2026096801_q4_s3_c0.2,minimax,3,minimax,-7.28544400679446e-12,2.5302512172696646e-14,True,0.006713634356856346,reproduced,reproduced,reproduced
fresh_hmm_2026096900_q4_s3_c1.0,information,3,information,0.0,0.0,True,0.006272611208260059,reproduced,reproduced,reproduced
fresh_hmm_2026096900_q4_s3_c1.0,information,3,brier,0.018936624506025845,0.018936624506033922,True,0.006272611208260059,reproduced,reproduced,not_reproduced
fresh_hmm_2026096900_q4_s3_c1.0,information,3,pseudo_count,0.062491856848270966,0.0624918568482718,True,0.006272611208260059,not_reproduced,not_reproduced,not_reproduced
fresh_hmm_2026096900_q4_s3_c1.0,information,3,uniform,0.04128018161460956,0.04128018161461058,True,0.006272611208260059,reproduced,not_reproduced,not_reproduced
fresh_hmm_2026096900_q4_s3_c1.0,information,3,weighted128,0.033984585840665105,0.03398458584066568,True,0.006272611208260059,reproduced,not_reproduced,not_reproduced
fresh_hmm_2026096900_q4_s3_c1.0,information,3,minimax,0.03704582556536529,0.03704582556536777,True,0.006272611208260059,reproduced,not_reproduced,not_reproduced
fresh_hmm_2026096900_q4_s3_c1.0,brier,3,information,0.01535227851904164,0.015352278519041699,True,0.006280452013015747,reproduced,reproduced,not_reproduced
fresh_hmm_2026096900_q4_s3_c1.0,brier,3,brier,0.0,0.0,True,0.006280452013015747,reproduced,reproduced,reproduced
fresh_hmm_2026096900_q4_s3_c1.0,brier,3,pseudo_count,0.0627632363991164,0.0627632363991208,True,0.006280452013015747,not_reproduced,not_reproduced,not_reproduced
fresh_hmm_2026096900_q4_s3_c1.0,brier,3,uniform,0.04087362530260075,0.040873625302634164,True,0.006280452013015747,reproduced,not_reproduced,not_reproduced
fresh_hmm_2026096900_q4_s3_c1.0,brier,3,weighted128,0.031145028973888267,0.0311450289738886,True,0.006280452013015747,reproduced,not_reproduced,not_reproduced
fresh_hmm_2026096900_q4_s3_c1.0,brier,3,minimax,0.03645503102039105,0.036455031020391826,True,0.006280452013015747,reproduced,not_reproduced,not_reproduced
fresh_hmm_2026096900_q4_s3_c1.0,pseudo_count,3,information,0.12859248553412306,0.12859248553412328,True,0.006102065555751324,not_reproduced,not_reproduced,not_reproduced
fresh_hmm_2026096900_q4_s3_c1.0,pseudo_count,3,brier,0.12859248553412206,0.12859248553413122,True,0.006102065555751324,not_reproduced,not_reproduced,not_reproduced
fresh_hmm_2026096900_q4_s3_c1.0,pseudo_count,3,pseudo_count,0.0,1.0696304952872993e-14,True,0.006102065555751324,reproduced,reproduced,reproduced
fresh_hmm_2026096900_q4_s3_c1.0,pseudo_count,3,uniform,0.0767705109956025,0.07677051099560711,True,0.006102065555751324,not_reproduced,not_reproduced,not_reproduced
fresh_hmm_2026096900_q4_s3_c1.0,pseudo_count,3,weighted128,0.10448415677194811,0.10448415677194867,True,0.006102065555751324,not_reproduced,not_reproduced,not_reproduced
fresh_hmm_2026096900_q4_s3_c1.0,pseudo_count,3,minimax,0.0901062621360641,0.09010626213606436,True,0.006102065555751324,not_reproduced,not_reproduced,not_reproduced
fresh_hmm_2026096900_q4_s3_c1.0,uniform,3,information,0.07106576146980959,0.07106576146980967,True,0.006458977237343788,not_reproduced,not_reproduced,not_reproduced
fresh_hmm_2026096900_q4_s3_c1.0,uniform,3,brier,0.06997727100652407,0.06997727100663119,True,0.006458977237343788,not_reproduced,not_reproduced,not_reproduced
fresh_hmm_2026096900_q4_s3_c1.0,uniform,3,pseudo_count,0.034952597796670926,0.03495259779667198,True,0.006458977237343788,reproduced,not_reproduced,not_reproduced
fresh_hmm_2026096900_q4_s3_c1.0,uniform,3,uniform,-1.4081685666845755e-12,1.592920673837428e-13,True,0.006458977237343788,reproduced,reproduced,reproduced
fresh_hmm_2026096900_q4_s3_c1.0,uniform,3,weighted128,0.03448260696414107,0.03448260696414147,True,0.006458977237343788,reproduced,not_reproduced,not_reproduced
fresh_hmm_2026096900_q4_s3_c1.0,uniform,3,minimax,0.024870939197428776,0.024870939197429328,True,0.006458977237343788,reproduced,not_reproduced,not_reproduced
fresh_hmm_2026096900_q4_s3_c1.0,weighted128,3,information,0.03929867084469496,0.03929867084469503,True,0.006341372616589069,reproduced,not_reproduced,not_reproduced
fresh_hmm_2026096900_q4_s3_c1.0,weighted128,3,brier,0.03823916919720283,0.038239169197451156,True,0.006341372616589069,reproduced,not_reproduced,not_reproduced
fresh_hmm_2026096900_q4_s3_c1.0,weighted128,3,pseudo_count,0.03842417353997796,0.03842417353999342,True,0.006341372616589069,reproduced,not_reproduced,not_reproduced
fresh_hmm_2026096900_q4_s3_c1.0,weighted128,3,uniform,0.012054752381436162,0.012054752381530472,True,0.006341372616589069,reproduced,reproduced,not_reproduced
fresh_hmm_2026096900_q4_s3_c1.0,weighted128,3,weighted128,-9.61516178661361e-15,2.4037629525741622e-14,True,0.006341372616589069,reproduced,reproduced,reproduced
fresh_hmm_2026096900_q4_s3_c1.0,weighted128,3,minimax,0.016399066662429518,0.016399066662438573,True,0.006341372616589069,reproduced,reproduced,not_reproduced
fresh_hmm_2026096900_q4_s3_c1.0,minimax,3,information,0.057134663519831985,0.05713466351983205,True,0.006356223486363888,not_reproduced,not_reproduced,not_reproduced
fresh_hmm_2026096900_q4_s3_c1.0,minimax,3,brier,0.05713400058865015,0.057134000588652006,True,0.006356223486363888,not_reproduced,not_reproduced,not_reproduced
fresh_hmm_2026096900_q4_s3_c1.0,minimax,3,pseudo_count,0.03624935158019993,0.036249351580208686,True,0.006356223486363888,reproduced,not_reproduced,not_reproduced
fresh_hmm_2026096900_q4_s3_c1.0,minimax,3,uniform,0.010526164034738161,0.010526164034840422,True,0.006356223486363888,reproduced,reproduced,not_reproduced
fresh_hmm_2026096900_q4_s3_c1.0,minimax,3,weighted128,0.024105338399845078,0.024105338399847857,True,0.006356223486363888,reproduced,not_reproduced,not_reproduced
fresh_hmm_2026096900_q4_s3_c1.0,minimax,3,minimax,0.0,4.049798690841655e-14,True,0.006356223486363888,reproduced,reproduced,reproduced
fresh_hmm_2026096901_q4_s3_c1.0,information,3,information,0.0,0.0,True,0.0062911631539464,reproduced,reproduced,reproduced
fresh_hmm_2026096901_q4_s3_c1.0,information,3,brier,0.0,0.0,True,0.0062911631539464,reproduced,reproduced,reproduced
fresh_hmm_2026096901_q4_s3_c1.0,information,3,pseudo_count,0.03531515418666964,0.03531515418667111,True,0.0062911631539464,reproduced,not_reproduced,not_reproduced
fresh_hmm_2026096901_q4_s3_c1.0,information,3,uniform,0.032301264532879514,0.03230126453288014,True,0.0062911631539464,reproduced,not_reproduced,not_reproduced
fresh_hmm_2026096901_q4_s3_c1.0,information,3,weighted128,0.02369405352970666,0.02369405352970746,True,0.0062911631539464,reproduced,not_reproduced,not_reproduced
fresh_hmm_2026096901_q4_s3_c1.0,information,3,minimax,0.04025596034525003,0.04025596034525045,True,0.0062911631539464,reproduced,not_reproduced,not_reproduced
fresh_hmm_2026096901_q4_s3_c1.0,brier,3,information,0.0,0.0,True,0.006222289986908436,reproduced,reproduced,reproduced
fresh_hmm_2026096901_q4_s3_c1.0,brier,3,brier,0.0,0.0,True,0.006222289986908436,reproduced,reproduced,reproduced
fresh_hmm_2026096901_q4_s3_c1.0,brier,3,pseudo_count,0.03531515418666964,0.03531515418667111,True,0.006222289986908436,reproduced,not_reproduced,not_reproduced
fresh_hmm_2026096901_q4_s3_c1.0,brier,3,uniform,0.032301264532879514,0.03230126453288014,True,0.006222289986908436,reproduced,not_reproduced,not_reproduced
fresh_hmm_2026096901_q4_s3_c1.0,brier,3,weighted128,0.02369405352970666,0.02369405352970746,True,0.006222289986908436,reproduced,not_reproduced,not_reproduced
fresh_hmm_2026096901_q4_s3_c1.0,brier,3,minimax,0.04025596034525003,0.04025596034525045,True,0.006222289986908436,reproduced,not_reproduced,not_reproduced
fresh_hmm_2026096901_q4_s3_c1.0,pseudo_count,3,information,0.10600269097273918,0.10600269097273951,True,0.006371495313942432,not_reproduced,not_reproduced,not_reproduced
fresh_hmm_2026096901_q4_s3_c1.0,pseudo_count,3,brier,0.10600269097273918,0.10600269097273951,True,0.006371495313942432,not_reproduced,not_reproduced,not_reproduced
fresh_hmm_2026096901_q4_s3_c1.0,pseudo_count,3,pseudo_count,0.0,1.3607170945562075e-14,True,0.006371495313942432,reproduced,reproduced,reproduced
fresh_hmm_2026096901_q4_s3_c1.0,pseudo_count,3,uniform,0.04262294465240846,0.04262294465243423,True,0.006371495313942432,reproduced,not_reproduced,not_reproduced
fresh_hmm_2026096901_q4_s3_c1.0,pseudo_count,3,weighted128,0.07869732628123738,0.0786973262812378,True,0.006371495313942432,not_reproduced,not_reproduced,not_reproduced
fresh_hmm_2026096901_q4_s3_c1.0,pseudo_count,3,minimax,0.06193479372715238,0.06193479372715254,True,0.006371495313942432,not_reproduced,not_reproduced,not_reproduced
fresh_hmm_2026096901_q4_s3_c1.0,uniform,3,information,0.06793672050657351,0.06793672050657348,True,0.006212889216840267,not_reproduced,not_reproduced,not_reproduced
fresh_hmm_2026096901_q4_s3_c1.0,uniform,3,brier,0.06793672050657351,0.06793672050657348,True,0.006212889216840267,not_reproduced,not_reproduced,not_reproduced
fresh_hmm_2026096901_q4_s3_c1.0,uniform,3,pseudo_count,0.024550131927197905,0.024550131927198217,True,0.006212889216840267,reproduced,not_reproduced,not_reproduced
fresh_hmm_2026096901_q4_s3_c1.0,uniform,3,uniform,0.0,4.163336342344337e-17,True,0.006212889216840267,reproduced,reproduced,reproduced
fresh_hmm_2026096901_q4_s3_c1.0,uniform,3,weighted128,0.03788879448689686,0.03788879448691947,True,0.006212889216840267,reproduced,not_reproduced,not_reproduced
fresh_hmm_2026096901_q4_s3_c1.0,uniform,3,minimax,0.022692348647745386,0.022692348647776153,True,0.006212889216840267,reproduced,not_reproduced,not_reproduced
fresh_hmm_2026096901_q4_s3_c1.0,weighted128,3,information,0.03179494053220244,0.031794940532202706,True,0.006360803730785847,reproduced,not_reproduced,not_reproduced
fresh_hmm_2026096901_q4_s3_c1.0,weighted128,3,brier,0.03179494053220244,0.031794940532202706,True,0.006360803730785847,reproduced,not_reproduced,not_reproduced
fresh_hmm_2026096901_q4_s3_c1.0,weighted128,3,pseudo_count,0.026054265501766483,0.026054265501773102,True,0.006360803730785847,reproduced,not_reproduced,not_reproduced
fresh_hmm_2026096901_q4_s3_c1.0,weighted128,3,uniform,0.013246086525629974,0.013246086525712042,True,0.006360803730785847,reproduced,reproduced,not_reproduced
fresh_hmm_2026096901_q4_s3_c1.0,weighted128,3,weighted128,0.0,2.442750862696741e-14,True,0.006360803730785847,reproduced,reproduced,reproduced
fresh_hmm_2026096901_q4_s3_c1.0,weighted128,3,minimax,0.01796110803269535,0.01796110803270254,True,0.006360803730785847,reproduced,reproduced,not_reproduced
fresh_hmm_2026096901_q4_s3_c1.0,minimax,3,information,0.05117733619837039,0.05117733619837064,True,0.006384904496371746,not_reproduced,not_reproduced,not_reproduced
fresh_hmm_2026096901_q4_s3_c1.0,minimax,3,brier,0.05117733619837039,0.05117733619837064,True,0.006384904496371746,not_reproduced,not_reproduced,not_reproduced
fresh_hmm_2026096901_q4_s3_c1.0,minimax,3,pseudo_count,0.030813395819781153,0.0308133958197866,True,0.006384904496371746,reproduced,not_reproduced,not_reproduced
fresh_hmm_2026096901_q4_s3_c1.0,minimax,3,uniform,0.011932333199964451,0.011932333199974174,True,0.006384904496371746,reproduced,reproduced,not_reproduced
fresh_hmm_2026096901_q4_s3_c1.0,minimax,3,weighted128,0.030647925055166114,0.03064792505707301,True,0.006384904496371746,reproduced,not_reproduced,not_reproduced
fresh_hmm_2026096901_q4_s3_c1.0,minimax,3,minimax,0.0,2.4349446070548453e-14,True,0.006384904496371746,reproduced,reproduced,reproduced
fresh_hmm_2026097000_q4_s3_c5.0,information,3,information,0.0,0.0,True,0.006293482147157192,reproduced,reproduced,reproduced
fresh_hmm_2026097000_q4_s3_c5.0,information,3,brier,0.0,0.0,True,0.006293482147157192,reproduced,reproduced,reproduced
fresh_hmm_2026097000_q4_s3_c5.0,information,3,pseudo_count,0.04233639975305925,0.04233639975305967,True,0.006293482147157192,reproduced,not_reproduced,not_reproduced
fresh_hmm_2026097000_q4_s3_c5.0,information,3,uniform,0.03411391415988485,0.034113914159887265,True,0.006293482147157192,reproduced,not_reproduced,not_reproduced
fresh_hmm_2026097000_q4_s3_c5.0,information,3,weighted128,0.03362722737339974,0.03362722737340201,True,0.006293482147157192,reproduced,not_reproduced,not_reproduced
fresh_hmm_2026097000_q4_s3_c5.0,information,3,minimax,0.03255863970465778,0.032558639704658554,True,0.006293482147157192,reproduced,not_reproduced,not_reproduced
fresh_hmm_2026097000_q4_s3_c5.0,brier,3,information,0.0,0.0,True,0.006219769828021526,reproduced,reproduced,reproduced
fresh_hmm_2026097000_q4_s3_c5.0,brier,3,brier,0.0,0.0,True,0.006219769828021526,reproduced,reproduced,reproduced
fresh_hmm_2026097000_q4_s3_c5.0,brier,3,pseudo_count,0.04233639975305925,0.04233639975305967,True,0.006219769828021526,reproduced,not_reproduced,not_reproduced
fresh_hmm_2026097000_q4_s3_c5.0,brier,3,uniform,0.03411391415988485,0.034113914159887265,True,0.006219769828021526,reproduced,not_reproduced,not_reproduced
fresh_hmm_2026097000_q4_s3_c5.0,brier,3,weighted128,0.03362722737339974,0.03362722737340201,True,0.006219769828021526,reproduced,not_reproduced,not_reproduced
fresh_hmm_2026097000_q4_s3_c5.0,brier,3,minimax,0.03255863970465778,0.032558639704658554,True,0.006219769828021526,reproduced,not_reproduced,not_reproduced
fresh_hmm_2026097000_q4_s3_c5.0,pseudo_count,3,information,0.04811170135341358,0.048111701353413694,True,0.006322293542325497,reproduced,not_reproduced,not_reproduced
fresh_hmm_2026097000_q4_s3_c5.0,pseudo_count,3,brier,0.04811170135341358,0.048111701353413694,True,0.006322293542325497,reproduced,not_reproduced,not_reproduced
fresh_hmm_2026097000_q4_s3_c5.0,pseudo_count,3,pseudo_count,-5.670589705168809e-14,0.0,True,0.006322293542325497,reproduced,reproduced,reproduced
fresh_hmm_2026097000_q4_s3_c5.0,pseudo_count,3,uniform,0.014386432105418567,0.014386432105428093,True,0.006322293542325497,reproduced,reproduced,not_reproduced
fresh_hmm_2026097000_q4_s3_c5.0,pseudo_count,3,weighted128,0.01899339268898781,0.01899339268898878,True,0.006322293542325497,reproduced,reproduced,not_reproduced
fresh_hmm_2026097000_q4_s3_c5.0,pseudo_count,3,minimax,0.022372558222733763,0.022372558222734693,True,0.006322293542325497,reproduced,not_reproduced,not_reproduced
fresh_hmm_2026097000_q4_s3_c5.0,uniform,3,information,0.040985306003663347,0.04098530600366351,True,0.006224329583346844,reproduced,not_reproduced,not_reproduced
fresh_hmm_2026097000_q4_s3_c5.0,uniform,3,brier,0.040985306003663347,0.04098530600366351,True,0.006224329583346844,reproduced,not_reproduced,not_reproduced
fresh_hmm_2026097000_q4_s3_c5.0,uniform,3,pseudo_count,0.012801668796205146,0.012801668796206814,True,0.006224329583346844,reproduced,reproduced,not_reproduced
fresh_hmm_2026097000_q4_s3_c5.0,uniform,3,uniform,0.0,9.708379933304201e-15,True,0.006224329583346844,reproduced,reproduced,reproduced
fresh_hmm_2026097000_q4_s3_c5.0,uniform,3,weighted128,0.010237857353281088,0.010237857357849673,True,0.006224329583346844,reproduced,reproduced,not_reproduced
fresh_hmm_2026097000_q4_s3_c5.0,uniform,3,minimax,0.015544749497507615,0.015544749497512342,True,0.006224329583346844,reproduced,reproduced,not_reproduced
fresh_hmm_2026097000_q4_s3_c5.0,weighted128,3,information,0.031188503766955922,0.03118850376695594,True,0.0062463413923978806,reproduced,not_reproduced,not_reproduced
fresh_hmm_2026097000_q4_s3_c5.0,weighted128,3,brier,0.031188503766955922,0.03118850376695594,True,0.0062463413923978806,reproduced,not_reproduced,not_reproduced
fresh_hmm_2026097000_q4_s3_c5.0,weighted128,3,pseudo_count,0.014577623836365405,0.014577623836365839,True,0.0062463413923978806,reproduced,reproduced,not_reproduced
fresh_hmm_2026097000_q4_s3_c5.0,weighted128,3,uniform,0.004220023163980624,0.00422002316400048,True,0.0062463413923978806,reproduced,reproduced,reproduced
fresh_hmm_2026097000_q4_s3_c5.0,weighted128,3,weighted128,0.0,6.520999018544416e-14,True,0.0062463413923978806,reproduced,reproduced,reproduced
fresh_hmm_2026097000_q4_s3_c5.0,weighted128,3,minimax,0.006339675782216281,0.006339675782563099,True,0.0062463413923978806,reproduced,reproduced,reproduced
fresh_hmm_2026097000_q4_s3_c5.0,minimax,3,information,0.026553523811485014,0.02655352381148506,True,0.006169968284666538,reproduced,not_reproduced,not_reproduced
fresh_hmm_2026097000_q4_s3_c5.0,minimax,3,brier,0.026553523811485014,0.02655352381148506,True,0.006169968284666538,reproduced,not_reproduced,not_reproduced
fresh_hmm_2026097000_q4_s3_c5.0,minimax,3,pseudo_count,0.016652006496603033,0.016652006496604827,True,0.006169968284666538,reproduced,reproduced,not_reproduced
fresh_hmm_2026097000_q4_s3_c5.0,minimax,3,uniform,0.006681507298723077,0.006681507299254423,True,0.006169968284666538,reproduced,reproduced,reproduced
fresh_hmm_2026097000_q4_s3_c5.0,minimax,3,weighted128,0.0034569612388619664,0.003456961238897821,True,0.006169968284666538,reproduced,reproduced,reproduced
fresh_hmm_2026097000_q4_s3_c5.0,minimax,3,minimax,0.0,1.0101511641047445e-13,True,0.006169968284666538,reproduced,reproduced,reproduced
fresh_hmm_2026097001_q4_s3_c5.0,information,3,information,0.0,0.0,True,0.00612590741366148,reproduced,reproduced,reproduced
fresh_hmm_2026097001_q4_s3_c5.0,information,3,brier,0.037970356606007005,0.03797035660600957,True,0.00612590741366148,reproduced,not_reproduced,not_reproduced
fresh_hmm_2026097001_q4_s3_c5.0,information,3,pseudo_count,0.03299899295432207,0.03299899295432248,True,0.00612590741366148,reproduced,not_reproduced,not_reproduced
fresh_hmm_2026097001_q4_s3_c5.0,information,3,uniform,0.05350616850045542,0.05350616850046111,True,0.00612590741366148,not_reproduced,not_reproduced,not_reproduced
fresh_hmm_2026097001_q4_s3_c5.0,information,3,weighted128,0.05245345124106893,0.05245345124107288,True,0.00612590741366148,not_reproduced,not_reproduced,not_reproduced
fresh_hmm_2026097001_q4_s3_c5.0,information,3,minimax,0.049095140471975274,0.049095140471979146,True,0.00612590741366148,reproduced,not_reproduced,not_reproduced
fresh_hmm_2026097001_q4_s3_c5.0,brier,3,information,0.031760390981947606,0.031760390981948106,True,0.006279831752181053,reproduced,not_reproduced,not_reproduced
fresh_hmm_2026097001_q4_s3_c5.0,brier,3,brier,0.0,0.0,True,0.006279831752181053,reproduced,reproduced,reproduced
fresh_hmm_2026097001_q4_s3_c5.0,brier,3,pseudo_count,0.031456033432565755,0.03145603343256878,True,0.006279831752181053,reproduced,not_reproduced,not_reproduced
fresh_hmm_2026097001_q4_s3_c5.0,brier,3,uniform,0.030971585316898254,0.03097158531689905,True,0.006279831752181053,reproduced,not_reproduced,not_reproduced
fresh_hmm_2026097001_q4_s3_c5.0,brier,3,weighted128,0.029402633613642926,0.029402633613648036,True,0.006279831752181053,reproduced,not_reproduced,not_reproduced
fresh_hmm_2026097001_q4_s3_c5.0,brier,3,minimax,0.025001737129404233,0.02500173712942239,True,0.006279831752181053,reproduced,not_reproduced,not_reproduced
fresh_hmm_2026097001_q4_s3_c5.0,pseudo_count,3,information,0.047470597568778694,0.04747059756877882,True,0.006266971118748188,reproduced,not_reproduced,not_reproduced
fresh_hmm_2026097001_q4_s3_c5.0,pseudo_count,3,brier,0.03192870273904813,0.03192870273905094,True,0.006266971118748188,reproduced,not_reproduced,not_reproduced
fresh_hmm_2026097001_q4_s3_c5.0,pseudo_count,3,pseudo_count,-5.439344463056516e-14,1.0676494410777337e-12,True,0.006266971118748188,reproduced,reproduced,reproduced
fresh_hmm_2026097001_q4_s3_c5.0,pseudo_count,3,uniform,0.025327388340231627,0.02532738834023211,True,0.006266971118748188,reproduced,not_reproduced,not_reproduced
fresh_hmm_2026097001_q4_s3_c5.0,pseudo_count,3,weighted128,0.02396738972887469,0.02396738972887494,True,0.006266971118748188,reproduced,not_reproduced,not_reproduced
fresh_hmm_2026097001_q4_s3_c5.0,pseudo_count,3,minimax,0.025657342496086644,0.025657342496092462,True,0.006266971118748188,reproduced,not_reproduced,not_reproduced
fresh_hmm_2026097001_q4_s3_c5.0,uniform,3,information,0.06019298961887509,0.06019298961887531,True,0.006339103914797306,not_reproduced,not_reproduced,not_reproduced
fresh_hmm_2026097001_q4_s3_c5.0,uniform,3,brier,0.036361143873743784,0.03636114387374388,True,0.006339103914797306,reproduced,not_reproduced,not_reproduced
fresh_hmm_2026097001_q4_s3_c5.0,uniform,3,pseudo_count,0.028214532215736554,0.028214532215737845,True,0.006339103914797306,reproduced,not_reproduced,not_reproduced
fresh_hmm_2026097001_q4_s3_c5.0,uniform,3,uniform,0.0,7.252315067929338e-14,True,0.006339103914797306,reproduced,reproduced,reproduced
fresh_hmm_2026097001_q4_s3_c5.0,uniform,3,weighted128,0.014419748330837368,0.014419748330854056,True,0.006339103914797306,reproduced,reproduced,not_reproduced
fresh_hmm_2026097001_q4_s3_c5.0,uniform,3,minimax,0.02293418114946011,0.022934181149476617,True,0.006339103914797306,reproduced,not_reproduced,not_reproduced
fresh_hmm_2026097001_q4_s3_c5.0,weighted128,3,information,0.04759553790900861,0.04759553790900869,True,0.00632032286375761,reproduced,not_reproduced,not_reproduced
fresh_hmm_2026097001_q4_s3_c5.0,weighted128,3,brier,0.023486431306637745,0.02348643130663855,True,0.00632032286375761,reproduced,not_reproduced,not_reproduced
fresh_hmm_2026097001_q4_s3_c5.0,weighted128,3,pseudo_count,0.02411415176174725,0.024114151761747738,True,0.00632032286375761,reproduced,not_reproduced,not_reproduced
fresh_hmm_2026097001_q4_s3_c5.0,weighted128,3,uniform,0.0059379069551231956,0.005937906955353438,True,0.00632032286375761,reproduced,reproduced,reproduced
fresh_hmm_2026097001_q4_s3_c5.0,weighted128,3,weighted128,0.0,2.467940944921726e-14,True,0.00632032286375761,reproduced,reproduced,reproduced
fresh_hmm_2026097001_q4_s3_c5.0,weighted128,3,minimax,0.01049370405410277,0.010493704054103312,True,0.00632032286375761,reproduced,reproduced,not_reproduced
fresh_hmm_2026097001_q4_s3_c5.0,minimax,3,information,0.037258808469406324,0.037258808469406816,True,0.006341663189232349,reproduced,not_reproduced,not_reproduced
fresh_hmm_2026097001_q4_s3_c5.0,minimax,3,brier,0.023266749577196322,0.023266749577200357,True,0.006341663189232349,reproduced,not_reproduced,not_reproduced
fresh_hmm_2026097001_q4_s3_c5.0,minimax,3,pseudo_count,0.0267753878661543,0.026775387866157036,True,0.006341663189232349,reproduced,not_reproduced,not_reproduced
fresh_hmm_2026097001_q4_s3_c5.0,minimax,3,uniform,0.00958492962431301,0.009584929624315036,True,0.006341663189232349,reproduced,reproduced,reproduced
fresh_hmm_2026097001_q4_s3_c5.0,minimax,3,weighted128,0.006207082172365319,0.006207082172367742,True,0.006341663189232349,reproduced,reproduced,reproduced
fresh_hmm_2026097001_q4_s3_c5.0,minimax,3,minimax,-2.286075597925004e-13,1.3284512379030389e-14,True,0.006341663189232349,reproduced,reproduced,reproduced
fresh_hmm_2026100800_q8_s3_c0.2,information,3,information,0.0,0.0,True,0.009204581379890442,reproduced,reproduced,reproduced
fresh_hmm_2026100800_q8_s3_c0.2,information,3,brier,0.0,0.0,True,0.009204581379890442,reproduced,reproduced,reproduced
fresh_hmm_2026100800_q8_s3_c0.2,information,3,pseudo_count,0.43189135380321253,0.43189135445040977,True,0.009204581379890442,not_reproduced,not_reproduced,not_reproduced
fresh_hmm_2026100800_q8_s3_c0.2,information,3,uniform,0.3282971091864717,0.32829710918653404,True,0.009204581379890442,not_reproduced,not_reproduced,not_reproduced
fresh_hmm_2026100800_q8_s3_c0.2,information,3,weighted128,0.35083300211041746,0.350833002110425,True,0.009204581379890442,not_reproduced,not_reproduced,not_reproduced
fresh_hmm_2026100800_q8_s3_c0.2,information,3,minimax,0.3029436201215159,0.30294362012152876,True,0.009204581379890442,not_reproduced,not_reproduced,not_reproduced
fresh_hmm_2026100800_q8_s3_c0.2,brier,3,information,0.0,0.0,True,0.009105917997658253,reproduced,reproduced,reproduced
fresh_hmm_2026100800_q8_s3_c0.2,brier,3,brier,0.0,0.0,True,0.009105917997658253,reproduced,reproduced,reproduced
fresh_hmm_2026100800_q8_s3_c0.2,brier,3,pseudo_count,0.43189135380321253,0.43189135445040977,True,0.009105917997658253,not_reproduced,not_reproduced,not_reproduced
fresh_hmm_2026100800_q8_s3_c0.2,brier,3,uniform,0.3282971091864717,0.32829710918653404,True,0.009105917997658253,not_reproduced,not_reproduced,not_reproduced
fresh_hmm_2026100800_q8_s3_c0.2,brier,3,weighted128,0.35083300211041746,0.350833002110425,True,0.009105917997658253,not_reproduced,not_reproduced,not_reproduced
fresh_hmm_2026100800_q8_s3_c0.2,brier,3,minimax,0.3029436201215159,0.30294362012152876,True,0.009105917997658253,not_reproduced,not_reproduced,not_reproduced
fresh_hmm_2026100800_q8_s3_c0.2,pseudo_count,3,information,0.45935071242482234,0.45935071242482256,True,0.009050545282661915,not_reproduced,not_reproduced,not_reproduced
fresh_hmm_2026100800_q8_s3_c0.2,pseudo_count,3,brier,0.45935071242482234,0.45935071242482256,True,0.009050545282661915,not_reproduced,not_reproduced,not_reproduced
fresh_hmm_2026100800_q8_s3_c0.2,pseudo_count,3,pseudo_count,0.0,0.0,True,0.009050545282661915,reproduced,reproduced,reproduced
fresh_hmm_2026100800_q8_s3_c0.2,pseudo_count,3,uniform,0.3105142507795582,0.3105142507796371,True,0.009050545282661915,not_reproduced,not_reproduced,not_reproduced
fresh_hmm_2026100800_q8_s3_c0.2,pseudo_count,3,weighted128,0.37674880034164193,0.37674880034164576,True,0.009050545282661915,not_reproduced,not_reproduced,not_reproduced
fresh_hmm_2026100800_q8_s3_c0.2,pseudo_count,3,minimax,0.39394095366404147,0.3939409540032091,True,0.009050545282661915,not_reproduced,not_reproduced,not_reproduced
fresh_hmm_2026100800_q8_s3_c0.2,uniform,3,information,0.2515413656897555,0.2515413656897574,True,0.009310254827141762,not_reproduced,not_reproduced,not_reproduced
fresh_hmm_2026100800_q8_s3_c0.2,uniform,3,brier,0.2515413656897555,0.2515413656897574,True,0.009310254827141762,not_reproduced,not_reproduced,not_reproduced
fresh_hmm_2026100800_q8_s3_c0.2,uniform,3,pseudo_count,0.15178080199217603,0.15178080222821688,True,0.009310254827141762,not_reproduced,not_reproduced,not_reproduced
fresh_hmm_2026100800_q8_s3_c0.2,uniform,3,uniform,0.0,9.565102616210241e-16,True,0.009310254827141762,reproduced,reproduced,reproduced
fresh_hmm_2026100800_q8_s3_c0.2,uniform,3,weighted128,0.09496398875976586,0.09496398875976622,True,0.009310254827141762,not_reproduced,not_reproduced,not_reproduced
fresh_hmm_2026100800_q8_s3_c0.2,uniform,3,minimax,0.09592590147636404,0.0959259014763667,True,0.009310254827141762,not_reproduced,not_reproduced,not_reproduced
fresh_hmm_2026100800_q8_s3_c0.2,weighted128,3,information,0.22168465054932862,0.2216846505493288,True,0.008980943821370602,not_reproduced,not_reproduced,not_reproduced
fresh_hmm_2026100800_q8_s3_c0.2,weighted128,3,brier,0.22168465054932862,0.2216846505493288,True,0.008980943821370602,not_reproduced,not_reproduced,not_reproduced
fresh_hmm_2026100800_q8_s3_c0.2,weighted128,3,pseudo_count,0.14899278557941786,0.14899278557941875,True,0.008980943821370602,not_reproduced,not_reproduced,not_reproduced
fresh_hmm_2026100800_q8_s3_c0.2,weighted128,3,uniform,0.037654751925900065,0.03765475192590326,True,0.008980943821370602,reproduced,not_reproduced,not_reproduced
fresh_hmm_2026100800_q8_s3_c0.2,weighted128,3,weighted128,-8.881784197001252e-16,5.31860653735798e-14,True,0.008980943821370602,reproduced,reproduced,reproduced
fresh_hmm_2026100800_q8_s3_c0.2,weighted128,3,minimax,0.057895918037481064,0.05789591803748205,True,0.008980943821370602,not_reproduced,not_reproduced,not_reproduced
fresh_hmm_2026100800_q8_s3_c0.2,minimax,3,information,0.19551478283646562,0.19551478283646698,True,0.009193050675094128,not_reproduced,not_reproduced,not_reproduced
fresh_hmm_2026100800_q8_s3_c0.2,minimax,3,brier,0.19551478283646562,0.19551478283646698,True,0.009193050675094128,not_reproduced,not_reproduced,not_reproduced
fresh_hmm_2026100800_q8_s3_c0.2,minimax,3,pseudo_count,0.17563338080498903,0.1756333808049971,True,0.009193050675094128,not_reproduced,not_reproduced,not_reproduced
fresh_hmm_2026100800_q8_s3_c0.2,minimax,3,uniform,0.06067703517983758,0.060677035179887845,True,0.009193050675094128,not_reproduced,not_reproduced,not_reproduced
fresh_hmm_2026100800_q8_s3_c0.2,minimax,3,weighted128,0.05547071614621879,0.05547071614632004,True,0.009193050675094128,not_reproduced,not_reproduced,not_reproduced
fresh_hmm_2026100800_q8_s3_c0.2,minimax,3,minimax,0.0,9.041382680498993e-15,True,0.009193050675094128,reproduced,reproduced,reproduced
fresh_hmm_2026100801_q8_s3_c0.2,information,3,information,0.0,0.0,True,0.009068616665899754,reproduced,reproduced,reproduced
fresh_hmm_2026100801_q8_s3_c0.2,information,3,brier,0.0,0.0,True,0.009068616665899754,reproduced,reproduced,reproduced
fresh_hmm_2026100801_q8_s3_c0.2,information,3,pseudo_count,0.37059702393261484,0.3705970239326668,True,0.009068616665899754,not_reproduced,not_reproduced,not_reproduced
fresh_hmm_2026100801_q8_s3_c0.2,information,3,uniform,0.26686473310595293,0.2668647338008731,True,0.009068616665899754,not_reproduced,not_reproduced,not_reproduced
fresh_hmm_2026100801_q8_s3_c0.2,information,3,weighted128,0.3113494287378177,0.3113494287378188,True,0.009068616665899754,not_reproduced,not_reproduced,not_reproduced
fresh_hmm_2026100801_q8_s3_c0.2,information,3,minimax,0.28706693296186814,0.28706693296186847,True,0.009068616665899754,not_reproduced,not_reproduced,not_reproduced
fresh_hmm_2026100801_q8_s3_c0.2,brier,3,information,0.0,0.0,True,0.008963534608483315,reproduced,reproduced,reproduced
fresh_hmm_2026100801_q8_s3_c0.2,brier,3,brier,0.0,0.0,True,0.008963534608483315,reproduced,reproduced,reproduced
fresh_hmm_2026100801_q8_s3_c0.2,brier,3,pseudo_count,0.37059702393261484,0.3705970239326668,True,0.008963534608483315,not_reproduced,not_reproduced,not_reproduced
fresh_hmm_2026100801_q8_s3_c0.2,brier,3,uniform,0.26686473310595293,0.2668647338008731,True,0.008963534608483315,not_reproduced,not_reproduced,not_reproduced
fresh_hmm_2026100801_q8_s3_c0.2,brier,3,weighted128,0.3113494287378177,0.3113494287378188,True,0.008963534608483315,not_reproduced,not_reproduced,not_reproduced
fresh_hmm_2026100801_q8_s3_c0.2,brier,3,minimax,0.28706693296186814,0.28706693296186847,True,0.008963534608483315,not_reproduced,not_reproduced,not_reproduced
fresh_hmm_2026100801_q8_s3_c0.2,pseudo_count,3,information,0.36559308670694257,0.365593086706943,True,0.009388827718794346,not_reproduced,not_reproduced,not_reproduced
fresh_hmm_2026100801_q8_s3_c0.2,pseudo_count,3,brier,0.36559308670694257,0.365593086706943,True,0.009388827718794346,not_reproduced,not_reproduced,not_reproduced
fresh_hmm_2026100801_q8_s3_c0.2,pseudo_count,3,pseudo_count,0.0,0.0,True,0.009388827718794346,reproduced,reproduced,reproduced
fresh_hmm_2026100801_q8_s3_c0.2,pseudo_count,3,uniform,0.21961525821984207,0.219615258219846,True,0.009388827718794346,not_reproduced,not_reproduced,not_reproduced
fresh_hmm_2026100801_q8_s3_c0.2,pseudo_count,3,weighted128,0.22151196260362338,0.2215119626036245,True,0.009388827718794346,not_reproduced,not_reproduced,not_reproduced
fresh_hmm_2026100801_q8_s3_c0.2,pseudo_count,3,minimax,0.23164210644036887,0.23164210644037153,True,0.009388827718794346,not_reproduced,not_reproduced,not_reproduced
fresh_hmm_2026100801_q8_s3_c0.2,uniform,3,information,0.23407288440776264,0.23407288440776292,True,0.009297853335738182,not_reproduced,not_reproduced,not_reproduced
fresh_hmm_2026100801_q8_s3_c0.2,uniform,3,brier,0.23407288440776264,0.23407288440776292,True,0.009297853335738182,not_reproduced,not_reproduced,not_reproduced
fresh_hmm_2026100801_q8_s3_c0.2,uniform,3,pseudo_count,0.19945477056999217,0.19945477056999483,True,0.009297853335738182,not_reproduced,not_reproduced,not_reproduced
fresh_hmm_2026100801_q8_s3_c0.2,uniform,3,uniform,0.0,2.1805067517213783e-15,True,0.009297853335738182,reproduced,reproduced,reproduced
fresh_hmm_2026100801_q8_s3_c0.2,uniform,3,weighted128,0.10331272290490967,0.10331272290495623,True,0.009297853335738182,not_reproduced,not_reproduced,not_reproduced
fresh_hmm_2026100801_q8_s3_c0.2,uniform,3,minimax,0.10620692396293707,0.10620692396293836,True,0.009297853335738182,not_reproduced,not_reproduced,not_reproduced
fresh_hmm_2026100801_q8_s3_c0.2,weighted128,3,information,0.21233396473186184,0.21233396473186258,True,0.0092386519536376,not_reproduced,not_reproduced,not_reproduced
fresh_hmm_2026100801_q8_s3_c0.2,weighted128,3,brier,0.21233396473186184,0.21233396473186258,True,0.0092386519536376,not_reproduced,not_reproduced,not_reproduced
fresh_hmm_2026100801_q8_s3_c0.2,weighted128,3,pseudo_count,0.12045229363650045,0.12045229363651389,True,0.0092386519536376,not_reproduced,not_reproduced,not_reproduced
fresh_hmm_2026100801_q8_s3_c0.2,weighted128,3,uniform,0.049163183459073,0.04916318345907801,True,0.0092386519536376,reproduced,not_reproduced,not_reproduced
fresh_hmm_2026100801_q8_s3_c0.2,weighted128,3,weighted128,-6.661338147750939e-15,2.524469469757612e-15,True,0.0092386519536376,reproduced,reproduced,reproduced
fresh_hmm_2026100801_q8_s3_c0.2,weighted128,3,minimax,0.051562857439192755,0.05156285743919605,True,0.0092386519536376,not_reproduced,not_reproduced,not_reproduced
fresh_hmm_2026100801_q8_s3_c0.2,minimax,3,information,0.18220978499801488,0.1822097849980152,True,0.009231521748006344,not_reproduced,not_reproduced,not_reproduced
fresh_hmm_2026100801_q8_s3_c0.2,minimax,3,brier,0.18220978499801488,0.1822097849980152,True,0.009231521748006344,not_reproduced,not_reproduced,not_reproduced
fresh_hmm_2026100801_q8_s3_c0.2,minimax,3,pseudo_count,0.17002385304837342,0.17002385304837575,True,0.009231521748006344,not_reproduced,not_reproduced,not_reproduced
fresh_hmm_2026100801_q8_s3_c0.2,minimax,3,uniform,0.04502915200930002,0.04502915200930157,True,0.009231521748006344,reproduced,not_reproduced,not_reproduced
fresh_hmm_2026100801_q8_s3_c0.2,minimax,3,weighted128,0.057381082173515785,0.057381082173517804,True,0.009231521748006344,not_reproduced,not_reproduced,not_reproduced
fresh_hmm_2026100801_q8_s3_c0.2,minimax,3,minimax,-6.661338147750939e-16,4.3924907150097755e-14,True,0.009231521748006344,reproduced,reproduced,reproduced
fresh_hmm_2026100900_q8_s3_c1.0,information,3,information,0.0,0.0,True,0.008930681273341179,reproduced,reproduced,reproduced
fresh_hmm_2026100900_q8_s3_c1.0,information,3,brier,0.0,0.0,True,0.008930681273341179,reproduced,reproduced,reproduced
fresh_hmm_2026100900_q8_s3_c1.0,information,3,pseudo_count,0.1329320163695713,0.13293201636957705,True,0.008930681273341179,not_reproduced,not_reproduced,not_reproduced
fresh_hmm_2026100900_q8_s3_c1.0,information,3,uniform,0.09011535943069582,0.09011535943079002,True,0.008930681273341179,not_reproduced,not_reproduced,not_reproduced
fresh_hmm_2026100900_q8_s3_c1.0,information,3,weighted128,0.0780871108897867,0.07808711088978848,True,0.008930681273341179,not_reproduced,not_reproduced,not_reproduced
fresh_hmm_2026100900_q8_s3_c1.0,information,3,minimax,0.07837290146651354,0.07837290146651539,True,0.008930681273341179,not_reproduced,not_reproduced,not_reproduced
fresh_hmm_2026100900_q8_s3_c1.0,brier,3,information,0.0,0.0,True,0.009170560166239738,reproduced,reproduced,reproduced
fresh_hmm_2026100900_q8_s3_c1.0,brier,3,brier,0.0,0.0,True,0.009170560166239738,reproduced,reproduced,reproduced
fresh_hmm_2026100900_q8_s3_c1.0,brier,3,pseudo_count,0.1329320163695713,0.13293201636957705,True,0.009170560166239738,not_reproduced,not_reproduced,not_reproduced
fresh_hmm_2026100900_q8_s3_c1.0,brier,3,uniform,0.09011535943069582,0.09011535943079002,True,0.009170560166239738,not_reproduced,not_reproduced,not_reproduced
fresh_hmm_2026100900_q8_s3_c1.0,brier,3,weighted128,0.0780871108897867,0.07808711088978848,True,0.009170560166239738,not_reproduced,not_reproduced,not_reproduced
fresh_hmm_2026100900_q8_s3_c1.0,brier,3,minimax,0.07837290146651354,0.07837290146651539,True,0.009170560166239738,not_reproduced,not_reproduced,not_reproduced
fresh_hmm_2026100900_q8_s3_c1.0,pseudo_count,3,information,0.21736363387326102,0.21736363387326163,True,0.009130788967013359,not_reproduced,not_reproduced,not_reproduced
fresh_hmm_2026100900_q8_s3_c1.0,pseudo_count,3,brier,0.21736363387326102,0.21736363387326163,True,0.009130788967013359,not_reproduced,not_reproduced,not_reproduced
fresh_hmm_2026100900_q8_s3_c1.0,pseudo_count,3,pseudo_count,0.0,0.0,True,0.009130788967013359,reproduced,reproduced,reproduced
fresh_hmm_2026100900_q8_s3_c1.0,pseudo_count,3,uniform,0.11655327498513918,0.1165532749851437,True,0.009130788967013359,not_reproduced,not_reproduced,not_reproduced
fresh_hmm_2026100900_q8_s3_c1.0,pseudo_count,3,weighted128,0.16603960216894686,0.16603960216894775,True,0.009130788967013359,not_reproduced,not_reproduced,not_reproduced
fresh_hmm_2026100900_q8_s3_c1.0,pseudo_count,3,minimax,0.15350541228597903,0.1535054122859792,True,0.009130788967013359,not_reproduced,not_reproduced,not_reproduced
fresh_hmm_2026100900_q8_s3_c1.0,uniform,3,information,0.11374068676447302,0.1137406867644731,True,0.009202801622450352,not_reproduced,not_reproduced,not_reproduced
fresh_hmm_2026100900_q8_s3_c1.0,uniform,3,brier,0.11374068676447302,0.1137406867644731,True,0.009202801622450352,not_reproduced,not_reproduced,not_reproduced
fresh_hmm_2026100900_q8_s3_c1.0,uniform,3,pseudo_count,0.0624284091689945,0.062428409168994545,True,0.009202801622450352,not_reproduced,not_reproduced,not_reproduced
fresh_hmm_2026100900_q8_s3_c1.0,uniform,3,uniform,0.0,0.0,True,0.009202801622450352,reproduced,reproduced,reproduced
fresh_hmm_2026100900_q8_s3_c1.0,uniform,3,weighted128,0.058847689558323646,0.058847689558350624,True,0.009202801622450352,not_reproduced,not_reproduced,not_reproduced
fresh_hmm_2026100900_q8_s3_c1.0,uniform,3,minimax,0.049544892808496055,0.04954489280849782,True,0.009202801622450352,reproduced,not_reproduced,not_reproduced
fresh_hmm_2026100900_q8_s3_c1.0,weighted128,3,information,0.0672801962390569,0.0672801962390574,True,0.009329214692115784,not_reproduced,not_reproduced,not_reproduced
fresh_hmm_2026100900_q8_s3_c1.0,weighted128,3,brier,0.0672801962390569,0.0672801962390574,True,0.009329214692115784,not_reproduced,not_reproduced,not_reproduced
fresh_hmm_2026100900_q8_s3_c1.0,weighted128,3,pseudo_count,0.07286180813466858,0.07286180813467023,True,0.009329214692115784,not_reproduced,not_reproduced,not_reproduced
fresh_hmm_2026100900_q8_s3_c1.0,weighted128,3,uniform,0.024362589425877546,0.024362589425916084,True,0.009329214692115784,reproduced,not_reproduced,not_reproduced
fresh_hmm_2026100900_q8_s3_c1.0,weighted128,3,weighted128,-1.1102230246251565e-15,1.6135297144812635e-13,True,0.009329214692115784,reproduced,reproduced,reproduced
fresh_hmm_2026100900_q8_s3_c1.0,weighted128,3,minimax,0.013203233774961798,0.013203233774973294,True,0.009329214692115784,reproduced,reproduced,not_reproduced
fresh_hmm_2026100900_q8_s3_c1.0,minimax,3,information,0.07577396484278953,0.07577396484278948,True,0.009265042841434479,not_reproduced,not_reproduced,not_reproduced
fresh_hmm_2026100900_q8_s3_c1.0,minimax,3,brier,0.07577396484278953,0.07577396484278948,True,0.009265042841434479,not_reproduced,not_reproduced,not_reproduced
fresh_hmm_2026100900_q8_s3_c1.0,minimax,3,pseudo_count,0.07088174425525584,0.07088174425526536,True,0.009265042841434479,not_reproduced,not_reproduced,not_reproduced
fresh_hmm_2026100900_q8_s3_c1.0,minimax,3,uniform,0.024706954045373375,0.024706954045394518,True,0.009265042841434479,reproduced,not_reproduced,not_reproduced
fresh_hmm_2026100900_q8_s3_c1.0,minimax,3,weighted128,0.014040260018724382,0.014040260018724916,True,0.009265042841434479,reproduced,reproduced,not_reproduced
fresh_hmm_2026100900_q8_s3_c1.0,minimax,3,minimax,0.0,1.5013855501726237e-14,True,0.009265042841434479,reproduced,reproduced,reproduced
fresh_hmm_2026100901_q8_s3_c1.0,information,3,information,0.0,0.0,True,0.009153040125966072,reproduced,reproduced,reproduced
fresh_hmm_2026100901_q8_s3_c1.0,information,3,brier,0.0,0.0,True,0.009153040125966072,reproduced,reproduced,reproduced
fresh_hmm_2026100901_q8_s3_c1.0,information,3,pseudo_count,0.07689266665894157,0.07689266665894252,True,0.009153040125966072,not_reproduced,not_reproduced,not_reproduced
fresh_hmm_2026100901_q8_s3_c1.0,information,3,uniform,0.07888810820272774,0.07888810820273048,True,0.009153040125966072,not_reproduced,not_reproduced,not_reproduced
fresh_hmm_2026100901_q8_s3_c1.0,information,3,weighted128,0.07735405374004756,0.07735405374004856,True,0.009153040125966072,not_reproduced,not_reproduced,not_reproduced
fresh_hmm_2026100901_q8_s3_c1.0,information,3,minimax,0.09011979460267816,0.09011979460267869,True,0.009153040125966072,not_reproduced,not_reproduced,not_reproduced
fresh_hmm_2026100901_q8_s3_c1.0,brier,3,information,0.0,0.0,True,0.00966174528002739,reproduced,reproduced,reproduced
fresh_hmm_2026100901_q8_s3_c1.0,brier,3,brier,0.0,0.0,True,0.00966174528002739,reproduced,reproduced,reproduced
fresh_hmm_2026100901_q8_s3_c1.0,brier,3,pseudo_count,0.07689266665894157,0.07689266665894252,True,0.00966174528002739,not_reproduced,not_reproduced,not_reproduced
fresh_hmm_2026100901_q8_s3_c1.0,brier,3,uniform,0.07888810820272774,0.07888810820273048,True,0.00966174528002739,not_reproduced,not_reproduced,not_reproduced
fresh_hmm_2026100901_q8_s3_c1.0,brier,3,weighted128,0.07735405374004756,0.07735405374004856,True,0.00966174528002739,not_reproduced,not_reproduced,not_reproduced
fresh_hmm_2026100901_q8_s3_c1.0,brier,3,minimax,0.09011979460267816,0.09011979460267869,True,0.00966174528002739,not_reproduced,not_reproduced,not_reproduced
fresh_hmm_2026100901_q8_s3_c1.0,pseudo_count,3,information,0.11769424667563955,0.11769424667563971,True,0.009175931103527546,not_reproduced,not_reproduced,not_reproduced
fresh_hmm_2026100901_q8_s3_c1.0,pseudo_count,3,brier,0.11769424667563955,0.11769424667563971,True,0.009175931103527546,not_reproduced,not_reproduced,not_reproduced
fresh_hmm_2026100901_q8_s3_c1.0,pseudo_count,3,pseudo_count,0.0,0.0,True,0.009175931103527546,reproduced,reproduced,reproduced
fresh_hmm_2026100901_q8_s3_c1.0,pseudo_count,3,uniform,0.08803084548397011,0.08803084548397738,True,0.009175931103527546,not_reproduced,not_reproduced,not_reproduced
fresh_hmm_2026100901_q8_s3_c1.0,pseudo_count,3,weighted128,0.1044716972277906,0.10447169722779331,True,0.009175931103527546,not_reproduced,not_reproduced,not_reproduced
fresh_hmm_2026100901_q8_s3_c1.0,pseudo_count,3,minimax,0.11550073382452786,0.1155007338245334,True,0.009175931103527546,not_reproduced,not_reproduced,not_reproduced
fresh_hmm_2026100901_q8_s3_c1.0,uniform,3,information,0.10261654648507934,0.10261654648507955,True,0.009227652102708817,not_reproduced,not_reproduced,not_reproduced
fresh_hmm_2026100901_q8_s3_c1.0,uniform,3,brier,0.10261654648507934,0.10261654648507955,True,0.009227652102708817,not_reproduced,not_reproduced,not_reproduced
fresh_hmm_2026100901_q8_s3_c1.0,uniform,3,pseudo_count,0.060836482348454846,0.06083648234857252,True,0.009227652102708817,not_reproduced,not_reproduced,not_reproduced
fresh_hmm_2026100901_q8_s3_c1.0,uniform,3,uniform,0.0,4.7209848877405314e-14,True,0.009227652102708817,reproduced,reproduced,reproduced
fresh_hmm_2026100901_q8_s3_c1.0,uniform,3,weighted128,0.04631178185694773,0.04631178185696673,True,0.009227652102708817,reproduced,not_reproduced,not_reproduced
fresh_hmm_2026100901_q8_s3_c1.0,uniform,3,minimax,0.051569226852526406,0.05156922685253283,True,0.009227652102708817,not_reproduced,not_reproduced,not_reproduced
fresh_hmm_2026100901_q8_s3_c1.0,weighted128,3,information,0.07181272341842193,0.07181272341842218,True,0.009012185037136078,not_reproduced,not_reproduced,not_reproduced
fresh_hmm_2026100901_q8_s3_c1.0,weighted128,3,brier,0.07181272341842193,0.07181272341842218,True,0.009012185037136078,not_reproduced,not_reproduced,not_reproduced
fresh_hmm_2026100901_q8_s3_c1.0,weighted128,3,pseudo_count,0.05438597466655082,0.054385974666556286,True,0.009012185037136078,not_reproduced,not_reproduced,not_reproduced
fresh_hmm_2026100901_q8_s3_c1.0,weighted128,3,uniform,0.02517730055419498,0.025177300554264655,True,0.009012185037136078,reproduced,not_reproduced,not_reproduced
fresh_hmm_2026100901_q8_s3_c1.0,weighted128,3,weighted128,0.0,0.0,True,0.009012185037136078,reproduced,reproduced,reproduced
fresh_hmm_2026100901_q8_s3_c1.0,weighted128,3,minimax,0.01813098214969744,0.018130982149853182,True,0.009012185037136078,reproduced,reproduced,not_reproduced
fresh_hmm_2026100901_q8_s3_c1.0,minimax,3,information,0.08030410486180495,0.08030410486180785,True,0.009168249554932117,not_reproduced,not_reproduced,not_reproduced
fresh_hmm_2026100901_q8_s3_c1.0,minimax,3,brier,0.08030410486180495,0.08030410486180785,True,0.009168249554932117,not_reproduced,not_reproduced,not_reproduced
fresh_hmm_2026100901_q8_s3_c1.0,minimax,3,pseudo_count,0.05938925993456978,0.05938925993457006,True,0.009168249554932117,not_reproduced,not_reproduced,not_reproduced
fresh_hmm_2026100901_q8_s3_c1.0,minimax,3,uniform,0.03282904611358983,0.032829046113592865,True,0.009168249554932117,reproduced,not_reproduced,not_reproduced
fresh_hmm_2026100901_q8_s3_c1.0,minimax,3,weighted128,0.012613020616071058,0.012613020616073351,True,0.009168249554932117,reproduced,reproduced,not_reproduced
fresh_hmm_2026100901_q8_s3_c1.0,minimax,3,minimax,-3.3306690738754696e-16,5.636893523822509e-14,True,0.009168249554932117,reproduced,reproduced,reproduced
fresh_hmm_2026101000_q8_s3_c5.0,information,3,information,0.0,0.0,True,0.00893243309110403,reproduced,reproduced,reproduced
fresh_hmm_2026101000_q8_s3_c5.0,information,3,brier,0.025910339256031145,0.025910339256031128,True,0.00893243309110403,reproduced,not_reproduced,not_reproduced
fresh_hmm_2026101000_q8_s3_c5.0,information,3,pseudo_count,0.09979311503417887,0.09979311503417919,True,0.00893243309110403,not_reproduced,not_reproduced,not_reproduced
fresh_hmm_2026101000_q8_s3_c5.0,information,3,uniform,0.07184582165843145,0.0718458216584319,True,0.00893243309110403,not_reproduced,not_reproduced,not_reproduced
fresh_hmm_2026101000_q8_s3_c5.0,information,3,weighted128,0.06843028798638295,0.06843028798639114,True,0.00893243309110403,not_reproduced,not_reproduced,not_reproduced
fresh_hmm_2026101000_q8_s3_c5.0,information,3,minimax,0.0681230390488764,0.06812303904887654,True,0.00893243309110403,not_reproduced,not_reproduced,not_reproduced
fresh_hmm_2026101000_q8_s3_c5.0,brier,3,information,0.02038179623716707,0.02038179623716703,True,0.009174611419439316,reproduced,not_reproduced,not_reproduced
fresh_hmm_2026101000_q8_s3_c5.0,brier,3,brier,0.0,0.0,True,0.009174611419439316,reproduced,reproduced,reproduced
fresh_hmm_2026101000_q8_s3_c5.0,brier,3,pseudo_count,0.07597866595161806,0.0759786659516224,True,0.009174611419439316,not_reproduced,not_reproduced,not_reproduced
fresh_hmm_2026101000_q8_s3_c5.0,brier,3,uniform,0.050786742085647374,0.05078674208564776,True,0.009174611419439316,not_reproduced,not_reproduced,not_reproduced
fresh_hmm_2026101000_q8_s3_c5.0,brier,3,weighted128,0.046232787322569635,0.04623278732258412,True,0.009174611419439316,reproduced,not_reproduced,not_reproduced
fresh_hmm_2026101000_q8_s3_c5.0,brier,3,minimax,0.0460869725329327,0.04608697253293288,True,0.009174611419439316,reproduced,not_reproduced,not_reproduced
fresh_hmm_2026101000_q8_s3_c5.0,pseudo_count,3,information,0.13232827140705616,0.13232827140705616,True,0.008891550824046135,not_reproduced,not_reproduced,not_reproduced
fresh_hmm_2026101000_q8_s3_c5.0,pseudo_count,3,brier,0.13232827140705605,0.13232827140705622,True,0.008891550824046135,not_reproduced,not_reproduced,not_reproduced
fresh_hmm_2026101000_q8_s3_c5.0,pseudo_count,3,pseudo_count,0.0,0.0,True,0.008891550824046135,reproduced,reproduced,reproduced
fresh_hmm_2026101000_q8_s3_c5.0,pseudo_count,3,uniform,0.06152993439709742,0.06152993439709787,True,0.008891550824046135,not_reproduced,not_reproduced,not_reproduced
fresh_hmm_2026101000_q8_s3_c5.0,pseudo_count,3,weighted128,0.08055570776018284,0.08055570776018384,True,0.008891550824046135,not_reproduced,not_reproduced,not_reproduced
fresh_hmm_2026101000_q8_s3_c5.0,pseudo_count,3,minimax,0.0852630572577402,0.08526305725774044,True,0.008891550824046135,not_reproduced,not_reproduced,not_reproduced
fresh_hmm_2026101000_q8_s3_c5.0,uniform,3,information,0.0711696865433109,0.07116968654331107,True,0.009259022772312164,not_reproduced,not_reproduced,not_reproduced
fresh_hmm_2026101000_q8_s3_c5.0,uniform,3,brier,0.07116968654331068,0.0711696865433113,True,0.009259022772312164,not_reproduced,not_reproduced,not_reproduced
fresh_hmm_2026101000_q8_s3_c5.0,uniform,3,pseudo_count,0.030988324109389787,0.030988324109390092,True,0.009259022772312164,reproduced,not_reproduced,not_reproduced
fresh_hmm_2026101000_q8_s3_c5.0,uniform,3,uniform,-5.50031381231979e-12,3.404828502473478e-13,True,0.009259022772312164,reproduced,reproduced,reproduced
fresh_hmm_2026101000_q8_s3_c5.0,uniform,3,weighted128,0.024986784824229002,0.024986784824237766,True,0.009259022772312164,reproduced,not_reproduced,not_reproduced
fresh_hmm_2026101000_q8_s3_c5.0,uniform,3,minimax,0.024406978413542557,0.024406978416436492,True,0.009259022772312164,reproduced,not_reproduced,not_reproduced
fresh_hmm_2026101000_q8_s3_c5.0,weighted128,3,information,0.05342455264254187,0.053424552642542186,True,0.009271223098039627,not_reproduced,not_reproduced,not_reproduced
fresh_hmm_2026101000_q8_s3_c5.0,weighted128,3,brier,0.05342455264253665,0.05342455264256367,True,0.009271223098039627,not_reproduced,not_reproduced,not_reproduced
fresh_hmm_2026101000_q8_s3_c5.0,weighted128,3,pseudo_count,0.032191226452786936,0.032191226452788914,True,0.009271223098039627,reproduced,not_reproduced,not_reproduced
fresh_hmm_2026101000_q8_s3_c5.0,weighted128,3,uniform,0.009231975148703109,0.00923197611585218,True,0.009271223098039627,reproduced,reproduced,reproduced
fresh_hmm_2026101000_q8_s3_c5.0,weighted128,3,weighted128,0.0,3.017323804005434e-14,True,0.009271223098039627,reproduced,reproduced,reproduced
fresh_hmm_2026101000_q8_s3_c5.0,weighted128,3,minimax,0.009350531097590431,0.009350531097617302,True,0.009271223098039627,reproduced,reproduced,reproduced
fresh_hmm_2026101000_q8_s3_c5.0,minimax,3,information,0.0475390755331192,0.04753907553311928,True,0.0093013234436512,reproduced,not_reproduced,not_reproduced
fresh_hmm_2026101000_q8_s3_c5.0,minimax,3,brier,0.047539075533117314,0.04753907553311924,True,0.0093013234436512,reproduced,not_reproduced,not_reproduced
fresh_hmm_2026101000_q8_s3_c5.0,minimax,3,pseudo_count,0.03410591338180213,0.03410591338181697,True,0.0093013234436512,reproduced,not_reproduced,not_reproduced
fresh_hmm_2026101000_q8_s3_c5.0,minimax,3,uniform,0.011944730543593685,0.011944730543689344,True,0.0093013234436512,reproduced,reproduced,not_reproduced
fresh_hmm_2026101000_q8_s3_c5.0,minimax,3,weighted128,0.020275633990555875,0.020275633990556468,True,0.0093013234436512,reproduced,not_reproduced,not_reproduced
fresh_hmm_2026101000_q8_s3_c5.0,minimax,3,minimax,0.0,1.7477339020466331e-16,True,0.0093013234436512,reproduced,reproduced,reproduced
fresh_hmm_2026101001_q8_s3_c5.0,information,3,information,0.0,0.0,True,0.00913935899734497,reproduced,reproduced,reproduced
fresh_hmm_2026101001_q8_s3_c5.0,information,3,brier,0.0,0.0,True,0.00913935899734497,reproduced,reproduced,reproduced
fresh_hmm_2026101001_q8_s3_c5.0,information,3,pseudo_count,0.09020394157933054,0.09020394157933695,True,0.00913935899734497,not_reproduced,not_reproduced,not_reproduced
fresh_hmm_2026101001_q8_s3_c5.0,information,3,uniform,0.06372418987943873,0.0637241898794404,True,0.00913935899734497,not_reproduced,not_reproduced,not_reproduced
fresh_hmm_2026101001_q8_s3_c5.0,information,3,weighted128,0.06582434837235818,0.0658243483723995,True,0.00913935899734497,not_reproduced,not_reproduced,not_reproduced
fresh_hmm_2026101001_q8_s3_c5.0,information,3,minimax,0.06036479967108588,0.060364799671129885,True,0.00913935899734497,not_reproduced,not_reproduced,not_reproduced
fresh_hmm_2026101001_q8_s3_c5.0,brier,3,information,0.0,0.0,True,0.009080396965146065,reproduced,reproduced,reproduced
fresh_hmm_2026101001_q8_s3_c5.0,brier,3,brier,0.0,0.0,True,0.009080396965146065,reproduced,reproduced,reproduced
fresh_hmm_2026101001_q8_s3_c5.0,brier,3,pseudo_count,0.09020394157933054,0.09020394157933695,True,0.009080396965146065,not_reproduced,not_reproduced,not_reproduced
fresh_hmm_2026101001_q8_s3_c5.0,brier,3,uniform,0.06372418987943873,0.0637241898794404,True,0.009080396965146065,not_reproduced,not_reproduced,not_reproduced
fresh_hmm_2026101001_q8_s3_c5.0,brier,3,weighted128,0.06582434837235818,0.0658243483723995,True,0.009080396965146065,not_reproduced,not_reproduced,not_reproduced
fresh_hmm_2026101001_q8_s3_c5.0,brier,3,minimax,0.06036479967108588,0.060364799671129885,True,0.009080396965146065,not_reproduced,not_reproduced,not_reproduced
fresh_hmm_2026101001_q8_s3_c5.0,pseudo_count,3,information,0.07705849177173374,0.07705849177173385,True,0.009112328290939331,not_reproduced,not_reproduced,not_reproduced
fresh_hmm_2026101001_q8_s3_c5.0,pseudo_count,3,brier,0.07705849177173374,0.07705849177173385,True,0.009112328290939331,not_reproduced,not_reproduced,not_reproduced
fresh_hmm_2026101001_q8_s3_c5.0,pseudo_count,3,pseudo_count,0.0,7.28583859910259e-15,True,0.009112328290939331,reproduced,reproduced,reproduced
fresh_hmm_2026101001_q8_s3_c5.0,pseudo_count,3,uniform,0.026098666278199345,0.02609866627820657,True,0.009112328290939331,reproduced,not_reproduced,not_reproduced
fresh_hmm_2026101001_q8_s3_c5.0,pseudo_count,3,weighted128,0.03271477621334218,0.03271477621334529,True,0.009112328290939331,reproduced,not_reproduced,not_reproduced
fresh_hmm_2026101001_q8_s3_c5.0,pseudo_count,3,minimax,0.03969680985981816,0.039696809859819035,True,0.009112328290939331,reproduced,not_reproduced,not_reproduced
fresh_hmm_2026101001_q8_s3_c5.0,uniform,3,information,0.0586447059333256,0.058644705933326595,True,0.009192201308906078,not_reproduced,not_reproduced,not_reproduced
fresh_hmm_2026101001_q8_s3_c5.0,uniform,3,brier,0.0586447059333256,0.058644705933326595,True,0.009192201308906078,not_reproduced,not_reproduced,not_reproduced
fresh_hmm_2026101001_q8_s3_c5.0,uniform,3,pseudo_count,0.02972835518405481,0.02972835518405649,True,0.009192201308906078,reproduced,not_reproduced,not_reproduced
fresh_hmm_2026101001_q8_s3_c5.0,uniform,3,uniform,0.0,1.0203036332478987e-13,True,0.009192201308906078,reproduced,reproduced,reproduced
fresh_hmm_2026101001_q8_s3_c5.0,uniform,3,weighted128,0.013677141168169649,0.013677141169264577,True,0.009192201308906078,reproduced,reproduced,not_reproduced
fresh_hmm_2026101001_q8_s3_c5.0,uniform,3,minimax,0.017721247325409473,0.017721247325419166,True,0.009192201308906078,reproduced,reproduced,not_reproduced
fresh_hmm_2026101001_q8_s3_c5.0,weighted128,3,information,0.047354484213392944,0.04735448421339334,True,0.008959714323282242,reproduced,not_reproduced,not_reproduced
fresh_hmm_2026101001_q8_s3_c5.0,weighted128,3,brier,0.047354484213392944,0.04735448421339334,True,0.008959714323282242,reproduced,not_reproduced,not_reproduced
fresh_hmm_2026101001_q8_s3_c5.0,weighted128,3,pseudo_count,0.02862261249991671,0.028622612499916905,True,0.008959714323282242,reproduced,not_reproduced,not_reproduced
fresh_hmm_2026101001_q8_s3_c5.0,weighted128,3,uniform,0.007259168370289615,0.007259168370316718,True,0.008959714323282242,reproduced,reproduced,reproduced
fresh_hmm_2026101001_q8_s3_c5.0,weighted128,3,weighted128,0.0,4.4774297117133877e-14,True,0.008959714323282242,reproduced,reproduced,reproduced
fresh_hmm_2026101001_q8_s3_c5.0,weighted128,3,minimax,0.009808773381885016,0.009808773381896344,True,0.008959714323282242,reproduced,reproduced,reproduced
fresh_hmm_2026101001_q8_s3_c5.0,minimax,3,information,0.04173026363494203,0.04173026363494378,True,0.008996644988656044,reproduced,not_reproduced,not_reproduced
fresh_hmm_2026101001_q8_s3_c5.0,minimax,3,brier,0.04173026363494203,0.04173026363494378,True,0.008996644988656044,reproduced,not_reproduced,not_reproduced
fresh_hmm_2026101001_q8_s3_c5.0,minimax,3,pseudo_count,0.03670059590127295,0.03670059590127331,True,0.008996644988656044,reproduced,not_reproduced,not_reproduced
fresh_hmm_2026101001_q8_s3_c5.0,minimax,3,uniform,0.010938025299281118,0.01093802529928763,True,0.008996644988656044,reproduced,reproduced,not_reproduced
fresh_hmm_2026101001_q8_s3_c5.0,minimax,3,weighted128,0.01032833301650693,0.010328333016825633,True,0.008996644988656044,reproduced,reproduced,not_reproduced
fresh_hmm_2026101001_q8_s3_c5.0,minimax,3,minimax,-4.139466276306083e-12,1.3827654299358727e-13,True,0.008996644988656044,reproduced,reproduced,reproduced
hmm_91501_0.2,information,3,information,0.0,0.0,True,0.00631963275372982,reproduced,reproduced,reproduced
hmm_91501_0.2,information,3,brier,0.13383775376223883,0.13383775376223883,True,0.00631963275372982,not_reproduced,not_reproduced,not_reproduced
hmm_91501_0.2,information,3,pseudo_count,0.018288972210710575,0.01828897221071127,True,0.00631963275372982,reproduced,reproduced,not_reproduced
hmm_91501_0.2,information,3,uniform,0.03174521636422434,0.03174521636423995,True,0.00631963275372982,reproduced,not_reproduced,not_reproduced
hmm_91501_0.2,information,3,weighted128,0.07270132752932823,0.07270132752933,True,0.00631963275372982,not_reproduced,not_reproduced,not_reproduced
hmm_91501_0.2,information,3,minimax,0.07116208348972486,0.07116208348972605,True,0.00631963275372982,not_reproduced,not_reproduced,not_reproduced
hmm_91501_0.2,brier,3,information,0.10418850345808006,0.10418850345808045,True,0.006345653906464577,not_reproduced,not_reproduced,not_reproduced
hmm_91501_0.2,brier,3,brier,0.0,0.0,True,0.006345653906464577,reproduced,reproduced,reproduced
hmm_91501_0.2,brier,3,pseudo_count,0.10209909704840858,0.10209909704840915,True,0.006345653906464577,not_reproduced,not_reproduced,not_reproduced
hmm_91501_0.2,brier,3,uniform,0.04551704223938935,0.04551704223939012,True,0.006345653906464577,reproduced,not_reproduced,not_reproduced
hmm_91501_0.2,brier,3,weighted128,0.04986892557283529,0.04986892557283576,True,0.006345653906464577,reproduced,not_reproduced,not_reproduced
hmm_91501_0.2,brier,3,minimax,0.029659472101477458,0.029659472101478124,True,0.006345653906464577,reproduced,not_reproduced,not_reproduced
hmm_91501_0.2,pseudo_count,3,information,0.24244656179281987,0.24244656179282034,True,0.006283652037382126,not_reproduced,not_reproduced,not_reproduced
hmm_91501_0.2,pseudo_count,3,brier,0.25306798435166467,0.2530679843516651,True,0.006283652037382126,not_reproduced,not_reproduced,not_reproduced
hmm_91501_0.2,pseudo_count,3,pseudo_count,0.0,0.0,True,0.006283652037382126,reproduced,reproduced,reproduced
hmm_91501_0.2,pseudo_count,3,uniform,0.11685219784673795,0.11685219784674132,True,0.006283652037382126,not_reproduced,not_reproduced,not_reproduced
hmm_91501_0.2,pseudo_count,3,weighted128,0.23034519656835872,0.23034519656835903,True,0.006283652037382126,not_reproduced,not_reproduced,not_reproduced
hmm_91501_0.2,pseudo_count,3,minimax,0.2339091378644217,0.23390913786442358,True,0.006283652037382126,not_reproduced,not_reproduced,not_reproduced
hmm_91501_0.2,uniform,3,information,0.14110209314691846,0.1411020931469188,True,0.015040799044072628,not_reproduced,not_reproduced,not_reproduced
hmm_91501_0.2,uniform,3,brier,0.15903001357041158,0.15903001357041185,True,0.015040799044072628,not_reproduced,not_reproduced,not_reproduced
hmm_91501_0.2,uniform,3,pseudo_count,0.08640746765356166,0.08640746765356168,True,0.015040799044072628,not_reproduced,not_reproduced,not_reproduced
hmm_91501_0.2,uniform,3,uniform,0.0,4.3021142204224816e-16,True,0.015040799044072628,reproduced,reproduced,reproduced
hmm_91501_0.2,uniform,3,weighted128,0.1315700212905384,0.13157002129053924,True,0.015040799044072628,not_reproduced,not_reproduced,not_reproduced
hmm_91501_0.2,uniform,3,minimax,0.12438595119087259,0.12438595119087305,True,0.015040799044072628,not_reproduced,not_reproduced,not_reproduced
hmm_91501_0.2,weighted128,3,information,0.054401894187168454,0.05440189418716922,True,0.06109103560447693,not_reproduced,not_reproduced,not_reproduced
hmm_91501_0.2,weighted128,3,brier,0.061216802788155666,0.061216802788155535,True,0.06109103560447693,not_reproduced,not_reproduced,not_reproduced
hmm_91501_0.2,weighted128,3,pseudo_count,0.05345244363584312,0.05345244363584366,True,0.06109103560447693,not_reproduced,not_reproduced,not_reproduced
hmm_91501_0.2,weighted128,3,uniform,0.014737075644367437,0.014737075644393997,True,0.06109103560447693,reproduced,reproduced,not_reproduced
hmm_91501_0.2,weighted128,3,weighted128,0.0,5.731386095971305e-14,True,0.06109103560447693,reproduced,reproduced,reproduced
hmm_91501_0.2,weighted128,3,minimax,0.018645535374530287,0.01864553537454327,True,0.06109103560447693,reproduced,reproduced,not_reproduced
hmm_91501_0.2,minimax,3,information,0.08253131206440689,0.08253131206440734,True,0.006539700552821159,not_reproduced,not_reproduced,not_reproduced
hmm_91501_0.2,minimax,3,brier,0.0655062385199352,0.06550623851993788,True,0.006539700552821159,not_reproduced,not_reproduced,not_reproduced
hmm_91501_0.2,minimax,3,pseudo_count,0.08135253978249413,0.08135253978249427,True,0.006539700552821159,not_reproduced,not_reproduced,not_reproduced
hmm_91501_0.2,minimax,3,uniform,0.02890662835663238,0.028906628356632824,True,0.006539700552821159,reproduced,not_reproduced,not_reproduced
hmm_91501_0.2,minimax,3,weighted128,0.03668082916990256,0.036680829169917696,True,0.006539700552821159,reproduced,not_reproduced,not_reproduced
hmm_91501_0.2,minimax,3,minimax,0.0,0.0,True,0.006539700552821159,reproduced,reproduced,reproduced
hmm_91502_1.0,information,3,information,0.0,0.0,True,0.006293172016739845,reproduced,reproduced,reproduced
hmm_91502_1.0,information,3,brier,0.035067372212955195,0.035067372212987044,True,0.006293172016739845,reproduced,not_reproduced,not_reproduced
hmm_91502_1.0,information,3,pseudo_count,0.07889868296086211,0.07889868296086468,True,0.006293172016739845,not_reproduced,not_reproduced,not_reproduced
hmm_91502_1.0,information,3,uniform,0.05126329035352317,0.0512632903535247,True,0.006293172016739845,not_reproduced,not_reproduced,not_reproduced
hmm_91502_1.0,information,3,weighted128,0.0530534016506069,0.053053401650607825,True,0.006293172016739845,not_reproduced,not_reproduced,not_reproduced
hmm_91502_1.0,information,3,minimax,0.04851295574848691,0.048512955748523864,True,0.006293172016739845,reproduced,not_reproduced,not_reproduced
hmm_91502_1.0,brier,3,information,0.03291221861624272,0.032912218616242814,True,0.006302942521870136,reproduced,not_reproduced,not_reproduced
hmm_91502_1.0,brier,3,brier,0.0,1.5314138845923253e-14,True,0.006302942521870136,reproduced,reproduced,reproduced
hmm_91502_1.0,brier,3,pseudo_count,0.08849449668328713,0.08849449668328746,True,0.006302942521870136,not_reproduced,not_reproduced,not_reproduced
hmm_91502_1.0,brier,3,uniform,0.0697675401379857,0.06976754013799683,True,0.006302942521870136,not_reproduced,not_reproduced,not_reproduced
hmm_91502_1.0,brier,3,weighted128,0.07617521471591704,0.07617521471591958,True,0.006302942521870136,not_reproduced,not_reproduced,not_reproduced
hmm_91502_1.0,brier,3,minimax,0.07523030005941311,0.07523030005941396,True,0.006302942521870136,not_reproduced,not_reproduced,not_reproduced
hmm_91502_1.0,pseudo_count,3,information,0.09838604921171668,0.09838604921171668,True,0.006148568354547024,not_reproduced,not_reproduced,not_reproduced
hmm_91502_1.0,pseudo_count,3,brier,0.09838604921171634,0.09838604921171727,True,0.006148568354547024,not_reproduced,not_reproduced,not_reproduced
hmm_91502_1.0,pseudo_count,3,pseudo_count,0.0,5.016820292524926e-15,True,0.006148568354547024,reproduced,reproduced,reproduced
hmm_91502_1.0,pseudo_count,3,uniform,0.038511106424859776,0.03851110642486094,True,0.006148568354547024,reproduced,not_reproduced,not_reproduced
hmm_91502_1.0,pseudo_count,3,weighted128,0.05194212613741611,0.051942126137416444,True,0.006148568354547024,not_reproduced,not_reproduced,not_reproduced
hmm_91502_1.0,pseudo_count,3,minimax,0.0583816888767168,0.058381688876716985,True,0.006148568354547024,not_reproduced,not_reproduced,not_reproduced
hmm_91502_1.0,uniform,3,information,0.07986095362850865,0.07986095362850876,True,0.006291622295975685,not_reproduced,not_reproduced,not_reproduced
hmm_91502_1.0,uniform,3,brier,0.07986095362836931,0.07986095362851756,True,0.006291622295975685,not_reproduced,not_reproduced,not_reproduced
hmm_91502_1.0,uniform,3,pseudo_count,0.030341519981295417,0.030341519981295757,True,0.006291622295975685,reproduced,not_reproduced,not_reproduced
hmm_91502_1.0,uniform,3,uniform,-8.626128406482921e-12,3.5821519361878273e-13,True,0.006291622295975685,reproduced,reproduced,reproduced
hmm_91502_1.0,uniform,3,weighted128,0.0244463280285645,0.024446328028687278,True,0.006291622295975685,reproduced,not_reproduced,not_reproduced
hmm_91502_1.0,uniform,3,minimax,0.034410761708543736,0.034410761708554324,True,0.006291622295975685,reproduced,not_reproduced,not_reproduced
hmm_91502_1.0,weighted128,3,information,0.059521714359418776,0.059521714359418894,True,0.006197708658874035,not_reproduced,not_reproduced,not_reproduced
hmm_91502_1.0,weighted128,3,brier,0.05952171435934406,0.059521714359423876,True,0.006197708658874035,not_reproduced,not_reproduced,not_reproduced
hmm_91502_1.0,weighted128,3,pseudo_count,0.03175786779608292,0.03175786779608508,True,0.006197708658874035,reproduced,not_reproduced,not_reproduced
hmm_91502_1.0,weighted128,3,uniform,0.0090115908129218,0.009011590812923733,True,0.006197708658874035,reproduced,reproduced,reproduced
hmm_91502_1.0,weighted128,3,weighted128,-2.3699700228730695e-11,2.1326478994235232e-13,True,0.006197708658874035,reproduced,reproduced,reproduced
hmm_91502_1.0,weighted128,3,minimax,0.01132681127887869,0.011326811278878813,True,0.006197708658874035,reproduced,reproduced,not_reproduced
hmm_91502_1.0,minimax,3,information,0.055305824986970564,0.05530582498697105,True,0.00635872408747673,not_reproduced,not_reproduced,not_reproduced
hmm_91502_1.0,minimax,3,brier,0.055305824986968344,0.055305824986972396,True,0.00635872408747673,not_reproduced,not_reproduced,not_reproduced
hmm_91502_1.0,minimax,3,pseudo_count,0.037507841238714756,0.03750784123872204,True,0.00635872408747673,reproduced,not_reproduced,not_reproduced
hmm_91502_1.0,minimax,3,uniform,0.013582692537872143,0.013582692537877828,True,0.00635872408747673,reproduced,reproduced,not_reproduced
hmm_91502_1.0,minimax,3,weighted128,0.007078741551436618,0.007078741551441583,True,0.00635872408747673,reproduced,reproduced,reproduced
hmm_91502_1.0,minimax,3,minimax,0.0,1.3994393751465273e-14,True,0.00635872408747673,reproduced,reproduced,reproduced
hmm_91503_5.0,information,3,information,0.0,0.0,True,0.0062810322269797325,reproduced,reproduced,reproduced
hmm_91503_5.0,information,3,brier,0.0,0.0,True,0.0062810322269797325,reproduced,reproduced,reproduced
hmm_91503_5.0,information,3,pseudo_count,0.10011078764287873,0.1001107876428788,True,0.0062810322269797325,not_reproduced,not_reproduced,not_reproduced
hmm_91503_5.0,information,3,uniform,0.06860441545584128,0.06860441545585771,True,0.0062810322269797325,not_reproduced,not_reproduced,not_reproduced
hmm_91503_5.0,information,3,weighted128,0.06443550787857488,0.06443550787857565,True,0.0062810322269797325,not_reproduced,not_reproduced,not_reproduced
hmm_91503_5.0,information,3,minimax,0.0659251934099967,0.06592519341002312,True,0.0062810322269797325,not_reproduced,not_reproduced,not_reproduced
hmm_91503_5.0,brier,3,information,0.0,0.0,True,0.006412886083126068,reproduced,reproduced,reproduced
hmm_91503_5.0,brier,3,brier,0.0,0.0,True,0.006412886083126068,reproduced,reproduced,reproduced
hmm_91503_5.0,brier,3,pseudo_count,0.10011078764287873,0.1001107876428788,True,0.006412886083126068,not_reproduced,not_reproduced,not_reproduced
hmm_91503_5.0,brier,3,uniform,0.06860441545584128,0.06860441545585771,True,0.006412886083126068,not_reproduced,not_reproduced,not_reproduced
hmm_91503_5.0,brier,3,weighted128,0.06443550787857488,0.06443550787857565,True,0.006412886083126068,not_reproduced,not_reproduced,not_reproduced
hmm_91503_5.0,brier,3,minimax,0.0659251934099967,0.06592519341002312,True,0.006412886083126068,not_reproduced,not_reproduced,not_reproduced
hmm_91503_5.0,pseudo_count,3,information,0.10871401916707246,0.10871401916707292,True,0.006159539334475994,not_reproduced,not_reproduced,not_reproduced
hmm_91503_5.0,pseudo_count,3,brier,0.10871401916707246,0.10871401916707292,True,0.006159539334475994,not_reproduced,not_reproduced,not_reproduced
hmm_91503_5.0,pseudo_count,3,pseudo_count,0.0,0.0,True,0.006159539334475994,reproduced,reproduced,reproduced
hmm_91503_5.0,pseudo_count,3,uniform,0.04102937289152342,0.041029372891524016,True,0.006159539334475994,reproduced,not_reproduced,not_reproduced
hmm_91503_5.0,pseudo_count,3,weighted128,0.059876432198471274,0.059876432198471885,True,0.006159539334475994,not_reproduced,not_reproduced,not_reproduced
hmm_91503_5.0,pseudo_count,3,minimax,0.06239253684154933,0.062392536841549516,True,0.006159539334475994,not_reproduced,not_reproduced,not_reproduced
hmm_91503_5.0,uniform,3,information,0.08430558351934014,0.08430558351934017,True,0.006173859350383282,not_reproduced,not_reproduced,not_reproduced
hmm_91503_5.0,uniform,3,brier,0.08430558351934014,0.08430558351934017,True,0.006173859350383282,not_reproduced,not_reproduced,not_reproduced
hmm_91503_5.0,uniform,3,pseudo_count,0.03301462769338093,0.03301462769338649,True,0.006173859350383282,reproduced,not_reproduced,not_reproduced
hmm_91503_5.0,uniform,3,uniform,0.0,5.724587470723463e-16,True,0.006173859350383282,reproduced,reproduced,reproduced
hmm_91503_5.0,uniform,3,weighted128,0.03089464744142234,0.030894647441430632,True,0.006173859350383282,reproduced,not_reproduced,not_reproduced
hmm_91503_5.0,uniform,3,minimax,0.03529198772210007,0.03529198772210433,True,0.006173859350383282,reproduced,not_reproduced,not_reproduced
hmm_91503_5.0,weighted128,3,information,0.056638824799994714,0.056638824799995005,True,0.0064384667202830315,not_reproduced,not_reproduced,not_reproduced
hmm_91503_5.0,weighted128,3,brier,0.056638824799994714,0.056638824799995005,True,0.0064384667202830315,not_reproduced,not_reproduced,not_reproduced
hmm_91503_5.0,weighted128,3,pseudo_count,0.037964029892690654,0.037964029892692666,True,0.0064384667202830315,reproduced,not_reproduced,not_reproduced
hmm_91503_5.0,weighted128,3,uniform,0.010973780301416491,0.010973780301417616,True,0.0064384667202830315,reproduced,reproduced,not_reproduced
hmm_91503_5.0,weighted128,3,weighted128,0.0,1.9526481126463935e-15,True,0.0064384667202830315,reproduced,reproduced,reproduced
hmm_91503_5.0,weighted128,3,minimax,0.009618457882727638,0.009618457882730264,True,0.0064384667202830315,reproduced,reproduced,reproduced
hmm_91503_5.0,minimax,3,information,0.05270084058808533,0.05270084058808578,True,0.006326722912490368,not_reproduced,not_reproduced,not_reproduced
hmm_91503_5.0,minimax,3,brier,0.05270084058808533,0.05270084058808578,True,0.006326722912490368,not_reproduced,not_reproduced,not_reproduced
hmm_91503_5.0,minimax,3,pseudo_count,0.0359449991752917,0.03594499917541386,True,0.006326722912490368,reproduced,not_reproduced,not_reproduced
hmm_91503_5.0,minimax,3,uniform,0.011126149710820266,0.011126149710989387,True,0.006326722912490368,reproduced,reproduced,not_reproduced
hmm_91503_5.0,minimax,3,weighted128,0.018846354487678907,0.01884635448768129,True,0.006326722912490368,reproduced,reproduced,not_reproduced
hmm_91503_5.0,minimax,3,minimax,0.0,3.0895425107146934e-15,True,0.006326722912490368,reproduced,reproduced,reproduced
irreversible_0.1_0.3,information,3,information,0.0,1.734723475976807e-18,True,0.006287052296102047,reproduced,reproduced,reproduced
irreversible_0.1_0.3,information,3,brier,0.0,1.734723475976807e-18,True,0.006287052296102047,reproduced,reproduced,reproduced
irreversible_0.1_0.3,information,3,pseudo_count,0.2839999999999997,0.28400000000000186,True,0.006287052296102047,not_reproduced,not_reproduced,not_reproduced
irreversible_0.1_0.3,information,3,uniform,0.1419999999999998,0.14200000000000002,True,0.006287052296102047,not_reproduced,not_reproduced,not_reproduced
irreversible_0.1_0.3,information,3,weighted128,0.0,2.4556287030381464e-11,True,0.006287052296102047,reproduced,reproduced,reproduced
irreversible_0.1_0.3,information,3,minimax,0.10668783068783017,0.10668783068783091,True,0.006287052296102047,not_reproduced,not_reproduced,not_reproduced
irreversible_0.1_0.3,brier,3,information,0.0,1.734723475976807e-18,True,0.006445626728236675,reproduced,reproduced,reproduced
irreversible_0.1_0.3,brier,3,brier,0.0,1.734723475976807e-18,True,0.006445626728236675,reproduced,reproduced,reproduced
irreversible_0.1_0.3,brier,3,pseudo_count,0.2839999999999997,0.28400000000000186,True,0.006445626728236675,not_reproduced,not_reproduced,not_reproduced
irreversible_0.1_0.3,brier,3,uniform,0.1419999999999998,0.14200000000000002,True,0.006445626728236675,not_reproduced,not_reproduced,not_reproduced
irreversible_0.1_0.3,brier,3,weighted128,0.0,2.4556287030381464e-11,True,0.006445626728236675,reproduced,reproduced,reproduced
irreversible_0.1_0.3,brier,3,minimax,0.10668783068783017,0.10668783068783091,True,0.006445626728236675,not_reproduced,not_reproduced,not_reproduced
irreversible_0.1_0.3,pseudo_count,3,information,0.472,0.4720000000000003,True,0.006223310716450214,not_reproduced,not_reproduced,not_reproduced
irreversible_0.1_0.3,pseudo_count,3,brier,0.472,0.4720000000000003,True,0.006223310716450214,not_reproduced,not_reproduced,not_reproduced
irreversible_0.1_0.3,pseudo_count,3,pseudo_count,0.0,1.4507839374289234e-16,True,0.006223310716450214,reproduced,reproduced,reproduced
irreversible_0.1_0.3,pseudo_count,3,uniform,0.23599999999999965,0.23600000000000051,True,0.006223310716450214,not_reproduced,not_reproduced,not_reproduced
irreversible_0.1_0.3,pseudo_count,3,weighted128,0.4719999999999981,0.4720000000000011,True,0.006223310716450214,not_reproduced,not_reproduced,not_reproduced
irreversible_0.1_0.3,pseudo_count,3,minimax,0.29468783068783055,0.2946878306878313,True,0.006223310716450214,not_reproduced,not_reproduced,not_reproduced
irreversible_0.1_0.3,uniform,3,information,0.2360000000000001,0.23600000000000013,True,0.012321075424551964,not_reproduced,not_reproduced,not_reproduced
irreversible_0.1_0.3,uniform,3,brier,0.2360000000000001,0.23600000000000013,True,0.012321075424551964,not_reproduced,not_reproduced,not_reproduced
irreversible_0.1_0.3,uniform,3,pseudo_count,0.14199999999999924,0.14200000000000013,True,0.012321075424551964,not_reproduced,not_reproduced,not_reproduced
irreversible_0.1_0.3,uniform,3,uniform,0.0,3.286813095998431e-14,True,0.012321075424551964,reproduced,reproduced,reproduced
irreversible_0.1_0.3,uniform,3,weighted128,0.235999999999998,0.23600000000000015,True,0.012321075424551964,not_reproduced,not_reproduced,not_reproduced
irreversible_0.1_0.3,uniform,3,minimax,0.05868783068704131,0.05868783068783236,True,0.012321075424551964,not_reproduced,not_reproduced,not_reproduced
irreversible_0.1_0.3,weighted128,3,information,0.0,1.3904892862126594e-17,True,0.0061465781182050705,reproduced,reproduced,reproduced
irreversible_0.1_0.3,weighted128,3,brier,0.0,1.3904892862126594e-17,True,0.0061465781182050705,reproduced,reproduced,reproduced
irreversible_0.1_0.3,weighted128,3,pseudo_count,0.28399999999994374,0.28400000000000053,True,0.0061465781182050705,not_reproduced,not_reproduced,not_reproduced
irreversible_0.1_0.3,weighted128,3,uniform,0.14199999999999968,0.1420000000000002,True,0.0061465781182050705,not_reproduced,not_reproduced,not_reproduced
irreversible_0.1_0.3,weighted128,3,weighted128,0.0,2.135464432039549e-14,True,0.0061465781182050705,reproduced,reproduced,reproduced
irreversible_0.1_0.3,weighted128,3,minimax,0.1066878306875596,0.10668783068783141,True,0.0061465781182050705,not_reproduced,not_reproduced,not_reproduced
irreversible_0.1_0.3,minimax,3,information,0.1773121693121692,0.17731216931216942,True,0.006314422935247421,not_reproduced,not_reproduced,not_reproduced
irreversible_0.1_0.3,minimax,3,brier,0.1773121693121692,0.17731216931216942,True,0.006314422935247421,not_reproduced,not_reproduced,not_reproduced
irreversible_0.1_0.3,minimax,3,pseudo_count,0.1773121693121691,0.17731216931216934,True,0.006314422935247421,not_reproduced,not_reproduced,not_reproduced
irreversible_0.1_0.3,minimax,3,uniform,0.035312169311162656,0.03531216931219559,True,0.006314422935247421,reproduced,not_reproduced,not_reproduced
irreversible_0.1_0.3,minimax,3,weighted128,0.1773121693121691,0.1773121693121696,True,0.006314422935247421,not_reproduced,not_reproduced,not_reproduced
irreversible_0.1_0.3,minimax,3,minimax,-4.1770193375807213e-13,4.785730730975934e-13,True,0.006314422935247421,reproduced,reproduced,reproduced
sensors_0.1_0.3,information,3,information,0.0,0.0,True,0.006043344736099243,reproduced,reproduced,reproduced
sensors_0.1_0.3,information,3,brier,0.0,0.0,True,0.006043344736099243,reproduced,reproduced,reproduced
sensors_0.1_0.3,information,3,pseudo_count,0.08084999999999998,0.08085000000001208,True,0.006043344736099243,not_reproduced,not_reproduced,not_reproduced
sensors_0.1_0.3,information,3,uniform,0.04269999999999996,0.04270000000000446,True,0.006043344736099243,reproduced,not_reproduced,not_reproduced
sensors_0.1_0.3,information,3,weighted128,0.0559079584775074,0.055907958477514716,True,0.006043344736099243,not_reproduced,not_reproduced,not_reproduced
sensors_0.1_0.3,information,3,minimax,0.05024361354022655,0.050243613540243655,True,0.006043344736099243,not_reproduced,not_reproduced,not_reproduced
sensors_0.1_0.3,brier,3,information,0.0,0.0,True,0.006024953909218311,reproduced,reproduced,reproduced
sensors_0.1_0.3,brier,3,brier,0.0,0.0,True,0.006024953909218311,reproduced,reproduced,reproduced
sensors_0.1_0.3,brier,3,pseudo_count,0.08084999999999998,0.08085000000001208,True,0.006024953909218311,not_reproduced,not_reproduced,not_reproduced
sensors_0.1_0.3,brier,3,uniform,0.04269999999999996,0.04270000000000446,True,0.006024953909218311,reproduced,not_reproduced,not_reproduced
sensors_0.1_0.3,brier,3,weighted128,0.0559079584775074,0.055907958477514716,True,0.006024953909218311,not_reproduced,not_reproduced,not_reproduced
sensors_0.1_0.3,brier,3,minimax,0.05024361354022655,0.050243613540243655,True,0.006024953909218311,not_reproduced,not_reproduced,not_reproduced
sensors_0.1_0.3,pseudo_count,3,information,0.09299999999999986,0.09300000000000005,True,0.006197849288582802,not_reproduced,not_reproduced,not_reproduced
sensors_0.1_0.3,pseudo_count,3,brier,0.09299999999999986,0.09300000000000005,True,0.006197849288582802,not_reproduced,not_reproduced,not_reproduced
sensors_0.1_0.3,pseudo_count,3,pseudo_count,0.0,5.628050109285354e-14,True,0.006197849288582802,reproduced,reproduced,reproduced
sensors_0.1_0.3,pseudo_count,3,uniform,0.030349999999996213,0.03035000000002161,True,0.006197849288582802,reproduced,not_reproduced,not_reproduced
sensors_0.1_0.3,pseudo_count,3,weighted128,0.01657889273356372,0.016578892733567895,True,0.006197849288582802,reproduced,reproduced,not_reproduced
sensors_0.1_0.3,pseudo_count,3,minimax,0.021191885766402296,0.02119188576642128,True,0.006197849288582802,reproduced,not_reproduced,not_reproduced
sensors_0.1_0.3,uniform,3,information,0.1130000000000001,0.11300000000000007,True,0.006376565434038639,not_reproduced,not_reproduced,not_reproduced
sensors_0.1_0.3,uniform,3,brier,0.1130000000000001,0.11300000000000007,True,0.006376565434038639,not_reproduced,not_reproduced,not_reproduced
sensors_0.1_0.3,uniform,3,pseudo_count,0.046789762968051485,0.046789762968052415,True,0.006376565434038639,reproduced,not_reproduced,not_reproduced
sensors_0.1_0.3,uniform,3,uniform,0.0,9.229635285212812e-13,True,0.006376565434038639,reproduced,reproduced,reproduced
sensors_0.1_0.3,uniform,3,weighted128,0.045926609376776395,0.04592660937678497,True,0.006376565434038639,reproduced,not_reproduced,not_reproduced
sensors_0.1_0.3,uniform,3,minimax,0.04652787260614055,0.04652787260614294,True,0.006376565434038639,reproduced,not_reproduced,not_reproduced
sensors_0.1_0.3,weighted128,3,information,0.08392110726643609,0.08392110726643628,True,0.006128227338194847,not_reproduced,not_reproduced,not_reproduced
sensors_0.1_0.3,weighted128,3,brier,0.08392110726643609,0.08392110726643628,True,0.006128227338194847,not_reproduced,not_reproduced,not_reproduced
sensors_0.1_0.3,weighted128,3,pseudo_count,0.025025840023650048,0.02502584002370201,True,0.006128227338194847,reproduced,not_reproduced,not_reproduced
sensors_0.1_0.3,weighted128,3,uniform,0.014992035556378847,0.014992035556623871,True,0.006128227338194847,reproduced,reproduced,not_reproduced
sensors_0.1_0.3,weighted128,3,weighted128,0.0,2.7478751695939052e-14,True,0.006128227338194847,reproduced,reproduced,reproduced
sensors_0.1_0.3,weighted128,3,minimax,0.005017085708599822,0.00501708570860065,True,0.006128227338194847,reproduced,reproduced,reproduced
sensors_0.1_0.3,minimax,3,information,0.07999999999999963,0.0799999999999998,True,0.006216510199010372,not_reproduced,not_reproduced,not_reproduced
sensors_0.1_0.3,minimax,3,brier,0.07999999999999963,0.0799999999999998,True,0.006216510199010372,not_reproduced,not_reproduced,not_reproduced
sensors_0.1_0.3,minimax,3,pseudo_count,0.030866520401514608,0.030866520401632278,True,0.006216510199010372,reproduced,not_reproduced,not_reproduced
sensors_0.1_0.3,minimax,3,uniform,0.01036182527323315,0.010361825273244949,True,0.006216510199010372,reproduced,reproduced,not_reproduced
sensors_0.1_0.3,minimax,3,weighted128,0.005924478878768458,0.005924478879141749,True,0.006216510199010372,reproduced,reproduced,reproduced
sensors_0.1_0.3,minimax,3,minimax,0.0,4.499303490543283e-15,True,0.006216510199010372,reproduced,reproduced,reproduced
sensors_0.25_0.25,information,3,information,0.0,5.204170427930421e-18,True,0.0065107885748147964,reproduced,reproduced,reproduced
sensors_0.25_0.25,information,3,brier,0.03808593749999989,0.03808593750000007,True,0.0065107885748147964,reproduced,not_reproduced,not_reproduced
sensors_0.25_0.25,information,3,pseudo_count,0.03808593749999989,0.03808593750000007,True,0.0065107885748147964,reproduced,not_reproduced,not_reproduced
sensors_0.25_0.25,information,3,uniform,0.038085937499924394,0.038085937500001846,True,0.0065107885748147964,reproduced,not_reproduced,not_reproduced
sensors_0.25_0.25,information,3,weighted128,0.038085937499999334,0.03808593750000272,True,0.0065107885748147964,reproduced,not_reproduced,not_reproduced
sensors_0.25_0.25,information,3,minimax,0.038300559331849726,0.0383005593318505,True,0.0065107885748147964,reproduced,not_reproduced,not_reproduced
sensors_0.25_0.25,brier,3,information,0.04687499999999978,0.04687500000000018,True,0.006042243912816048,reproduced,not_reproduced,not_reproduced
sensors_0.25_0.25,brier,3,brier,-1.25702751511105e-13,2.5126493767568814e-14,True,0.006042243912816048,reproduced,reproduced,reproduced
sensors_0.25_0.25,brier,3,pseudo_count,-1.25702751511105e-13,2.5126493767568814e-14,True,0.006042243912816048,reproduced,reproduced,reproduced
sensors_0.25_0.25,brier,3,uniform,0.007031249999997935,0.007031250000010763,True,0.006042243912816048,reproduced,reproduced,reproduced
sensors_0.25_0.25,brier,3,weighted128,0.0,3.2396394594735867e-14,True,0.006042243912816048,reproduced,reproduced,reproduced
sensors_0.25_0.25,brier,3,minimax,0.00021462183182174854,0.00021462183188672565,True,0.006042243912816048,reproduced,reproduced,reproduced
sensors_0.25_0.25,pseudo_count,3,information,0.04687499999999978,0.04687500000000018,True,0.0061765676364302635,reproduced,not_reproduced,not_reproduced
sensors_0.25_0.25,pseudo_count,3,brier,-1.25702751511105e-13,2.5126493767568814e-14,True,0.0061765676364302635,reproduced,reproduced,reproduced
sensors_0.25_0.25,pseudo_count,3,pseudo_count,-1.25702751511105e-13,2.5126493767568814e-14,True,0.0061765676364302635,reproduced,reproduced,reproduced
sensors_0.25_0.25,pseudo_count,3,uniform,0.007031249999997935,0.007031250000010763,True,0.0061765676364302635,reproduced,reproduced,reproduced
sensors_0.25_0.25,pseudo_count,3,weighted128,0.0,3.2396394594735867e-14,True,0.0061765676364302635,reproduced,reproduced,reproduced
sensors_0.25_0.25,pseudo_count,3,minimax,0.00021462183182174854,0.00021462183188672565,True,0.0061765676364302635,reproduced,reproduced,reproduced
sensors_0.25_0.25,uniform,3,information,0.046874999999999334,0.046875000000000035,True,0.006047165021300316,reproduced,not_reproduced,not_reproduced
sensors_0.25_0.25,uniform,3,brier,0.035156249999999,0.035156250000004434,True,0.006047165021300316,reproduced,not_reproduced,not_reproduced
sensors_0.25_0.25,uniform,3,pseudo_count,0.03515624999999889,0.035156250000004434,True,0.006047165021300316,reproduced,not_reproduced,not_reproduced
sensors_0.25_0.25,uniform,3,uniform,0.0,0.0,True,0.006047165021300316,reproduced,reproduced,reproduced
sensors_0.25_0.25,uniform,3,weighted128,0.03515624999999989,0.03515625000000012,True,0.006047165021300316,reproduced,not_reproduced,not_reproduced
sensors_0.25_0.25,uniform,3,minimax,0.035156249999998446,0.035156250000000944,True,0.006047165021300316,reproduced,not_reproduced,not_reproduced
sensors_0.25_0.25,weighted128,3,information,0.04687499999999989,0.04687500000000118,True,0.006222309544682503,reproduced,not_reproduced,not_reproduced
sensors_0.25_0.25,weighted128,3,brier,0.0,4.403064284702607e-14,True,0.006222309544682503,reproduced,reproduced,reproduced
sensors_0.25_0.25,weighted128,3,pseudo_count,0.0,4.403064284702607e-14,True,0.006222309544682503,reproduced,reproduced,reproduced
sensors_0.25_0.25,weighted128,3,uniform,0.007031249999783329,0.007031250000001559,True,0.006222309544682503,reproduced,reproduced,reproduced
sensors_0.25_0.25,weighted128,3,weighted128,0.0,7.115835698456863e-15,True,0.006222309544682503,reproduced,reproduced,reproduced
sensors_0.25_0.25,weighted128,3,minimax,0.0002146218318499482,0.0002146218318506395,True,0.006222309544682503,reproduced,reproduced,reproduced
sensors_0.25_0.25,minimax,3,information,0.04707116913962006,0.04707116913962056,True,0.006234290078282356,reproduced,not_reproduced,not_reproduced
sensors_0.25_0.25,minimax,3,brier,0.0002039970818561443,0.00020399708185656952,True,0.006234290078282356,reproduced,reproduced,reproduced
sensors_0.25_0.25,minimax,3,pseudo_count,0.0002039970818561443,0.00020399708185656952,True,0.006234290078282356,reproduced,reproduced,reproduced
sensors_0.25_0.25,minimax,3,uniform,0.007031249999679079,0.007031250000014208,True,0.006234290078282356,reproduced,reproduced,reproduced
sensors_0.25_0.25,minimax,3,weighted128,0.0002039970818557002,0.00020399708185750215,True,0.006234290078282356,reproduced,reproduced,reproduced
sensors_0.25_0.25,minimax,3,minimax,-4.435241015963657e-13,9.448821933211171e-15,True,0.006234290078282356,reproduced,reproduced,reproduced
sensors_0.1_0.1,information,4,information,0.006479999999999042,0.006480000000000623,True,0.03181688208132982,reproduced,reproduced,reproduced
sensors_0.1_0.1,information,4,brier,0.006479999999999042,0.006480000000000623,True,0.03181688208132982,reproduced,reproduced,reproduced
sensors_0.1_0.1,information,4,pseudo_count,0.0064799999991501656,0.006480000000539074,True,0.03181688208132982,reproduced,reproduced,reproduced
sensors_0.1_0.1,information,4,uniform,0.001975609754904961,0.0019756097561152218,True,0.03181688208132982,reproduced,reproduced,reproduced
sensors_0.1_0.1,information,4,weighted128,0.0,8.54613688844319e-14,True,0.03181688208132982,reproduced,reproduced,reproduced
sensors_0.1_0.1,information,4,minimax,1.726045658911879e-05,1.7260462878262298e-05,True,0.03181688208132982,reproduced,reproduced,reproduced
sensors_0.1_0.1,brier,4,information,0.007289999999972485,0.007290000000001052,True,0.031889064237475395,reproduced,reproduced,reproduced
sensors_0.1_0.1,brier,4,brier,0.007289999999972485,0.007290000000001052,True,0.031889064237475395,reproduced,reproduced,reproduced
sensors_0.1_0.1,brier,4,pseudo_count,0.007289999999429142,0.007290000000355842,True,0.031889064237475395,reproduced,reproduced,reproduced
sensors_0.1_0.1,brier,4,uniform,0.0019756097559879837,0.001975609756112666,True,0.031889064237475395,reproduced,reproduced,reproduced
sensors_0.1_0.1,brier,4,weighted128,0.0008901098900182536,0.0008901098901112829,True,0.031889064237475395,reproduced,reproduced,reproduced
sensors_0.1_0.1,brier,4,minimax,0.0008925130246583146,0.0008925130247674395,True,0.031889064237475395,reproduced,reproduced,reproduced
sensors_0.1_0.1,pseudo_count,4,information,0.006479999999999153,0.006480000000000339,True,0.030453099869191647,reproduced,reproduced,reproduced
sensors_0.1_0.1,pseudo_count,4,brier,0.006479999999999153,0.006480000000000339,True,0.030453099869191647,reproduced,reproduced,reproduced
sensors_0.1_0.1,pseudo_count,4,pseudo_count,0.0064799999994634705,0.0064800000001469585,True,0.030453099869191647,reproduced,reproduced,reproduced
sensors_0.1_0.1,pseudo_count,4,uniform,0.001975609747706164,0.0019756097561329875,True,0.030453099869191647,reproduced,reproduced,reproduced
sensors_0.1_0.1,pseudo_count,4,weighted128,0.0,1.3841066625621366e-12,True,0.030453099869191647,reproduced,reproduced,reproduced
sensors_0.1_0.1,pseudo_count,4,minimax,1.7260457394030482e-05,1.7260457722638553e-05,True,0.030453099869191647,reproduced,reproduced,reproduced
sensors_0.1_0.1,uniform,4,information,0.0218744505494477,0.02187445054945064,True,0.020561598241329193,reproduced,not_reproduced,not_reproduced
sensors_0.1_0.1,uniform,4,brier,0.0218744505494477,0.02187445054945064,True,0.020561598241329193,reproduced,not_reproduced,not_reproduced
sensors_0.1_0.1,uniform,4,pseudo_count,0.021874450549450586,0.02187445054945068,True,0.020561598241329193,reproduced,not_reproduced,not_reproduced
sensors_0.1_0.1,uniform,4,uniform,-8.967862896441416e-11,5.468737442060334e-14,True,0.020561598241329193,reproduced,reproduced,reproduced
sensors_0.1_0.1,uniform,4,weighted128,0.011642669917707238,0.011642669917708095,True,0.020561598241329193,reproduced,reproduced,not_reproduced
sensors_0.1_0.1,uniform,4,minimax,0.011642669916413384,0.011642669917720148,True,0.020561598241329193,reproduced,reproduced,not_reproduced
sensors_0.1_0.1,weighted128,4,information,0.005491525423731325,0.005491525423733806,True,2.5945432409644127,reproduced,reproduced,reproduced
sensors_0.1_0.1,weighted128,4,brier,0.005491525423731325,0.005491525423733806,True,2.5945432409644127,reproduced,reproduced,reproduced
sensors_0.1_0.1,weighted128,4,pseudo_count,0.005491525423731103,0.005491525423732103,True,2.5945432409644127,reproduced,reproduced,reproduced
sensors_0.1_0.1,weighted128,4,uniform,0.0019756097560716945,0.0019756097561247103,True,2.5945432409644127,reproduced,reproduced,reproduced
sensors_0.1_0.1,weighted128,4,weighted128,0.0,3.5904303618758404e-15,True,2.5945432409644127,reproduced,reproduced,reproduced
sensors_0.1_0.1,weighted128,4,minimax,-9.567444366115603e-13,9.545275268980913e-14,True,2.5945432409644127,reproduced,reproduced,reproduced
sensors_0.1_0.1,minimax,4,information,0.036000000000007804,0.036000000000017976,True,1.8291116431355476,reproduced,not_reproduced,not_reproduced
sensors_0.1_0.1,minimax,4,brier,0.036000000000007804,0.036000000000017976,True,1.8291116431355476,reproduced,not_reproduced,not_reproduced
sensors_0.1_0.1,minimax,4,pseudo_count,0.036000000000007804,0.036000000000017615,True,1.8291116431355476,reproduced,not_reproduced,not_reproduced
sensors_0.1_0.1,minimax,4,uniform,0.0008358348903392265,0.000835834900501267,True,1.8291116431355476,reproduced,reproduced,reproduced
sensors_0.1_0.1,minimax,4,weighted128,0.0,1.3937942935763649e-12,True,1.8291116431355476,reproduced,reproduced,reproduced
sensors_0.1_0.1,minimax,4,minimax,1.7260457257806117e-05,1.7260459158915148e-05,True,1.8291116431355476,reproduced,reproduced,reproduced
delayed_0.1_0.1,information,4,information,0.07199999999999995,0.07200000000000006,True,0.033045120537281036,not_reproduced,not_reproduced,not_reproduced
delayed_0.1_0.1,information,4,brier,0.07199999999999995,0.07200000000000006,True,0.033045120537281036,not_reproduced,not_reproduced,not_reproduced
delayed_0.1_0.1,information,4,pseudo_count,0.004499999999999504,0.004500000000000401,True,0.033045120537281036,reproduced,reproduced,reproduced
delayed_0.1_0.1,information,4,uniform,0.009899999999986697,0.009900000000063598,True,0.033045120537281036,reproduced,reproduced,reproduced
delayed_0.1_0.1,information,4,weighted128,0.032461148579800425,0.03246114857986253,True,0.033045120537281036,reproduced,not_reproduced,not_reproduced
delayed_0.1_0.1,information,4,minimax,0.02424813266275727,0.024248132662797416,True,0.033045120537281036,reproduced,not_reproduced,not_reproduced
delayed_0.1_0.1,brier,4,information,0.07199999999999995,0.07200000000000006,True,0.0333359781652689,not_reproduced,not_reproduced,not_reproduced
delayed_0.1_0.1,brier,4,brier,0.07199999999999995,0.07200000000000006,True,0.0333359781652689,not_reproduced,not_reproduced,not_reproduced
delayed_0.1_0.1,brier,4,pseudo_count,0.004499999999999504,0.004500000000000401,True,0.0333359781652689,reproduced,reproduced,reproduced
delayed_0.1_0.1,brier,4,uniform,0.009899999999986697,0.009900000000063598,True,0.0333359781652689,reproduced,reproduced,reproduced
delayed_0.1_0.1,brier,4,weighted128,0.032461148579800425,0.03246114857986253,True,0.0333359781652689,reproduced,not_reproduced,not_reproduced
delayed_0.1_0.1,brier,4,minimax,0.02424813266275727,0.024248132662797416,True,0.0333359781652689,reproduced,not_reproduced,not_reproduced
delayed_0.1_0.1,pseudo_count,4,information,0.04499999999999993,0.04500000000000012,True,0.031056689098477364,reproduced,not_reproduced,not_reproduced
delayed_0.1_0.1,pseudo_count,4,brier,0.04499999999999993,0.04500000000000012,True,0.031056689098477364,reproduced,not_reproduced,not_reproduced
delayed_0.1_0.1,pseudo_count,4,pseudo_count,0.0044999999999999485,0.004500000000002543,True,0.031056689098477364,reproduced,reproduced,reproduced
delayed_0.1_0.1,pseudo_count,4,uniform,0.025199999999993006,0.025200000000100746,True,0.031056689098477364,reproduced,not_reproduced,not_reproduced
delayed_0.1_0.1,pseudo_count,4,weighted128,0.009717570065080228,0.009717570065087605,True,0.031056689098477364,reproduced,reproduced,reproduced
delayed_0.1_0.1,pseudo_count,4,minimax,0.011051614932341525,0.01105161493246168,True,0.031056689098477364,reproduced,reproduced,not_reproduced
delayed_0.1_0.1,uniform,4,information,0.1955,0.19550000000000045,True,0.02107659261673689,not_reproduced,not_reproduced,not_reproduced
delayed_0.1_0.1,uniform,4,brier,0.1955,0.19550000000000045,True,0.02107659261673689,not_reproduced,not_reproduced,not_reproduced
delayed_0.1_0.1,uniform,4,pseudo_count,0.04549999999969345,0.04550000000002602,True,0.02107659261673689,reproduced,not_reproduced,not_reproduced
delayed_0.1_0.1,uniform,4,uniform,0.0,2.1345067640482496e-14,True,0.02107659261673689,reproduced,reproduced,reproduced
delayed_0.1_0.1,uniform,4,weighted128,0.15563499638402356,0.1556349963840255,True,0.02107659261673689,not_reproduced,not_reproduced,not_reproduced
delayed_0.1_0.1,uniform,4,minimax,0.1474661583273249,0.14746615832745508,True,0.02107659261673689,not_reproduced,not_reproduced,not_reproduced
delayed_0.1_0.1,weighted128,4,information,0.02809756097551852,0.02809756097551884,True,1.6105479383841157,reproduced,not_reproduced,not_reproduced
delayed_0.1_0.1,weighted128,4,brier,0.02809756097551852,0.02809756097551884,True,1.6105479383841157,reproduced,not_reproduced,not_reproduced
delayed_0.1_0.1,weighted128,4,pseudo_count,0.0,7.180996249023242e-15,True,1.6105479383841157,reproduced,reproduced,reproduced
delayed_0.1_0.1,weighted128,4,uniform,0.0009878048763944935,0.0009878048780626112,True,1.6105479383841157,reproduced,reproduced,reproduced
delayed_0.1_0.1,weighted128,4,weighted128,0.0006443494600663069,0.0006443494601138572,True,1.6105479383841157,reproduced,reproduced,reproduced
delayed_0.1_0.1,weighted128,4,minimax,0.0005570775973079423,0.0005570775974384325,True,1.6105479383841157,reproduced,reproduced,reproduced
delayed_0.1_0.1,minimax,4,information,0.036000000000009025,0.036000000000021265,True,0.8983877282589674,reproduced,not_reproduced,not_reproduced
delayed_0.1_0.1,minimax,4,brier,0.036000000000009025,0.036000000000021265,True,0.8983877282589674,reproduced,not_reproduced,not_reproduced
delayed_0.1_0.1,minimax,4,pseudo_count,0.0,3.709894262453328e-13,True,0.8983877282589674,reproduced,reproduced,reproduced
delayed_0.1_0.1,minimax,4,uniform,0.000987804877859766,0.0009878048782552243,True,0.8983877282589674,reproduced,reproduced,reproduced
delayed_0.1_0.1,minimax,4,weighted128,0.006266152029263505,0.006266152040890499,True,0.8983877282589674,reproduced,reproduced,reproduced
delayed_0.1_0.1,minimax,4,minimax,0.005946501847372665,0.005946501847833446,True,0.8983877282589674,reproduced,reproduced,reproduced
irreversible_0.1_0.1,information,4,information,0.0,9.942133921692076e-17,True,0.03345458209514618,reproduced,reproduced,reproduced
irreversible_0.1_0.1,information,4,brier,0.0,9.942133921692076e-17,True,0.03345458209514618,reproduced,reproduced,reproduced
irreversible_0.1_0.1,information,4,pseudo_count,0.0,9.942133921692076e-17,True,0.03345458209514618,reproduced,reproduced,reproduced
irreversible_0.1_0.1,information,4,uniform,0.0,9.942133921692076e-17,True,0.03345458209514618,reproduced,reproduced,reproduced
irreversible_0.1_0.1,information,4,weighted128,0.009689046598585604,0.00968904659858855,True,0.03345458209514618,reproduced,reproduced,reproduced
irreversible_0.1_0.1,information,4,minimax,0.0,6.986056698410348e-16,True,0.03345458209514618,reproduced,reproduced,reproduced
irreversible_0.1_0.1,brier,4,information,0.0,9.942133921692076e-17,True,0.03311397135257721,reproduced,reproduced,reproduced
irreversible_0.1_0.1,brier,4,brier,0.0,9.942133921692076e-17,True,0.03311397135257721,reproduced,reproduced,reproduced
irreversible_0.1_0.1,brier,4,pseudo_count,0.0,9.942133921692076e-17,True,0.03311397135257721,reproduced,reproduced,reproduced
irreversible_0.1_0.1,brier,4,uniform,0.0,9.942133921692076e-17,True,0.03311397135257721,reproduced,reproduced,reproduced
irreversible_0.1_0.1,brier,4,weighted128,0.009689046598585604,0.00968904659858855,True,0.03311397135257721,reproduced,reproduced,reproduced
irreversible_0.1_0.1,brier,4,minimax,0.0,6.986056698410348e-16,True,0.03311397135257721,reproduced,reproduced,reproduced
irreversible_0.1_0.1,pseudo_count,4,information,0.0,9.942133921692076e-17,True,0.03081707190722227,reproduced,reproduced,reproduced
irreversible_0.1_0.1,pseudo_count,4,brier,0.0,9.942133921692076e-17,True,0.03081707190722227,reproduced,reproduced,reproduced
irreversible_0.1_0.1,pseudo_count,4,pseudo_count,0.0,9.942133921692076e-17,True,0.03081707190722227,reproduced,reproduced,reproduced
irreversible_0.1_0.1,pseudo_count,4,uniform,0.0,9.942133921692076e-17,True,0.03081707190722227,reproduced,reproduced,reproduced
irreversible_0.1_0.1,pseudo_count,4,weighted128,0.009689046598585604,0.00968904659858855,True,0.03081707190722227,reproduced,reproduced,reproduced
irreversible_0.1_0.1,pseudo_count,4,minimax,0.0,6.986056698410348e-16,True,0.03081707190722227,reproduced,reproduced,reproduced
irreversible_0.1_0.1,uniform,4,information,0.0,9.942133921692076e-17,True,0.020923878997564316,reproduced,reproduced,reproduced
irreversible_0.1_0.1,uniform,4,brier,0.0,9.942133921692076e-17,True,0.020923878997564316,reproduced,reproduced,reproduced
irreversible_0.1_0.1,uniform,4,pseudo_count,0.0,9.942133921692076e-17,True,0.020923878997564316,reproduced,reproduced,reproduced
irreversible_0.1_0.1,uniform,4,uniform,0.0,9.942133921692076e-17,True,0.020923878997564316,reproduced,reproduced,reproduced
irreversible_0.1_0.1,uniform,4,weighted128,0.009689046598585604,0.00968904659858855,True,0.020923878997564316,reproduced,reproduced,reproduced
irreversible_0.1_0.1,uniform,4,minimax,0.0,6.986056698410348e-16,True,0.020923878997564316,reproduced,reproduced,reproduced
irreversible_0.1_0.1,weighted128,4,information,0.23599999999999943,0.23600000000000038,True,0.3903982928022742,not_reproduced,not_reproduced,not_reproduced
irreversible_0.1_0.1,weighted128,4,brier,0.23599999999999943,0.23600000000000038,True,0.3903982928022742,not_reproduced,not_reproduced,not_reproduced
irreversible_0.1_0.1,weighted128,4,pseudo_count,0.23599999999999943,0.23600000000000038,True,0.3903982928022742,not_reproduced,not_reproduced,not_reproduced
irreversible_0.1_0.1,weighted128,4,uniform,0.23599999999999943,0.23600000000000038,True,0.3903982928022742,not_reproduced,not_reproduced,not_reproduced
irreversible_0.1_0.1,weighted128,4,weighted128,0.24568904659858737,0.2456890465985928,True,0.3903982928022742,not_reproduced,not_reproduced,not_reproduced
irreversible_0.1_0.1,weighted128,4,minimax,0.23599999999999977,0.2360000000000002,True,0.3903982928022742,not_reproduced,not_reproduced,not_reproduced
irreversible_0.1_0.1,minimax,4,information,0.0,1.191140962990625e-13,True,0.40414013247936964,reproduced,reproduced,reproduced
irreversible_0.1_0.1,minimax,4,brier,0.0,1.191140962990625e-13,True,0.40414013247936964,reproduced,reproduced,reproduced
irreversible_0.1_0.1,minimax,4,pseudo_count,0.0,1.191140962990625e-13,True,0.40414013247936964,reproduced,reproduced,reproduced
irreversible_0.1_0.1,minimax,4,uniform,0.0,1.191140962990625e-13,True,0.40414013247936964,reproduced,reproduced,reproduced
irreversible_0.1_0.1,minimax,4,weighted128,0.009689046527590284,0.00968904659874362,True,0.40414013247936964,reproduced,reproduced,reproduced
irreversible_0.1_0.1,minimax,4,minimax,0.0,2.610356727864374e-13,True,0.40414013247936964,reproduced,reproduced,reproduced
fresh_hmm_2026096800_q4_s3_c0.2,information,4,information,0.01568163398112421,0.015681633981124318,True,0.03370283916592598,reproduced,reproduced,not_reproduced
fresh_hmm_2026096800_q4_s3_c0.2,information,4,brier,0.01568163398112421,0.015681633981124318,True,0.03370283916592598,reproduced,reproduced,not_reproduced
fresh_hmm_2026096800_q4_s3_c0.2,information,4,pseudo_count,0.002881906776248222,0.0028819067781937916,True,0.03370283916592598,reproduced,reproduced,reproduced
fresh_hmm_2026096800_q4_s3_c0.2,information,4,uniform,0.00781269336383461,0.007812693363838443,True,0.03370283916592598,reproduced,reproduced,reproduced
fresh_hmm_2026096800_q4_s3_c0.2,information,4,weighted128,0.02948843608107332,0.029488436081073873,True,0.03370283916592598,reproduced,not_reproduced,not_reproduced
fresh_hmm_2026096800_q4_s3_c0.2,information,4,minimax,0.03669350495671786,0.03669350495671894,True,0.03370283916592598,reproduced,not_reproduced,not_reproduced
fresh_hmm_2026096800_q4_s3_c0.2,brier,4,information,0.016827998234573593,0.01682799823457362,True,0.03387318458408117,reproduced,reproduced,not_reproduced
fresh_hmm_2026096800_q4_s3_c0.2,brier,4,brier,0.016827998234573593,0.01682799823457362,True,0.03387318458408117,reproduced,reproduced,not_reproduced
fresh_hmm_2026096800_q4_s3_c0.2,brier,4,pseudo_count,0.003052970731850846,0.0030529707319317885,True,0.03387318458408117,reproduced,reproduced,reproduced
fresh_hmm_2026096800_q4_s3_c0.2,brier,4,uniform,0.00882824264797688,0.008828242647981344,True,0.03387318458408117,reproduced,reproduced,reproduced
fresh_hmm_2026096800_q4_s3_c0.2,brier,4,weighted128,0.0306656309254022,0.03066563092540297,True,0.03387318458408117,reproduced,not_reproduced,not_reproduced
fresh_hmm_2026096800_q4_s3_c0.2,brier,4,minimax,0.03787069980104674,0.037870699801047854,True,0.03387318458408117,reproduced,not_reproduced,not_reproduced
fresh_hmm_2026096800_q4_s3_c0.2,pseudo_count,4,information,0.34373374783837385,0.3437337478383742,True,0.03078158013522625,not_reproduced,not_reproduced,not_reproduced
fresh_hmm_2026096800_q4_s3_c0.2,pseudo_count,4,brier,0.34373374783837385,0.3437337478383742,True,0.03078158013522625,not_reproduced,not_reproduced,not_reproduced
fresh_hmm_2026096800_q4_s3_c0.2,pseudo_count,4,pseudo_count,0.135527629656492,0.13552762965649334,True,0.03078158013522625,not_reproduced,not_reproduced,not_reproduced
fresh_hmm_2026096800_q4_s3_c0.2,pseudo_count,4,uniform,0.15905304647664575,0.15905304647670387,True,0.03078158013522625,not_reproduced,not_reproduced,not_reproduced
fresh_hmm_2026096800_q4_s3_c0.2,pseudo_count,4,weighted128,0.28456194016398295,0.28456194016401287,True,0.03078158013522625,not_reproduced,not_reproduced,not_reproduced
fresh_hmm_2026096800_q4_s3_c0.2,pseudo_count,4,minimax,0.2764855412445133,0.2764855412445502,True,0.03078158013522625,not_reproduced,not_reproduced,not_reproduced
fresh_hmm_2026096800_q4_s3_c0.2,uniform,4,information,0.20319350106057454,0.2031935010605747,True,0.02128905989229679,not_reproduced,not_reproduced,not_reproduced
fresh_hmm_2026096800_q4_s3_c0.2,uniform,4,brier,0.20319350106057454,0.2031935010605747,True,0.02128905989229679,not_reproduced,not_reproduced,not_reproduced
fresh_hmm_2026096800_q4_s3_c0.2,uniform,4,pseudo_count,0.0005866388439862424,0.000586638843988856,True,0.02128905989229679,reproduced,reproduced,reproduced
fresh_hmm_2026096800_q4_s3_c0.2,uniform,4,uniform,0.0,2.1182429479554908e-15,True,0.02128905989229679,reproduced,reproduced,reproduced
fresh_hmm_2026096800_q4_s3_c0.2,uniform,4,weighted128,0.09329467749580278,0.09329467749580292,True,0.02128905989229679,not_reproduced,not_reproduced,not_reproduced
fresh_hmm_2026096800_q4_s3_c0.2,uniform,4,minimax,0.08788439919103008,0.08788439919103042,True,0.02128905989229679,not_reproduced,not_reproduced,not_reproduced
fresh_hmm_2026096800_q4_s3_c0.2,weighted128,4,information,0.03915226882029854,0.039152268820330544,True,3.66694538295269,reproduced,not_reproduced,not_reproduced
fresh_hmm_2026096800_q4_s3_c0.2,weighted128,4,brier,0.03915226882029854,0.039152268820330544,True,3.66694538295269,reproduced,not_reproduced,not_reproduced
fresh_hmm_2026096800_q4_s3_c0.2,weighted128,4,pseudo_count,0.0010193084424579002,0.001019308442459722,True,3.66694538295269,reproduced,reproduced,reproduced
fresh_hmm_2026096800_q4_s3_c0.2,weighted128,4,uniform,0.0009059315722896866,0.0009059316081508452,True,3.66694538295269,reproduced,reproduced,reproduced
fresh_hmm_2026096800_q4_s3_c0.2,weighted128,4,weighted128,0.01862305854308044,0.018623058548812327,True,3.66694538295269,reproduced,reproduced,not_reproduced
fresh_hmm_2026096800_q4_s3_c0.2,weighted128,4,minimax,0.024026424301069715,0.024026424301455837,True,3.66694538295269,reproduced,not_reproduced,not_reproduced
fresh_hmm_2026096800_q4_s3_c0.2,minimax,4,information,0.04889105601496424,0.04889105601496426,True,6.5545875849202275,reproduced,not_reproduced,not_reproduced
fresh_hmm_2026096800_q4_s3_c0.2,minimax,4,brier,0.04889105601496424,0.04889105601496426,True,6.5545875849202275,reproduced,not_reproduced,not_reproduced
fresh_hmm_2026096800_q4_s3_c0.2,minimax,4,pseudo_count,7.696694197201204e-06,7.696694314370499e-06,True,6.5545875849202275,reproduced,reproduced,reproduced
fresh_hmm_2026096800_q4_s3_c0.2,minimax,4,uniform,0.000244587723442824,0.00024458772357424804,True,6.5545875849202275,reproduced,reproduced,reproduced
fresh_hmm_2026096800_q4_s3_c0.2,minimax,4,weighted128,0.01229956366408469,0.012299563664086348,True,6.5545875849202275,reproduced,reproduced,not_reproduced
fresh_hmm_2026096800_q4_s3_c0.2,minimax,4,minimax,0.017937904650070613,0.01793790465007098,True,6.5545875849202275,reproduced,reproduced,not_reproduced
sensors_0.1_0.1,information,5,information,8.221346625048032e-05,8.221346625234871e-05,True,0.1485741976648569,reproduced,reproduced,reproduced
sensors_0.1_0.1,information,5,brier,8.221346625048032e-05,8.221346625234871e-05,True,0.1485741976648569,reproduced,reproduced,reproduced
sensors_0.1_0.1,information,5,pseudo_count,8.221346625025827e-05,8.221346625281257e-05,True,0.1485741976648569,reproduced,reproduced,reproduced
sensors_0.1_0.1,information,5,uniform,0.000975495548009131,0.0009754955480159493,True,0.1485741976648569,reproduced,reproduced,reproduced
sensors_0.1_0.1,information,5,weighted128,0.0,5.975263889907399e-13,True,0.1485741976648569,reproduced,reproduced,reproduced
sensors_0.1_0.1,information,5,minimax,0.0,4.2677233275112414e-14,True,0.1485741976648569,reproduced,reproduced,reproduced
sensors_0.1_0.1,brier,5,information,0.0,1.713446008341779e-16,True,0.14642560202628374,reproduced,reproduced,reproduced
sensors_0.1_0.1,brier,5,brier,0.0,1.713446008341779e-16,True,0.14642560202628374,reproduced,reproduced,reproduced
sensors_0.1_0.1,brier,5,pseudo_count,0.0,2.4015213645825484e-14,True,0.14642560202628374,reproduced,reproduced,reproduced
sensors_0.1_0.1,brier,5,uniform,0.0009878048773115378,0.0009878048781182774,True,0.14642560202628374,reproduced,reproduced,reproduced
sensors_0.1_0.1,brier,5,weighted128,0.0,7.303050308590797e-16,True,0.14642560202628374,reproduced,reproduced,reproduced
sensors_0.1_0.1,brier,5,minimax,0.0,1.6897426383458147e-15,True,0.14642560202628374,reproduced,reproduced,reproduced
sensors_0.1_0.1,pseudo_count,5,information,0.0,2.7115896333862466e-16,True,0.13853841088712215,reproduced,reproduced,reproduced
sensors_0.1_0.1,pseudo_count,5,brier,0.0,2.7115896333862466e-16,True,0.13853841088712215,reproduced,reproduced,reproduced
sensors_0.1_0.1,pseudo_count,5,pseudo_count,0.0,1.846421127972564e-12,True,0.13853841088712215,reproduced,reproduced,reproduced
sensors_0.1_0.1,pseudo_count,5,uniform,0.0009754955479320815,0.0009754955480716779,True,0.13853841088712215,reproduced,reproduced,reproduced
sensors_0.1_0.1,pseudo_count,5,weighted128,0.0,3.3715476970615915e-13,True,0.13853841088712215,reproduced,reproduced,reproduced
sensors_0.1_0.1,pseudo_count,5,minimax,-9.97768647015214e-11,1.4390586975093073e-13,True,0.13853841088712215,reproduced,reproduced,reproduced
sensors_0.1_0.1,uniform,5,information,0.009854999999999614,0.009855000000000082,True,0.09028004668653011,reproduced,reproduced,reproduced
sensors_0.1_0.1,uniform,5,brier,0.009854999999999614,0.009855000000000082,True,0.09028004668653011,reproduced,reproduced,reproduced
sensors_0.1_0.1,uniform,5,pseudo_count,0.009854999999984293,0.00985500000000174,True,0.09028004668653011,reproduced,reproduced,reproduced
sensors_0.1_0.1,uniform,5,uniform,0.0,7.952758460452736e-16,True,0.09028004668653011,reproduced,reproduced,reproduced
sensors_0.1_0.1,uniform,5,weighted128,0.0,2.7184201070729053e-15,True,0.09028004668653011,reproduced,reproduced,reproduced
sensors_0.1_0.1,uniform,5,minimax,0.0,3.62542298699281e-15,True,0.09028004668653011,reproduced,reproduced,reproduced
sensors_0.1_0.1,weighted128,5,information,-1.2212453270876722e-15,5.956460678965998e-10,True,6.44557601492852,reproduced,reproduced,reproduced
sensors_0.1_0.1,weighted128,5,brier,-1.2212453270876722e-15,5.956460678965998e-10,True,6.44557601492852,reproduced,reproduced,reproduced
sensors_0.1_0.1,weighted128,5,pseudo_count,-4.3298697960381105e-15,5.940955633530493e-10,True,6.44557601492852,reproduced,reproduced,reproduced
sensors_0.1_0.1,weighted128,5,uniform,-5.165602390277968e-10,1.532542715372261e-10,True,6.44557601492852,reproduced,reproduced,reproduced
sensors_0.1_0.1,weighted128,5,weighted128,0.0,1.702387146182427e-15,True,6.44557601492852,reproduced,reproduced,reproduced
sensors_0.1_0.1,weighted128,5,minimax,0.0,2.418177420457357e-15,True,6.44557601492852,reproduced,reproduced,reproduced
sensors_0.1_0.1,minimax,5,information,0.0,1.1675908720767958e-15,True,3.1791113140061498,reproduced,reproduced,reproduced
sensors_0.1_0.1,minimax,5,brier,0.0,1.1675908720767958e-15,True,3.1791113140061498,reproduced,reproduced,reproduced
sensors_0.1_0.1,minimax,5,pseudo_count,0.0,8.423437728583005e-16,True,3.1791113140061498,reproduced,reproduced,reproduced
sensors_0.1_0.1,minimax,5,uniform,0.0,2.6117075082460195e-15,True,3.1791113140061498,reproduced,reproduced,reproduced
sensors_0.1_0.1,minimax,5,weighted128,0.0,2.435931231031807e-15,True,3.1791113140061498,reproduced,reproduced,reproduced
sensors_0.1_0.1,minimax,5,minimax,0.0,2.393593136196248e-15,True,3.1791113140061498,reproduced,reproduced,reproduced
delayed_0.1_0.1,information,5,information,0.0,1.9016906105395748e-16,True,0.1498389169573784,reproduced,reproduced,reproduced
delayed_0.1_0.1,information,5,brier,0.0,1.9016906105395748e-16,True,0.1498389169573784,reproduced,reproduced,reproduced
delayed_0.1_0.1,information,5,pseudo_count,0.0,4.644180005841658e-16,True,0.1498389169573784,reproduced,reproduced,reproduced
delayed_0.1_0.1,information,5,uniform,0.0009878048779722315,0.0009878048780696661,True,0.1498389169573784,reproduced,reproduced,reproduced
delayed_0.1_0.1,information,5,weighted128,0.00064434946006664,0.0006443494600671925,True,0.1498389169573784,reproduced,reproduced,reproduced
delayed_0.1_0.1,information,5,minimax,0.0005570775974031994,0.0005570775974051194,True,0.1498389169573784,reproduced,reproduced,reproduced
delayed_0.1_0.1,brier,5,information,0.0,3.849568233627032e-15,True,0.14997688122093678,reproduced,reproduced,reproduced
delayed_0.1_0.1,brier,5,brier,0.0,3.849568233627032e-15,True,0.14997688122093678,reproduced,reproduced,reproduced
delayed_0.1_0.1,brier,5,pseudo_count,0.0,9.2222236791617e-16,True,0.14997688122093678,reproduced,reproduced,reproduced
delayed_0.1_0.1,brier,5,uniform,0.0009878048780209703,0.0009878048780783298,True,0.14997688122093678,reproduced,reproduced,reproduced
delayed_0.1_0.1,brier,5,weighted128,0.0006443494597393462,0.0006443494648696305,True,0.14997688122093678,reproduced,reproduced,reproduced
delayed_0.1_0.1,brier,5,minimax,0.0005570775973998687,0.000557077602145009,True,0.14997688122093678,reproduced,reproduced,reproduced
delayed_0.1_0.1,pseudo_count,5,information,0.02587499999999987,0.02587500000000005,True,0.14211095124483109,reproduced,not_reproduced,not_reproduced
delayed_0.1_0.1,pseudo_count,5,brier,0.02587499999999987,0.02587500000000005,True,0.14211095124483109,reproduced,not_reproduced,not_reproduced
delayed_0.1_0.1,pseudo_count,5,pseudo_count,0.0,1.217071148723603e-15,True,0.14211095124483109,reproduced,reproduced,reproduced
delayed_0.1_0.1,pseudo_count,5,uniform,0.0041443564922936105,0.00414435649230039,True,0.14211095124483109,reproduced,reproduced,reproduced
delayed_0.1_0.1,pseudo_count,5,weighted128,0.000594959216163593,0.0005949592161644795,True,0.14211095124483109,reproduced,reproduced,reproduced
delayed_0.1_0.1,pseudo_count,5,minimax,0.0005076873535003745,0.0005076873535012201,True,0.14211095124483109,reproduced,reproduced,reproduced
delayed_0.1_0.1,uniform,5,information,0.15574999999999972,0.15575000000000033,True,0.09172518085688353,not_reproduced,not_reproduced,not_reproduced
delayed_0.1_0.1,uniform,5,brier,0.15574999999999972,0.15575000000000033,True,0.09172518085688353,not_reproduced,not_reproduced,not_reproduced
delayed_0.1_0.1,uniform,5,pseudo_count,0.005749999999999256,0.005750000000000401,True,0.09172518085688353,reproduced,reproduced,reproduced
delayed_0.1_0.1,uniform,5,uniform,-8.881784197001252e-16,2.4982728559497236e-16,True,0.09172518085688353,reproduced,reproduced,reproduced
delayed_0.1_0.1,uniform,5,weighted128,0.1158849963840245,0.11588499638402629,True,0.09172518085688353,not_reproduced,not_reproduced,not_reproduced
delayed_0.1_0.1,uniform,5,minimax,0.10771615832742487,0.10771615832742676,True,0.09172518085688353,not_reproduced,not_reproduced,not_reproduced
delayed_0.1_0.1,weighted128,5,information,0.0,1.5575648952027843e-10,True,3.0633015977218747,reproduced,reproduced,reproduced
delayed_0.1_0.1,weighted128,5,brier,0.0,1.5575648952027843e-10,True,3.0633015977218747,reproduced,reproduced,reproduced
delayed_0.1_0.1,weighted128,5,pseudo_count,-3.888001032237298e-13,2.8219715572565945e-11,True,3.0633015977218747,reproduced,reproduced,reproduced
delayed_0.1_0.1,weighted128,5,uniform,0.0008018917070222731,0.0008018921889475695,True,3.0633015977218747,reproduced,reproduced,reproduced
delayed_0.1_0.1,weighted128,5,weighted128,0.00045843615269325344,0.0004584367260858225,True,3.0633015977218747,reproduced,reproduced,reproduced
delayed_0.1_0.1,weighted128,5,minimax,0.00037116485810095856,0.0003711648619255562,True,3.0633015977218747,reproduced,reproduced,reproduced
delayed_0.1_0.1,minimax,5,information,0.010293684618364995,0.010293684618365627,True,2.057059164159,reproduced,reproduced,not_reproduced
delayed_0.1_0.1,minimax,5,brier,0.010293684618364995,0.010293684618365627,True,2.057059164159,reproduced,reproduced,not_reproduced
delayed_0.1_0.1,minimax,5,pseudo_count,0.0,8.245899622838504e-16,True,2.057059164159,reproduced,reproduced,reproduced
delayed_0.1_0.1,minimax,5,uniform,0.000987804872464415,0.000987804878079003,True,2.057059164159,reproduced,reproduced,reproduced
delayed_0.1_0.1,minimax,5,weighted128,0.0006443494600656408,0.000644349460067058,True,2.057059164159,reproduced,reproduced,reproduced
delayed_0.1_0.1,minimax,5,minimax,0.0005570775974029774,0.0005570775974052698,True,2.057059164159,reproduced,reproduced,reproduced
irreversible_0.1_0.1,information,5,information,0.23599999999999888,0.23600000000000027,True,0.14924865774810314,not_reproduced,not_reproduced,not_reproduced
irreversible_0.1_0.1,information,5,brier,0.23599999999999888,0.23600000000000027,True,0.14924865774810314,not_reproduced,not_reproduced,not_reproduced
irreversible_0.1_0.1,information,5,pseudo_count,0.23599999999999888,0.23600000000000027,True,0.14924865774810314,not_reproduced,not_reproduced,not_reproduced
irreversible_0.1_0.1,information,5,uniform,0.23599999999999888,0.23600000000000027,True,0.14924865774810314,not_reproduced,not_reproduced,not_reproduced
irreversible_0.1_0.1,information,5,weighted128,0.22631095340141116,0.22631095340141172,True,0.14924865774810314,not_reproduced,not_reproduced,not_reproduced
irreversible_0.1_0.1,information,5,minimax,0.23599999999978571,0.23600000000003085,True,0.14924865774810314,not_reproduced,not_reproduced,not_reproduced
irreversible_0.1_0.1,brier,5,information,-5.510207990003633e-13,4.2058723040763746e-14,True,0.1377502465620637,reproduced,reproduced,reproduced
irreversible_0.1_0.1,brier,5,brier,-6.126798599745652e-13,4.2058723040763746e-14,True,0.1377502465620637,reproduced,reproduced,reproduced
irreversible_0.1_0.1,brier,5,pseudo_count,-6.126798599745652e-13,4.2058723040763746e-14,True,0.1377502465620637,reproduced,reproduced,reproduced
irreversible_0.1_0.1,brier,5,uniform,-6.126798599745652e-13,4.2058723040763746e-14,True,0.1377502465620637,reproduced,reproduced,reproduced
irreversible_0.1_0.1,brier,5,weighted128,3.3306690738754696e-16,3.5317885768715307e-16,True,0.1377502465620637,reproduced,reproduced,reproduced
irreversible_0.1_0.1,brier,5,minimax,-4.440892098500626e-16,3.756353951847591e-16,True,0.1377502465620637,reproduced,reproduced,reproduced
irreversible_0.1_0.1,pseudo_count,5,information,-5.510207990003633e-13,4.2058723040763746e-14,True,0.14278258103877306,reproduced,reproduced,reproduced
irreversible_0.1_0.1,pseudo_count,5,brier,-6.126798599745652e-13,4.2058723040763746e-14,True,0.14278258103877306,reproduced,reproduced,reproduced
irreversible_0.1_0.1,pseudo_count,5,pseudo_count,-6.126798599745652e-13,4.2058723040763746e-14,True,0.14278258103877306,reproduced,reproduced,reproduced
irreversible_0.1_0.1,pseudo_count,5,uniform,-6.126798599745652e-13,4.2058723040763746e-14,True,0.14278258103877306,reproduced,reproduced,reproduced
irreversible_0.1_0.1,pseudo_count,5,weighted128,3.3306690738754696e-16,3.5317885768715307e-16,True,0.14278258103877306,reproduced,reproduced,reproduced
irreversible_0.1_0.1,pseudo_count,5,minimax,-4.440892098500626e-16,3.756353951847591e-16,True,0.14278258103877306,reproduced,reproduced,reproduced
irreversible_0.1_0.1,uniform,5,information,-5.510207990003633e-13,4.2058723040763746e-14,True,0.09190642554312944,reproduced,reproduced,reproduced
irreversible_0.1_0.1,uniform,5,brier,-6.126798599745652e-13,4.2058723040763746e-14,True,0.09190642554312944,reproduced,reproduced,reproduced
irreversible_0.1_0.1,uniform,5,pseudo_count,-6.126798599745652e-13,4.2058723040763746e-14,True,0.09190642554312944,reproduced,reproduced,reproduced
irreversible_0.1_0.1,uniform,5,uniform,-6.126798599745652e-13,4.2058723040763746e-14,True,0.09190642554312944,reproduced,reproduced,reproduced
irreversible_0.1_0.1,uniform,5,weighted128,3.3306690738754696e-16,3.5317885768715307e-16,True,0.09190642554312944,reproduced,reproduced,reproduced
irreversible_0.1_0.1,uniform,5,minimax,-3.907082540354516e-13,1.5882409862104374e-15,True,0.09190642554312944,reproduced,reproduced,reproduced
irreversible_0.1_0.1,weighted128,5,information,0.2165599999999549,0.21656000000003894,True,0.7447188245132565,not_reproduced,not_reproduced,not_reproduced
irreversible_0.1_0.1,weighted128,5,brier,0.2165599999999549,0.21656000000003894,True,0.7447188245132565,not_reproduced,not_reproduced,not_reproduced
irreversible_0.1_0.1,weighted128,5,pseudo_count,0.2165599999999549,0.21656000000003894,True,0.7447188245132565,not_reproduced,not_reproduced,not_reproduced
irreversible_0.1_0.1,weighted128,5,uniform,0.2165599999999549,0.21656000000003894,True,0.7447188245132565,not_reproduced,not_reproduced,not_reproduced
irreversible_0.1_0.1,weighted128,5,weighted128,0.22624904659844536,0.22624904659862916,True,0.7447188245132565,not_reproduced,not_reproduced,not_reproduced
irreversible_0.1_0.1,weighted128,5,minimax,0.2165599999998571,0.21656000000004674,True,0.7447188245132565,not_reproduced,not_reproduced,not_reproduced
irreversible_0.1_0.1,minimax,5,information,0.0,2.2098615255414233e-15,True,0.7102233003824949,reproduced,reproduced,reproduced
irreversible_0.1_0.1,minimax,5,brier,0.0,2.2098615255414233e-15,True,0.7102233003824949,reproduced,reproduced,reproduced
irreversible_0.1_0.1,minimax,5,pseudo_count,0.0,2.2098615255414233e-15,True,0.7102233003824949,reproduced,reproduced,reproduced
irreversible_0.1_0.1,minimax,5,uniform,0.0,2.2098615255414233e-15,True,0.7102233003824949,reproduced,reproduced,reproduced
irreversible_0.1_0.1,minimax,5,weighted128,0.0,3.81020491850223e-15,True,0.7102233003824949,reproduced,reproduced,reproduced
irreversible_0.1_0.1,minimax,5,minimax,0.0,2.036267205199338e-15,True,0.7102233003824949,reproduced,reproduced,reproduced
fresh_hmm_2026096800_q4_s3_c0.2,information,5,information,0.0056526560201553,0.005652656020156334,True,0.13544459640979767,reproduced,reproduced,reproduced
fresh_hmm_2026096800_q4_s3_c0.2,information,5,brier,0.0056526560201553,0.005652656020156334,True,0.13544459640979767,reproduced,reproduced,reproduced
fresh_hmm_2026096800_q4_s3_c0.2,information,5,pseudo_count,0.0005070122355432805,0.0005070122355650697,True,0.13544459640979767,reproduced,reproduced,reproduced
fresh_hmm_2026096800_q4_s3_c0.2,information,5,uniform,0.00043539425945626764,0.00043539425946121334,True,0.13544459640979767,reproduced,reproduced,reproduced
fresh_hmm_2026096800_q4_s3_c0.2,information,5,weighted128,0.0007320865257789411,0.0007320865257793134,True,0.13544459640979767,reproduced,reproduced,reproduced
fresh_hmm_2026096800_q4_s3_c0.2,information,5,minimax,0.0005700468163893913,0.0005700468164635389,True,0.13544459640979767,reproduced,reproduced,reproduced
fresh_hmm_2026096800_q4_s3_c0.2,brier,5,information,0.0056526560201553,0.005652656020156334,True,0.13876782730221748,reproduced,reproduced,reproduced
fresh_hmm_2026096800_q4_s3_c0.2,brier,5,brier,0.0056526560201553,0.005652656020156334,True,0.13876782730221748,reproduced,reproduced,reproduced
fresh_hmm_2026096800_q4_s3_c0.2,brier,5,pseudo_count,0.0005070122355432805,0.0005070122355650697,True,0.13876782730221748,reproduced,reproduced,reproduced
fresh_hmm_2026096800_q4_s3_c0.2,brier,5,uniform,0.00043539425945626764,0.00043539425946121334,True,0.13876782730221748,reproduced,reproduced,reproduced
fresh_hmm_2026096800_q4_s3_c0.2,brier,5,weighted128,0.0007320865257789411,0.0007320865257793134,True,0.13876782730221748,reproduced,reproduced,reproduced
fresh_hmm_2026096800_q4_s3_c0.2,brier,5,minimax,0.0005700468163893913,0.0005700468164635389,True,0.13876782730221748,reproduced,reproduced,reproduced
fresh_hmm_2026096800_q4_s3_c0.2,pseudo_count,5,information,0.038540381152605385,0.038540381152605496,True,0.14309552032500505,reproduced,not_reproduced,not_reproduced
fresh_hmm_2026096800_q4_s3_c0.2,pseudo_count,5,brier,0.038540381152605385,0.038540381152605496,True,0.14309552032500505,reproduced,not_reproduced,not_reproduced
fresh_hmm_2026096800_q4_s3_c0.2,pseudo_count,5,pseudo_count,9.601338383180558e-05,9.601338458548072e-05,True,0.14309552032500505,reproduced,reproduced,reproduced
fresh_hmm_2026096800_q4_s3_c0.2,pseudo_count,5,uniform,0.0006983332439586265,0.000698333246586127,True,0.14309552032500505,reproduced,reproduced,reproduced
fresh_hmm_2026096800_q4_s3_c0.2,pseudo_count,5,weighted128,0.002611624017963554,0.0026116240179646475,True,0.14309552032500505,reproduced,reproduced,reproduced
fresh_hmm_2026096800_q4_s3_c0.2,pseudo_count,5,minimax,0.0033078871947735955,0.0033078871947863535,True,0.14309552032500505,reproduced,reproduced,reproduced
fresh_hmm_2026096800_q4_s3_c0.2,uniform,5,information,0.16551832098146146,0.16551832098146171,True,0.09230952896177769,not_reproduced,not_reproduced,not_reproduced
fresh_hmm_2026096800_q4_s3_c0.2,uniform,5,brier,0.16551832098146146,0.16551832098146171,True,0.09230952896177769,not_reproduced,not_reproduced,not_reproduced
fresh_hmm_2026096800_q4_s3_c0.2,uniform,5,pseudo_count,0.0,7.240302107858199e-16,True,0.09230952896177769,reproduced,reproduced,reproduced
fresh_hmm_2026096800_q4_s3_c0.2,uniform,5,uniform,0.0,4.1811458056303997e-16,True,0.09230952896177769,reproduced,reproduced,reproduced
fresh_hmm_2026096800_q4_s3_c0.2,uniform,5,weighted128,0.07485241503336604,0.07485241503336663,True,0.09230952896177769,not_reproduced,not_reproduced,not_reproduced
fresh_hmm_2026096800_q4_s3_c0.2,uniform,5,minimax,0.06937562712034206,0.06937562712034248,True,0.09230952896177769,not_reproduced,not_reproduced,not_reproduced
fresh_hmm_2026096800_q4_s3_c0.2,weighted128,5,information,0.003762533538404944,0.0037625335384053903,True,10.393627022393048,reproduced,reproduced,reproduced
fresh_hmm_2026096800_q4_s3_c0.2,weighted128,5,brier,0.003762533538404944,0.0037625335384053903,True,10.393627022393048,reproduced,reproduced,reproduced
fresh_hmm_2026096800_q4_s3_c0.2,weighted128,5,pseudo_count,0.0004840391083993367,0.0004840391084007703,True,10.393627022393048,reproduced,reproduced,reproduced
fresh_hmm_2026096800_q4_s3_c0.2,weighted128,5,uniform,0.00026755858796922993,0.0002675585880674721,True,10.393627022393048,reproduced,reproduced,reproduced
fresh_hmm_2026096800_q4_s3_c0.2,weighted128,5,weighted128,0.0007248549911842428,0.0007248553442061084,True,10.393627022393048,reproduced,reproduced,reproduced
fresh_hmm_2026096800_q4_s3_c0.2,weighted128,5,minimax,0.0005630267409693079,0.0005630267409775538,True,10.393627022393048,reproduced,reproduced,reproduced
fresh_hmm_2026096800_q4_s3_c0.2,minimax,5,information,0.005493174443340076,0.005493174443340001,True,6.202422649599612,reproduced,reproduced,reproduced
fresh_hmm_2026096800_q4_s3_c0.2,minimax,5,brier,0.005493174443340076,0.005493174443340001,True,6.202422649599612,reproduced,reproduced,reproduced
fresh_hmm_2026096800_q4_s3_c0.2,minimax,5,pseudo_count,0.0006748427532523582,0.0006748427532570422,True,6.202422649599612,reproduced,reproduced,reproduced
fresh_hmm_2026096800_q4_s3_c0.2,minimax,5,uniform,0.0004292252418613973,0.00042922524206620474,True,6.202422649599612,reproduced,reproduced,reproduced
fresh_hmm_2026096800_q4_s3_c0.2,minimax,5,weighted128,0.0007075242368131951,0.0007075242373227777,True,6.202422649599612,reproduced,reproduced,reproduced
fresh_hmm_2026096800_q4_s3_c0.2,minimax,5,minimax,0.0005442463501771355,0.000544246350260511,True,6.202422649599612,reproduced,reproduced,reproduced
delayed_0.25_0.1,information,4,information,0.007902439024390251,0.0079024390243904,True,0.033719819970428944,reproduced,reproduced,reproduced
delayed_0.25_0.1,information,4,brier,0.04499999999999049,0.045000000000004384,True,0.033719819970428944,reproduced,not_reproduced,not_reproduced
delayed_0.25_0.1,information,4,pseudo_count,0.005859374999999667,0.005859375000000411,True,0.033719819970428944,reproduced,reproduced,reproduced
delayed_0.25_0.1,information,4,uniform,0.01246874999999914,0.012468750000000264,True,0.033719819970428944,reproduced,reproduced,not_reproduced
delayed_0.25_0.1,information,4,weighted128,0.007144180075093098,0.007144180075123798,True,0.033719819970428944,reproduced,reproduced,reproduced
delayed_0.25_0.1,information,4,minimax,0.00903074518167346,0.009030745182662128,True,0.033719819970428944,reproduced,reproduced,reproduced
delayed_0.25_0.1,brier,4,information,0.007902439024390251,0.0079024390243904,True,0.0328848147764802,reproduced,reproduced,reproduced
delayed_0.25_0.1,brier,4,brier,0.04499999999999049,0.045000000000004384,True,0.0328848147764802,reproduced,not_reproduced,not_reproduced
delayed_0.25_0.1,brier,4,pseudo_count,0.005859374999999667,0.005859375000000411,True,0.0328848147764802,reproduced,reproduced,reproduced
delayed_0.25_0.1,brier,4,uniform,0.01246874999999914,0.012468750000000264,True,0.0328848147764802,reproduced,reproduced,not_reproduced
delayed_0.25_0.1,brier,4,weighted128,0.007144180075093098,0.007144180075123798,True,0.0328848147764802,reproduced,reproduced,reproduced
delayed_0.25_0.1,brier,4,minimax,0.00903074518167346,0.009030745182662128,True,0.0328848147764802,reproduced,reproduced,reproduced
delayed_0.25_0.1,pseudo_count,4,information,0.08137499999999986,0.08137500000000031,True,0.03083767183125019,not_reproduced,not_reproduced,not_reproduced
delayed_0.25_0.1,pseudo_count,4,brier,0.029882812499995248,0.029882812500001313,True,0.03083767183125019,reproduced,not_reproduced,not_reproduced
delayed_0.25_0.1,pseudo_count,4,pseudo_count,0.003108491856878892,0.0031084918574462994,True,0.03083767183125019,reproduced,reproduced,reproduced
delayed_0.25_0.1,pseudo_count,4,uniform,0.022499999999960663,0.022500000000012604,True,0.03083767183125019,reproduced,not_reproduced,not_reproduced
delayed_0.25_0.1,pseudo_count,4,weighted128,0.0193235875284401,0.019323587529278277,True,0.03083767183125019,reproduced,reproduced,not_reproduced
delayed_0.25_0.1,pseudo_count,4,minimax,0.013426490640172761,0.013426490640222775,True,0.03083767183125019,reproduced,reproduced,not_reproduced
delayed_0.25_0.1,uniform,4,information,0.07450000000000001,0.07450000000000018,True,0.020485825836658478,not_reproduced,not_reproduced,not_reproduced
delayed_0.25_0.1,uniform,4,brier,0.11914062499999978,0.11914062500000039,True,0.020485825836658478,not_reproduced,not_reproduced,not_reproduced
delayed_0.25_0.1,uniform,4,pseudo_count,0.025390625,0.02539062500000025,True,0.020485825836658478,reproduced,not_reproduced,not_reproduced
delayed_0.25_0.1,uniform,4,uniform,0.0,5.7437100865406765e-15,True,0.020485825836658478,reproduced,reproduced,reproduced
delayed_0.25_0.1,uniform,4,weighted128,0.03170731484191991,0.03170731484192012,True,0.020485825836658478,reproduced,not_reproduced,not_reproduced
delayed_0.25_0.1,uniform,4,minimax,0.04667390074069555,0.0466739007407157,True,0.020485825836658478,reproduced,not_reproduced,not_reproduced
delayed_0.25_0.1,weighted128,4,information,0.03749247034801084,0.037492470348011044,True,2.1481407871469855,reproduced,not_reproduced,not_reproduced
delayed_0.25_0.1,weighted128,4,brier,0.021567206032492958,0.021567206032493975,True,2.1481407871469855,reproduced,not_reproduced,not_reproduced
delayed_0.25_0.1,weighted128,4,pseudo_count,-2.0120465233415884e-13,5.793418045643706e-14,True,2.1481407871469855,reproduced,reproduced,reproduced
delayed_0.25_0.1,weighted128,4,uniform,0.0009878048674120121,0.0009878048780499983,True,2.1481407871469855,reproduced,reproduced,reproduced
delayed_0.25_0.1,weighted128,4,weighted128,0.0016036168712912913,0.001603616871294549,True,2.1481407871469855,reproduced,reproduced,reproduced
delayed_0.25_0.1,weighted128,4,minimax,0.0012380056585542532,0.0012380056636672973,True,2.1481407871469855,reproduced,reproduced,reproduced
delayed_0.25_0.1,minimax,4,information,0.040723981900452455,0.04072398190045254,True,1.2366264974698424,reproduced,not_reproduced,not_reproduced
delayed_0.25_0.1,minimax,4,brier,0.03672288200486706,0.036722882004875265,True,1.2366264974698424,reproduced,not_reproduced,not_reproduced
delayed_0.25_0.1,minimax,4,pseudo_count,0.0,7.916464792728783e-15,True,1.2366264974698424,reproduced,reproduced,reproduced
delayed_0.25_0.1,minimax,4,uniform,0.004723981900442653,0.004723981900454612,True,1.2366264974698424,reproduced,reproduced,reproduced
delayed_0.25_0.1,minimax,4,weighted128,0.001188538474912404,0.0011885384749279835,True,1.2366264974698424,reproduced,reproduced,reproduced
delayed_0.25_0.1,minimax,4,minimax,0.0019152147745226111,0.0019152147835299518,True,1.2366264974698424,reproduced,reproduced,reproduced
fresh_hmm_2026096801_q4_s3_c0.2,information,4,information,1.1687440983121355e-05,1.1687440983945483e-05,True,0.03239980898797512,reproduced,reproduced,reproduced
fresh_hmm_2026096801_q4_s3_c0.2,information,4,brier,1.1687440983121355e-05,1.1687440983945483e-05,True,0.03239980898797512,reproduced,reproduced,reproduced
fresh_hmm_2026096801_q4_s3_c0.2,information,4,pseudo_count,0.000453437445289806,0.00045343749588315843,True,0.03239980898797512,reproduced,reproduced,reproduced
fresh_hmm_2026096801_q4_s3_c0.2,information,4,uniform,0.0029568713220420317,0.0029568713262195043,True,0.03239980898797512,reproduced,reproduced,reproduced
fresh_hmm_2026096801_q4_s3_c0.2,information,4,weighted128,0.0004900368971879621,0.0004900380341150989,True,0.03239980898797512,reproduced,reproduced,reproduced
fresh_hmm_2026096801_q4_s3_c0.2,information,4,minimax,0.0062253153698497155,0.006225315369920027,True,0.03239980898797512,reproduced,reproduced,reproduced
fresh_hmm_2026096801_q4_s3_c0.2,brier,4,information,1.1687440983121355e-05,1.1687440983945483e-05,True,0.03362853731960058,reproduced,reproduced,reproduced
fresh_hmm_2026096801_q4_s3_c0.2,brier,4,brier,1.1687440983121355e-05,1.1687440983945483e-05,True,0.03362853731960058,reproduced,reproduced,reproduced
fresh_hmm_2026096801_q4_s3_c0.2,brier,4,pseudo_count,0.000453437445289806,0.00045343749588315843,True,0.03362853731960058,reproduced,reproduced,reproduced
fresh_hmm_2026096801_q4_s3_c0.2,brier,4,uniform,0.0029568713220420317,0.0029568713262195043,True,0.03362853731960058,reproduced,reproduced,reproduced
fresh_hmm_2026096801_q4_s3_c0.2,brier,4,weighted128,0.0004900368971879621,0.0004900380341150989,True,0.03362853731960058,reproduced,reproduced,reproduced
fresh_hmm_2026096801_q4_s3_c0.2,brier,4,minimax,0.0062253153698497155,0.006225315369920027,True,0.03362853731960058,reproduced,reproduced,reproduced
fresh_hmm_2026096801_q4_s3_c0.2,pseudo_count,4,information,0.11181672851090163,0.11181672851090149,True,0.02996563445776701,not_reproduced,not_reproduced,not_reproduced
fresh_hmm_2026096801_q4_s3_c0.2,pseudo_count,4,brier,0.11181672851090163,0.11181672851090149,True,0.02996563445776701,not_reproduced,not_reproduced,not_reproduced
fresh_hmm_2026096801_q4_s3_c0.2,pseudo_count,4,pseudo_count,0.060572113097631775,0.06057211312050292,True,0.02996563445776701,not_reproduced,not_reproduced,not_reproduced
fresh_hmm_2026096801_q4_s3_c0.2,pseudo_count,4,uniform,0.043836061052817676,0.04383606105294166,True,0.02996563445776701,reproduced,not_reproduced,not_reproduced
fresh_hmm_2026096801_q4_s3_c0.2,pseudo_count,4,weighted128,0.10339530216693749,0.10339530216693968,True,0.02996563445776701,not_reproduced,not_reproduced,not_reproduced
fresh_hmm_2026096801_q4_s3_c0.2,pseudo_count,4,minimax,0.09549741019056546,0.09549741019056557,True,0.02996563445776701,not_reproduced,not_reproduced,not_reproduced
fresh_hmm_2026096801_q4_s3_c0.2,weighted128,4,information,0.00026399374705643464,0.0002639937470567187,True,5.747710471972823,reproduced,reproduced,reproduced
fresh_hmm_2026096801_q4_s3_c0.2,weighted128,4,brier,0.00026399374705643464,0.0002639937470567187,True,5.747710471972823,reproduced,reproduced,reproduced
fresh_hmm_2026096801_q4_s3_c0.2,weighted128,4,pseudo_count,0.000222906766157549,0.00022290676615872689,True,5.747710471972823,reproduced,reproduced,reproduced
fresh_hmm_2026096801_q4_s3_c0.2,weighted128,4,uniform,0.0010040385445154731,0.0010040389255518032,True,5.747710471972823,reproduced,reproduced,reproduced
fresh_hmm_2026096801_q4_s3_c0.2,weighted128,4,weighted128,0.0002869612588335402,0.00028696147568766425,True,5.747710471972823,reproduced,reproduced,reproduced
fresh_hmm_2026096801_q4_s3_c0.2,weighted128,4,minimax,1.8001985171545165e-05,1.8001985328684637e-05,True,5.747710471972823,reproduced,reproduced,reproduced
fresh_hmm_2026096801_q4_s3_c0.2,minimax,4,information,0.05386214225898511,0.053862142258985335,True,5.404442778788507,not_reproduced,not_reproduced,not_reproduced
fresh_hmm_2026096801_q4_s3_c0.2,minimax,4,brier,0.05386214225898511,0.053862142258985335,True,5.404442778788507,not_reproduced,not_reproduced,not_reproduced
fresh_hmm_2026096801_q4_s3_c0.2,minimax,4,pseudo_count,0.05266885668880583,0.052668856688806234,True,5.404442778788507,not_reproduced,not_reproduced,not_reproduced
fresh_hmm_2026096801_q4_s3_c0.2,minimax,4,uniform,0.0022102001010807504,0.0022102001320249104,True,5.404442778788507,reproduced,reproduced,reproduced
fresh_hmm_2026096801_q4_s3_c0.2,minimax,4,weighted128,0.039349750031754116,0.03934975003178884,True,5.404442778788507,reproduced,not_reproduced,not_reproduced
fresh_hmm_2026096801_q4_s3_c0.2,minimax,4,minimax,0.022268803316448982,0.022268803316532502,True,5.404442778788507,reproduced,not_reproduced,not_reproduced
fresh_hmm_2026096900_q4_s3_c1.0,information,4,information,0.0,5.724587470723463e-17,True,0.03360500652343035,reproduced,reproduced,reproduced
fresh_hmm_2026096900_q4_s3_c1.0,information,4,brier,0.014838600600547536,0.014838600600556372,True,0.03360500652343035,reproduced,reproduced,not_reproduced
fresh_hmm_2026096900_q4_s3_c1.0,information,4,pseudo_count,0.012473227058993785,0.012473227059007507,True,0.03360500652343035,reproduced,reproduced,not_reproduced
fresh_hmm_2026096900_q4_s3_c1.0,information,4,uniform,0.012238845559184197,0.012238845559287247,True,0.03360500652343035,reproduced,reproduced,not_reproduced
fresh_hmm_2026096900_q4_s3_c1.0,information,4,weighted128,0.012182437419503533,0.012182437419627446,True,0.03360500652343035,reproduced,reproduced,not_reproduced
fresh_hmm_2026096900_q4_s3_c1.0,information,4,minimax,0.012256240807607677,0.012256240807610137,True,0.03360500652343035,reproduced,reproduced,not_reproduced
fresh_hmm_2026096900_q4_s3_c1.0,brier,4,information,0.010896461450693784,0.010896461450694048,True,0.032293906435370445,reproduced,reproduced,not_reproduced
fresh_hmm_2026096900_q4_s3_c1.0,brier,4,brier,0.0,5.551115123125783e-17,True,0.032293906435370445,reproduced,reproduced,reproduced
fresh_hmm_2026096900_q4_s3_c1.0,brier,4,pseudo_count,0.017848686265512503,0.017848686265516122,True,0.032293906435370445,reproduced,reproduced,not_reproduced
fresh_hmm_2026096900_q4_s3_c1.0,brier,4,uniform,0.006793464093032053,0.0067934640930586475,True,0.032293906435370445,reproduced,reproduced,reproduced
fresh_hmm_2026096900_q4_s3_c1.0,brier,4,weighted128,0.008226440607610686,0.008226440607616094,True,0.032293906435370445,reproduced,reproduced,reproduced
fresh_hmm_2026096900_q4_s3_c1.0,brier,4,minimax,0.01137320706910605,0.011373207069115944,True,0.032293906435370445,reproduced,reproduced,not_reproduced
fresh_hmm_2026096900_q4_s3_c1.0,pseudo_count,4,information,0.09514607647286177,0.09514607647286327,True,0.03113535139709711,not_reproduced,not_reproduced,not_reproduced
fresh_hmm_2026096900_q4_s3_c1.0,pseudo_count,4,brier,0.0951460764728631,0.09514607647286338,True,0.03113535139709711,not_reproduced,not_reproduced,not_reproduced
fresh_hmm_2026096900_q4_s3_c1.0,pseudo_count,4,pseudo_count,0.021920036253435082,0.021920036253449876,True,0.03113535139709711,reproduced,not_reproduced,not_reproduced
fresh_hmm_2026096900_q4_s3_c1.0,pseudo_count,4,uniform,0.046584125838706525,0.04658412583871005,True,0.03113535139709711,reproduced,not_reproduced,not_reproduced
fresh_hmm_2026096900_q4_s3_c1.0,pseudo_count,4,weighted128,0.07065484246852749,0.07065484246852842,True,0.03113535139709711,not_reproduced,not_reproduced,not_reproduced
fresh_hmm_2026096900_q4_s3_c1.0,pseudo_count,4,minimax,0.05908197258612791,0.05908197258612817,True,0.03113535139709711,not_reproduced,not_reproduced,not_reproduced
fresh_hmm_2026096900_q4_s3_c1.0,uniform,4,information,0.04298861151961231,0.04298861151961246,True,0.021141125820577145,reproduced,not_reproduced,not_reproduced
fresh_hmm_2026096900_q4_s3_c1.0,uniform,4,brier,0.04298861151961142,0.04298861151961249,True,0.021141125820577145,reproduced,not_reproduced,not_reproduced
fresh_hmm_2026096900_q4_s3_c1.0,uniform,4,pseudo_count,0.013265282625410602,0.013265282625410924,True,0.021141125820577145,reproduced,reproduced,not_reproduced
fresh_hmm_2026096900_q4_s3_c1.0,uniform,4,uniform,0.0,6.138319019743932e-15,True,0.021141125820577145,reproduced,reproduced,reproduced
fresh_hmm_2026096900_q4_s3_c1.0,uniform,4,weighted128,0.022593630621201344,0.022593630621202104,True,0.021141125820577145,reproduced,not_reproduced,not_reproduced
fresh_hmm_2026096900_q4_s3_c1.0,uniform,4,minimax,0.008511591342575064,0.008511591342575574,True,0.021141125820577145,reproduced,reproduced,reproduced
fresh_hmm_2026096900_q4_s3_c1.0,weighted128,4,information,0.013326635531070274,0.013326635531070469,True,11.666498508304358,reproduced,reproduced,not_reproduced
fresh_hmm_2026096900_q4_s3_c1.0,weighted128,4,brier,0.013009219499804159,0.013009219499808536,True,11.666498508304358,reproduced,reproduced,not_reproduced
fresh_hmm_2026096900_q4_s3_c1.0,weighted128,4,pseudo_count,0.014274190513575702,0.01427419051357703,True,11.666498508304358,reproduced,reproduced,not_reproduced
fresh_hmm_2026096900_q4_s3_c1.0,weighted128,4,uniform,0.001855862750881454,0.0018558627509405073,True,11.666498508304358,reproduced,reproduced,reproduced
fresh_hmm_2026096900_q4_s3_c1.0,weighted128,4,weighted128,0.0007748887410768956,0.0007748887411856483,True,11.666498508304358,reproduced,reproduced,reproduced
fresh_hmm_2026096900_q4_s3_c1.0,weighted128,4,minimax,0.0021045415018222657,0.0021045415018337336,True,11.666498508304358,reproduced,reproduced,reproduced
fresh_hmm_2026096900_q4_s3_c1.0,minimax,4,information,0.0237843400688722,0.023784340068872267,True,8.958949476480484,reproduced,not_reproduced,not_reproduced
fresh_hmm_2026096900_q4_s3_c1.0,minimax,4,brier,0.02378434006887209,0.023784340068872666,True,8.958949476480484,reproduced,not_reproduced,not_reproduced
fresh_hmm_2026096900_q4_s3_c1.0,minimax,4,pseudo_count,0.012568606628261536,0.012568606628276595,True,8.958949476480484,reproduced,reproduced,not_reproduced
fresh_hmm_2026096900_q4_s3_c1.0,minimax,4,uniform,0.0029002927266750245,0.0029002927274562667,True,8.958949476480484,reproduced,reproduced,reproduced
fresh_hmm_2026096900_q4_s3_c1.0,minimax,4,weighted128,0.004823522792269719,0.004823522792456015,True,8.958949476480484,reproduced,reproduced,reproduced
fresh_hmm_2026096900_q4_s3_c1.0,minimax,4,minimax,0.0024774462411575326,0.0024774462411586437,True,8.958949476480484,reproduced,reproduced,reproduced
fresh_hmm_2026096901_q4_s3_c1.0,information,4,information,0.0,3.122502256758253e-17,True,0.03313012234866619,reproduced,reproduced,reproduced
fresh_hmm_2026096901_q4_s3_c1.0,information,4,brier,0.0,3.122502256758253e-17,True,0.03313012234866619,reproduced,reproduced,reproduced
fresh_hmm_2026096901_q4_s3_c1.0,information,4,pseudo_count,0.03062959806079779,0.03062959806079859,True,0.03313012234866619,reproduced,not_reproduced,not_reproduced
fresh_hmm_2026096901_q4_s3_c1.0,information,4,uniform,0.024894062837162223,0.024894062837169974,True,0.03313012234866619,reproduced,not_reproduced,not_reproduced
fresh_hmm_2026096901_q4_s3_c1.0,information,4,weighted128,0.019843826901903783,0.019843826901910513,True,0.03313012234866619,reproduced,reproduced,not_reproduced
fresh_hmm_2026096901_q4_s3_c1.0,information,4,minimax,0.03592130580513431,0.03592130580513666,True,0.03313012234866619,reproduced,not_reproduced,not_reproduced
fresh_hmm_2026096901_q4_s3_c1.0,brier,4,information,0.008131638206020697,0.008131638206020843,True,0.03360622562468052,reproduced,reproduced,reproduced
fresh_hmm_2026096901_q4_s3_c1.0,brier,4,brier,0.008131638206020697,0.008131638206020843,True,0.03360622562468052,reproduced,reproduced,reproduced
fresh_hmm_2026096901_q4_s3_c1.0,brier,4,pseudo_count,0.02896209132600258,0.028962091326003848,True,0.03360622562468052,reproduced,not_reproduced,not_reproduced
fresh_hmm_2026096901_q4_s3_c1.0,brier,4,uniform,0.019946749056990676,0.019946749056992105,True,0.03360622562468052,reproduced,reproduced,not_reproduced
fresh_hmm_2026096901_q4_s3_c1.0,brier,4,weighted128,0.010273615157445182,0.010273615157460062,True,0.03360622562468052,reproduced,reproduced,not_reproduced
fresh_hmm_2026096901_q4_s3_c1.0,brier,4,minimax,0.02153484478626888,0.021534844786269682,True,0.03360622562468052,reproduced,not_reproduced,not_reproduced
fresh_hmm_2026096901_q4_s3_c1.0,pseudo_count,4,information,0.07966213993463933,0.07966213993463941,True,0.030786500312387943,not_reproduced,not_reproduced,not_reproduced
fresh_hmm_2026096901_q4_s3_c1.0,pseudo_count,4,brier,0.07966213993463933,0.07966213993463941,True,0.030786500312387943,not_reproduced,not_reproduced,not_reproduced
fresh_hmm_2026096901_q4_s3_c1.0,pseudo_count,4,pseudo_count,0.0013526162837633748,0.0013526162838068852,True,0.030786500312387943,reproduced,reproduced,reproduced
fresh_hmm_2026096901_q4_s3_c1.0,pseudo_count,4,uniform,0.025916821278254787,0.025916821278255727,True,0.030786500312387943,reproduced,not_reproduced,not_reproduced
fresh_hmm_2026096901_q4_s3_c1.0,pseudo_count,4,weighted128,0.05540968112622924,0.05540968112622989,True,0.030786500312387943,not_reproduced,not_reproduced,not_reproduced
fresh_hmm_2026096901_q4_s3_c1.0,pseudo_count,4,minimax,0.04000854096419937,0.040008540964200166,True,0.030786500312387943,reproduced,not_reproduced,not_reproduced
fresh_hmm_2026096901_q4_s3_c1.0,uniform,4,information,0.047259959905353366,0.047259959905353255,True,0.021154435351490974,reproduced,not_reproduced,not_reproduced
fresh_hmm_2026096901_q4_s3_c1.0,uniform,4,brier,0.047259959905353366,0.047259959905353255,True,0.021154435351490974,reproduced,not_reproduced,not_reproduced
fresh_hmm_2026096901_q4_s3_c1.0,uniform,4,pseudo_count,0.013450143303813111,0.01345014330381332,True,0.021154435351490974,reproduced,reproduced,not_reproduced
fresh_hmm_2026096901_q4_s3_c1.0,uniform,4,uniform,-3.297488601671251e-14,3.656797087359109e-15,True,0.021154435351490974,reproduced,reproduced,reproduced
fresh_hmm_2026096901_q4_s3_c1.0,uniform,4,weighted128,0.017474107724836152,0.01747410772483649,True,0.021154435351490974,reproduced,reproduced,not_reproduced
fresh_hmm_2026096901_q4_s3_c1.0,uniform,4,minimax,0.008212415359625469,0.008212415359630024,True,0.021154435351490974,reproduced,reproduced,reproduced
fresh_hmm_2026096901_q4_s3_c1.0,weighted128,4,information,0.024142610648664964,0.02414261064867002,True,9.020865997299552,reproduced,not_reproduced,not_reproduced
fresh_hmm_2026096901_q4_s3_c1.0,weighted128,4,brier,0.024142610648664964,0.02414261064867002,True,9.020865997299552,reproduced,not_reproduced,not_reproduced
fresh_hmm_2026096901_q4_s3_c1.0,weighted128,4,pseudo_count,0.01137439744395019,0.011374397443950563,True,9.020865997299552,reproduced,reproduced,not_reproduced
fresh_hmm_2026096901_q4_s3_c1.0,weighted128,4,uniform,0.0006351644332703854,0.0006351644395081285,True,9.020865997299552,reproduced,reproduced,reproduced
fresh_hmm_2026096901_q4_s3_c1.0,weighted128,4,weighted128,0.002167426542384665,0.0021674265423866136,True,9.020865997299552,reproduced,reproduced,reproduced
fresh_hmm_2026096901_q4_s3_c1.0,weighted128,4,minimax,0.0033779894635167507,0.0033779894647723518,True,9.020865997299552,reproduced,reproduced,reproduced
fresh_hmm_2026096901_q4_s3_c1.0,minimax,4,information,0.025036732126342942,0.02503673212634315,True,5.03247734811157,reproduced,not_reproduced,not_reproduced
fresh_hmm_2026096901_q4_s3_c1.0,minimax,4,brier,0.025036732126342942,0.02503673212634315,True,5.03247734811157,reproduced,not_reproduced,not_reproduced
fresh_hmm_2026096901_q4_s3_c1.0,minimax,4,pseudo_count,0.01941629211043716,0.019416292110472987,True,5.03247734811157,reproduced,reproduced,not_reproduced
fresh_hmm_2026096901_q4_s3_c1.0,minimax,4,uniform,0.004234294814521644,0.0042342948145308364,True,5.03247734811157,reproduced,reproduced,reproduced
fresh_hmm_2026096901_q4_s3_c1.0,minimax,4,weighted128,0.009673542826881931,0.00967354282688319,True,5.03247734811157,reproduced,reproduced,reproduced
fresh_hmm_2026096901_q4_s3_c1.0,minimax,4,minimax,0.004049616794084776,0.004049616794092598,True,5.03247734811157,reproduced,reproduced,reproduced
fresh_hmm_2026097000_q4_s3_c5.0,information,4,information,0.0,1.4502288259166107e-15,True,0.033447662368416786,reproduced,reproduced,reproduced
fresh_hmm_2026097000_q4_s3_c5.0,information,4,brier,0.0,1.4502288259166107e-15,True,0.033447662368416786,reproduced,reproduced,reproduced
fresh_hmm_2026097000_q4_s3_c5.0,information,4,pseudo_count,0.04231726415910597,0.04231726415919369,True,0.033447662368416786,reproduced,not_reproduced,not_reproduced
fresh_hmm_2026097000_q4_s3_c5.0,information,4,uniform,0.03386834914651715,0.03386834914651854,True,0.033447662368416786,reproduced,not_reproduced,not_reproduced
fresh_hmm_2026097000_q4_s3_c5.0,information,4,weighted128,0.03315306571147558,0.03315306571151348,True,0.033447662368416786,reproduced,not_reproduced,not_reproduced
fresh_hmm_2026097000_q4_s3_c5.0,information,4,minimax,0.03183484905962353,0.03183484905962838,True,0.033447662368416786,reproduced,not_reproduced,not_reproduced
fresh_hmm_2026097000_q4_s3_c5.0,brier,4,information,0.0,2.5396351688300456e-15,True,0.03348821308463812,reproduced,reproduced,reproduced
fresh_hmm_2026097000_q4_s3_c5.0,brier,4,brier,0.0,2.5396351688300456e-15,True,0.03348821308463812,reproduced,reproduced,reproduced
fresh_hmm_2026097000_q4_s3_c5.0,brier,4,pseudo_count,0.040707704715431836,0.04070770471543221,True,0.03348821308463812,reproduced,not_reproduced,not_reproduced
fresh_hmm_2026097000_q4_s3_c5.0,brier,4,uniform,0.031028717079198853,0.031028717079203242,True,0.03348821308463812,reproduced,not_reproduced,not_reproduced
fresh_hmm_2026097000_q4_s3_c5.0,brier,4,weighted128,0.030099822715260682,0.030099822715263833,True,0.03348821308463812,reproduced,not_reproduced,not_reproduced
fresh_hmm_2026097000_q4_s3_c5.0,brier,4,minimax,0.028640797788681005,0.028640797788700954,True,0.03348821308463812,reproduced,not_reproduced,not_reproduced
fresh_hmm_2026097000_q4_s3_c5.0,pseudo_count,4,information,0.027855386286719575,0.027855386286721715,True,0.030636905692517757,reproduced,not_reproduced,not_reproduced
fresh_hmm_2026097000_q4_s3_c5.0,pseudo_count,4,brier,0.027855386286719575,0.027855386286721715,True,0.030636905692517757,reproduced,not_reproduced,not_reproduced
fresh_hmm_2026097000_q4_s3_c5.0,pseudo_count,4,pseudo_count,0.0024490903458224134,0.00244909034582258,True,0.030636905692517757,reproduced,reproduced,reproduced
fresh_hmm_2026097000_q4_s3_c5.0,pseudo_count,4,uniform,0.006748983602920644,0.006748983602924171,True,0.030636905692517757,reproduced,reproduced,reproduced
fresh_hmm_2026097000_q4_s3_c5.0,pseudo_count,4,weighted128,0.01008134812726802,0.010081348127334511,True,0.030636905692517757,reproduced,reproduced,not_reproduced
fresh_hmm_2026097000_q4_s3_c5.0,pseudo_count,4,minimax,0.013449374942223091,0.013449374942561513,True,0.030636905692517757,reproduced,reproduced,not_reproduced
fresh_hmm_2026097000_q4_s3_c5.0,uniform,4,information,0.027218754114722743,0.02721875411472297,True,0.021129866130650043,reproduced,not_reproduced,not_reproduced
fresh_hmm_2026097000_q4_s3_c5.0,uniform,4,brier,0.027218754114722743,0.02721875411472297,True,0.021129866130650043,reproduced,not_reproduced,not_reproduced
fresh_hmm_2026097000_q4_s3_c5.0,uniform,4,pseudo_count,0.006782926331216688,0.006782926331217007,True,0.021129866130650043,reproduced,reproduced,reproduced
fresh_hmm_2026097000_q4_s3_c5.0,uniform,4,uniform,-3.029352042055532e-10,7.706222812653429e-13,True,0.021129866130650043,reproduced,reproduced,reproduced
fresh_hmm_2026097000_q4_s3_c5.0,uniform,4,weighted128,0.0010531008982039847,0.001053100898206598,True,0.021129866130650043,reproduced,reproduced,reproduced
fresh_hmm_2026097000_q4_s3_c5.0,uniform,4,minimax,0.004421454990569007,0.004421454990600547,True,0.021129866130650043,reproduced,reproduced,reproduced
fresh_hmm_2026097000_q4_s3_c5.0,weighted128,4,information,0.021007364986039945,0.021007364986040087,True,12.826353720389307,reproduced,not_reproduced,not_reproduced
fresh_hmm_2026097000_q4_s3_c5.0,weighted128,4,brier,0.021007364986039945,0.021007364986040087,True,12.826353720389307,reproduced,not_reproduced,not_reproduced
fresh_hmm_2026097000_q4_s3_c5.0,weighted128,4,pseudo_count,0.0052789863054968356,0.005278986305509881,True,12.826353720389307,reproduced,reproduced,reproduced
fresh_hmm_2026097000_q4_s3_c5.0,weighted128,4,uniform,0.0008827296761938497,0.0008827296811697925,True,12.826353720389307,reproduced,reproduced,reproduced
fresh_hmm_2026097000_q4_s3_c5.0,weighted128,4,weighted128,0.0001317019253957996,0.00013170192730437274,True,12.826353720389307,reproduced,reproduced,reproduced
fresh_hmm_2026097000_q4_s3_c5.0,weighted128,4,minimax,0.0011493289650141847,0.0011493289650325834,True,12.826353720389307,reproduced,reproduced,reproduced
fresh_hmm_2026097000_q4_s3_c5.0,minimax,4,information,0.011864320271712692,0.011864320273082561,True,6.758844822645187,reproduced,reproduced,not_reproduced
fresh_hmm_2026097000_q4_s3_c5.0,minimax,4,brier,0.011864320271712692,0.011864320273082561,True,6.758844822645187,reproduced,reproduced,not_reproduced
fresh_hmm_2026097000_q4_s3_c5.0,minimax,4,pseudo_count,0.008628862378929791,0.008628862378935006,True,6.758844822645187,reproduced,reproduced,reproduced
fresh_hmm_2026097000_q4_s3_c5.0,minimax,4,uniform,0.001350430232789579,0.0013504302329672077,True,6.758844822645187,reproduced,reproduced,reproduced
fresh_hmm_2026097000_q4_s3_c5.0,minimax,4,weighted128,0.0003116017358253398,0.00031160173582861234,True,6.758844822645187,reproduced,reproduced,reproduced
fresh_hmm_2026097000_q4_s3_c5.0,minimax,4,minimax,0.0010491651059149065,0.001049165105950438,True,6.758844822645187,reproduced,reproduced,reproduced
fresh_hmm_2026097001_q4_s3_c5.0,information,4,information,0.0,8.049116928532385e-16,True,0.03223887551575899,reproduced,reproduced,reproduced
fresh_hmm_2026097001_q4_s3_c5.0,information,4,brier,0.03535393867560932,0.03535393867561091,True,0.03223887551575899,reproduced,not_reproduced,not_reproduced
fresh_hmm_2026097001_q4_s3_c5.0,information,4,pseudo_count,0.032109464335922544,0.032109464335923266,True,0.03223887551575899,reproduced,not_reproduced,not_reproduced
fresh_hmm_2026097001_q4_s3_c5.0,information,4,uniform,0.04947295223660386,0.049472952236604556,True,0.03223887551575899,reproduced,not_reproduced,not_reproduced
fresh_hmm_2026097001_q4_s3_c5.0,information,4,weighted128,0.04813434853023968,0.04813434853024054,True,0.03223887551575899,reproduced,not_reproduced,not_reproduced
fresh_hmm_2026097001_q4_s3_c5.0,information,4,minimax,0.04681894664610253,0.0468189466461031,True,0.03223887551575899,reproduced,not_reproduced,not_reproduced
fresh_hmm_2026097001_q4_s3_c5.0,brier,4,information,0.011941185393698484,0.011941185393699066,True,0.03336982894688845,reproduced,reproduced,not_reproduced
fresh_hmm_2026097001_q4_s3_c5.0,brier,4,brier,0.0,1.1806527977498149e-14,True,0.03336982894688845,reproduced,reproduced,reproduced
fresh_hmm_2026097001_q4_s3_c5.0,brier,4,pseudo_count,0.02204885149182223,0.022048851491824242,True,0.03336982894688845,reproduced,not_reproduced,not_reproduced
fresh_hmm_2026097001_q4_s3_c5.0,brier,4,uniform,0.028656633333591808,0.02865663333360747,True,0.03336982894688845,reproduced,not_reproduced,not_reproduced
fresh_hmm_2026097001_q4_s3_c5.0,brier,4,weighted128,0.028164890526708453,0.02816489052670908,True,0.03336982894688845,reproduced,not_reproduced,not_reproduced
fresh_hmm_2026097001_q4_s3_c5.0,brier,4,minimax,0.02402279897257964,0.024022798972579945,True,0.03336982894688845,reproduced,not_reproduced,not_reproduced
fresh_hmm_2026097001_q4_s3_c5.0,pseudo_count,4,information,0.01971766302250122,0.019717663022501684,True,0.030742928385734558,reproduced,reproduced,not_reproduced
fresh_hmm_2026097001_q4_s3_c5.0,pseudo_count,4,brier,0.023141544819359927,0.02314154481936012,True,0.030742928385734558,reproduced,not_reproduced,not_reproduced
fresh_hmm_2026097001_q4_s3_c5.0,pseudo_count,4,pseudo_count,0.0024501409319452883,0.002450140931970008,True,0.030742928385734558,reproduced,reproduced,reproduced
fresh_hmm_2026097001_q4_s3_c5.0,pseudo_count,4,uniform,0.013905562912435276,0.013905562912445647,True,0.030742928385734558,reproduced,reproduced,not_reproduced
fresh_hmm_2026097001_q4_s3_c5.0,pseudo_count,4,weighted128,0.012552739061294282,0.012552739061296043,True,0.030742928385734558,reproduced,reproduced,not_reproduced
fresh_hmm_2026097001_q4_s3_c5.0,pseudo_count,4,minimax,0.011170305594159435,0.011170305594163144,True,0.030742928385734558,reproduced,reproduced,not_reproduced
fresh_hmm_2026097001_q4_s3_c5.0,uniform,4,information,0.04087833143206476,0.04087833143206506,True,0.020531997084617615,reproduced,not_reproduced,not_reproduced
fresh_hmm_2026097001_q4_s3_c5.0,uniform,4,brier,0.01738829457099411,0.01738829457099439,True,0.020531997084617615,reproduced,reproduced,not_reproduced
fresh_hmm_2026097001_q4_s3_c5.0,uniform,4,pseudo_count,0.017846252107325822,0.017846252107328115,True,0.020531997084617615,reproduced,reproduced,not_reproduced
fresh_hmm_2026097001_q4_s3_c5.0,uniform,4,uniform,0.0,2.501471252358556e-15,True,0.020531997084617615,reproduced,reproduced,reproduced
fresh_hmm_2026097001_q4_s3_c5.0,uniform,4,weighted128,0.0003447483084150216,0.00034474871508862804,True,0.020531997084617615,reproduced,reproduced,reproduced
fresh_hmm_2026097001_q4_s3_c5.0,uniform,4,minimax,0.004337009067434949,0.004337009067435856,True,0.020531997084617615,reproduced,reproduced,reproduced
fresh_hmm_2026097001_q4_s3_c5.0,weighted128,4,information,0.03143867566253533,0.03143867566253559,True,11.264365497045219,reproduced,not_reproduced,not_reproduced
fresh_hmm_2026097001_q4_s3_c5.0,weighted128,4,brier,0.014666868937182387,0.014666868937659637,True,11.264365497045219,reproduced,reproduced,not_reproduced
fresh_hmm_2026097001_q4_s3_c5.0,weighted128,4,pseudo_count,0.01482617208929593,0.014826172089298501,True,11.264365497045219,reproduced,reproduced,not_reproduced
fresh_hmm_2026097001_q4_s3_c5.0,weighted128,4,uniform,0.0009720246984977754,0.0009720249140712052,True,11.264365497045219,reproduced,reproduced,reproduced
fresh_hmm_2026097001_q4_s3_c5.0,weighted128,4,weighted128,1.5179548881860683e-05,1.5179551205290841e-05,True,11.264365497045219,reproduced,reproduced,reproduced
fresh_hmm_2026097001_q4_s3_c5.0,weighted128,4,minimax,0.0006335219529306491,0.0006335219529423055,True,11.264365497045219,reproduced,reproduced,reproduced
fresh_hmm_2026097001_q4_s3_c5.0,minimax,4,information,0.016856507533244414,0.01685650754341294,True,6.362666793167591,reproduced,reproduced,not_reproduced
fresh_hmm_2026097001_q4_s3_c5.0,minimax,4,brier,0.016856507533247078,0.016856507533248813,True,6.362666793167591,reproduced,reproduced,not_reproduced
fresh_hmm_2026097001_q4_s3_c5.0,minimax,4,pseudo_count,0.01685650753324408,0.016856507549974406,True,6.362666793167591,reproduced,reproduced,not_reproduced
fresh_hmm_2026097001_q4_s3_c5.0,minimax,4,uniform,0.002779584764950438,0.0027795847649558997,True,6.362666793167591,reproduced,reproduced,reproduced
fresh_hmm_2026097001_q4_s3_c5.0,minimax,4,weighted128,0.0010986673075790154,0.0010986673075902688,True,6.362666793167591,reproduced,reproduced,reproduced
fresh_hmm_2026097001_q4_s3_c5.0,minimax,4,minimax,0.0011483213132282843,0.0011483213132317902,True,6.362666793167591,reproduced,reproduced,reproduced
fresh_hmm_2026100800_q8_s3_c0.2,information,4,information,0.06267735250317674,0.06267735250317695,True,0.04764537513256073,not_reproduced,not_reproduced,not_reproduced
fresh_hmm_2026100800_q8_s3_c0.2,information,4,brier,0.06267735250317674,0.06267735250317695,True,0.04764537513256073,not_reproduced,not_reproduced,not_reproduced
fresh_hmm_2026100800_q8_s3_c0.2,information,4,pseudo_count,0.18738562893411126,0.18738562893416255,True,0.04764537513256073,not_reproduced,not_reproduced,not_reproduced
fresh_hmm_2026100800_q8_s3_c0.2,information,4,uniform,0.079549925383405,0.07954992538341271,True,0.04764537513256073,not_reproduced,not_reproduced,not_reproduced
fresh_hmm_2026100800_q8_s3_c0.2,information,4,weighted128,0.08110390484740604,0.0811039048474171,True,0.04764537513256073,not_reproduced,not_reproduced,not_reproduced
fresh_hmm_2026100800_q8_s3_c0.2,information,4,minimax,0.07465454050150089,0.07465454050151699,True,0.04764537513256073,not_reproduced,not_reproduced,not_reproduced
fresh_hmm_2026100800_q8_s3_c0.2,brier,4,information,0.06267735250317663,0.06267735250317852,True,0.04791176225990057,not_reproduced,not_reproduced,not_reproduced
fresh_hmm_2026100800_q8_s3_c0.2,brier,4,brier,0.06267735250317663,0.06267735250317852,True,0.04791176225990057,not_reproduced,not_reproduced,not_reproduced
fresh_hmm_2026100800_q8_s3_c0.2,brier,4,pseudo_count,0.17490754529392694,0.1749075452939271,True,0.04791176225990057,not_reproduced,not_reproduced,not_reproduced
fresh_hmm_2026100800_q8_s3_c0.2,brier,4,uniform,0.06776869363584226,0.0677686944422683,True,0.04791176225990057,not_reproduced,not_reproduced,not_reproduced
fresh_hmm_2026100800_q8_s3_c0.2,brier,4,weighted128,0.0680726948851631,0.06807269488518465,True,0.04791176225990057,not_reproduced,not_reproduced,not_reproduced
fresh_hmm_2026100800_q8_s3_c0.2,brier,4,minimax,0.07232546374705451,0.07232546374707038,True,0.04791176225990057,not_reproduced,not_reproduced,not_reproduced
fresh_hmm_2026100800_q8_s3_c0.2,pseudo_count,4,information,0.416820735815734,0.41682073581573403,True,0.0454353466629982,not_reproduced,not_reproduced,not_reproduced
fresh_hmm_2026100800_q8_s3_c0.2,pseudo_count,4,brier,0.416820735815734,0.41682073581573403,True,0.0454353466629982,not_reproduced,not_reproduced,not_reproduced
fresh_hmm_2026100800_q8_s3_c0.2,pseudo_count,4,pseudo_count,0.026766391076274543,0.02676639107628303,True,0.0454353466629982,reproduced,not_reproduced,not_reproduced
fresh_hmm_2026100800_q8_s3_c0.2,pseudo_count,4,uniform,0.27099893515643547,0.2709989351564617,True,0.0454353466629982,not_reproduced,not_reproduced,not_reproduced
fresh_hmm_2026100800_q8_s3_c0.2,pseudo_count,4,weighted128,0.33316264560094,0.3331626456009688,True,0.0454353466629982,not_reproduced,not_reproduced,not_reproduced
fresh_hmm_2026100800_q8_s3_c0.2,pseudo_count,4,minimax,0.34944557148645305,0.34944557148646926,True,0.0454353466629982,not_reproduced,not_reproduced,not_reproduced
fresh_hmm_2026100800_q8_s3_c0.2,uniform,4,information,0.205024579530511,0.2050245795305169,True,0.0343667296692729,not_reproduced,not_reproduced,not_reproduced
fresh_hmm_2026100800_q8_s3_c0.2,uniform,4,brier,0.205024579530511,0.2050245795305169,True,0.0343667296692729,not_reproduced,not_reproduced,not_reproduced
fresh_hmm_2026100800_q8_s3_c0.2,uniform,4,pseudo_count,0.10531403703219444,0.10531403703219516,True,0.0343667296692729,not_reproduced,not_reproduced,not_reproduced
fresh_hmm_2026100800_q8_s3_c0.2,uniform,4,uniform,-3.725722397263098e-09,1.4219651403080992e-11,True,0.0343667296692729,reproduced,reproduced,reproduced
fresh_hmm_2026100800_q8_s3_c0.2,uniform,4,weighted128,0.04862114372837678,0.048621143728386246,True,0.0343667296692729,reproduced,not_reproduced,not_reproduced
fresh_hmm_2026100800_q8_s3_c0.2,uniform,4,minimax,0.06392932021454134,0.06392932021454205,True,0.0343667296692729,not_reproduced,not_reproduced,not_reproduced
fresh_hmm_2026100800_q8_s3_c0.2,weighted128,4,information,0.0683156344011101,0.06831563440111832,True,43.39065534155816,not_reproduced,not_reproduced,not_reproduced
fresh_hmm_2026100800_q8_s3_c0.2,weighted128,4,brier,0.0683156344011101,0.06831563440111832,True,43.39065534155816,not_reproduced,not_reproduced,not_reproduced
fresh_hmm_2026100800_q8_s3_c0.2,weighted128,4,pseudo_count,0.1236968972564726,0.12369689737478944,True,43.39065534155816,not_reproduced,not_reproduced,not_reproduced
fresh_hmm_2026100800_q8_s3_c0.2,weighted128,4,uniform,0.0282648994739082,0.028264899473912652,True,43.39065534155816,reproduced,not_reproduced,not_reproduced
fresh_hmm_2026100800_q8_s3_c0.2,weighted128,4,weighted128,0.034032120114572906,0.034032120114575896,True,43.39065534155816,reproduced,not_reproduced,not_reproduced
fresh_hmm_2026100800_q8_s3_c0.2,weighted128,4,minimax,0.02940872093340463,0.029408721024428344,True,43.39065534155816,reproduced,not_reproduced,not_reproduced
fresh_hmm_2026100800_q8_s3_c0.2,minimax,4,information,0.09190813782675333,0.09190813782675408,True,57.906531020998955,not_reproduced,not_reproduced,not_reproduced
fresh_hmm_2026100800_q8_s3_c0.2,minimax,4,brier,0.09190813782675333,0.09190813782675408,True,57.906531020998955,not_reproduced,not_reproduced,not_reproduced
fresh_hmm_2026100800_q8_s3_c0.2,minimax,4,pseudo_count,0.1033676919857539,0.10336769198575581,True,57.906531020998955,not_reproduced,not_reproduced,not_reproduced
fresh_hmm_2026100800_q8_s3_c0.2,minimax,4,uniform,0.021595983818592956,0.021595983818596596,True,57.906531020998955,reproduced,not_reproduced,not_reproduced
fresh_hmm_2026100800_q8_s3_c0.2,minimax,4,weighted128,0.031980439946456496,0.03198043994648119,True,57.906531020998955,reproduced,not_reproduced,not_reproduced
fresh_hmm_2026100800_q8_s3_c0.2,minimax,4,minimax,0.02341551549116616,0.023415515491168045,True,57.906531020998955,reproduced,not_reproduced,not_reproduced
fresh_hmm_2026100801_q8_s3_c0.2,information,4,information,0.1930425115118326,0.19304251151183266,True,0.048110819421708584,not_reproduced,not_reproduced,not_reproduced
fresh_hmm_2026100801_q8_s3_c0.2,information,4,brier,0.1930425115118326,0.19304251151183266,True,0.048110819421708584,not_reproduced,not_reproduced,not_reproduced
fresh_hmm_2026100801_q8_s3_c0.2,information,4,pseudo_count,0.01461691389128561,0.014616913891298842,True,0.048110819421708584,reproduced,reproduced,not_reproduced
fresh_hmm_2026100801_q8_s3_c0.2,information,4,uniform,0.09790106133984378,0.09790106133987463,True,0.048110819421708584,not_reproduced,not_reproduced,not_reproduced
fresh_hmm_2026100801_q8_s3_c0.2,information,4,weighted128,0.07771955161844513,0.07771955161863407,True,0.048110819421708584,not_reproduced,not_reproduced,not_reproduced
fresh_hmm_2026100801_q8_s3_c0.2,information,4,minimax,0.1004706829467259,0.10047068294672677,True,0.048110819421708584,not_reproduced,not_reproduced,not_reproduced
fresh_hmm_2026100801_q8_s3_c0.2,brier,4,information,0.2188061023244834,0.21880610232448416,True,0.047804079949855804,not_reproduced,not_reproduced,not_reproduced
fresh_hmm_2026100801_q8_s3_c0.2,brier,4,brier,0.2188061023244834,0.21880610232448416,True,0.047804079949855804,not_reproduced,not_reproduced,not_reproduced
fresh_hmm_2026100801_q8_s3_c0.2,brier,4,pseudo_count,0.07048583653550711,0.07048583653552327,True,0.047804079949855804,not_reproduced,not_reproduced,not_reproduced
fresh_hmm_2026100801_q8_s3_c0.2,brier,4,uniform,0.1145298612627258,0.11452986126280695,True,0.047804079949855804,not_reproduced,not_reproduced,not_reproduced
fresh_hmm_2026100801_q8_s3_c0.2,brier,4,weighted128,0.08995652172175683,0.08995652172177389,True,0.047804079949855804,not_reproduced,not_reproduced,not_reproduced
fresh_hmm_2026100801_q8_s3_c0.2,brier,4,minimax,0.11394726015055079,0.1139472601505574,True,0.047804079949855804,not_reproduced,not_reproduced,not_reproduced
fresh_hmm_2026100801_q8_s3_c0.2,pseudo_count,4,information,0.2767803440147838,0.276780344014785,True,0.04348846897482872,not_reproduced,not_reproduced,not_reproduced
fresh_hmm_2026100801_q8_s3_c0.2,pseudo_count,4,brier,0.2767803440147838,0.276780344014785,True,0.04348846897482872,not_reproduced,not_reproduced,not_reproduced
fresh_hmm_2026100801_q8_s3_c0.2,pseudo_count,4,pseudo_count,0.10338943398982647,0.10338943398984402,True,0.04348846897482872,not_reproduced,not_reproduced,not_reproduced
fresh_hmm_2026100801_q8_s3_c0.2,pseudo_count,4,uniform,0.15367676725234614,0.15367676725267776,True,0.04348846897482872,not_reproduced,not_reproduced,not_reproduced
fresh_hmm_2026100801_q8_s3_c0.2,pseudo_count,4,weighted128,0.1750699779177829,0.17506997791778972,True,0.04348846897482872,not_reproduced,not_reproduced,not_reproduced
fresh_hmm_2026100801_q8_s3_c0.2,pseudo_count,4,minimax,0.1951312721176458,0.19513127211764675,True,0.04348846897482872,not_reproduced,not_reproduced,not_reproduced
fresh_hmm_2026100801_q8_s3_c0.2,uniform,4,information,0.17823516584528631,0.1782351658452868,True,0.0355445547029376,not_reproduced,not_reproduced,not_reproduced
fresh_hmm_2026100801_q8_s3_c0.2,uniform,4,brier,0.17823516584528631,0.1782351658452868,True,0.0355445547029376,not_reproduced,not_reproduced,not_reproduced
fresh_hmm_2026100801_q8_s3_c0.2,uniform,4,pseudo_count,0.17642298356389552,0.17642298356389577,True,0.0355445547029376,not_reproduced,not_reproduced,not_reproduced
fresh_hmm_2026100801_q8_s3_c0.2,uniform,4,uniform,-1.2614531641474969e-09,1.435400972073838e-11,True,0.0355445547029376,reproduced,reproduced,reproduced
fresh_hmm_2026100801_q8_s3_c0.2,uniform,4,weighted128,0.07362675571043209,0.07362675571044139,True,0.0355445547029376,not_reproduced,not_reproduced,not_reproduced
fresh_hmm_2026100801_q8_s3_c0.2,uniform,4,minimax,0.06633728709511788,0.06633728709512124,True,0.0355445547029376,not_reproduced,not_reproduced,not_reproduced
fresh_hmm_2026100801_q8_s3_c0.2,weighted128,4,information,0.15071569618606973,0.15071569618607014,True,30.727357408963144,not_reproduced,not_reproduced,not_reproduced
fresh_hmm_2026100801_q8_s3_c0.2,weighted128,4,brier,0.15071569618606973,0.15071569618607014,True,30.727357408963144,not_reproduced,not_reproduced,not_reproduced
fresh_hmm_2026100801_q8_s3_c0.2,weighted128,4,pseudo_count,0.0626371335861089,0.06263713358611597,True,30.727357408963144,not_reproduced,not_reproduced,not_reproduced
fresh_hmm_2026100801_q8_s3_c0.2,weighted128,4,uniform,0.02823407802843203,0.028234078028433675,True,30.727357408963144,reproduced,not_reproduced,not_reproduced
fresh_hmm_2026100801_q8_s3_c0.2,weighted128,4,weighted128,0.018145645985158776,0.01814564598516792,True,30.727357408963144,reproduced,reproduced,not_reproduced
fresh_hmm_2026100801_q8_s3_c0.2,weighted128,4,minimax,0.038875785544939645,0.0388757855449537,True,30.727357408963144,reproduced,not_reproduced,not_reproduced
fresh_hmm_2026100801_q8_s3_c0.2,minimax,4,information,0.11730072964999327,0.11730072965028432,True,67.46650615520775,not_reproduced,not_reproduced,not_reproduced
fresh_hmm_2026100801_q8_s3_c0.2,minimax,4,brier,0.11730072964999327,0.11730072965028432,True,67.46650615520775,not_reproduced,not_reproduced,not_reproduced
fresh_hmm_2026100801_q8_s3_c0.2,minimax,4,pseudo_count,0.1118988634419994,0.11189886344200689,True,67.46650615520775,not_reproduced,not_reproduced,not_reproduced
fresh_hmm_2026100801_q8_s3_c0.2,minimax,4,uniform,0.02068647659332168,0.020686476593332368,True,67.46650615520775,reproduced,not_reproduced,not_reproduced
fresh_hmm_2026100801_q8_s3_c0.2,minimax,4,weighted128,0.018900205334204223,0.018900205334237002,True,67.46650615520775,reproduced,reproduced,not_reproduced
fresh_hmm_2026100801_q8_s3_c0.2,minimax,4,minimax,0.018453500188632344,0.018453500188634977,True,67.46650615520775,reproduced,reproduced,not_reproduced
fresh_hmm_2026100900_q8_s3_c1.0,information,4,information,0.0,6.071532165918825e-17,True,0.047517791390419006,reproduced,reproduced,reproduced
fresh_hmm_2026100900_q8_s3_c1.0,information,4,brier,0.0,6.071532165918825e-17,True,0.047517791390419006,reproduced,reproduced,reproduced
fresh_hmm_2026100900_q8_s3_c1.0,information,4,pseudo_count,0.09779477597673591,0.09779477597674427,True,0.047517791390419006,not_reproduced,not_reproduced,not_reproduced
fresh_hmm_2026100900_q8_s3_c1.0,information,4,uniform,0.05075376004668919,0.050753760046696475,True,0.047517791390419006,not_reproduced,not_reproduced,not_reproduced
fresh_hmm_2026100900_q8_s3_c1.0,information,4,weighted128,0.040631261469459834,0.04063126146946086,True,0.047517791390419006,reproduced,not_reproduced,not_reproduced
fresh_hmm_2026100900_q8_s3_c1.0,information,4,minimax,0.04070204706963787,0.04070204706969477,True,0.047517791390419006,reproduced,not_reproduced,not_reproduced
fresh_hmm_2026100900_q8_s3_c1.0,brier,4,information,0.0,6.418476861114186e-17,True,0.04774078819900751,reproduced,reproduced,reproduced
fresh_hmm_2026100900_q8_s3_c1.0,brier,4,brier,0.0,6.418476861114186e-17,True,0.04774078819900751,reproduced,reproduced,reproduced
fresh_hmm_2026100900_q8_s3_c1.0,brier,4,pseudo_count,0.08916467084406543,0.08916467084406701,True,0.04774078819900751,not_reproduced,not_reproduced,not_reproduced
fresh_hmm_2026100900_q8_s3_c1.0,brier,4,uniform,0.04577542383373456,0.04577542383373649,True,0.04774078819900751,reproduced,not_reproduced,not_reproduced
fresh_hmm_2026100900_q8_s3_c1.0,brier,4,weighted128,0.0342595650703541,0.03425956507035808,True,0.04774078819900751,reproduced,not_reproduced,not_reproduced
fresh_hmm_2026100900_q8_s3_c1.0,brier,4,minimax,0.034072851252123226,0.03407285125215016,True,0.04774078819900751,reproduced,not_reproduced,not_reproduced
fresh_hmm_2026100900_q8_s3_c1.0,pseudo_count,4,information,0.18553724735553834,0.18553724735553834,True,0.0448249289765954,not_reproduced,not_reproduced,not_reproduced
fresh_hmm_2026100900_q8_s3_c1.0,pseudo_count,4,brier,0.18553724735553834,0.18553724735553834,True,0.0448249289765954,not_reproduced,not_reproduced,not_reproduced
fresh_hmm_2026100900_q8_s3_c1.0,pseudo_count,4,pseudo_count,0.011929796024912065,0.011929796024952186,True,0.0448249289765954,reproduced,reproduced,not_reproduced
fresh_hmm_2026100900_q8_s3_c1.0,pseudo_count,4,uniform,0.09009063841659914,0.09009063841664469,True,0.0448249289765954,not_reproduced,not_reproduced,not_reproduced
fresh_hmm_2026100900_q8_s3_c1.0,pseudo_count,4,weighted128,0.13800187257031626,0.13800187257031846,True,0.0448249289765954,not_reproduced,not_reproduced,not_reproduced
fresh_hmm_2026100900_q8_s3_c1.0,pseudo_count,4,minimax,0.12643231017593293,0.12643231017594186,True,0.0448249289765954,not_reproduced,not_reproduced,not_reproduced
fresh_hmm_2026100900_q8_s3_c1.0,uniform,4,information,0.09365452043325584,0.09365452043325609,True,0.035599987022578716,not_reproduced,not_reproduced,not_reproduced
fresh_hmm_2026100900_q8_s3_c1.0,uniform,4,brier,0.09365452043325584,0.09365452043325609,True,0.035599987022578716,not_reproduced,not_reproduced,not_reproduced
fresh_hmm_2026100900_q8_s3_c1.0,uniform,4,pseudo_count,0.03792930857836918,0.03792930857836933,True,0.035599987022578716,reproduced,not_reproduced,not_reproduced
fresh_hmm_2026100900_q8_s3_c1.0,uniform,4,uniform,-4.440892098500626e-16,5.622238785640832e-14,True,0.035599987022578716,reproduced,reproduced,reproduced
fresh_hmm_2026100900_q8_s3_c1.0,uniform,4,weighted128,0.041794020664608356,0.041794020664635695,True,0.035599987022578716,reproduced,not_reproduced,not_reproduced
fresh_hmm_2026100900_q8_s3_c1.0,uniform,4,minimax,0.03050521606926193,0.03050521606947223,True,0.035599987022578716,reproduced,not_reproduced,not_reproduced
fresh_hmm_2026100900_q8_s3_c1.0,weighted128,4,information,0.03759134544419429,0.03759134544419457,True,41.895549008622766,reproduced,not_reproduced,not_reproduced
fresh_hmm_2026100900_q8_s3_c1.0,weighted128,4,brier,0.03759134544419429,0.03759134544419457,True,41.895549008622766,reproduced,not_reproduced,not_reproduced
fresh_hmm_2026100900_q8_s3_c1.0,weighted128,4,pseudo_count,0.051630855867879744,0.051630855867883185,True,41.895549008622766,not_reproduced,not_reproduced,not_reproduced
fresh_hmm_2026100900_q8_s3_c1.0,weighted128,4,uniform,0.018183255467260295,0.01818325546731832,True,41.895549008622766,reproduced,reproduced,not_reproduced
fresh_hmm_2026100900_q8_s3_c1.0,weighted128,4,weighted128,0.005221817180963928,0.00522181718096463,True,41.895549008622766,reproduced,reproduced,reproduced
fresh_hmm_2026100900_q8_s3_c1.0,weighted128,4,minimax,0.008878428598467658,0.008878428598468449,True,41.895549008622766,reproduced,reproduced,reproduced
fresh_hmm_2026100900_q8_s3_c1.0,minimax,4,information,0.05442805773718784,0.054428057737187854,True,150.7218369897455,not_reproduced,not_reproduced,not_reproduced
fresh_hmm_2026100900_q8_s3_c1.0,minimax,4,brier,0.05442805773718784,0.054428057737187854,True,150.7218369897455,not_reproduced,not_reproduced,not_reproduced
fresh_hmm_2026100900_q8_s3_c1.0,minimax,4,pseudo_count,0.047605269551561635,0.047605269553681856,True,150.7218369897455,reproduced,not_reproduced,not_reproduced
fresh_hmm_2026100900_q8_s3_c1.0,minimax,4,uniform,0.01209062894925994,0.012090628949912804,True,150.7218369897455,reproduced,reproduced,not_reproduced
fresh_hmm_2026100900_q8_s3_c1.0,minimax,4,weighted128,0.00924713342673722,0.009247133426738247,True,150.7218369897455,reproduced,reproduced,reproduced
fresh_hmm_2026100900_q8_s3_c1.0,minimax,4,minimax,0.0058189075853576355,0.005818907585358649,True,150.7218369897455,reproduced,reproduced,reproduced
fresh_hmm_2026100901_q8_s3_c1.0,information,4,information,0.0,8.586881206085195e-17,True,0.04702169448137283,reproduced,reproduced,reproduced
fresh_hmm_2026100901_q8_s3_c1.0,information,4,brier,0.0,8.586881206085195e-17,True,0.04702169448137283,reproduced,reproduced,reproduced
fresh_hmm_2026100901_q8_s3_c1.0,information,4,pseudo_count,0.062120467860956596,0.062120467860956985,True,0.04702169448137283,not_reproduced,not_reproduced,not_reproduced
fresh_hmm_2026100901_q8_s3_c1.0,information,4,uniform,0.07101164395145854,0.07101164395177023,True,0.04702169448137283,not_reproduced,not_reproduced,not_reproduced
fresh_hmm_2026100901_q8_s3_c1.0,information,4,weighted128,0.070237114355572,0.07023711435557471,True,0.04702169448137283,not_reproduced,not_reproduced,not_reproduced
fresh_hmm_2026100901_q8_s3_c1.0,information,4,minimax,0.08578321647161757,0.08578321647161831,True,0.04702169448137283,not_reproduced,not_reproduced,not_reproduced
fresh_hmm_2026100901_q8_s3_c1.0,brier,4,information,0.0,5.237130173973981e-15,True,0.04729511309415102,reproduced,reproduced,reproduced
fresh_hmm_2026100901_q8_s3_c1.0,brier,4,brier,0.0,5.237130173973981e-15,True,0.04729511309415102,reproduced,reproduced,reproduced
fresh_hmm_2026100901_q8_s3_c1.0,brier,4,pseudo_count,0.060177027663691485,0.060177027663720115,True,0.04729511309415102,not_reproduced,not_reproduced,not_reproduced
fresh_hmm_2026100901_q8_s3_c1.0,brier,4,uniform,0.06759486914292023,0.06759486914305284,True,0.04729511309415102,not_reproduced,not_reproduced,not_reproduced
fresh_hmm_2026100901_q8_s3_c1.0,brier,4,weighted128,0.06936833617622118,0.06936833618332156,True,0.04729511309415102,not_reproduced,not_reproduced,not_reproduced
fresh_hmm_2026100901_q8_s3_c1.0,brier,4,minimax,0.08202261497760843,0.08202261497762481,True,0.04729511309415102,not_reproduced,not_reproduced,not_reproduced
fresh_hmm_2026100901_q8_s3_c1.0,pseudo_count,4,information,0.11581388686009009,0.11581388686009017,True,0.044623684138059616,not_reproduced,not_reproduced,not_reproduced
fresh_hmm_2026100901_q8_s3_c1.0,pseudo_count,4,brier,0.11581388686009009,0.11581388686009017,True,0.044623684138059616,not_reproduced,not_reproduced,not_reproduced
fresh_hmm_2026100901_q8_s3_c1.0,pseudo_count,4,pseudo_count,0.020955147993284906,0.020955147993306368,True,0.044623684138059616,reproduced,not_reproduced,not_reproduced
fresh_hmm_2026100901_q8_s3_c1.0,pseudo_count,4,uniform,0.05463614690982266,0.05463614690991387,True,0.044623684138059616,not_reproduced,not_reproduced,not_reproduced
fresh_hmm_2026100901_q8_s3_c1.0,pseudo_count,4,weighted128,0.07847365092442937,0.07847365092443115,True,0.044623684138059616,not_reproduced,not_reproduced,not_reproduced
fresh_hmm_2026100901_q8_s3_c1.0,pseudo_count,4,minimax,0.08325178423967616,0.0832517842397067,True,0.044623684138059616,not_reproduced,not_reproduced,not_reproduced
fresh_hmm_2026100901_q8_s3_c1.0,uniform,4,information,0.087804776988896,0.08780477698889627,True,0.035343969240784645,not_reproduced,not_reproduced,not_reproduced
fresh_hmm_2026100901_q8_s3_c1.0,uniform,4,brier,0.087804776988896,0.08780477698889627,True,0.035343969240784645,not_reproduced,not_reproduced,not_reproduced
fresh_hmm_2026100901_q8_s3_c1.0,uniform,4,pseudo_count,0.051484320777516746,0.05148432077751745,True,0.035343969240784645,not_reproduced,not_reproduced,not_reproduced
fresh_hmm_2026100901_q8_s3_c1.0,uniform,4,uniform,-6.661338147750939e-16,2.6860024621155887e-14,True,0.035343969240784645,reproduced,reproduced,reproduced
fresh_hmm_2026100901_q8_s3_c1.0,uniform,4,weighted128,0.029027043197243807,0.029027043197244008,True,0.035343969240784645,reproduced,not_reproduced,not_reproduced
fresh_hmm_2026100901_q8_s3_c1.0,uniform,4,minimax,0.03267926659025244,0.03267926659025394,True,0.035343969240784645,reproduced,not_reproduced,not_reproduced
fresh_hmm_2026100901_q8_s3_c1.0,weighted128,4,information,0.04313364744570858,0.04313364744570864,True,22.417071545496583,reproduced,not_reproduced,not_reproduced
fresh_hmm_2026100901_q8_s3_c1.0,weighted128,4,brier,0.04313364744570858,0.04313364744570864,True,22.417071545496583,reproduced,not_reproduced,not_reproduced
fresh_hmm_2026100901_q8_s3_c1.0,weighted128,4,pseudo_count,0.03587046167425301,0.035870461674259634,True,22.417071545496583,reproduced,not_reproduced,not_reproduced
fresh_hmm_2026100901_q8_s3_c1.0,weighted128,4,uniform,0.015520647245916619,0.015520647246151747,True,22.417071545496583,reproduced,reproduced,not_reproduced
fresh_hmm_2026100901_q8_s3_c1.0,weighted128,4,weighted128,0.010141083692261743,0.010141083692263507,True,22.417071545496583,reproduced,reproduced,not_reproduced
fresh_hmm_2026100901_q8_s3_c1.0,weighted128,4,minimax,0.013885404834141357,0.013885404834149424,True,22.417071545496583,reproduced,reproduced,not_reproduced
fresh_hmm_2026100901_q8_s3_c1.0,minimax,4,information,0.05762124104207089,0.05762124104207114,True,28.28919945564121,not_reproduced,not_reproduced,not_reproduced
fresh_hmm_2026100901_q8_s3_c1.0,minimax,4,brier,0.05762124104207089,0.05762124104207114,True,28.28919945564121,not_reproduced,not_reproduced,not_reproduced
fresh_hmm_2026100901_q8_s3_c1.0,minimax,4,pseudo_count,0.046696514285323065,0.04669651428532812,True,28.28919945564121,reproduced,not_reproduced,not_reproduced
fresh_hmm_2026100901_q8_s3_c1.0,minimax,4,uniform,0.015895080246377646,0.01589508024640757,True,28.28919945564121,reproduced,reproduced,not_reproduced
fresh_hmm_2026100901_q8_s3_c1.0,minimax,4,weighted128,0.007101663989860452,0.007101663989886452,True,28.28919945564121,reproduced,reproduced,reproduced
fresh_hmm_2026100901_q8_s3_c1.0,minimax,4,minimax,0.004565975441945369,0.004565975441947846,True,28.28919945564121,reproduced,reproduced,reproduced
fresh_hmm_2026101000_q8_s3_c5.0,information,4,information,0.0,3.0461744238152733e-15,True,0.04779146797955036,reproduced,reproduced,reproduced
fresh_hmm_2026101000_q8_s3_c5.0,information,4,brier,0.010542020552491649,0.010542020552856402,True,0.04779146797955036,reproduced,reproduced,not_reproduced
fresh_hmm_2026101000_q8_s3_c5.0,information,4,pseudo_count,0.08377879063951355,0.08377879063951559,True,0.04779146797955036,not_reproduced,not_reproduced,not_reproduced
fresh_hmm_2026101000_q8_s3_c5.0,information,4,uniform,0.05847896739837555,0.05847896739838733,True,0.04779146797955036,not_reproduced,not_reproduced,not_reproduced
fresh_hmm_2026101000_q8_s3_c5.0,information,4,weighted128,0.05417283428390096,0.05417283428393026,True,0.04779146797955036,not_reproduced,not_reproduced,not_reproduced
fresh_hmm_2026101000_q8_s3_c5.0,information,4,minimax,0.05412026333983355,0.05412026333983404,True,0.04779146797955036,not_reproduced,not_reproduced,not_reproduced
fresh_hmm_2026101000_q8_s3_c5.0,brier,4,information,0.017503641723664143,0.017503641723665718,True,0.04696180298924446,reproduced,reproduced,not_reproduced
fresh_hmm_2026101000_q8_s3_c5.0,brier,4,brier,-4.769651251949402e-13,2.0759782781709646e-13,True,0.04696180298924446,reproduced,reproduced,reproduced
fresh_hmm_2026101000_q8_s3_c5.0,brier,4,pseudo_count,0.07188894394547407,0.07188894394547418,True,0.04696180298924446,not_reproduced,not_reproduced,not_reproduced
fresh_hmm_2026101000_q8_s3_c5.0,brier,4,uniform,0.04534138545860322,0.04534138545861601,True,0.04696180298924446,reproduced,not_reproduced,not_reproduced
fresh_hmm_2026101000_q8_s3_c5.0,brier,4,weighted128,0.04188809868006893,0.041888098680120764,True,0.04696180298924446,reproduced,not_reproduced,not_reproduced
fresh_hmm_2026101000_q8_s3_c5.0,brier,4,minimax,0.041397257291285405,0.04139725729132959,True,0.04696180298924446,reproduced,not_reproduced,not_reproduced
fresh_hmm_2026101000_q8_s3_c5.0,pseudo_count,4,information,0.09741083837265707,0.09741083837265724,True,0.04502795543521643,not_reproduced,not_reproduced,not_reproduced
fresh_hmm_2026101000_q8_s3_c5.0,pseudo_count,4,brier,0.09741083837265152,0.09741083837266143,True,0.04502795543521643,not_reproduced,not_reproduced,not_reproduced
fresh_hmm_2026101000_q8_s3_c5.0,pseudo_count,4,pseudo_count,0.0,4.554689958524705e-14,True,0.04502795543521643,reproduced,reproduced,reproduced
fresh_hmm_2026101000_q8_s3_c5.0,pseudo_count,4,uniform,0.035093601001782826,0.03509360100178444,True,0.04502795543521643,reproduced,not_reproduced,not_reproduced
fresh_hmm_2026101000_q8_s3_c5.0,pseudo_count,4,weighted128,0.04582628654006504,0.0458262865400683,True,0.04502795543521643,reproduced,not_reproduced,not_reproduced
fresh_hmm_2026101000_q8_s3_c5.0,pseudo_count,4,minimax,0.05163614679757256,0.05163614679761384,True,0.04502795543521643,not_reproduced,not_reproduced,not_reproduced
fresh_hmm_2026101000_q8_s3_c5.0,uniform,4,information,0.05113338681778923,0.051133386817789464,True,0.03560471534729004,not_reproduced,not_reproduced,not_reproduced
fresh_hmm_2026101000_q8_s3_c5.0,uniform,4,brier,0.05113338681776913,0.05113338681779045,True,0.03560471534729004,not_reproduced,not_reproduced,not_reproduced
fresh_hmm_2026101000_q8_s3_c5.0,uniform,4,pseudo_count,0.019376688857348223,0.019376688857351332,True,0.03560471534729004,reproduced,reproduced,not_reproduced
fresh_hmm_2026101000_q8_s3_c5.0,uniform,4,uniform,-1.1102230246251565e-16,3.026051631493942e-14,True,0.03560471534729004,reproduced,reproduced,reproduced
fresh_hmm_2026101000_q8_s3_c5.0,uniform,4,weighted128,0.006009302178859421,0.0060093025676573614,True,0.03560471534729004,reproduced,reproduced,reproduced
fresh_hmm_2026101000_q8_s3_c5.0,uniform,4,minimax,0.005905148487288292,0.00590514848728846,True,0.03560471534729004,reproduced,reproduced,reproduced
fresh_hmm_2026101000_q8_s3_c5.0,weighted128,4,information,0.03896768556940422,0.038967685569404414,True,21.224607842043042,reproduced,not_reproduced,not_reproduced
fresh_hmm_2026101000_q8_s3_c5.0,weighted128,4,brier,0.03896768556907704,0.03896768556944185,True,21.224607842043042,reproduced,not_reproduced,not_reproduced
fresh_hmm_2026101000_q8_s3_c5.0,weighted128,4,pseudo_count,0.017275933222758555,0.017275933230213307,True,21.224607842043042,reproduced,reproduced,not_reproduced
fresh_hmm_2026101000_q8_s3_c5.0,weighted128,4,uniform,0.0033927686189187956,0.0033927686189257392,True,21.224607842043042,reproduced,reproduced,reproduced
fresh_hmm_2026101000_q8_s3_c5.0,weighted128,4,weighted128,0.0013707337194128755,0.0013707337194144632,True,21.224607842043042,reproduced,reproduced,reproduced
fresh_hmm_2026101000_q8_s3_c5.0,weighted128,4,minimax,0.004267798113653631,0.00426779811368231,True,21.224607842043042,reproduced,reproduced,reproduced
fresh_hmm_2026101000_q8_s3_c5.0,minimax,4,information,0.022997634559026703,0.02299763455902675,True,8.576645243912935,reproduced,not_reproduced,not_reproduced
fresh_hmm_2026101000_q8_s3_c5.0,minimax,4,brier,0.022997634559026592,0.022997634559026876,True,8.576645243912935,reproduced,not_reproduced,not_reproduced
fresh_hmm_2026101000_q8_s3_c5.0,minimax,4,pseudo_count,0.014910425391840176,0.014910425392441654,True,8.576645243912935,reproduced,reproduced,not_reproduced
fresh_hmm_2026101000_q8_s3_c5.0,minimax,4,uniform,0.008530959927079751,0.008530959927447911,True,8.576645243912935,reproduced,reproduced,reproduced
fresh_hmm_2026101000_q8_s3_c5.0,minimax,4,weighted128,0.0062511323820855225,0.0062511323835599,True,8.576645243912935,reproduced,reproduced,reproduced
fresh_hmm_2026101000_q8_s3_c5.0,minimax,4,minimax,0.009762938592733805,0.009762938593251218,True,8.576645243912935,reproduced,reproduced,reproduced
fresh_hmm_2026101001_q8_s3_c5.0,information,4,information,0.0,1.797173521111972e-15,True,0.04932783264666796,reproduced,reproduced,reproduced
fresh_hmm_2026101001_q8_s3_c5.0,information,4,brier,0.0,1.797173521111972e-15,True,0.04932783264666796,reproduced,reproduced,reproduced
fresh_hmm_2026101001_q8_s3_c5.0,information,4,pseudo_count,0.08842070541341851,0.0884207054134186,True,0.04932783264666796,not_reproduced,not_reproduced,not_reproduced
fresh_hmm_2026101001_q8_s3_c5.0,information,4,uniform,0.06246966466830861,0.06246966467002227,True,0.04932783264666796,not_reproduced,not_reproduced,not_reproduced
fresh_hmm_2026101001_q8_s3_c5.0,information,4,weighted128,0.06459046327857909,0.06459046327858979,True,0.04932783264666796,not_reproduced,not_reproduced,not_reproduced
fresh_hmm_2026101001_q8_s3_c5.0,information,4,minimax,0.05889471240836408,0.058894712408475346,True,0.04932783264666796,not_reproduced,not_reproduced,not_reproduced
fresh_hmm_2026101001_q8_s3_c5.0,brier,4,information,0.0,1.2698175844150228e-15,True,0.048711834475398064,reproduced,reproduced,reproduced
fresh_hmm_2026101001_q8_s3_c5.0,brier,4,brier,0.0,1.2698175844150228e-15,True,0.048711834475398064,reproduced,reproduced,reproduced
fresh_hmm_2026101001_q8_s3_c5.0,brier,4,pseudo_count,0.08420546712476695,0.08420546712476773,True,0.048711834475398064,not_reproduced,not_reproduced,not_reproduced
fresh_hmm_2026101001_q8_s3_c5.0,brier,4,uniform,0.05649118245835327,0.056491182458357776,True,0.048711834475398064,not_reproduced,not_reproduced,not_reproduced
fresh_hmm_2026101001_q8_s3_c5.0,brier,4,weighted128,0.05797221149537568,0.05797221149539931,True,0.048711834475398064,not_reproduced,not_reproduced,not_reproduced
fresh_hmm_2026101001_q8_s3_c5.0,brier,4,minimax,0.05372598576014842,0.05372598576016884,True,0.048711834475398064,not_reproduced,not_reproduced,not_reproduced
fresh_hmm_2026101001_q8_s3_c5.0,pseudo_count,4,information,0.051372801583622785,0.05137280158362302,True,0.04863348323851824,not_reproduced,not_reproduced,not_reproduced
fresh_hmm_2026101001_q8_s3_c5.0,pseudo_count,4,brier,0.051372801583622785,0.05137280158362302,True,0.04863348323851824,not_reproduced,not_reproduced,not_reproduced
fresh_hmm_2026101001_q8_s3_c5.0,pseudo_count,4,pseudo_count,0.002801380958218136,0.0028013809582188645,True,0.04863348323851824,reproduced,reproduced,reproduced
fresh_hmm_2026101001_q8_s3_c5.0,pseudo_count,4,uniform,0.014811900470124373,0.014811900470170877,True,0.04863348323851824,reproduced,reproduced,not_reproduced
fresh_hmm_2026101001_q8_s3_c5.0,pseudo_count,4,weighted128,0.017836258623172285,0.017836258623184373,True,0.04863348323851824,reproduced,reproduced,not_reproduced
fresh_hmm_2026101001_q8_s3_c5.0,pseudo_count,4,minimax,0.02095003585374544,0.020950035853829735,True,0.04863348323851824,reproduced,not_reproduced,not_reproduced
fresh_hmm_2026101001_q8_s3_c5.0,uniform,4,information,0.04151602798548104,0.041516027985481006,True,0.03629165701568127,reproduced,not_reproduced,not_reproduced
fresh_hmm_2026101001_q8_s3_c5.0,uniform,4,brier,0.04151602798548104,0.041516027985481006,True,0.03629165701568127,reproduced,not_reproduced,not_reproduced
fresh_hmm_2026101001_q8_s3_c5.0,uniform,4,pseudo_count,0.022294370802572017,0.022294370802577047,True,0.03629165701568127,reproduced,not_reproduced,not_reproduced
fresh_hmm_2026101001_q8_s3_c5.0,uniform,4,uniform,-2.220446049250313e-16,7.091723042140785e-14,True,0.03629165701568127,reproduced,reproduced,reproduced
fresh_hmm_2026101001_q8_s3_c5.0,uniform,4,weighted128,0.001815201055641813,0.0018152010556422306,True,0.03629165701568127,reproduced,reproduced,reproduced
fresh_hmm_2026101001_q8_s3_c5.0,uniform,4,minimax,0.004008149278842188,0.004008149278852874,True,0.03629165701568127,reproduced,reproduced,reproduced
fresh_hmm_2026101001_q8_s3_c5.0,weighted128,4,information,0.03394438758259055,0.03394438758259068,True,24.13498003128916,reproduced,not_reproduced,not_reproduced
fresh_hmm_2026101001_q8_s3_c5.0,weighted128,4,brier,0.03394438758259055,0.03394438758259068,True,24.13498003128916,reproduced,not_reproduced,not_reproduced
fresh_hmm_2026101001_q8_s3_c5.0,weighted128,4,pseudo_count,0.016122478686040664,0.016122478686054716,True,24.13498003128916,reproduced,reproduced,not_reproduced
fresh_hmm_2026101001_q8_s3_c5.0,weighted128,4,uniform,0.003576368206364755,0.003576368230295754,True,24.13498003128916,reproduced,reproduced,reproduced
fresh_hmm_2026101001_q8_s3_c5.0,weighted128,4,weighted128,0.0013521230268139783,0.0013521230268175731,True,24.13498003128916,reproduced,reproduced,reproduced
fresh_hmm_2026101001_q8_s3_c5.0,weighted128,4,minimax,0.005131382030350684,0.0051313820303546375,True,24.13498003128916,reproduced,reproduced,reproduced
fresh_hmm_2026101001_q8_s3_c5.0,minimax,4,information,0.021187554626533878,0.021187554631981395,True,19.16172689385712,reproduced,not_reproduced,not_reproduced
fresh_hmm_2026101001_q8_s3_c5.0,minimax,4,brier,0.021187554626533878,0.021187554631981395,True,19.16172689385712,reproduced,not_reproduced,not_reproduced
fresh_hmm_2026101001_q8_s3_c5.0,minimax,4,pseudo_count,0.017815255922384754,0.017815255922471775,True,19.16172689385712,reproduced,reproduced,not_reproduced
fresh_hmm_2026101001_q8_s3_c5.0,minimax,4,uniform,0.0034275647708738033,0.003427564770892422,True,19.16172689385712,reproduced,reproduced,reproduced
fresh_hmm_2026101001_q8_s3_c5.0,minimax,4,weighted128,0.001705953050396003,0.0017059530504013303,True,19.16172689385712,reproduced,reproduced,reproduced
fresh_hmm_2026101001_q8_s3_c5.0,minimax,4,minimax,0.004558252294055709,0.0045582522951487636,True,19.16172689385712,reproduced,reproduced,reproduced
hmm_91501_0.2,information,4,information,0.055306034389597025,0.05530603438962228,True,0.0331140523776412,not_reproduced,not_reproduced,not_reproduced
hmm_91501_0.2,information,4,brier,0.0,3.3507918661968006e-14,True,0.0331140523776412,reproduced,reproduced,reproduced
hmm_91501_0.2,information,4,pseudo_count,0.04232996016074497,0.04232996016075365,True,0.0331140523776412,reproduced,not_reproduced,not_reproduced
hmm_91501_0.2,information,4,uniform,0.03930790938532813,0.03930790938533098,True,0.0331140523776412,reproduced,not_reproduced,not_reproduced
hmm_91501_0.2,information,4,weighted128,0.030870251796604964,0.030870251796608884,True,0.0331140523776412,reproduced,not_reproduced,not_reproduced
hmm_91501_0.2,information,4,minimax,0.016534529593998593,0.016534529594012862,True,0.0331140523776412,reproduced,reproduced,not_reproduced
hmm_91501_0.2,brier,4,information,0.055306034389597025,0.05530603438962228,True,0.03429059684276581,not_reproduced,not_reproduced,not_reproduced
hmm_91501_0.2,brier,4,brier,0.0,3.3507918661968006e-14,True,0.03429059684276581,reproduced,reproduced,reproduced
hmm_91501_0.2,brier,4,pseudo_count,0.04232996016074497,0.04232996016075365,True,0.03429059684276581,reproduced,not_reproduced,not_reproduced
hmm_91501_0.2,brier,4,uniform,0.03930790938532813,0.03930790938533098,True,0.03429059684276581,reproduced,not_reproduced,not_reproduced
hmm_91501_0.2,brier,4,weighted128,0.030870251796604964,0.030870251796608884,True,0.03429059684276581,reproduced,not_reproduced,not_reproduced
hmm_91501_0.2,brier,4,minimax,0.016534529593998593,0.016534529594012862,True,0.03429059684276581,reproduced,reproduced,not_reproduced
hmm_91501_0.2,pseudo_count,4,information,0.05297767244207707,0.05297767244207748,True,0.03215037379413843,not_reproduced,not_reproduced,not_reproduced
hmm_91501_0.2,pseudo_count,4,brier,0.09413531180605827,0.09413531180606248,True,0.03215037379413843,not_reproduced,not_reproduced,not_reproduced
hmm_91501_0.2,pseudo_count,4,pseudo_count,0.020454855650770654,0.020454855650777305,True,0.03215037379413843,reproduced,not_reproduced,not_reproduced
hmm_91501_0.2,pseudo_count,4,uniform,0.03937676354514319,0.03937676354516516,True,0.03215037379413843,reproduced,not_reproduced,not_reproduced
hmm_91501_0.2,pseudo_count,4,weighted128,0.058679181890349374,0.05867918189035987,True,0.03215037379413843,not_reproduced,not_reproduced,not_reproduced
hmm_91501_0.2,pseudo_count,4,minimax,0.055127241612151434,0.05512724161222344,True,0.03215037379413843,not_reproduced,not_reproduced,not_reproduced
hmm_91501_0.2,uniform,4,information,0.09060302659248021,0.09060302659248046,True,0.02107099536806345,not_reproduced,not_reproduced,not_reproduced
hmm_91501_0.2,uniform,4,brier,0.11825756595382797,0.11825756595451863,True,0.02107099536806345,not_reproduced,not_reproduced,not_reproduced
hmm_91501_0.2,uniform,4,pseudo_count,0.07160986299754257,0.07160986299754475,True,0.02107099536806345,not_reproduced,not_reproduced,not_reproduced
hmm_91501_0.2,uniform,4,uniform,0.0,1.0993071416273009e-13,True,0.02107099536806345,reproduced,reproduced,reproduced
hmm_91501_0.2,uniform,4,weighted128,0.08231231152704355,0.08231231152704395,True,0.02107099536806345,not_reproduced,not_reproduced,not_reproduced
hmm_91501_0.2,uniform,4,minimax,0.06902588867745973,0.06902588867803341,True,0.02107099536806345,not_reproduced,not_reproduced,not_reproduced
hmm_91501_0.2,weighted128,4,information,0.033608299680165765,0.03360829968016593,True,4.91244038566947,reproduced,not_reproduced,not_reproduced
hmm_91501_0.2,weighted128,4,brier,0.018445119074838034,0.018445119074838312,True,4.91244038566947,reproduced,reproduced,not_reproduced
hmm_91501_0.2,weighted128,4,pseudo_count,0.030315364833161107,0.030315365487774932,True,4.91244038566947,reproduced,not_reproduced,not_reproduced
hmm_91501_0.2,weighted128,4,uniform,0.006555905764433545,0.006555905764434648,True,4.91244038566947,reproduced,reproduced,reproduced
hmm_91501_0.2,weighted128,4,weighted128,0.013181442950412903,0.013181442950424949,True,4.91244038566947,reproduced,reproduced,not_reproduced
hmm_91501_0.2,weighted128,4,minimax,0.008095511467298477,0.008095511467305961,True,4.91244038566947,reproduced,reproduced,reproduced
hmm_91501_0.2,minimax,4,information,0.04158584201144955,0.041585842011449645,True,3.488083304837346,reproduced,not_reproduced,not_reproduced
hmm_91501_0.2,minimax,4,brier,0.02968111853913613,0.029681118539136492,True,3.488083304837346,reproduced,not_reproduced,not_reproduced
hmm_91501_0.2,minimax,4,pseudo_count,0.04016882409415057,0.040168824094150714,True,3.488083304837346,reproduced,not_reproduced,not_reproduced
hmm_91501_0.2,minimax,4,uniform,0.006335194359682661,0.0063351952390869656,True,3.488083304837346,reproduced,reproduced,reproduced
hmm_91501_0.2,minimax,4,weighted128,0.02177453760267989,0.021774537602680347,True,3.488083304837346,reproduced,not_reproduced,not_reproduced
hmm_91501_0.2,minimax,4,minimax,0.005409443616057774,0.005409443616062769,True,3.488083304837346,reproduced,reproduced,reproduced
hmm_91502_1.0,information,4,information,0.011151546552120806,0.011151546552121062,True,0.04519513063132763,reproduced,reproduced,not_reproduced
hmm_91502_1.0,information,4,brier,0.0027155956059463637,0.0027155956059474184,True,0.04519513063132763,reproduced,reproduced,reproduced
hmm_91502_1.0,information,4,pseudo_count,0.05821300912393168,0.05821300912393297,True,0.04519513063132763,not_reproduced,not_reproduced,not_reproduced
hmm_91502_1.0,information,4,uniform,0.03793055602915818,0.03793055602916186,True,0.04519513063132763,reproduced,not_reproduced,not_reproduced
hmm_91502_1.0,information,4,weighted128,0.041228474054692654,0.04122847405470433,True,0.04519513063132763,reproduced,not_reproduced,not_reproduced
hmm_91502_1.0,information,4,minimax,0.03973720920729895,0.03973720920729938,True,0.04519513063132763,reproduced,not_reproduced,not_reproduced
hmm_91502_1.0,brier,4,information,0.014010960348851742,0.01401096034885188,True,0.04581725876778364,reproduced,reproduced,not_reproduced
hmm_91502_1.0,brier,4,brier,0.003075769719537158,0.0030757697195440276,True,0.04581725876778364,reproduced,reproduced,reproduced
hmm_91502_1.0,brier,4,pseudo_count,0.057041939950532305,0.05704193995053847,True,0.04581725876778364,not_reproduced,not_reproduced,not_reproduced
hmm_91502_1.0,brier,4,uniform,0.03688889683378538,0.036888896833785836,True,0.04581725876778364,reproduced,not_reproduced,not_reproduced
hmm_91502_1.0,brier,4,weighted128,0.04151407380793615,0.04151407380794475,True,0.04581725876778364,reproduced,not_reproduced,not_reproduced
hmm_91502_1.0,brier,4,minimax,0.04043767005114529,0.04043767005114697,True,0.04581725876778364,reproduced,not_reproduced,not_reproduced
hmm_91502_1.0,pseudo_count,4,information,0.05328887320637565,0.05328887320637569,True,0.041721767745912075,not_reproduced,not_reproduced,not_reproduced
hmm_91502_1.0,pseudo_count,4,brier,0.0532888732063751,0.05328887320637572,True,0.041721767745912075,not_reproduced,not_reproduced,not_reproduced
hmm_91502_1.0,pseudo_count,4,pseudo_count,0.008035901234384912,0.008035901234535963,True,0.041721767745912075,reproduced,reproduced,reproduced
hmm_91502_1.0,pseudo_count,4,uniform,0.018907482327527925,0.018907482327540512,True,0.041721767745912075,reproduced,reproduced,not_reproduced
hmm_91502_1.0,pseudo_count,4,weighted128,0.023920645708606303,0.023920645708612985,True,0.041721767745912075,reproduced,not_reproduced,not_reproduced
hmm_91502_1.0,pseudo_count,4,minimax,0.02539928755811871,0.02539928755812026,True,0.041721767745912075,reproduced,not_reproduced,not_reproduced
hmm_91502_1.0,uniform,4,information,0.0581621730782903,0.05816217307829022,True,0.027924347668886185,not_reproduced,not_reproduced,not_reproduced
hmm_91502_1.0,uniform,4,brier,0.05816217307828997,0.05816217307829065,True,0.027924347668886185,not_reproduced,not_reproduced,not_reproduced
hmm_91502_1.0,uniform,4,pseudo_count,0.01647008717804843,0.016470087178048754,True,0.027924347668886185,reproduced,reproduced,not_reproduced
hmm_91502_1.0,uniform,4,uniform,0.0,1.2509958347006744e-13,True,0.027924347668886185,reproduced,reproduced,reproduced
hmm_91502_1.0,uniform,4,weighted128,0.0038859501593411228,0.0038859501593439,True,0.027924347668886185,reproduced,reproduced,reproduced
hmm_91502_1.0,uniform,4,minimax,0.011873218734024693,0.011873218734034397,True,0.027924347668886185,reproduced,reproduced,not_reproduced
hmm_91502_1.0,weighted128,4,information,0.035838694432097196,0.03583869443209736,True,9.220562083646655,reproduced,not_reproduced,not_reproduced
hmm_91502_1.0,weighted128,4,brier,0.03583869443209686,0.03583869443209775,True,9.220562083646655,reproduced,not_reproduced,not_reproduced
hmm_91502_1.0,weighted128,4,pseudo_count,0.011349984888183395,0.011349984888185533,True,9.220562083646655,reproduced,reproduced,not_reproduced
hmm_91502_1.0,weighted128,4,uniform,0.0012959529428713257,0.0012959529620481412,True,9.220562083646655,reproduced,reproduced,reproduced
hmm_91502_1.0,weighted128,4,weighted128,0.0020114049094517306,0.0020114049094560505,True,9.220562083646655,reproduced,reproduced,reproduced
hmm_91502_1.0,weighted128,4,minimax,0.0027779820242754827,0.0027779820242832326,True,9.220562083646655,reproduced,reproduced,reproduced
hmm_91502_1.0,minimax,4,information,0.028997277110350606,0.028997277110350696,True,6.75437843054533,reproduced,not_reproduced,not_reproduced
hmm_91502_1.0,minimax,4,brier,0.02899727711034983,0.02899727711036132,True,6.75437843054533,reproduced,not_reproduced,not_reproduced
hmm_91502_1.0,minimax,4,pseudo_count,0.017314407225523687,0.01731440722552982,True,6.75437843054533,reproduced,reproduced,not_reproduced
hmm_91502_1.0,minimax,4,uniform,0.0027477393804694605,0.0027477393805234998,True,6.75437843054533,reproduced,reproduced,reproduced
hmm_91502_1.0,minimax,4,weighted128,0.0037254262007583305,0.0037254262007620363,True,6.75437843054533,reproduced,reproduced,reproduced
hmm_91502_1.0,minimax,4,minimax,0.004135771738116745,0.004135771738117564,True,6.75437843054533,reproduced,reproduced,reproduced
hmm_91503_5.0,information,4,information,0.0,1.1622647289044608e-16,True,0.03321819566190243,reproduced,reproduced,reproduced
hmm_91503_5.0,information,4,brier,0.0,1.1622647289044608e-16,True,0.03321819566190243,reproduced,reproduced,reproduced
hmm_91503_5.0,information,4,pseudo_count,0.08071988035423106,0.08071988035423501,True,0.03321819566190243,not_reproduced,not_reproduced,not_reproduced
hmm_91503_5.0,information,4,uniform,0.057722490348418476,0.057722490348418566,True,0.03321819566190243,not_reproduced,not_reproduced,not_reproduced
hmm_91503_5.0,information,4,weighted128,0.053551138219696925,0.05355113821969935,True,0.03321819566190243,not_reproduced,not_reproduced,not_reproduced
hmm_91503_5.0,information,4,minimax,0.056053373522010896,0.05605337352202131,True,0.03321819566190243,not_reproduced,not_reproduced,not_reproduced
hmm_91503_5.0,brier,4,information,0.0,6.418476861114186e-17,True,0.03351145330816507,reproduced,reproduced,reproduced
hmm_91503_5.0,brier,4,brier,0.0,6.418476861114186e-17,True,0.03351145330816507,reproduced,reproduced,reproduced
hmm_91503_5.0,brier,4,pseudo_count,0.08071988035423183,0.08071988035423211,True,0.03351145330816507,not_reproduced,not_reproduced,not_reproduced
hmm_91503_5.0,brier,4,uniform,0.05654136365091145,0.05654136365091269,True,0.03351145330816507,not_reproduced,not_reproduced,not_reproduced
hmm_91503_5.0,brier,4,weighted128,0.052478479433321734,0.052478479433322386,True,0.03351145330816507,not_reproduced,not_reproduced,not_reproduced
hmm_91503_5.0,brier,4,minimax,0.05435878537667227,0.05435878537667829,True,0.03351145330816507,not_reproduced,not_reproduced,not_reproduced
hmm_91503_5.0,pseudo_count,4,information,0.042905169081781436,0.04290516908178188,True,0.030811184085905552,reproduced,not_reproduced,not_reproduced
hmm_91503_5.0,pseudo_count,4,brier,0.042905169081781436,0.04290516908178188,True,0.030811184085905552,reproduced,not_reproduced,not_reproduced
hmm_91503_5.0,pseudo_count,4,pseudo_count,0.009763997335565544,0.00976399733556621,True,0.030811184085905552,reproduced,reproduced,reproduced
hmm_91503_5.0,pseudo_count,4,uniform,0.009469132948411674,0.00946913294841954,True,0.030811184085905552,reproduced,reproduced,reproduced
hmm_91503_5.0,pseudo_count,4,weighted128,0.012704860538079288,0.012704860538082596,True,0.030811184085905552,reproduced,reproduced,not_reproduced
hmm_91503_5.0,pseudo_count,4,minimax,0.012400962465087262,0.012400962465158738,True,0.030811184085905552,reproduced,reproduced,not_reproduced
hmm_91503_5.0,uniform,4,information,0.055475433648678574,0.055475433648679066,True,0.02119228895753622,not_reproduced,not_reproduced,not_reproduced
hmm_91503_5.0,uniform,4,brier,0.055475433648678574,0.055475433648679066,True,0.02119228895753622,not_reproduced,not_reproduced,not_reproduced
hmm_91503_5.0,uniform,4,pseudo_count,0.013357061709999285,0.013357061710000527,True,0.02119228895753622,reproduced,reproduced,not_reproduced
hmm_91503_5.0,uniform,4,uniform,0.0,9.43472730496886e-15,True,0.02119228895753622,reproduced,reproduced,reproduced
hmm_91503_5.0,uniform,4,weighted128,0.0054657901160856115,0.005465790116092649,True,0.02119228895753622,reproduced,reproduced,reproduced
hmm_91503_5.0,uniform,4,minimax,0.009054436932646515,0.009054436932646697,True,0.02119228895753622,reproduced,reproduced,reproduced
hmm_91503_5.0,weighted128,4,information,0.03869433533063482,0.03869433533063521,True,15.012831767089665,reproduced,not_reproduced,not_reproduced
hmm_91503_5.0,weighted128,4,brier,0.03869433533063482,0.03869433533063521,True,15.012831767089665,reproduced,not_reproduced,not_reproduced
hmm_91503_5.0,weighted128,4,pseudo_count,0.016472672182657466,0.016472672182660977,True,15.012831767089665,reproduced,reproduced,not_reproduced
hmm_91503_5.0,weighted128,4,uniform,0.0015797003895005046,0.0015797003897317498,True,15.012831767089665,reproduced,reproduced,reproduced
hmm_91503_5.0,weighted128,4,weighted128,2.2062892433005743e-05,2.2062899276246778e-05,True,15.012831767089665,reproduced,reproduced,reproduced
hmm_91503_5.0,weighted128,4,minimax,0.0008607519488356141,0.000860751948837279,True,15.012831767089665,reproduced,reproduced,reproduced
hmm_91503_5.0,minimax,4,information,0.02541825993173008,0.02541825993179721,True,15.587357178330421,reproduced,not_reproduced,not_reproduced
hmm_91503_5.0,minimax,4,brier,0.02541825993173008,0.02541825993179721,True,15.587357178330421,reproduced,not_reproduced,not_reproduced
hmm_91503_5.0,minimax,4,pseudo_count,0.01349303289935444,0.013493032899375389,True,15.587357178330421,reproduced,reproduced,not_reproduced
hmm_91503_5.0,minimax,4,uniform,0.002390136351844818,0.002390136352342996,True,15.587357178330421,reproduced,reproduced,reproduced
hmm_91503_5.0,minimax,4,weighted128,0.0005527191585913416,0.0005527191587776667,True,15.587357178330421,reproduced,reproduced,reproduced
hmm_91503_5.0,minimax,4,minimax,0.0008730590600705135,0.0008730590636116995,True,15.587357178330421,reproduced,reproduced,reproduced
irreversible_0.1_0.3,information,4,information,0.0,4.9873299934333204e-18,True,0.03257364686578512,reproduced,reproduced,reproduced
irreversible_0.1_0.3,information,4,brier,0.0,4.9873299934333204e-18,True,0.03257364686578512,reproduced,reproduced,reproduced
irreversible_0.1_0.3,information,4,pseudo_count,0.28399999999998315,0.28400000000001113,True,0.03257364686578512,not_reproduced,not_reproduced,not_reproduced
irreversible_0.1_0.3,information,4,uniform,0.14199999999997415,0.14200000000000118,True,0.03257364686578512,not_reproduced,not_reproduced,not_reproduced
irreversible_0.1_0.3,information,4,weighted128,0.0,4.088946520784675e-15,True,0.03257364686578512,reproduced,reproduced,reproduced
irreversible_0.1_0.3,information,4,minimax,0.10668783061418852,0.10668783069413307,True,0.03257364686578512,not_reproduced,not_reproduced,not_reproduced
irreversible_0.1_0.3,brier,4,information,0.0,4.9873299934333204e-18,True,0.033649228513240814,reproduced,reproduced,reproduced
irreversible_0.1_0.3,brier,4,brier,0.0,4.9873299934333204e-18,True,0.033649228513240814,reproduced,reproduced,reproduced
irreversible_0.1_0.3,brier,4,pseudo_count,0.28399999999998315,0.28400000000001113,True,0.033649228513240814,not_reproduced,not_reproduced,not_reproduced
irreversible_0.1_0.3,brier,4,uniform,0.14199999999997415,0.14200000000000118,True,0.033649228513240814,not_reproduced,not_reproduced,not_reproduced
irreversible_0.1_0.3,brier,4,weighted128,0.0,4.088946520784675e-15,True,0.033649228513240814,reproduced,reproduced,reproduced
irreversible_0.1_0.3,brier,4,minimax,0.10668783061418852,0.10668783069413307,True,0.033649228513240814,not_reproduced,not_reproduced,not_reproduced
irreversible_0.1_0.3,pseudo_count,4,information,0.472,0.47200000000000014,True,0.030843574553728104,not_reproduced,not_reproduced,not_reproduced
irreversible_0.1_0.3,pseudo_count,4,brier,0.472,0.47200000000000014,True,0.030843574553728104,not_reproduced,not_reproduced,not_reproduced
irreversible_0.1_0.3,pseudo_count,4,pseudo_count,0.0,6.621439507803473e-15,True,0.030843574553728104,reproduced,reproduced,reproduced
irreversible_0.1_0.3,pseudo_count,4,uniform,0.23599999999970034,0.23600000000005117,True,0.030843574553728104,not_reproduced,not_reproduced,not_reproduced
irreversible_0.1_0.3,pseudo_count,4,weighted128,0.4719999999999993,0.4720000000000007,True,0.030843574553728104,not_reproduced,not_reproduced,not_reproduced
irreversible_0.1_0.3,pseudo_count,4,minimax,0.2946878306878301,0.2946878306878308,True,0.030843574553728104,not_reproduced,not_reproduced,not_reproduced
irreversible_0.1_0.3,uniform,4,information,0.23599999999999977,0.23600000000000027,True,0.02098445314913988,not_reproduced,not_reproduced,not_reproduced
irreversible_0.1_0.3,uniform,4,brier,0.23599999999999977,0.23600000000000027,True,0.02098445314913988,not_reproduced,not_reproduced,not_reproduced
irreversible_0.1_0.3,uniform,4,pseudo_count,0.14199999999999835,0.14200000000000146,True,0.02098445314913988,not_reproduced,not_reproduced,not_reproduced
irreversible_0.1_0.3,uniform,4,uniform,0.0,2.3637775764528968e-15,True,0.02098445314913988,reproduced,reproduced,reproduced
irreversible_0.1_0.3,uniform,4,weighted128,0.236,0.23600000000000027,True,0.02098445314913988,not_reproduced,not_reproduced,not_reproduced
irreversible_0.1_0.3,uniform,4,minimax,0.058687830687741305,0.05868783068783192,True,0.02098445314913988,not_reproduced,not_reproduced,not_reproduced
irreversible_0.1_0.3,weighted128,4,information,0.0,8.508032603091187e-15,True,0.4025984425097704,reproduced,reproduced,reproduced
irreversible_0.1_0.3,weighted128,4,brier,0.0,8.508032603091187e-15,True,0.4025984425097704,reproduced,reproduced,reproduced
irreversible_0.1_0.3,weighted128,4,pseudo_count,0.2839999999999996,0.2840000000000004,True,0.4025984425097704,not_reproduced,not_reproduced,not_reproduced
irreversible_0.1_0.3,weighted128,4,uniform,0.14199999999999824,0.14200000000000007,True,0.4025984425097704,not_reproduced,not_reproduced,not_reproduced
irreversible_0.1_0.3,weighted128,4,weighted128,0.0,1.4388460583582285e-13,True,0.4025984425097704,reproduced,reproduced,reproduced
irreversible_0.1_0.3,weighted128,4,minimax,0.10668783068782706,0.10668783068783157,True,0.4025984425097704,not_reproduced,not_reproduced,not_reproduced
irreversible_0.1_0.3,minimax,4,information,0.17731216931216898,0.17731216931216942,True,0.4100605230778456,not_reproduced,not_reproduced,not_reproduced
irreversible_0.1_0.3,minimax,4,brier,0.17731216931216898,0.17731216931216942,True,0.4100605230778456,not_reproduced,not_reproduced,not_reproduced
irreversible_0.1_0.3,minimax,4,pseudo_count,0.1773121693121693,0.17731216931216948,True,0.4100605230778456,not_reproduced,not_reproduced,not_reproduced
irreversible_0.1_0.3,minimax,4,uniform,0.035312169312168185,0.0353121693121716,True,0.4100605230778456,reproduced,not_reproduced,not_reproduced
irreversible_0.1_0.3,minimax,4,weighted128,0.17731216931216887,0.17731216931216967,True,0.4100605230778456,not_reproduced,not_reproduced,not_reproduced
irreversible_0.1_0.3,minimax,4,minimax,0.0,2.2339524300514155e-13,True,0.4100605230778456,reproduced,reproduced,reproduced
sensors_0.1_0.3,information,4,information,0.0,1.0408340855860843e-16,True,0.03840523865073919,reproduced,reproduced,reproduced
sensors_0.1_0.3,information,4,brier,0.0,1.0408340855860843e-16,True,0.03840523865073919,reproduced,reproduced,reproduced
sensors_0.1_0.3,information,4,pseudo_count,0.046499999999999986,0.04650000000000011,True,0.03840523865073919,reproduced,not_reproduced,not_reproduced
sensors_0.1_0.3,information,4,uniform,0.021999999999838926,0.022000000000004037,True,0.03840523865073919,reproduced,not_reproduced,not_reproduced
sensors_0.1_0.3,information,4,weighted128,0.0419605536332176,0.04196055363321908,True,0.03840523865073919,reproduced,not_reproduced,not_reproduced
sensors_0.1_0.3,information,4,minimax,0.03999999999999604,0.04000000000000108,True,0.03840523865073919,reproduced,not_reproduced,not_reproduced
sensors_0.1_0.3,brier,4,information,0.0,9.86623976961809e-17,True,0.033691199496388435,reproduced,reproduced,reproduced
sensors_0.1_0.3,brier,4,brier,0.0,9.86623976961809e-17,True,0.033691199496388435,reproduced,reproduced,reproduced
sensors_0.1_0.3,brier,4,pseudo_count,0.012284999999997104,0.012285000000000948,True,0.033691199496388435,reproduced,reproduced,not_reproduced
sensors_0.1_0.3,brier,4,uniform,0.004646551723995751,0.004646551724139948,True,0.033691199496388435,reproduced,reproduced,reproduced
sensors_0.1_0.3,brier,4,weighted128,0.00929622752974657,0.00929622752975694,True,0.033691199496388435,reproduced,reproduced,reproduced
sensors_0.1_0.3,brier,4,minimax,0.00808189279930005,0.008081892799349217,True,0.033691199496388435,reproduced,reproduced,reproduced
sensors_0.1_0.3,pseudo_count,4,information,0.07199999999999984,0.07200000000000017,True,0.03138744179159403,not_reproduced,not_reproduced,not_reproduced
sensors_0.1_0.3,pseudo_count,4,brier,0.07199999999999984,0.07200000000000017,True,0.03138744179159403,not_reproduced,not_reproduced,not_reproduced
sensors_0.1_0.3,pseudo_count,4,pseudo_count,0.005588391739672849,0.005588391739674827,True,0.03138744179159403,reproduced,reproduced,reproduced
sensors_0.1_0.3,pseudo_count,4,uniform,0.03157344491053782,0.031573444910545666,True,0.03138744179159403,reproduced,not_reproduced,not_reproduced
sensors_0.1_0.3,pseudo_count,4,weighted128,0.02076413429339663,0.020764134293403763,True,0.03138744179159403,reproduced,not_reproduced,not_reproduced
sensors_0.1_0.3,pseudo_count,4,minimax,0.02525937432038805,0.025259374320663427,True,0.03138744179159403,reproduced,not_reproduced,not_reproduced
sensors_0.1_0.3,uniform,4,information,0.0744999999999999,0.07450000000000004,True,0.02069681417196989,not_reproduced,not_reproduced,not_reproduced
sensors_0.1_0.3,uniform,4,brier,0.0744999999999999,0.07450000000000004,True,0.02069681417196989,not_reproduced,not_reproduced,not_reproduced
sensors_0.1_0.3,uniform,4,pseudo_count,0.023820216606081357,0.023820216606498388,True,0.02069681417196989,reproduced,not_reproduced,not_reproduced
sensors_0.1_0.3,uniform,4,uniform,-6.2329136303182e-11,6.457179219489587e-13,True,0.02069681417196989,reproduced,reproduced,reproduced
sensors_0.1_0.3,uniform,4,weighted128,0.006990450393706271,0.0069904503942725725,True,0.02069681417196989,reproduced,reproduced,reproduced
sensors_0.1_0.3,uniform,4,minimax,0.006745440806451897,0.006745440806961071,True,0.02069681417196989,reproduced,reproduced,reproduced
sensors_0.1_0.3,weighted128,4,information,0.04390243902422164,0.04390243902422179,True,2.3087615836411715,reproduced,not_reproduced,not_reproduced
sensors_0.1_0.3,weighted128,4,brier,0.04390243902422164,0.04390243902422179,True,2.3087615836411715,reproduced,not_reproduced,not_reproduced
sensors_0.1_0.3,weighted128,4,pseudo_count,0.0030654878048699263,0.003065487804929744,True,2.3087615836411715,reproduced,reproduced,reproduced
sensors_0.1_0.3,weighted128,4,uniform,0.0046465517241127685,0.0046465517241488265,True,2.3087615836411715,reproduced,reproduced,reproduced
sensors_0.1_0.3,weighted128,4,weighted128,0.0007268908964890297,0.0007268908965280975,True,2.3087615836411715,reproduced,reproduced,reproduced
sensors_0.1_0.3,weighted128,4,minimax,0.0,1.499316079275892e-15,True,2.3087615836411715,reproduced,reproduced,reproduced
sensors_0.1_0.3,minimax,4,information,0.038769230769230445,0.03876923076923062,True,1.780232305638492,reproduced,not_reproduced,not_reproduced
sensors_0.1_0.3,minimax,4,brier,0.038769230769230445,0.03876923076923062,True,1.780232305638492,reproduced,not_reproduced,not_reproduced
sensors_0.1_0.3,minimax,4,pseudo_count,0.023753076268162587,0.02375307626938518,True,1.780232305638492,reproduced,not_reproduced,not_reproduced
sensors_0.1_0.3,minimax,4,uniform,0.0033854370527426347,0.003385437052770646,True,1.780232305638492,reproduced,reproduced,reproduced
sensors_0.1_0.3,minimax,4,weighted128,0.0016553781775985321,0.0016553781777899703,True,1.780232305638492,reproduced,reproduced,reproduced
sensors_0.1_0.3,minimax,4,minimax,0.0007578452168249816,0.0007578452171686423,True,1.780232305638492,reproduced,reproduced,reproduced
sensors_0.25_0.25,information,4,information,0.01757812499999989,0.017578125000000253,True,0.033161234110593796,reproduced,reproduced,not_reproduced
sensors_0.25_0.25,information,4,brier,0.0,1.589483752950649e-14,True,0.033161234110593796,reproduced,reproduced,reproduced
sensors_0.25_0.25,information,4,pseudo_count,0.0,1.589483752950649e-14,True,0.033161234110593796,reproduced,reproduced,reproduced
sensors_0.25_0.25,information,4,uniform,0.007031249999865152,0.007031250000006047,True,0.033161234110593796,reproduced,reproduced,reproduced
sensors_0.25_0.25,information,4,weighted128,-3.3957345900777993e-12,6.464627010788204e-13,True,0.033161234110593796,reproduced,reproduced,reproduced
sensors_0.25_0.25,information,4,minimax,3.824939937602245e-05,3.824939938310338e-05,True,0.033161234110593796,reproduced,reproduced,reproduced
sensors_0.25_0.25,brier,4,information,0.01757812499999989,0.017578125000000253,True,0.03346472233533859,reproduced,reproduced,not_reproduced
sensors_0.25_0.25,brier,4,brier,0.0,1.589483752950649e-14,True,0.03346472233533859,reproduced,reproduced,reproduced
sensors_0.25_0.25,brier,4,pseudo_count,0.0,1.589483752950649e-14,True,0.03346472233533859,reproduced,reproduced,reproduced
sensors_0.25_0.25,brier,4,uniform,0.007031249999865152,0.007031250000006047,True,0.03346472233533859,reproduced,reproduced,reproduced
sensors_0.25_0.25,brier,4,weighted128,-3.3957345900777993e-12,6.464627010788204e-13,True,0.03346472233533859,reproduced,reproduced,reproduced
sensors_0.25_0.25,brier,4,minimax,3.824939937602245e-05,3.824939938310338e-05,True,0.03346472233533859,reproduced,reproduced,reproduced
sensors_0.25_0.25,pseudo_count,4,information,0.01757812499999989,0.017578125000000253,True,0.030495434999465942,reproduced,reproduced,not_reproduced
sensors_0.25_0.25,pseudo_count,4,brier,0.0,1.589483752950649e-14,True,0.030495434999465942,reproduced,reproduced,reproduced
sensors_0.25_0.25,pseudo_count,4,pseudo_count,0.0,1.589483752950649e-14,True,0.030495434999465942,reproduced,reproduced,reproduced
sensors_0.25_0.25,pseudo_count,4,uniform,0.007031249999865152,0.007031250000006047,True,0.030495434999465942,reproduced,reproduced,reproduced
sensors_0.25_0.25,pseudo_count,4,weighted128,-3.3957345900777993e-12,6.464627010788204e-13,True,0.030495434999465942,reproduced,reproduced,reproduced
sensors_0.25_0.25,pseudo_count,4,minimax,3.824939937602245e-05,3.824939938310338e-05,True,0.030495434999465942,reproduced,reproduced,reproduced
sensors_0.25_0.25,uniform,4,information,0.0260009765625,0.026000976562500083,True,0.020388053730130196,reproduced,not_reproduced,not_reproduced
sensors_0.25_0.25,uniform,4,brier,0.007533482142854098,0.007533482142857282,True,0.020388053730130196,reproduced,reproduced,reproduced
sensors_0.25_0.25,uniform,4,pseudo_count,0.007533482142854098,0.007533482142857282,True,0.020388053730130196,reproduced,reproduced,reproduced
sensors_0.25_0.25,uniform,4,uniform,0.0,4.4980837630992365e-14,True,0.020388053730130196,reproduced,reproduced,reproduced
sensors_0.25_0.25,uniform,4,weighted128,0.007533482142044079,0.007533482142857904,True,0.020388053730130196,reproduced,reproduced,reproduced
sensors_0.25_0.25,uniform,4,minimax,0.0075334821341417335,0.007533482142893704,True,0.020388053730130196,reproduced,reproduced,reproduced
sensors_0.25_0.25,weighted128,4,information,0.012784090909090717,0.0127840909090931,True,1.9041384309530258,reproduced,reproduced,not_reproduced
sensors_0.25_0.25,weighted128,4,brier,0.0,4.9199359863916214e-14,True,1.9041384309530258,reproduced,reproduced,reproduced
sensors_0.25_0.25,weighted128,4,pseudo_count,0.0,4.9199359863916214e-14,True,1.9041384309530258,reproduced,reproduced,reproduced
sensors_0.25_0.25,weighted128,4,uniform,0.007031249999987055,0.007031250000003039,True,1.9041384309530258,reproduced,reproduced,reproduced
sensors_0.25_0.25,weighted128,4,weighted128,0.0,3.842932916331421e-14,True,1.9041384309530258,reproduced,reproduced,reproduced
sensors_0.25_0.25,weighted128,4,minimax,0.0,5.5960010930666826e-15,True,1.9041384309530258,reproduced,reproduced,reproduced
sensors_0.25_0.25,minimax,4,information,0.017578124999994893,0.017578125000004694,True,1.033313499763608,reproduced,reproduced,not_reproduced
sensors_0.25_0.25,minimax,4,brier,0.0,5.0427544084907794e-14,True,1.033313499763608,reproduced,reproduced,reproduced
sensors_0.25_0.25,minimax,4,pseudo_count,0.0,5.0427544084907794e-14,True,1.033313499763608,reproduced,reproduced,reproduced
sensors_0.25_0.25,minimax,4,uniform,0.006489017065149039,0.0064890170670142515,True,1.033313499763608,reproduced,reproduced,reproduced
sensors_0.25_0.25,minimax,4,weighted128,0.0,9.415493558428967e-14,True,1.033313499763608,reproduced,reproduced,reproduced
sensors_0.25_0.25,minimax,4,minimax,3.824939933527727e-05,3.82493993832363e-05,True,1.033313499763608,reproduced,reproduced,reproduced
delayed_0.25_0.1,information,5,information,0.006479999999999264,0.006480000000000339,True,0.1884546596556902,reproduced,reproduced,reproduced
delayed_0.25_0.1,information,5,brier,0.04499999999999993,0.04500000000000082,True,0.1884546596556902,reproduced,not_reproduced,not_reproduced
delayed_0.25_0.1,information,5,pseudo_count,0.0,2.667137344314341e-16,True,0.1884546596556902,reproduced,reproduced,reproduced
delayed_0.25_0.1,information,5,uniform,-5.663152099298527e-12,2.433250134584522e-13,True,0.1884546596556902,reproduced,reproduced,reproduced
delayed_0.25_0.1,information,5,weighted128,0.00018117784664151149,0.00018117784691603408,True,0.1884546596556902,reproduced,reproduced,reproduced
delayed_0.25_0.1,information,5,minimax,-1.8063525835201855e-14,5.465528406917684e-12,True,0.1884546596556902,reproduced,reproduced,reproduced
delayed_0.25_0.1,brier,5,information,0.007902439024390029,0.007902439024390404,True,0.15553704369813204,reproduced,reproduced,reproduced
delayed_0.25_0.1,brier,5,brier,-1.9869863715219274e-13,2.5537948492027063e-13,True,0.15553704369813204,reproduced,reproduced,reproduced
delayed_0.25_0.1,brier,5,pseudo_count,0.0,8.877393178202686e-15,True,0.15553704369813204,reproduced,reproduced,reproduced
delayed_0.25_0.1,brier,5,uniform,0.0009878048779066173,0.0009878048780515452,True,0.15553704369813204,reproduced,reproduced,reproduced
delayed_0.25_0.1,brier,5,weighted128,0.0016036168712816323,0.0016036168712925273,True,0.15553704369813204,reproduced,reproduced,reproduced
delayed_0.25_0.1,brier,5,minimax,0.0012380056636195347,0.0012380056636556221,True,0.15553704369813204,reproduced,reproduced,reproduced
delayed_0.25_0.1,pseudo_count,5,information,0.06650000000000011,0.06650000000000025,True,0.14567722100764513,not_reproduced,not_reproduced,not_reproduced
delayed_0.25_0.1,pseudo_count,5,brier,0.01562499999999667,0.015625000000004528,True,0.14567722100764513,reproduced,reproduced,not_reproduced
delayed_0.25_0.1,pseudo_count,5,pseudo_count,0.005831965441997711,0.00583196544202649,True,0.14567722100764513,reproduced,reproduced,reproduced
delayed_0.25_0.1,pseudo_count,5,uniform,0.026999999809296904,0.027000000000044967,True,0.14567722100764513,reproduced,not_reproduced,not_reproduced
delayed_0.25_0.1,pseudo_count,5,weighted128,0.01629274004683845,0.016292740046839994,True,0.14567722100764513,reproduced,reproduced,not_reproduced
delayed_0.25_0.1,pseudo_count,5,minimax,0.011870416586676757,0.011870416586677356,True,0.14567722100764513,reproduced,reproduced,not_reproduced
delayed_0.25_0.1,uniform,5,information,0.047892499999999893,0.04789250000000058,True,0.09175754245370626,reproduced,not_reproduced,not_reproduced
delayed_0.25_0.1,uniform,5,brier,0.0927734375,0.0927734375000002,True,0.09175754245370626,not_reproduced,not_reproduced,not_reproduced
delayed_0.25_0.1,uniform,5,pseudo_count,0.0,2.4795703684743486e-16,True,0.09175754245370626,reproduced,reproduced,reproduced
delayed_0.25_0.1,uniform,5,uniform,0.0,1.1095453982673531e-16,True,0.09175754245370626,reproduced,reproduced,reproduced
delayed_0.25_0.1,uniform,5,weighted128,0.004951423448476988,0.004951423448478254,True,0.09175754245370626,reproduced,reproduced,reproduced
delayed_0.25_0.1,uniform,5,minimax,0.020306713240705432,0.02030671324070555,True,0.09175754245370626,reproduced,not_reproduced,not_reproduced
delayed_0.25_0.1,weighted128,5,information,0.014594594594592891,0.014594594594593068,True,3.59080939181149,reproduced,reproduced,not_reproduced
delayed_0.25_0.1,weighted128,5,brier,0.0,1.8085359598796202e-14,True,3.59080939181149,reproduced,reproduced,reproduced
delayed_0.25_0.1,weighted128,5,pseudo_count,0.0,5.185196889911925e-16,True,3.59080939181149,reproduced,reproduced,reproduced
delayed_0.25_0.1,weighted128,5,uniform,2.6697418033183595e-05,2.6697429173495928e-05,True,3.59080939181149,reproduced,reproduced,reproduced
delayed_0.25_0.1,weighted128,5,weighted128,0.0006425094109975271,0.0006425094223865479,True,3.59080939181149,reproduced,reproduced,reproduced
delayed_0.25_0.1,weighted128,5,minimax,0.0002768982136780451,0.00027689821474080004,True,3.59080939181149,reproduced,reproduced,reproduced
delayed_0.25_0.1,minimax,5,information,0.011798953893319086,0.011798953893319744,True,1.7118368465453386,reproduced,reproduced,not_reproduced
delayed_0.25_0.1,minimax,5,brier,0.011798953893316422,0.011798953893319128,True,1.7118368465453386,reproduced,reproduced,not_reproduced
delayed_0.25_0.1,minimax,5,pseudo_count,0.0,1.725426442347744e-14,True,1.7118368465453386,reproduced,reproduced,reproduced
delayed_0.25_0.1,minimax,5,uniform,0.0009878048780380677,0.000987804878049216,True,1.7118368465453386,reproduced,reproduced,reproduced
delayed_0.25_0.1,minimax,5,weighted128,0.0015532108016318436,0.0015532108040949909,True,1.7118368465453386,reproduced,reproduced,reproduced
delayed_0.25_0.1,minimax,5,minimax,0.0012380056634299086,0.0012380056637186893,True,1.7118368465453386,reproduced,reproduced,reproduced
fresh_hmm_2026096801_q4_s3_c0.2,information,5,information,2.3914533066049515e-06,2.39147220683943e-06,True,0.1499884482473135,reproduced,reproduced,reproduced
fresh_hmm_2026096801_q4_s3_c0.2,information,5,brier,2.3914533066049515e-06,2.39147220683943e-06,True,0.1499884482473135,reproduced,reproduced,reproduced
fresh_hmm_2026096801_q4_s3_c0.2,information,5,pseudo_count,0.0004416968881300054,0.00044169691169632097,True,0.1499884482473135,reproduced,reproduced,reproduced
fresh_hmm_2026096801_q4_s3_c0.2,information,5,uniform,3.3218323693740004e-05,3.321839383581152e-05,True,0.1499884482473135,reproduced,reproduced,reproduced
fresh_hmm_2026096801_q4_s3_c0.2,information,5,weighted128,4.440892098500626e-16,5.710142117901429e-16,True,0.1499884482473135,reproduced,reproduced,reproduced
fresh_hmm_2026096801_q4_s3_c0.2,information,5,minimax,2.6492244696085798e-05,2.649224469760724e-05,True,0.1499884482473135,reproduced,reproduced,reproduced
fresh_hmm_2026096801_q4_s3_c0.2,brier,5,information,0.0,3.4898220648020204e-16,True,0.14749136473983526,reproduced,reproduced,reproduced
fresh_hmm_2026096801_q4_s3_c0.2,brier,5,brier,0.0,3.4898220648020204e-16,True,0.14749136473983526,reproduced,reproduced,reproduced
fresh_hmm_2026096801_q4_s3_c0.2,brier,5,pseudo_count,0.00044124914382648317,0.00044124915602777534,True,0.14749136473983526,reproduced,reproduced,reproduced
fresh_hmm_2026096801_q4_s3_c0.2,brier,5,uniform,0.00040701900042816597,0.0004070190044842554,True,0.14749136473983526,reproduced,reproduced,reproduced
fresh_hmm_2026096801_q4_s3_c0.2,brier,5,weighted128,3.111713537173877e-06,3.1123745945113424e-06,True,0.14749136473983526,reproduced,reproduced,reproduced
fresh_hmm_2026096801_q4_s3_c0.2,brier,5,minimax,2.6492244638021134e-05,2.6492244706291576e-05,True,0.14749136473983526,reproduced,reproduced,reproduced
fresh_hmm_2026096801_q4_s3_c0.2,pseudo_count,5,information,0.049944967123909945,0.04994496712391,True,0.140265760011971,reproduced,not_reproduced,not_reproduced
fresh_hmm_2026096801_q4_s3_c0.2,pseudo_count,5,brier,0.049944967123909945,0.04994496712391,True,0.140265760011971,reproduced,not_reproduced,not_reproduced
fresh_hmm_2026096801_q4_s3_c0.2,pseudo_count,5,pseudo_count,0.03413447547010695,0.034134475470106965,True,0.140265760011971,reproduced,not_reproduced,not_reproduced
fresh_hmm_2026096801_q4_s3_c0.2,pseudo_count,5,uniform,0.007634099354505874,0.007634102948853362,True,0.140265760011971,reproduced,reproduced,reproduced
fresh_hmm_2026096801_q4_s3_c0.2,pseudo_count,5,weighted128,0.03725926711731997,0.037259267117325565,True,0.140265760011971,reproduced,not_reproduced,not_reproduced
fresh_hmm_2026096801_q4_s3_c0.2,pseudo_count,5,minimax,0.03302423949181987,0.03302423949182042,True,0.140265760011971,reproduced,not_reproduced,not_reproduced
fresh_hmm_2026096801_q4_s3_c0.2,weighted128,5,information,1.050137754532443e-11,1.0501402779018265e-11,True,12.696678273379803,reproduced,reproduced,reproduced
fresh_hmm_2026096801_q4_s3_c0.2,weighted128,5,brier,1.050137754532443e-11,1.0501402779018265e-11,True,12.696678273379803,reproduced,reproduced,reproduced
fresh_hmm_2026096801_q4_s3_c0.2,weighted128,5,pseudo_count,1.0500600389207193e-11,1.0624150635743668e-11,True,12.696678273379803,reproduced,reproduced,reproduced
fresh_hmm_2026096801_q4_s3_c0.2,weighted128,5,uniform,9.68971134194252e-05,9.68979116975784e-05,True,12.696678273379803,reproduced,reproduced,reproduced
fresh_hmm_2026096801_q4_s3_c0.2,weighted128,5,weighted128,1.447078054273021e-06,1.4477423173212337e-06,True,12.696678273379803,reproduced,reproduced,reproduced
fresh_hmm_2026096801_q4_s3_c0.2,weighted128,5,minimax,1.562156076939658e-06,1.563622984367065e-06,True,12.696678273379803,reproduced,reproduced,reproduced
fresh_hmm_2026096801_q4_s3_c0.2,minimax,5,information,0.02152610827883883,0.021526108278843287,True,5.63225416559726,reproduced,not_reproduced,not_reproduced
fresh_hmm_2026096801_q4_s3_c0.2,minimax,5,brier,0.02152610827883883,0.021526108278843287,True,5.63225416559726,reproduced,not_reproduced,not_reproduced
fresh_hmm_2026096801_q4_s3_c0.2,minimax,5,pseudo_count,0.021315318045878273,0.021315318045883238,True,5.63225416559726,reproduced,not_reproduced,not_reproduced
fresh_hmm_2026096801_q4_s3_c0.2,minimax,5,uniform,4.570165279993432e-05,4.570340938412861e-05,True,5.63225416559726,reproduced,reproduced,reproduced
fresh_hmm_2026096801_q4_s3_c0.2,minimax,5,weighted128,0.013483199637690069,0.01348319963769035,True,5.63225416559726,reproduced,reproduced,not_reproduced
fresh_hmm_2026096801_q4_s3_c0.2,minimax,5,minimax,0.004534828170285388,0.004534828170286944,True,5.63225416559726,reproduced,reproduced,reproduced
fresh_hmm_2026096900_q4_s3_c1.0,information,5,information,0.0,1.5092094240998222e-16,True,0.19578147772699594,reproduced,reproduced,reproduced
fresh_hmm_2026096900_q4_s3_c1.0,information,5,brier,0.0,4.485994908876023e-15,True,0.19578147772699594,reproduced,reproduced,reproduced
fresh_hmm_2026096900_q4_s3_c1.0,information,5,pseudo_count,0.0,4.0956821267812415e-15,True,0.19578147772699594,reproduced,reproduced,reproduced
fresh_hmm_2026096900_q4_s3_c1.0,information,5,uniform,0.005363007205306802,0.005363007205309085,True,0.19578147772699594,reproduced,reproduced,reproduced
fresh_hmm_2026096900_q4_s3_c1.0,information,5,weighted128,0.006705579003244089,0.006705579003355089,True,0.19578147772699594,reproduced,reproduced,reproduced
fresh_hmm_2026096900_q4_s3_c1.0,information,5,minimax,0.005259707012820969,0.005259707012887336,True,0.19578147772699594,reproduced,reproduced,reproduced
fresh_hmm_2026096900_q4_s3_c1.0,brier,5,information,0.003819827633348316,0.0038198276333485034,True,0.1906005945056677,reproduced,reproduced,reproduced
fresh_hmm_2026096900_q4_s3_c1.0,brier,5,brier,0.0,2.2577426039838144e-14,True,0.1906005945056677,reproduced,reproduced,reproduced
fresh_hmm_2026096900_q4_s3_c1.0,brier,5,pseudo_count,0.0036056421520507254,0.003605642152057606,True,0.1906005945056677,reproduced,reproduced,reproduced
fresh_hmm_2026096900_q4_s3_c1.0,brier,5,uniform,0.003947656751546624,0.003947656752160042,True,0.1906005945056677,reproduced,reproduced,reproduced
fresh_hmm_2026096900_q4_s3_c1.0,brier,5,weighted128,0.005167278082688909,0.005167278083569445,True,0.1906005945056677,reproduced,reproduced,reproduced
fresh_hmm_2026096900_q4_s3_c1.0,brier,5,minimax,0.0038901139927058903,0.0038901139927394325,True,0.1906005945056677,reproduced,reproduced,reproduced
fresh_hmm_2026096900_q4_s3_c1.0,pseudo_count,5,information,0.06972329771674313,0.06972329771674311,True,0.18306533060967922,not_reproduced,not_reproduced,not_reproduced
fresh_hmm_2026096900_q4_s3_c1.0,pseudo_count,5,brier,0.06965406608273184,0.06965406608273378,True,0.18306533060967922,not_reproduced,not_reproduced,not_reproduced
fresh_hmm_2026096900_q4_s3_c1.0,pseudo_count,5,pseudo_count,0.007088513234497107,0.0070885132345607435,True,0.18306533060967922,reproduced,reproduced,reproduced
fresh_hmm_2026096900_q4_s3_c1.0,pseudo_count,5,uniform,0.029789226884474718,0.029789226884577726,True,0.18306533060967922,reproduced,not_reproduced,not_reproduced
fresh_hmm_2026096900_q4_s3_c1.0,pseudo_count,5,weighted128,0.05358034805327616,0.05358034805328639,True,0.18306533060967922,not_reproduced,not_reproduced,not_reproduced
fresh_hmm_2026096900_q4_s3_c1.0,pseudo_count,5,minimax,0.04134169347226968,0.04134169347238789,True,0.18306533060967922,reproduced,not_reproduced,not_reproduced
fresh_hmm_2026096900_q4_s3_c1.0,uniform,5,information,0.03421084002564578,0.03421084002564609,True,0.11690725665539503,reproduced,not_reproduced,not_reproduced
fresh_hmm_2026096900_q4_s3_c1.0,uniform,5,brier,0.034210840025645894,0.034210840025646026,True,0.11690725665539503,reproduced,not_reproduced,not_reproduced
fresh_hmm_2026096900_q4_s3_c1.0,uniform,5,pseudo_count,0.0042838404805478625,0.0042838404805493665,True,0.11690725665539503,reproduced,reproduced,reproduced
fresh_hmm_2026096900_q4_s3_c1.0,uniform,5,uniform,0.0,2.0274580625478933e-16,True,0.11690725665539503,reproduced,reproduced,reproduced
fresh_hmm_2026096900_q4_s3_c1.0,uniform,5,weighted128,0.017719847768063235,0.017719847768063735,True,0.11690725665539503,reproduced,reproduced,not_reproduced
fresh_hmm_2026096900_q4_s3_c1.0,uniform,5,minimax,0.0030327748448945036,0.0030327748448954073,True,0.11690725665539503,reproduced,reproduced,reproduced
fresh_hmm_2026096900_q4_s3_c1.0,weighted128,5,information,0.0007988733905237577,0.0007988733905240058,True,33.91002735309303,reproduced,reproduced,reproduced
fresh_hmm_2026096900_q4_s3_c1.0,weighted128,5,brier,0.0007887312545064029,0.0007887312545108143,True,33.91002735309303,reproduced,reproduced,reproduced
fresh_hmm_2026096900_q4_s3_c1.0,weighted128,5,pseudo_count,0.0039960362273258054,0.00399603622732767,True,33.91002735309303,reproduced,reproduced,reproduced
fresh_hmm_2026096900_q4_s3_c1.0,weighted128,5,uniform,0.0002738219279753151,0.0002738219567176869,True,33.91002735309303,reproduced,reproduced,reproduced
fresh_hmm_2026096900_q4_s3_c1.0,weighted128,5,weighted128,0.00010492239050385876,0.00010492239052912989,True,33.91002735309303,reproduced,reproduced,reproduced
fresh_hmm_2026096900_q4_s3_c1.0,weighted128,5,minimax,-1.7559057203440191e-12,1.033895191682177e-15,True,33.91002735309303,reproduced,reproduced,reproduced
fresh_hmm_2026096900_q4_s3_c1.0,minimax,5,information,0.006455241032487624,0.006455241032487808,True,57.6839078431949,reproduced,reproduced,reproduced
fresh_hmm_2026096900_q4_s3_c1.0,minimax,5,brier,0.006455241032487291,0.0064552410324877855,True,57.6839078431949,reproduced,reproduced,reproduced
fresh_hmm_2026096900_q4_s3_c1.0,minimax,5,pseudo_count,0.0069145416536462445,0.006914541653647714,True,57.6839078431949,reproduced,reproduced,reproduced
fresh_hmm_2026096900_q4_s3_c1.0,minimax,5,uniform,0.0,3.640750895206324e-15,True,57.6839078431949,reproduced,reproduced,reproduced
fresh_hmm_2026096900_q4_s3_c1.0,minimax,5,weighted128,0.0,2.0332043340620665e-15,True,57.6839078431949,reproduced,reproduced,reproduced
fresh_hmm_2026096900_q4_s3_c1.0,minimax,5,minimax,0.0,3.1302000921829e-15,True,57.6839078431949,reproduced,reproduced,reproduced
fresh_hmm_2026096901_q4_s3_c1.0,information,5,information,0.005938044568815859,0.005938044568816102,True,0.1380273438990116,reproduced,reproduced,reproduced
fresh_hmm_2026096901_q4_s3_c1.0,information,5,brier,0.005938044568815859,0.005938044568816102,True,0.1380273438990116,reproduced,reproduced,reproduced
fresh_hmm_2026096901_q4_s3_c1.0,information,5,pseudo_count,0.010404280258390797,0.010404280258399644,True,0.1380273438990116,reproduced,reproduced,not_reproduced
fresh_hmm_2026096901_q4_s3_c1.0,information,5,uniform,0.006627284208692186,0.00662728420901959,True,0.1380273438990116,reproduced,reproduced,reproduced
fresh_hmm_2026096901_q4_s3_c1.0,information,5,weighted128,0.005465729791164664,0.00546572979117505,True,0.1380273438990116,reproduced,reproduced,reproduced
fresh_hmm_2026096901_q4_s3_c1.0,information,5,minimax,0.009598991221551056,0.009598991221619647,True,0.1380273438990116,reproduced,reproduced,reproduced
fresh_hmm_2026096901_q4_s3_c1.0,brier,5,information,0.0045324745005158595,0.004532474500517088,True,0.14639775268733501,reproduced,reproduced,reproduced
fresh_hmm_2026096901_q4_s3_c1.0,brier,5,brier,0.0045324745005158595,0.004532474500517088,True,0.14639775268733501,reproduced,reproduced,reproduced
fresh_hmm_2026096901_q4_s3_c1.0,brier,5,pseudo_count,0.009027643942722818,0.009027643942736346,True,0.14639775268733501,reproduced,reproduced,reproduced
fresh_hmm_2026096901_q4_s3_c1.0,brier,5,uniform,0.006590505696841831,0.006590505696893588,True,0.14639775268733501,reproduced,reproduced,reproduced
fresh_hmm_2026096901_q4_s3_c1.0,brier,5,weighted128,0.005465729791167773,0.005465729791182718,True,0.14639775268733501,reproduced,reproduced,reproduced
fresh_hmm_2026096901_q4_s3_c1.0,brier,5,minimax,0.009598991221601572,0.009598991221616688,True,0.14639775268733501,reproduced,reproduced,reproduced
fresh_hmm_2026096901_q4_s3_c1.0,pseudo_count,5,information,0.043302624036762216,0.043302624036762744,True,0.14048915822058916,reproduced,not_reproduced,not_reproduced
fresh_hmm_2026096901_q4_s3_c1.0,pseudo_count,5,brier,0.043302624036762216,0.043302624036762744,True,0.14048915822058916,reproduced,not_reproduced,not_reproduced
fresh_hmm_2026096901_q4_s3_c1.0,pseudo_count,5,pseudo_count,0.00014497910860822305,0.00014497910875325808,True,0.14048915822058916,reproduced,reproduced,reproduced
fresh_hmm_2026096901_q4_s3_c1.0,pseudo_count,5,uniform,0.008369458436002453,0.008369458436984969,True,0.14048915822058916,reproduced,reproduced,reproduced
fresh_hmm_2026096901_q4_s3_c1.0,pseudo_count,5,weighted128,0.01813496973574924,0.018134969735782047,True,0.14048915822058916,reproduced,reproduced,not_reproduced
fresh_hmm_2026096901_q4_s3_c1.0,pseudo_count,5,minimax,0.022194118593002687,0.022194118593022404,True,0.14048915822058916,reproduced,not_reproduced,not_reproduced
fresh_hmm_2026096901_q4_s3_c1.0,uniform,5,information,0.02858772028073564,0.02858772028073611,True,0.0938262240961194,reproduced,not_reproduced,not_reproduced
fresh_hmm_2026096901_q4_s3_c1.0,uniform,5,brier,0.02858772028073564,0.02858772028073611,True,0.0938262240961194,reproduced,not_reproduced,not_reproduced
fresh_hmm_2026096901_q4_s3_c1.0,uniform,5,pseudo_count,0.005062671761143167,0.005062671761143196,True,0.0938262240961194,reproduced,reproduced,reproduced
fresh_hmm_2026096901_q4_s3_c1.0,uniform,5,uniform,-1.6017187576267133e-12,4.475586568020162e-16,True,0.0938262240961194,reproduced,reproduced,reproduced
fresh_hmm_2026096901_q4_s3_c1.0,uniform,5,weighted128,0.00558549269924935,0.005585492699251091,True,0.0938262240961194,reproduced,reproduced,reproduced
fresh_hmm_2026096901_q4_s3_c1.0,uniform,5,minimax,0.002297564034125732,0.0022975640341356225,True,0.0938262240961194,reproduced,reproduced,reproduced
fresh_hmm_2026096901_q4_s3_c1.0,weighted128,5,information,0.006087270152701274,0.006087270152713958,True,26.401998926885426,reproduced,reproduced,reproduced
fresh_hmm_2026096901_q4_s3_c1.0,weighted128,5,brier,0.006087270152701274,0.006087270152713958,True,26.401998926885426,reproduced,reproduced,reproduced
fresh_hmm_2026096901_q4_s3_c1.0,weighted128,5,pseudo_count,0.0022763950015040058,0.002276395003259212,True,26.401998926885426,reproduced,reproduced,reproduced
fresh_hmm_2026096901_q4_s3_c1.0,weighted128,5,uniform,0.0,1.2813101274433691e-15,True,26.401998926885426,reproduced,reproduced,reproduced
fresh_hmm_2026096901_q4_s3_c1.0,weighted128,5,weighted128,0.0,3.275374763078709e-15,True,26.401998926885426,reproduced,reproduced,reproduced
fresh_hmm_2026096901_q4_s3_c1.0,weighted128,5,minimax,0.0,4.445228907190568e-16,True,26.401998926885426,reproduced,reproduced,reproduced
fresh_hmm_2026096901_q4_s3_c1.0,minimax,5,information,0.0057044915989517,0.0057044916015425735,True,54.90804909449071,reproduced,reproduced,reproduced
fresh_hmm_2026096901_q4_s3_c1.0,minimax,5,brier,0.0057044915989517,0.0057044916015425735,True,54.90804909449071,reproduced,reproduced,reproduced
fresh_hmm_2026096901_q4_s3_c1.0,minimax,5,pseudo_count,0.00398003131534852,0.003980031315349602,True,54.90804909449071,reproduced,reproduced,reproduced
fresh_hmm_2026096901_q4_s3_c1.0,minimax,5,uniform,0.0,2.1402150884863858e-15,True,54.90804909449071,reproduced,reproduced,reproduced
fresh_hmm_2026096901_q4_s3_c1.0,minimax,5,weighted128,0.0,2.297424403496784e-16,True,54.90804909449071,reproduced,reproduced,reproduced
fresh_hmm_2026096901_q4_s3_c1.0,minimax,5,minimax,0.0,4.403378703332628e-15,True,54.90804909449071,reproduced,reproduced,reproduced
fresh_hmm_2026097000_q4_s3_c5.0,information,5,information,0.0,1.717376241217039e-15,True,0.1378500983119011,reproduced,reproduced,reproduced
fresh_hmm_2026097000_q4_s3_c5.0,information,5,brier,0.0,1.717376241217039e-15,True,0.1378500983119011,reproduced,reproduced,reproduced
fresh_hmm_2026097000_q4_s3_c5.0,information,5,pseudo_count,0.04086197425582483,0.04086197425582523,True,0.1378500983119011,reproduced,not_reproduced,not_reproduced
fresh_hmm_2026097000_q4_s3_c5.0,information,5,uniform,0.03238848938115135,0.03238848938124653,True,0.1378500983119011,reproduced,not_reproduced,not_reproduced
fresh_hmm_2026097000_q4_s3_c5.0,information,5,weighted128,0.03208922279303883,0.03208922279304617,True,0.1378500983119011,reproduced,not_reproduced,not_reproduced
fresh_hmm_2026097000_q4_s3_c5.0,information,5,minimax,0.030825966681139794,0.030825966681140394,True,0.1378500983119011,reproduced,not_reproduced,not_reproduced
fresh_hmm_2026097000_q4_s3_c5.0,brier,5,information,0.0,1.2073675392798577e-15,True,0.14862297847867012,reproduced,reproduced,reproduced
fresh_hmm_2026097000_q4_s3_c5.0,brier,5,brier,0.0,1.2073675392798577e-15,True,0.14862297847867012,reproduced,reproduced,reproduced
fresh_hmm_2026097000_q4_s3_c5.0,brier,5,pseudo_count,0.03329659926790962,0.03329659926791015,True,0.14862297847867012,reproduced,not_reproduced,not_reproduced
fresh_hmm_2026097000_q4_s3_c5.0,brier,5,uniform,0.023401281529918605,0.023401281529921134,True,0.14862297847867012,reproduced,not_reproduced,not_reproduced
fresh_hmm_2026097000_q4_s3_c5.0,brier,5,weighted128,0.022598267913605086,0.02259826791362539,True,0.14862297847867012,reproduced,not_reproduced,not_reproduced
fresh_hmm_2026097000_q4_s3_c5.0,brier,5,minimax,0.021304468440604962,0.02130446844089257,True,0.14862297847867012,reproduced,not_reproduced,not_reproduced
fresh_hmm_2026097000_q4_s3_c5.0,pseudo_count,5,information,0.011393390068746956,0.011393390068747285,True,0.14372011367231607,reproduced,reproduced,not_reproduced
fresh_hmm_2026097000_q4_s3_c5.0,pseudo_count,5,brier,0.011393390068746956,0.011393390068747285,True,0.14372011367231607,reproduced,reproduced,not_reproduced
fresh_hmm_2026097000_q4_s3_c5.0,pseudo_count,5,pseudo_count,0.0070058647539934515,0.00700586475399791,True,0.14372011367231607,reproduced,reproduced,reproduced
fresh_hmm_2026097000_q4_s3_c5.0,pseudo_count,5,uniform,0.0012939601526235633,0.0012939601539009018,True,0.14372011367231607,reproduced,reproduced,reproduced
fresh_hmm_2026097000_q4_s3_c5.0,pseudo_count,5,weighted128,0.0009155561172190518,0.0009155561174479117,True,0.14372011367231607,reproduced,reproduced,reproduced
fresh_hmm_2026097000_q4_s3_c5.0,pseudo_count,5,minimax,0.0012621002442844698,0.0012621002443437505,True,0.14372011367231607,reproduced,reproduced,reproduced
fresh_hmm_2026097000_q4_s3_c5.0,uniform,5,information,0.015392220095839959,0.015392220095840209,True,0.09340560995042324,reproduced,reproduced,not_reproduced
fresh_hmm_2026097000_q4_s3_c5.0,uniform,5,brier,0.015392220095839959,0.015392220095840209,True,0.09340560995042324,reproduced,reproduced,not_reproduced
fresh_hmm_2026097000_q4_s3_c5.0,uniform,5,pseudo_count,0.0017534866104582658,0.0017534866104608575,True,0.09340560995042324,reproduced,reproduced,reproduced
fresh_hmm_2026097000_q4_s3_c5.0,uniform,5,uniform,-1.2312373343092986e-13,6.522560269672795e-16,True,0.09340560995042324,reproduced,reproduced,reproduced
fresh_hmm_2026097000_q4_s3_c5.0,uniform,5,weighted128,-5.788702850395566e-13,1.0972125985553305e-16,True,0.09340560995042324,reproduced,reproduced,reproduced
fresh_hmm_2026097000_q4_s3_c5.0,uniform,5,minimax,0.000341353975364167,0.0003413539754536703,True,0.09340560995042324,reproduced,reproduced,reproduced
fresh_hmm_2026097000_q4_s3_c5.0,weighted128,5,information,0.010102128508922892,0.010102128558987022,True,34.099269355647266,reproduced,reproduced,not_reproduced
fresh_hmm_2026097000_q4_s3_c5.0,weighted128,5,brier,0.010102128508922892,0.010102128558987022,True,34.099269355647266,reproduced,reproduced,not_reproduced
fresh_hmm_2026097000_q4_s3_c5.0,weighted128,5,pseudo_count,0.0007825520916300288,0.00078255214947252,True,34.099269355647266,reproduced,reproduced,reproduced
fresh_hmm_2026097000_q4_s3_c5.0,weighted128,5,uniform,0.0,6.632932050831819e-14,True,34.099269355647266,reproduced,reproduced,reproduced
fresh_hmm_2026097000_q4_s3_c5.0,weighted128,5,weighted128,0.0,5.394122648549882e-15,True,34.099269355647266,reproduced,reproduced,reproduced
fresh_hmm_2026097000_q4_s3_c5.0,weighted128,5,minimax,0.0,5.486496673645647e-15,True,34.099269355647266,reproduced,reproduced,reproduced
fresh_hmm_2026097000_q4_s3_c5.0,minimax,5,information,0.00552004148904095,0.005520041501070792,True,28.07173434458673,reproduced,reproduced,reproduced
fresh_hmm_2026097000_q4_s3_c5.0,minimax,5,brier,0.00552004148904095,0.005520041501070792,True,28.07173434458673,reproduced,reproduced,reproduced
fresh_hmm_2026097000_q4_s3_c5.0,minimax,5,pseudo_count,0.0010898343587746329,0.0010898343587748757,True,28.07173434458673,reproduced,reproduced,reproduced
fresh_hmm_2026097000_q4_s3_c5.0,minimax,5,uniform,7.161870540361992e-05,7.161870974506119e-05,True,28.07173434458673,reproduced,reproduced,reproduced
fresh_hmm_2026097000_q4_s3_c5.0,minimax,5,weighted128,5.138826764405913e-05,5.1388268238171126e-05,True,28.07173434458673,reproduced,reproduced,reproduced
fresh_hmm_2026097000_q4_s3_c5.0,minimax,5,minimax,0.0003645248279442459,0.0003645248291946116,True,28.07173434458673,reproduced,reproduced,reproduced
fresh_hmm_2026097001_q4_s3_c5.0,information,5,information,0.0,1.5959455978986625e-16,True,0.14620916731655598,reproduced,reproduced,reproduced
fresh_hmm_2026097001_q4_s3_c5.0,information,5,brier,0.023988564082561448,0.023988564082566124,True,0.14620916731655598,reproduced,not_reproduced,not_reproduced
fresh_hmm_2026097001_q4_s3_c5.0,information,5,pseudo_count,0.024816667126455583,0.024816667126470276,True,0.14620916731655598,reproduced,not_reproduced,not_reproduced
fresh_hmm_2026097001_q4_s3_c5.0,information,5,uniform,0.036050376745398016,0.03605037674541967,True,0.14620916731655598,reproduced,not_reproduced,not_reproduced
fresh_hmm_2026097001_q4_s3_c5.0,information,5,weighted128,0.03577884082817451,0.03577884082817584,True,0.14620916731655598,reproduced,not_reproduced,not_reproduced
fresh_hmm_2026097001_q4_s3_c5.0,information,5,minimax,0.03491031693682267,0.0349103169368271,True,0.14620916731655598,reproduced,not_reproduced,not_reproduced
fresh_hmm_2026097001_q4_s3_c5.0,brier,5,information,0.004246784941282389,0.004246784941284519,True,0.14989167731255293,reproduced,reproduced,reproduced
fresh_hmm_2026097001_q4_s3_c5.0,brier,5,brier,0.0,1.0755285551056204e-15,True,0.14989167731255293,reproduced,reproduced,reproduced
fresh_hmm_2026097001_q4_s3_c5.0,brier,5,pseudo_count,0.021416511853054487,0.021416511853054716,True,0.14989167731255293,reproduced,not_reproduced,not_reproduced
fresh_hmm_2026097001_q4_s3_c5.0,brier,5,uniform,0.02744852295762179,0.027448522957625128,True,0.14989167731255293,reproduced,not_reproduced,not_reproduced
fresh_hmm_2026097001_q4_s3_c5.0,brier,5,weighted128,0.02691113944259138,0.026911139442623633,True,0.14989167731255293,reproduced,not_reproduced,not_reproduced
fresh_hmm_2026097001_q4_s3_c5.0,brier,5,minimax,0.02267063829104321,0.022670638291131327,True,0.14989167731255293,reproduced,not_reproduced,not_reproduced
fresh_hmm_2026097001_q4_s3_c5.0,pseudo_count,5,information,0.014463291047617344,0.014463291047617594,True,0.1309796255081892,reproduced,reproduced,not_reproduced
fresh_hmm_2026097001_q4_s3_c5.0,pseudo_count,5,brier,0.014463291047616122,0.014463291047617718,True,0.1309796255081892,reproduced,reproduced,not_reproduced
fresh_hmm_2026097001_q4_s3_c5.0,pseudo_count,5,pseudo_count,-7.372116542099376e-14,2.5739826936543864e-14,True,0.1309796255081892,reproduced,reproduced,reproduced
fresh_hmm_2026097001_q4_s3_c5.0,pseudo_count,5,uniform,0.0019951406819609385,0.001995140681966428,True,0.1309796255081892,reproduced,reproduced,reproduced
fresh_hmm_2026097001_q4_s3_c5.0,pseudo_count,5,weighted128,0.0013110755885215042,0.0013110755916183022,True,0.1309796255081892,reproduced,reproduced,reproduced
fresh_hmm_2026097001_q4_s3_c5.0,pseudo_count,5,minimax,0.0006489681644811229,0.0006489681645943132,True,0.1309796255081892,reproduced,reproduced,reproduced
fresh_hmm_2026097001_q4_s3_c5.0,uniform,5,information,0.024636097698674586,0.02463609769867501,True,0.08951848559081554,reproduced,not_reproduced,not_reproduced
fresh_hmm_2026097001_q4_s3_c5.0,uniform,5,brier,0.008978334819744416,0.008978334819744867,True,0.08951848559081554,reproduced,reproduced,reproduced
fresh_hmm_2026097001_q4_s3_c5.0,uniform,5,pseudo_count,0.010801252994893984,0.010801252994904177,True,0.08951848559081554,reproduced,reproduced,not_reproduced
fresh_hmm_2026097001_q4_s3_c5.0,uniform,5,uniform,0.0,1.6819878823071122e-14,True,0.08951848559081554,reproduced,reproduced,reproduced
fresh_hmm_2026097001_q4_s3_c5.0,uniform,5,weighted128,-1.27675647831893e-14,8.68039364346207e-17,True,0.08951848559081554,reproduced,reproduced,reproduced
fresh_hmm_2026097001_q4_s3_c5.0,uniform,5,minimax,0.0,1.8821749714348357e-16,True,0.08951848559081554,reproduced,reproduced,reproduced
fresh_hmm_2026097001_q4_s3_c5.0,weighted128,5,information,0.019974627888912133,0.01997462788891286,True,50.75371838733554,reproduced,reproduced,not_reproduced
fresh_hmm_2026097001_q4_s3_c5.0,weighted128,5,brier,0.0010455211413563648,0.0010455211413590154,True,50.75371838733554,reproduced,reproduced,reproduced
fresh_hmm_2026097001_q4_s3_c5.0,weighted128,5,pseudo_count,0.0012829709497872432,0.0012829709497989908,True,50.75371838733554,reproduced,reproduced,reproduced
fresh_hmm_2026097001_q4_s3_c5.0,weighted128,5,uniform,0.0,1.6240914862963862e-14,True,50.75371838733554,reproduced,reproduced,reproduced
fresh_hmm_2026097001_q4_s3_c5.0,weighted128,5,weighted128,0.0,2.3449937738145854e-16,True,50.75371838733554,reproduced,reproduced,reproduced
fresh_hmm_2026097001_q4_s3_c5.0,weighted128,5,minimax,0.0,1.9029916531465574e-15,True,50.75371838733554,reproduced,reproduced,reproduced
fresh_hmm_2026097001_q4_s3_c5.0,minimax,5,information,0.007281067956780851,0.007281067956781028,True,19.941885584034026,reproduced,reproduced,reproduced
fresh_hmm_2026097001_q4_s3_c5.0,minimax,5,brier,0.007281067956780851,0.007281067956781538,True,19.941885584034026,reproduced,reproduced,reproduced
fresh_hmm_2026097001_q4_s3_c5.0,minimax,5,pseudo_count,0.007281067955014042,0.0072810679550169115,True,19.941885584034026,reproduced,reproduced,reproduced
fresh_hmm_2026097001_q4_s3_c5.0,minimax,5,uniform,0.00036218934679488335,0.000362189359426922,True,19.941885584034026,reproduced,reproduced,reproduced
fresh_hmm_2026097001_q4_s3_c5.0,minimax,5,weighted128,-1.999563145332737e-11,1.7539138544298005e-15,True,19.941885584034026,reproduced,reproduced,reproduced
fresh_hmm_2026097001_q4_s3_c5.0,minimax,5,minimax,0.0,7.303185833862358e-16,True,19.941885584034026,reproduced,reproduced,reproduced
fresh_hmm_2026100800_q8_s3_c0.2,information,5,information,0.0,4.7003199943329577e-14,True,0.22687834966927767,reproduced,reproduced,reproduced
fresh_hmm_2026100800_q8_s3_c0.2,information,5,brier,0.0,4.7003199943329577e-14,True,0.22687834966927767,reproduced,reproduced,reproduced
fresh_hmm_2026100800_q8_s3_c0.2,information,5,pseudo_count,0.14191789250391773,0.14191789251382383,True,0.22687834966927767,not_reproduced,not_reproduced,not_reproduced
fresh_hmm_2026100800_q8_s3_c0.2,information,5,uniform,0.04958354814085797,0.04958355078176996,True,0.22687834966927767,reproduced,not_reproduced,not_reproduced
fresh_hmm_2026100800_q8_s3_c0.2,information,5,weighted128,0.04412637895218707,0.04412638016907537,True,0.22687834966927767,reproduced,not_reproduced,not_reproduced
fresh_hmm_2026100800_q8_s3_c0.2,information,5,minimax,0.03750324223829937,0.037503242570097683,True,0.22687834966927767,reproduced,not_reproduced,not_reproduced
fresh_hmm_2026100800_q8_s3_c0.2,brier,5,information,0.0,7.365722615171322e-14,True,0.21667479630559683,reproduced,reproduced,reproduced
fresh_hmm_2026100800_q8_s3_c0.2,brier,5,brier,0.0,7.365722615171322e-14,True,0.21667479630559683,reproduced,reproduced,reproduced
fresh_hmm_2026100800_q8_s3_c0.2,brier,5,pseudo_count,0.14445331806439987,0.14445331866939748,True,0.21667479630559683,not_reproduced,not_reproduced,not_reproduced
fresh_hmm_2026100800_q8_s3_c0.2,brier,5,uniform,0.049061272022990265,0.04906127328003139,True,0.21667479630559683,reproduced,not_reproduced,not_reproduced
fresh_hmm_2026100800_q8_s3_c0.2,brier,5,weighted128,0.04333846359712579,0.04333846359737512,True,0.21667479630559683,reproduced,not_reproduced,not_reproduced
fresh_hmm_2026100800_q8_s3_c0.2,brier,5,minimax,0.03684072458029408,0.036840724957745194,True,0.21667479630559683,reproduced,not_reproduced,not_reproduced
fresh_hmm_2026100800_q8_s3_c0.2,pseudo_count,5,information,0.3573549331830097,0.35735493318301104,True,0.2066378490999341,not_reproduced,not_reproduced,not_reproduced
fresh_hmm_2026100800_q8_s3_c0.2,pseudo_count,5,brier,0.3573549331830097,0.35735493318301104,True,0.2066378490999341,not_reproduced,not_reproduced,not_reproduced
fresh_hmm_2026100800_q8_s3_c0.2,pseudo_count,5,pseudo_count,0.053565783058265204,0.053565783058267244,True,0.2066378490999341,not_reproduced,not_reproduced,not_reproduced
fresh_hmm_2026100800_q8_s3_c0.2,pseudo_count,5,uniform,0.1627769232234756,0.1627769254577603,True,0.2066378490999341,not_reproduced,not_reproduced,not_reproduced
fresh_hmm_2026100800_q8_s3_c0.2,pseudo_count,5,weighted128,0.17787908723476586,0.1778790872347691,True,0.2066378490999341,not_reproduced,not_reproduced,not_reproduced
fresh_hmm_2026100800_q8_s3_c0.2,pseudo_count,5,minimax,0.21407454871105291,0.2140745493518087,True,0.2066378490999341,not_reproduced,not_reproduced,not_reproduced
fresh_hmm_2026100800_q8_s3_c0.2,weighted128,5,information,0.03764746868252922,0.03764746868253919,True,217.05157994758338,reproduced,not_reproduced,not_reproduced
fresh_hmm_2026100800_q8_s3_c0.2,weighted128,5,brier,0.03764746868252922,0.03764746868253919,True,217.05157994758338,reproduced,not_reproduced,not_reproduced
fresh_hmm_2026100800_q8_s3_c0.2,weighted128,5,pseudo_count,0.08207338528937891,0.08207338702804119,True,217.05157994758338,not_reproduced,not_reproduced,not_reproduced
fresh_hmm_2026100800_q8_s3_c0.2,weighted128,5,uniform,0.015163070385552535,0.015163093352522635,True,217.05157994758338,reproduced,reproduced,not_reproduced
fresh_hmm_2026100800_q8_s3_c0.2,weighted128,5,weighted128,0.013664364735089918,0.0136643647351429,True,217.05157994758338,reproduced,reproduced,not_reproduced
fresh_hmm_2026100800_q8_s3_c0.2,weighted128,5,minimax,0.006977256993312975,0.006977257685492606,True,217.05157994758338,reproduced,reproduced,reproduced
fresh_hmm_2026100800_q8_s3_c0.2,minimax,5,information,0.059339409524395204,0.05933940980752783,True,296.5038715908304,not_reproduced,not_reproduced,not_reproduced
fresh_hmm_2026100800_q8_s3_c0.2,minimax,5,brier,0.059339409524395204,0.05933940980752783,True,296.5038715908304,not_reproduced,not_reproduced,not_reproduced
fresh_hmm_2026100800_q8_s3_c0.2,minimax,5,pseudo_count,0.06793496228679896,0.0679349628744263,True,296.5038715908304,not_reproduced,not_reproduced,not_reproduced
fresh_hmm_2026100800_q8_s3_c0.2,minimax,5,uniform,0.00855011528941474,0.008550116908316066,True,296.5038715908304,reproduced,reproduced,reproduced
fresh_hmm_2026100800_q8_s3_c0.2,minimax,5,weighted128,0.018368830787318213,0.018368831724855858,True,296.5038715908304,reproduced,reproduced,not_reproduced
fresh_hmm_2026100800_q8_s3_c0.2,minimax,5,minimax,0.005846520910533171,0.005846521964027306,True,296.5038715908304,reproduced,reproduced,reproduced
fresh_hmm_2026100801_q8_s3_c0.2,information,5,information,0.16923240956150953,0.16923240956150976,True,0.22174522280693054,not_reproduced,not_reproduced,not_reproduced
fresh_hmm_2026100801_q8_s3_c0.2,information,5,brier,0.16923240956150953,0.16923240956150976,True,0.22174522280693054,not_reproduced,not_reproduced,not_reproduced
fresh_hmm_2026100801_q8_s3_c0.2,information,5,pseudo_count,0.009820283683143471,0.009820283683465518,True,0.22174522280693054,reproduced,reproduced,reproduced
fresh_hmm_2026100801_q8_s3_c0.2,information,5,uniform,0.08520964673089093,0.08520964673090822,True,0.22174522280693054,not_reproduced,not_reproduced,not_reproduced
fresh_hmm_2026100801_q8_s3_c0.2,information,5,weighted128,0.049191855136449525,0.04919185513646153,True,0.22174522280693054,reproduced,not_reproduced,not_reproduced
fresh_hmm_2026100801_q8_s3_c0.2,information,5,minimax,0.07408018218237022,0.07408018218237503,True,0.22174522280693054,not_reproduced,not_reproduced,not_reproduced
fresh_hmm_2026100801_q8_s3_c0.2,brier,5,information,0.13162918302638693,0.13162918302638707,True,0.22981795575469732,not_reproduced,not_reproduced,not_reproduced
fresh_hmm_2026100801_q8_s3_c0.2,brier,5,brier,0.13162918302638693,0.13162918302638707,True,0.22981795575469732,not_reproduced,not_reproduced,not_reproduced
fresh_hmm_2026100801_q8_s3_c0.2,brier,5,pseudo_count,0.006458082288522293,0.0064580822912171315,True,0.22981795575469732,reproduced,reproduced,reproduced
fresh_hmm_2026100801_q8_s3_c0.2,brier,5,uniform,0.04200461608183159,0.04200461608192892,True,0.22981795575469732,reproduced,not_reproduced,not_reproduced
fresh_hmm_2026100801_q8_s3_c0.2,brier,5,weighted128,0.026168419441359836,0.02616841944189543,True,0.22981795575469732,reproduced,not_reproduced,not_reproduced
fresh_hmm_2026100801_q8_s3_c0.2,brier,5,minimax,0.038990867871745105,0.03899086787181352,True,0.22981795575469732,reproduced,not_reproduced,not_reproduced
fresh_hmm_2026100801_q8_s3_c0.2,pseudo_count,5,information,0.18664157717722918,0.18664157717722937,True,0.2087298259139061,not_reproduced,not_reproduced,not_reproduced
fresh_hmm_2026100801_q8_s3_c0.2,pseudo_count,5,brier,0.18664157717722918,0.18664157717722937,True,0.2087298259139061,not_reproduced,not_reproduced,not_reproduced
fresh_hmm_2026100801_q8_s3_c0.2,pseudo_count,5,pseudo_count,0.11052135597684454,0.11052135597684715,True,0.2087298259139061,not_reproduced,not_reproduced,not_reproduced
fresh_hmm_2026100801_q8_s3_c0.2,pseudo_count,5,uniform,0.07870442915981424,0.07870442915982523,True,0.2087298259139061,not_reproduced,not_reproduced,not_reproduced
fresh_hmm_2026100801_q8_s3_c0.2,pseudo_count,5,weighted128,0.09971101971149132,0.09971101971149324,True,0.2087298259139061,not_reproduced,not_reproduced,not_reproduced
fresh_hmm_2026100801_q8_s3_c0.2,pseudo_count,5,minimax,0.1097448351939907,0.10974483519400524,True,0.2087298259139061,not_reproduced,not_reproduced,not_reproduced
fresh_hmm_2026100801_q8_s3_c0.2,weighted128,5,information,0.0983582210681827,0.0983582210681828,True,150.19962830282748,not_reproduced,not_reproduced,not_reproduced
fresh_hmm_2026100801_q8_s3_c0.2,weighted128,5,brier,0.0983582210681827,0.0983582210681828,True,150.19962830282748,not_reproduced,not_reproduced,not_reproduced
fresh_hmm_2026100801_q8_s3_c0.2,weighted128,5,pseudo_count,0.02346556688746171,0.023465566887465303,True,150.19962830282748,reproduced,not_reproduced,not_reproduced
fresh_hmm_2026100801_q8_s3_c0.2,weighted128,5,uniform,0.020706442940602088,0.02070644317141726,True,150.19962830282748,reproduced,not_reproduced,not_reproduced
fresh_hmm_2026100801_q8_s3_c0.2,weighted128,5,weighted128,0.010776698036684018,0.010776698036712213,True,150.19962830282748,reproduced,reproduced,not_reproduced
fresh_hmm_2026100801_q8_s3_c0.2,weighted128,5,minimax,0.02167610099589401,0.021676100995904012,True,150.19962830282748,reproduced,not_reproduced,not_reproduced
fresh_hmm_2026100801_q8_s3_c0.2,minimax,5,information,0.08157721200237389,0.0815772120023742,True,310.100520725362,not_reproduced,not_reproduced,not_reproduced
fresh_hmm_2026100801_q8_s3_c0.2,minimax,5,brier,0.08157721200237389,0.0815772120023742,True,310.100520725362,not_reproduced,not_reproduced,not_reproduced
fresh_hmm_2026100801_q8_s3_c0.2,minimax,5,pseudo_count,0.07780083358347634,0.07780083358347638,True,310.100520725362,not_reproduced,not_reproduced,not_reproduced
fresh_hmm_2026100801_q8_s3_c0.2,minimax,5,uniform,0.009296870490938192,0.009296870490945169,True,310.100520725362,reproduced,reproduced,reproduced
fresh_hmm_2026100801_q8_s3_c0.2,minimax,5,weighted128,0.01096401794463353,0.01096401794465142,True,310.100520725362,reproduced,reproduced,not_reproduced
fresh_hmm_2026100801_q8_s3_c0.2,minimax,5,minimax,0.01501868535074291,0.015018685350745874,True,310.100520725362,reproduced,reproduced,not_reproduced
fresh_hmm_2026100900_q8_s3_c1.0,information,5,information,0.0,1.2836953722228372e-16,True,0.20980285480618477,reproduced,reproduced,reproduced
fresh_hmm_2026100900_q8_s3_c1.0,information,5,brier,0.0,1.2836953722228372e-16,True,0.20980285480618477,reproduced,reproduced,reproduced
fresh_hmm_2026100900_q8_s3_c1.0,information,5,pseudo_count,0.0687461129558885,0.06874611295589096,True,0.20980285480618477,not_reproduced,not_reproduced,not_reproduced
fresh_hmm_2026100900_q8_s3_c1.0,information,5,uniform,0.0315732500316388,0.03157325003167418,True,0.20980285480618477,reproduced,not_reproduced,not_reproduced
fresh_hmm_2026100900_q8_s3_c1.0,information,5,weighted128,0.01717393385043453,0.01717393385054454,True,0.20980285480618477,reproduced,reproduced,not_reproduced
fresh_hmm_2026100900_q8_s3_c1.0,information,5,minimax,0.02099814618110729,0.020998146182958425,True,0.20980285480618477,reproduced,not_reproduced,not_reproduced
fresh_hmm_2026100900_q8_s3_c1.0,brier,5,information,0.0,3.164135620181696e-15,True,0.2178059183061123,reproduced,reproduced,reproduced
fresh_hmm_2026100900_q8_s3_c1.0,brier,5,brier,0.0,3.164135620181696e-15,True,0.2178059183061123,reproduced,reproduced,reproduced
fresh_hmm_2026100900_q8_s3_c1.0,brier,5,pseudo_count,0.06868206110679487,0.06868206110680164,True,0.2178059183061123,not_reproduced,not_reproduced,not_reproduced
fresh_hmm_2026100900_q8_s3_c1.0,brier,5,uniform,0.032047088372835986,0.032047088372839524,True,0.2178059183061123,reproduced,not_reproduced,not_reproduced
fresh_hmm_2026100900_q8_s3_c1.0,brier,5,weighted128,0.016449958109799212,0.016449958109806335,True,0.2178059183061123,reproduced,reproduced,not_reproduced
fresh_hmm_2026100900_q8_s3_c1.0,brier,5,minimax,0.020646265831722688,0.02064626583175523,True,0.2178059183061123,reproduced,not_reproduced,not_reproduced
fresh_hmm_2026100900_q8_s3_c1.0,pseudo_count,5,information,0.15408809579016391,0.15408809579016416,True,0.202882113866508,not_reproduced,not_reproduced,not_reproduced
fresh_hmm_2026100900_q8_s3_c1.0,pseudo_count,5,brier,0.15408809579016391,0.15408809579016416,True,0.202882113866508,not_reproduced,not_reproduced,not_reproduced
fresh_hmm_2026100900_q8_s3_c1.0,pseudo_count,5,pseudo_count,0.03697033491662671,0.03697033491663528,True,0.202882113866508,reproduced,not_reproduced,not_reproduced
fresh_hmm_2026100900_q8_s3_c1.0,pseudo_count,5,uniform,0.06697872370355895,0.0669787237036765,True,0.202882113866508,not_reproduced,not_reproduced,not_reproduced
fresh_hmm_2026100900_q8_s3_c1.0,pseudo_count,5,weighted128,0.10815077616161661,0.10815077616162447,True,0.202882113866508,not_reproduced,not_reproduced,not_reproduced
fresh_hmm_2026100900_q8_s3_c1.0,pseudo_count,5,minimax,0.09680108200484783,0.09680108200502616,True,0.202882113866508,not_reproduced,not_reproduced,not_reproduced
fresh_hmm_2026100900_q8_s3_c1.0,uniform,5,information,0.07848845091050971,0.07848845091051006,True,0.18947938550263643,not_reproduced,not_reproduced,not_reproduced
fresh_hmm_2026100900_q8_s3_c1.0,uniform,5,brier,0.07848845091050971,0.07848845091051006,True,0.18947938550263643,not_reproduced,not_reproduced,not_reproduced
fresh_hmm_2026100900_q8_s3_c1.0,uniform,5,pseudo_count,0.032173851558017774,0.03217385155801804,True,0.18947938550263643,reproduced,not_reproduced,not_reproduced
fresh_hmm_2026100900_q8_s3_c1.0,uniform,5,uniform,-7.239764343580646e-13,3.6851901738521597e-13,True,0.18947938550263643,reproduced,reproduced,reproduced
fresh_hmm_2026100900_q8_s3_c1.0,uniform,5,weighted128,0.03451368123243981,0.03451368123244042,True,0.18947938550263643,reproduced,not_reproduced,not_reproduced
fresh_hmm_2026100900_q8_s3_c1.0,uniform,5,minimax,0.02370316597424238,0.02370316597424345,True,0.18947938550263643,reproduced,not_reproduced,not_reproduced
fresh_hmm_2026100900_q8_s3_c1.0,weighted128,5,information,0.015591183230488359,0.015591183230495296,True,147.84135652519763,reproduced,reproduced,not_reproduced
fresh_hmm_2026100900_q8_s3_c1.0,weighted128,5,brier,0.015591183230488359,0.015591183230495296,True,147.84135652519763,reproduced,reproduced,not_reproduced
fresh_hmm_2026100900_q8_s3_c1.0,weighted128,5,pseudo_count,0.04930304003313546,0.04930304003313557,True,147.84135652519763,reproduced,not_reproduced,not_reproduced
fresh_hmm_2026100900_q8_s3_c1.0,weighted128,5,uniform,0.016969093226035903,0.016969093226321966,True,147.84135652519763,reproduced,reproduced,not_reproduced
fresh_hmm_2026100900_q8_s3_c1.0,weighted128,5,weighted128,0.005210433407069948,0.005210433407249261,True,147.84135652519763,reproduced,reproduced,reproduced
fresh_hmm_2026100900_q8_s3_c1.0,weighted128,5,minimax,0.008323236493846586,0.008323236503745023,True,147.84135652519763,reproduced,reproduced,reproduced
fresh_hmm_2026100900_q8_s3_c1.0,minimax,5,information,0.038019434210925684,0.03801943421092614,True,571.2804889986292,reproduced,not_reproduced,not_reproduced
fresh_hmm_2026100900_q8_s3_c1.0,minimax,5,brier,0.038019434210925684,0.03801943421092614,True,571.2804889986292,reproduced,not_reproduced,not_reproduced
fresh_hmm_2026100900_q8_s3_c1.0,minimax,5,pseudo_count,0.037213436591657434,0.03721343659165881,True,571.2804889986292,reproduced,not_reproduced,not_reproduced
fresh_hmm_2026100900_q8_s3_c1.0,minimax,5,uniform,0.0067473566509985705,0.006747357422127976,True,571.2804889986292,reproduced,reproduced,reproduced
fresh_hmm_2026100900_q8_s3_c1.0,minimax,5,weighted128,0.0041737461406758936,0.004173746140676721,True,571.2804889986292,reproduced,reproduced,reproduced
fresh_hmm_2026100900_q8_s3_c1.0,minimax,5,minimax,0.0015644808613338723,0.0015644808613362437,True,571.2804889986292,reproduced,reproduced,reproduced
fresh_hmm_2026100901_q8_s3_c1.0,information,5,information,0.0,1.8388068845354155e-15,True,0.2811821633949876,reproduced,reproduced,reproduced
fresh_hmm_2026100901_q8_s3_c1.0,information,5,brier,0.0,1.8388068845354155e-15,True,0.2811821633949876,reproduced,reproduced,reproduced
fresh_hmm_2026100901_q8_s3_c1.0,information,5,pseudo_count,0.05199361590485818,0.05199361590486189,True,0.2811821633949876,not_reproduced,not_reproduced,not_reproduced
fresh_hmm_2026100901_q8_s3_c1.0,information,5,uniform,0.059995622042788965,0.05999562204279903,True,0.2811821633949876,not_reproduced,not_reproduced,not_reproduced
fresh_hmm_2026100901_q8_s3_c1.0,information,5,weighted128,0.05865748829146633,0.058657488291491075,True,0.2811821633949876,not_reproduced,not_reproduced,not_reproduced
fresh_hmm_2026100901_q8_s3_c1.0,information,5,minimax,0.06718391036395122,0.06718391036398552,True,0.2811821633949876,not_reproduced,not_reproduced,not_reproduced
fresh_hmm_2026100901_q8_s3_c1.0,brier,5,information,0.0,2.2391810627908626e-14,True,0.2782703060656786,reproduced,reproduced,reproduced
fresh_hmm_2026100901_q8_s3_c1.0,brier,5,brier,0.0,2.2391810627908626e-14,True,0.2782703060656786,reproduced,reproduced,reproduced
fresh_hmm_2026100901_q8_s3_c1.0,brier,5,pseudo_count,0.05176164651455639,0.05176164651455828,True,0.2782703060656786,not_reproduced,not_reproduced,not_reproduced
fresh_hmm_2026100901_q8_s3_c1.0,brier,5,uniform,0.059163038486519604,0.059163038486538415,True,0.2782703060656786,not_reproduced,not_reproduced,not_reproduced
fresh_hmm_2026100901_q8_s3_c1.0,brier,5,weighted128,0.058647980546825185,0.058647980546825976,True,0.2782703060656786,not_reproduced,not_reproduced,not_reproduced
fresh_hmm_2026100901_q8_s3_c1.0,brier,5,minimax,0.06720967687698409,0.06720967687822359,True,0.2782703060656786,not_reproduced,not_reproduced,not_reproduced
fresh_hmm_2026100901_q8_s3_c1.0,pseudo_count,5,information,0.09868043369276513,0.09868043369276552,True,0.26671496126800776,not_reproduced,not_reproduced,not_reproduced
fresh_hmm_2026100901_q8_s3_c1.0,pseudo_count,5,brier,0.09868043369276513,0.09868043369276552,True,0.26671496126800776,not_reproduced,not_reproduced,not_reproduced
fresh_hmm_2026100901_q8_s3_c1.0,pseudo_count,5,pseudo_count,0.0,1.2273515537231106e-13,True,0.26671496126800776,reproduced,reproduced,reproduced
fresh_hmm_2026100901_q8_s3_c1.0,pseudo_count,5,uniform,0.03521451818560439,0.03521451818561744,True,0.26671496126800776,reproduced,not_reproduced,not_reproduced
fresh_hmm_2026100901_q8_s3_c1.0,pseudo_count,5,weighted128,0.06239108235944579,0.06239108235946196,True,0.26671496126800776,not_reproduced,not_reproduced,not_reproduced
fresh_hmm_2026100901_q8_s3_c1.0,pseudo_count,5,minimax,0.05839709503993151,0.0583970950399323,True,0.26671496126800776,not_reproduced,not_reproduced,not_reproduced
fresh_hmm_2026100901_q8_s3_c1.0,uniform,5,information,0.0782414204653491,0.07824142046534964,True,0.2043988648802042,not_reproduced,not_reproduced,not_reproduced
fresh_hmm_2026100901_q8_s3_c1.0,uniform,5,brier,0.0782414204653491,0.07824142046534964,True,0.2043988648802042,not_reproduced,not_reproduced,not_reproduced
fresh_hmm_2026100901_q8_s3_c1.0,uniform,5,pseudo_count,0.046744405371272335,0.04674440537127267,True,0.2043988648802042,reproduced,not_reproduced,not_reproduced
fresh_hmm_2026100901_q8_s3_c1.0,uniform,5,uniform,-7.028821968901866e-13,8.99486648359149e-15,True,0.2043988648802042,reproduced,reproduced,reproduced
fresh_hmm_2026100901_q8_s3_c1.0,uniform,5,weighted128,0.018153495490285998,0.01815349549030329,True,0.2043988648802042,reproduced,reproduced,not_reproduced
fresh_hmm_2026100901_q8_s3_c1.0,uniform,5,minimax,0.01991043903629175,0.019910439036292124,True,0.2043988648802042,reproduced,reproduced,not_reproduced
fresh_hmm_2026100901_q8_s3_c1.0,weighted128,5,information,0.02739150593590145,0.027391505935901738,True,73.594327442348,reproduced,not_reproduced,not_reproduced
fresh_hmm_2026100901_q8_s3_c1.0,weighted128,5,brier,0.02739150593590145,0.027391505935901738,True,73.594327442348,reproduced,not_reproduced,not_reproduced
fresh_hmm_2026100901_q8_s3_c1.0,weighted128,5,pseudo_count,0.02509841221487319,0.025098412214873425,True,73.594327442348,reproduced,not_reproduced,not_reproduced
fresh_hmm_2026100901_q8_s3_c1.0,weighted128,5,uniform,0.00997418070825229,0.009974180994648795,True,73.594327442348,reproduced,reproduced,reproduced
fresh_hmm_2026100901_q8_s3_c1.0,weighted128,5,weighted128,0.007757226504494286,0.007757226504495512,True,73.594327442348,reproduced,reproduced,reproduced
fresh_hmm_2026100901_q8_s3_c1.0,weighted128,5,minimax,0.009654973141726031,0.00965497314172672,True,73.594327442348,reproduced,reproduced,reproduced
fresh_hmm_2026100901_q8_s3_c1.0,minimax,5,information,0.04329030859305494,0.04329030859305506,True,131.35829739738256,reproduced,not_reproduced,not_reproduced
fresh_hmm_2026100901_q8_s3_c1.0,minimax,5,brier,0.04329030859305494,0.04329030859305506,True,131.35829739738256,reproduced,not_reproduced,not_reproduced
fresh_hmm_2026100901_q8_s3_c1.0,minimax,5,pseudo_count,0.039202413922962975,0.03920241392296326,True,131.35829739738256,reproduced,not_reproduced,not_reproduced
fresh_hmm_2026100901_q8_s3_c1.0,minimax,5,uniform,0.007410036604437842,0.007410036604511555,True,131.35829739738256,reproduced,reproduced,reproduced
fresh_hmm_2026100901_q8_s3_c1.0,minimax,5,weighted128,0.00441706283187826,0.004417062831879302,True,131.35829739738256,reproduced,reproduced,reproduced
fresh_hmm_2026100901_q8_s3_c1.0,minimax,5,minimax,0.005836969573414508,0.00583696957341545,True,131.35829739738256,reproduced,reproduced,reproduced
fresh_hmm_2026101000_q8_s3_c5.0,information,5,information,0.0,2.523675712851059e-14,True,0.2181436801329255,reproduced,reproduced,reproduced
fresh_hmm_2026101000_q8_s3_c5.0,information,5,brier,0.009911155914256953,0.009911155915611276,True,0.2181436801329255,reproduced,reproduced,reproduced
fresh_hmm_2026101000_q8_s3_c5.0,information,5,pseudo_count,0.0820724333902999,0.08207243339030465,True,0.2181436801329255,not_reproduced,not_reproduced,not_reproduced
fresh_hmm_2026101000_q8_s3_c5.0,information,5,uniform,0.05665536383806924,0.05665536383807245,True,0.2181436801329255,not_reproduced,not_reproduced,not_reproduced
fresh_hmm_2026101000_q8_s3_c5.0,information,5,weighted128,0.05277036533660784,0.05277036533661227,True,0.2181436801329255,not_reproduced,not_reproduced,not_reproduced
fresh_hmm_2026101000_q8_s3_c5.0,information,5,minimax,0.052438189911606425,0.05243818991160883,True,0.2181436801329255,not_reproduced,not_reproduced,not_reproduced
fresh_hmm_2026101000_q8_s3_c5.0,brier,5,information,0.007815561186099718,0.007815561186101133,True,0.21638911589980125,reproduced,reproduced,reproduced
fresh_hmm_2026101000_q8_s3_c5.0,brier,5,brier,-2.3069243878371926e-12,1.505552627012463e-12,True,0.21638911589980125,reproduced,reproduced,reproduced
fresh_hmm_2026101000_q8_s3_c5.0,brier,5,pseudo_count,0.053749209608735415,0.05374920960873726,True,0.21638911589980125,not_reproduced,not_reproduced,not_reproduced
fresh_hmm_2026101000_q8_s3_c5.0,brier,5,uniform,0.030761348686906387,0.030761348687193928,True,0.21638911589980125,reproduced,not_reproduced,not_reproduced
fresh_hmm_2026101000_q8_s3_c5.0,brier,5,weighted128,0.026622244694793462,0.026622244695974323,True,0.21638911589980125,reproduced,not_reproduced,not_reproduced
fresh_hmm_2026101000_q8_s3_c5.0,brier,5,minimax,0.02611643865382185,0.026116438653873367,True,0.21638911589980125,reproduced,not_reproduced,not_reproduced
fresh_hmm_2026101000_q8_s3_c5.0,pseudo_count,5,information,0.10073257332582941,0.10073257332582955,True,0.2103572739288211,not_reproduced,not_reproduced,not_reproduced
fresh_hmm_2026101000_q8_s3_c5.0,pseudo_count,5,brier,0.1007325733258293,0.10073257332582986,True,0.2103572739288211,not_reproduced,not_reproduced,not_reproduced
fresh_hmm_2026101000_q8_s3_c5.0,pseudo_count,5,pseudo_count,0.009295167221628375,0.009295167227830622,True,0.2103572739288211,reproduced,reproduced,reproduced
fresh_hmm_2026101000_q8_s3_c5.0,pseudo_count,5,uniform,0.03460267655291327,0.03460267655303445,True,0.2103572739288211,reproduced,not_reproduced,not_reproduced
fresh_hmm_2026101000_q8_s3_c5.0,pseudo_count,5,weighted128,0.05126117604416225,0.051261176052078056,True,0.2103572739288211,not_reproduced,not_reproduced,not_reproduced
fresh_hmm_2026101000_q8_s3_c5.0,pseudo_count,5,minimax,0.054077675675719084,0.054077675677546955,True,0.2103572739288211,not_reproduced,not_reproduced,not_reproduced
fresh_hmm_2026101000_q8_s3_c5.0,uniform,5,information,0.033987786270977205,0.03398778627097734,True,0.16209700517356396,reproduced,not_reproduced,not_reproduced
fresh_hmm_2026101000_q8_s3_c5.0,uniform,5,brier,0.033987786270977316,0.033987786270977316,True,0.16209700517356396,reproduced,not_reproduced,not_reproduced
fresh_hmm_2026101000_q8_s3_c5.0,uniform,5,pseudo_count,0.013729146884552068,0.013729146884553046,True,0.16209700517356396,reproduced,reproduced,not_reproduced
fresh_hmm_2026101000_q8_s3_c5.0,uniform,5,uniform,-8.215650382226158e-14,6.963375188961951e-14,True,0.16209700517356396,reproduced,reproduced,reproduced
fresh_hmm_2026101000_q8_s3_c5.0,uniform,5,weighted128,0.0010823407221738357,0.001082340722176435,True,0.16209700517356396,reproduced,reproduced,reproduced
fresh_hmm_2026101000_q8_s3_c5.0,uniform,5,minimax,0.0022192273860426326,0.0022192273861090283,True,0.16209700517356396,reproduced,reproduced,reproduced
fresh_hmm_2026101000_q8_s3_c5.0,weighted128,5,information,0.027912948026547646,0.027912948026547937,True,116.41792204603553,reproduced,not_reproduced,not_reproduced
fresh_hmm_2026101000_q8_s3_c5.0,weighted128,5,brier,0.027912948026547868,0.027912948026547903,True,116.41792204603553,reproduced,not_reproduced,not_reproduced
fresh_hmm_2026101000_q8_s3_c5.0,weighted128,5,pseudo_count,0.008170106596152027,0.00817010659615227,True,116.41792204603553,reproduced,reproduced,reproduced
fresh_hmm_2026101000_q8_s3_c5.0,weighted128,5,uniform,0.0032632103392942202,0.0032632109048909446,True,116.41792204603553,reproduced,reproduced,reproduced
fresh_hmm_2026101000_q8_s3_c5.0,weighted128,5,weighted128,0.0022918231999857763,0.0022918232000953475,True,116.41792204603553,reproduced,reproduced,reproduced
fresh_hmm_2026101000_q8_s3_c5.0,weighted128,5,minimax,0.004967109777675782,0.004967109777724712,True,116.41792204603553,reproduced,reproduced,reproduced
fresh_hmm_2026101000_q8_s3_c5.0,minimax,5,information,0.013725161520891982,0.01372516152738712,True,129.1966155450791,reproduced,reproduced,not_reproduced
fresh_hmm_2026101000_q8_s3_c5.0,minimax,5,brier,0.013725161520824924,0.013725161520988446,True,129.1966155450791,reproduced,reproduced,not_reproduced
fresh_hmm_2026101000_q8_s3_c5.0,minimax,5,pseudo_count,0.013725161520907192,0.01372516152092549,True,129.1966155450791,reproduced,reproduced,not_reproduced
fresh_hmm_2026101000_q8_s3_c5.0,minimax,5,uniform,0.0024595285828854507,0.002459528582919312,True,129.1966155450791,reproduced,reproduced,reproduced
fresh_hmm_2026101000_q8_s3_c5.0,minimax,5,weighted128,0.0010371895645339135,0.0010371895645344647,True,129.1966155450791,reproduced,reproduced,reproduced
fresh_hmm_2026101000_q8_s3_c5.0,minimax,5,minimax,0.00309376527387506,0.0030937652740593968,True,129.1966155450791,reproduced,reproduced,reproduced
fresh_hmm_2026101001_q8_s3_c5.0,information,5,information,0.0,3.2890357104520263e-15,True,0.21447420306503773,reproduced,reproduced,reproduced
fresh_hmm_2026101001_q8_s3_c5.0,information,5,brier,0.0,3.2890357104520263e-15,True,0.21447420306503773,reproduced,reproduced,reproduced
fresh_hmm_2026101001_q8_s3_c5.0,information,5,pseudo_count,0.08494696061965645,0.08494696061965917,True,0.21447420306503773,not_reproduced,not_reproduced,not_reproduced
fresh_hmm_2026101001_q8_s3_c5.0,information,5,uniform,0.0584601280790199,0.058460128079290144,True,0.21447420306503773,not_reproduced,not_reproduced,not_reproduced
fresh_hmm_2026101001_q8_s3_c5.0,information,5,weighted128,0.06054732997050172,0.060547329970511723,True,0.21447420306503773,not_reproduced,not_reproduced,not_reproduced
fresh_hmm_2026101001_q8_s3_c5.0,information,5,minimax,0.055002213725311555,0.05500221372531816,True,0.21447420306503773,not_reproduced,not_reproduced,not_reproduced
fresh_hmm_2026101001_q8_s3_c5.0,brier,5,information,0.0,3.608224830031759e-15,True,0.21240966860204935,reproduced,reproduced,reproduced
fresh_hmm_2026101001_q8_s3_c5.0,brier,5,brier,0.0,3.608224830031759e-15,True,0.21240966860204935,reproduced,reproduced,reproduced
fresh_hmm_2026101001_q8_s3_c5.0,brier,5,pseudo_count,0.07648181256149611,0.07648181256149622,True,0.21240966860204935,not_reproduced,not_reproduced,not_reproduced
fresh_hmm_2026101001_q8_s3_c5.0,brier,5,uniform,0.05004360154579479,0.05004360154770177,True,0.21240966860204935,not_reproduced,not_reproduced,not_reproduced
fresh_hmm_2026101001_q8_s3_c5.0,brier,5,weighted128,0.05214160134751855,0.05214160134752481,True,0.21240966860204935,not_reproduced,not_reproduced,not_reproduced
fresh_hmm_2026101001_q8_s3_c5.0,brier,5,minimax,0.046307961772726336,0.04630796177312653,True,0.21240966860204935,reproduced,not_reproduced,not_reproduced
fresh_hmm_2026101001_q8_s3_c5.0,pseudo_count,5,information,0.036685672198827235,0.03668567219882739,True,0.2056031422689557,reproduced,not_reproduced,not_reproduced
fresh_hmm_2026101001_q8_s3_c5.0,pseudo_count,5,brier,0.036685672198827235,0.03668567219882739,True,0.2056031422689557,reproduced,not_reproduced,not_reproduced
fresh_hmm_2026101001_q8_s3_c5.0,pseudo_count,5,pseudo_count,0.0015930784171365175,0.0015930784171463638,True,0.2056031422689557,reproduced,reproduced,reproduced
fresh_hmm_2026101001_q8_s3_c5.0,pseudo_count,5,uniform,0.007926082219385622,0.007926082219618547,True,0.2056031422689557,reproduced,reproduced,reproduced
fresh_hmm_2026101001_q8_s3_c5.0,pseudo_count,5,weighted128,0.00990850819465694,0.00990850820003207,True,0.2056031422689557,reproduced,reproduced,reproduced
fresh_hmm_2026101001_q8_s3_c5.0,pseudo_count,5,minimax,0.01365609164891246,0.013656091649571381,True,0.2056031422689557,reproduced,reproduced,not_reproduced
fresh_hmm_2026101001_q8_s3_c5.0,uniform,5,information,0.02672368744536513,0.026723687445365525,True,0.1869887625798583,reproduced,not_reproduced,not_reproduced
fresh_hmm_2026101001_q8_s3_c5.0,uniform,5,brier,0.02672368744536513,0.026723687445365525,True,0.1869887625798583,reproduced,not_reproduced,not_reproduced
fresh_hmm_2026101001_q8_s3_c5.0,uniform,5,pseudo_count,0.015787360460497335,0.01578736046050542,True,0.1869887625798583,reproduced,reproduced,not_reproduced
fresh_hmm_2026101001_q8_s3_c5.0,uniform,5,uniform,-6.894484982922222e-14,5.388918478121951e-15,True,0.1869887625798583,reproduced,reproduced,reproduced
fresh_hmm_2026101001_q8_s3_c5.0,uniform,5,weighted128,0.001009843132835031,0.0010098431369808562,True,0.1869887625798583,reproduced,reproduced,reproduced
fresh_hmm_2026101001_q8_s3_c5.0,uniform,5,minimax,0.0009477670541568894,0.0009477670554208363,True,0.1869887625798583,reproduced,reproduced,reproduced
fresh_hmm_2026101001_q8_s3_c5.0,weighted128,5,information,0.025060134370399334,0.02506013437039989,True,94.17455738596618,reproduced,not_reproduced,not_reproduced
fresh_hmm_2026101001_q8_s3_c5.0,weighted128,5,brier,0.025060134370399334,0.02506013437039989,True,94.17455738596618,reproduced,not_reproduced,not_reproduced
fresh_hmm_2026101001_q8_s3_c5.0,weighted128,5,pseudo_count,0.00876152342338088,0.008761523425818304,True,94.17455738596618,reproduced,reproduced,reproduced
fresh_hmm_2026101001_q8_s3_c5.0,weighted128,5,uniform,0.0009802681929469426,0.0009802921315968261,True,94.17455738596618,reproduced,reproduced,reproduced
fresh_hmm_2026101001_q8_s3_c5.0,weighted128,5,weighted128,0.0005099656713569711,0.0005099656713608508,True,94.17455738596618,reproduced,reproduced,reproduced
fresh_hmm_2026101001_q8_s3_c5.0,weighted128,5,minimax,0.0027332385226916944,0.0027332385227057145,True,94.17455738596618,reproduced,reproduced,reproduced
fresh_hmm_2026101001_q8_s3_c5.0,minimax,5,information,0.013160171019562794,0.013160171019563273,True,168.58173750992864,reproduced,reproduced,not_reproduced
fresh_hmm_2026101001_q8_s3_c5.0,minimax,5,brier,0.013160171019562794,0.013160171019563273,True,168.58173750992864,reproduced,reproduced,not_reproduced
fresh_hmm_2026101001_q8_s3_c5.0,minimax,5,pseudo_count,0.008269989156473478,0.008269989156866445,True,168.58173750992864,reproduced,reproduced,reproduced
fresh_hmm_2026101001_q8_s3_c5.0,minimax,5,uniform,0.0016013812392395854,0.0016013824973519263,True,168.58173750992864,reproduced,reproduced,reproduced
fresh_hmm_2026101001_q8_s3_c5.0,minimax,5,weighted128,0.0007034816847089065,0.0007034816847262756,True,168.58173750992864,reproduced,reproduced,reproduced
fresh_hmm_2026101001_q8_s3_c5.0,minimax,5,minimax,0.003651632599452892,0.0036516326001759985,True,168.58173750992864,reproduced,reproduced,reproduced
hmm_91501_0.2,information,5,information,0.037769351571931176,0.037769351571931606,True,0.149812962859869,reproduced,not_reproduced,not_reproduced
hmm_91501_0.2,information,5,brier,8.484432771938e-05,8.484432773696229e-05,True,0.149812962859869,reproduced,reproduced,reproduced
hmm_91501_0.2,information,5,pseudo_count,0.0373305988211885,0.0373305988211907,True,0.149812962859869,reproduced,not_reproduced,not_reproduced
hmm_91501_0.2,information,5,uniform,0.0031387837182224043,0.0031387837187554016,True,0.149812962859869,reproduced,reproduced,reproduced
hmm_91501_0.2,information,5,weighted128,0.015380496258202592,0.015380496779801474,True,0.149812962859869,reproduced,reproduced,not_reproduced
hmm_91501_0.2,information,5,minimax,0.0052736730917414265,0.005273673091742935,True,0.149812962859869,reproduced,reproduced,reproduced
hmm_91501_0.2,brier,5,information,0.037769351571931176,0.037769351571931606,True,0.1503467196598649,reproduced,not_reproduced,not_reproduced
hmm_91501_0.2,brier,5,brier,8.484432771938e-05,8.484432773696229e-05,True,0.1503467196598649,reproduced,reproduced,reproduced
hmm_91501_0.2,brier,5,pseudo_count,0.0373305988211885,0.0373305988211907,True,0.1503467196598649,reproduced,not_reproduced,not_reproduced
hmm_91501_0.2,brier,5,uniform,0.0031387837182224043,0.0031387837187554016,True,0.1503467196598649,reproduced,reproduced,reproduced
hmm_91501_0.2,brier,5,weighted128,0.015380496258202592,0.015380496779801474,True,0.1503467196598649,reproduced,reproduced,not_reproduced
hmm_91501_0.2,brier,5,minimax,0.0052736730917414265,0.005273673091742935,True,0.1503467196598649,reproduced,reproduced,reproduced
hmm_91501_0.2,pseudo_count,5,information,0.006873431837498112,0.00687343183749861,True,0.16015592869371176,reproduced,reproduced,reproduced
hmm_91501_0.2,pseudo_count,5,brier,0.07109148778663854,0.07109148778663882,True,0.16015592869371176,not_reproduced,not_reproduced,not_reproduced
hmm_91501_0.2,pseudo_count,5,pseudo_count,0.004024508871677157,0.004024508871705214,True,0.16015592869371176,reproduced,reproduced,reproduced
hmm_91501_0.2,pseudo_count,5,uniform,0.006134793222962953,0.006134793222986932,True,0.16015592869371176,reproduced,reproduced,reproduced
hmm_91501_0.2,pseudo_count,5,weighted128,0.03217448340200346,0.03217448340202423,True,0.16015592869371176,reproduced,not_reproduced,not_reproduced
hmm_91501_0.2,pseudo_count,5,minimax,0.018097881859819087,0.018097881859831362,True,0.16015592869371176,reproduced,reproduced,not_reproduced
hmm_91501_0.2,uniform,5,information,0.05837116854612845,0.05837116854618392,True,0.09152569808065891,not_reproduced,not_reproduced,not_reproduced
hmm_91501_0.2,uniform,5,brier,0.08954436069672722,0.08954436069672765,True,0.09152569808065891,not_reproduced,not_reproduced,not_reproduced
hmm_91501_0.2,uniform,5,pseudo_count,0.048078531779265465,0.04807853177926606,True,0.09152569808065891,reproduced,not_reproduced,not_reproduced
hmm_91501_0.2,uniform,5,uniform,-1.887379141862766e-15,4.61383589753922e-15,True,0.09152569808065891,reproduced,reproduced,reproduced
hmm_91501_0.2,uniform,5,weighted128,0.05051881382456114,0.050518813824563774,True,0.09152569808065891,not_reproduced,not_reproduced,not_reproduced
hmm_91501_0.2,uniform,5,minimax,0.04215323624681222,0.04215323624681266,True,0.09152569808065891,reproduced,not_reproduced,not_reproduced
hmm_91501_0.2,weighted128,5,information,0.012790813445775595,0.01279081344577597,True,14.953839337453246,reproduced,reproduced,not_reproduced
hmm_91501_0.2,weighted128,5,brier,0.004800978618021423,0.004800978618021752,True,14.953839337453246,reproduced,reproduced,reproduced
hmm_91501_0.2,weighted128,5,pseudo_count,0.012641428180560799,0.01264142818056059,True,14.953839337453246,reproduced,reproduced,not_reproduced
hmm_91501_0.2,weighted128,5,uniform,0.0,1.8209880218306163e-14,True,14.953839337453246,reproduced,reproduced,reproduced
hmm_91501_0.2,weighted128,5,weighted128,0.003777209162958872,0.0037772091631327505,True,14.953839337453246,reproduced,reproduced,reproduced
hmm_91501_0.2,weighted128,5,minimax,0.0,1.1977252550214937e-14,True,14.953839337453246,reproduced,reproduced,reproduced
hmm_91501_0.2,minimax,5,information,0.01354168539009748,0.013541685613282964,True,20.771322825923562,reproduced,reproduced,not_reproduced
hmm_91501_0.2,minimax,5,brier,0.015562921513021744,0.015562921513022687,True,20.771322825923562,reproduced,reproduced,not_reproduced
hmm_91501_0.2,minimax,5,pseudo_count,0.01344876870132694,0.013448768701327166,True,20.771322825923562,reproduced,reproduced,not_reproduced
hmm_91501_0.2,minimax,5,uniform,0.0,5.818320814292982e-14,True,20.771322825923562,reproduced,reproduced,reproduced
hmm_91501_0.2,minimax,5,weighted128,0.00044905555588825585,0.0004490555558891718,True,20.771322825923562,reproduced,reproduced,reproduced
hmm_91501_0.2,minimax,5,minimax,0.0,2.185196672893388e-11,True,20.771322825923562,reproduced,reproduced,reproduced
hmm_91502_1.0,information,5,information,0.009269028932729406,0.009269028932729441,True,0.15038470085710287,reproduced,reproduced,reproduced
hmm_91502_1.0,information,5,brier,0.0015245326059998288,0.0015245326060659287,True,0.15038470085710287,reproduced,reproduced,reproduced
hmm_91502_1.0,information,5,pseudo_count,0.037638973033576106,0.037638973033576995,True,0.15038470085710287,reproduced,not_reproduced,not_reproduced
hmm_91502_1.0,information,5,uniform,0.014747821414322404,0.014747821414332592,True,0.15038470085710287,reproduced,reproduced,not_reproduced
hmm_91502_1.0,information,5,weighted128,0.018591648302030195,0.01859164830206799,True,0.15038470085710287,reproduced,reproduced,not_reproduced
hmm_91502_1.0,information,5,minimax,0.01697633671745724,0.01697633671746232,True,0.15038470085710287,reproduced,reproduced,not_reproduced
hmm_91502_1.0,brier,5,information,0.012024114907410177,0.01202411490741026,True,0.14691045507788658,reproduced,reproduced,not_reproduced
hmm_91502_1.0,brier,5,brier,-8.356245106419406e-14,5.1349549612389467e-14,True,0.14691045507788658,reproduced,reproduced,reproduced
hmm_91502_1.0,brier,5,pseudo_count,0.032732742424872785,0.0327327424254438,True,0.14691045507788658,reproduced,not_reproduced,not_reproduced
hmm_91502_1.0,brier,5,uniform,0.015200434161493082,0.015200434161501877,True,0.14691045507788658,reproduced,reproduced,not_reproduced
hmm_91502_1.0,brier,5,weighted128,0.017674015206809446,0.01767401520682377,True,0.14691045507788658,reproduced,reproduced,not_reproduced
hmm_91502_1.0,brier,5,minimax,0.015918831516180787,0.01591883151620093,True,0.14691045507788658,reproduced,reproduced,not_reproduced
hmm_91502_1.0,pseudo_count,5,information,0.028653580810121704,0.02865358081012162,True,0.14704191964119673,reproduced,not_reproduced,not_reproduced
hmm_91502_1.0,pseudo_count,5,brier,0.02865358081011815,0.028653580810123237,True,0.14704191964119673,reproduced,not_reproduced,not_reproduced
hmm_91502_1.0,pseudo_count,5,pseudo_count,0.0006392839736871769,0.0006392839737071367,True,0.14704191964119673,reproduced,reproduced,reproduced
hmm_91502_1.0,pseudo_count,5,uniform,0.006249022810375537,0.006249022810954052,True,0.14704191964119673,reproduced,reproduced,reproduced
hmm_91502_1.0,pseudo_count,5,weighted128,0.0069752262997494485,0.006975226299752374,True,0.14704191964119673,reproduced,reproduced,reproduced
hmm_91502_1.0,pseudo_count,5,minimax,0.006462002177793691,0.006462002177809182,True,0.14704191964119673,reproduced,reproduced,reproduced
hmm_91502_1.0,uniform,5,information,0.04068620424845204,0.04068620424845234,True,0.09251304809004068,reproduced,not_reproduced,not_reproduced
hmm_91502_1.0,uniform,5,brier,0.04068620424845171,0.0406862042484523,True,0.09251304809004068,reproduced,not_reproduced,not_reproduced
hmm_91502_1.0,uniform,5,pseudo_count,0.00926744592338169,0.009267445923382054,True,0.09251304809004068,reproduced,reproduced,reproduced
hmm_91502_1.0,uniform,5,uniform,0.0,8.439429710627167e-16,True,0.09251304809004068,reproduced,reproduced,reproduced
hmm_91502_1.0,uniform,5,weighted128,0.000883227341570425,0.0008832273419494175,True,0.09251304809004068,reproduced,reproduced,reproduced
hmm_91502_1.0,uniform,5,minimax,0.00046231608625568743,0.00046231608639941675,True,0.09251304809004068,reproduced,reproduced,reproduced
hmm_91502_1.0,weighted128,5,information,0.008087831483612362,0.008087831483612574,True,29.38734337501228,reproduced,reproduced,reproduced
hmm_91502_1.0,weighted128,5,brier,0.008087831483612251,0.00808783148361255,True,29.38734337501228,reproduced,reproduced,reproduced
hmm_91502_1.0,weighted128,5,pseudo_count,0.004222457848708561,0.004222457848717364,True,29.38734337501228,reproduced,reproduced,reproduced
hmm_91502_1.0,weighted128,5,uniform,0.00027813036083379483,0.00027813036144621207,True,29.38734337501228,reproduced,reproduced,reproduced
hmm_91502_1.0,weighted128,5,weighted128,0.0002176657639769708,0.0002176657745448751,True,29.38734337501228,reproduced,reproduced,reproduced
hmm_91502_1.0,weighted128,5,minimax,0.000576286677519855,0.0005762866775304054,True,29.38734337501228,reproduced,reproduced,reproduced
hmm_91502_1.0,minimax,5,information,0.00941611672984044,0.00941611672984068,True,30.416204026900232,reproduced,reproduced,reproduced
hmm_91502_1.0,minimax,5,brier,0.009416116729829782,0.009416116730051183,True,30.416204026900232,reproduced,reproduced,reproduced
hmm_91502_1.0,minimax,5,pseudo_count,0.009245706779659635,0.009245706779663885,True,30.416204026900232,reproduced,reproduced,reproduced
hmm_91502_1.0,minimax,5,uniform,0.00028607339731412385,0.0002860740294099275,True,30.416204026900232,reproduced,reproduced,reproduced
hmm_91502_1.0,minimax,5,weighted128,3.3734644927507773e-06,3.3734664349272317e-06,True,30.416204026900232,reproduced,reproduced,reproduced
hmm_91502_1.0,minimax,5,minimax,0.0,3.4842734166623535e-15,True,30.416204026900232,reproduced,reproduced,reproduced
hmm_91503_5.0,information,5,information,0.0,1.8214596497756474e-16,True,0.15104212053120136,reproduced,reproduced,reproduced
hmm_91503_5.0,information,5,brier,0.0,1.8214596497756474e-16,True,0.15104212053120136,reproduced,reproduced,reproduced
hmm_91503_5.0,information,5,pseudo_count,0.06995273235877386,0.06995273235877697,True,0.15104212053120136,not_reproduced,not_reproduced,not_reproduced
hmm_91503_5.0,information,5,uniform,0.04367784521026763,0.04367784521026834,True,0.15104212053120136,reproduced,not_reproduced,not_reproduced
hmm_91503_5.0,information,5,weighted128,0.04077119764172066,0.04077119764173662,True,0.15104212053120136,reproduced,not_reproduced,not_reproduced
hmm_91503_5.0,information,5,minimax,0.04014042959734432,0.040140429597381094,True,0.15104212053120136,reproduced,not_reproduced,not_reproduced
hmm_91503_5.0,brier,5,information,0.0,2.5153490401663703e-16,True,0.13968330435454845,reproduced,reproduced,reproduced
hmm_91503_5.0,brier,5,brier,0.0,2.5153490401663703e-16,True,0.13968330435454845,reproduced,reproduced,reproduced
hmm_91503_5.0,brier,5,pseudo_count,0.06463489984644699,0.06463489984644788,True,0.13968330435454845,not_reproduced,not_reproduced,not_reproduced
hmm_91503_5.0,brier,5,uniform,0.037969540379711786,0.037969540379989744,True,0.13968330435454845,reproduced,not_reproduced,not_reproduced
hmm_91503_5.0,brier,5,weighted128,0.034253852595888756,0.03425385259589288,True,0.13968330435454845,reproduced,not_reproduced,not_reproduced
hmm_91503_5.0,brier,5,minimax,0.035423946475496626,0.035423946475513265,True,0.13968330435454845,reproduced,not_reproduced,not_reproduced
hmm_91503_5.0,pseudo_count,5,information,0.03738473299723588,0.0373847329972363,True,0.1417781887575984,reproduced,not_reproduced,not_reproduced
hmm_91503_5.0,pseudo_count,5,brier,0.03738473299723588,0.0373847329972363,True,0.1417781887575984,reproduced,not_reproduced,not_reproduced
hmm_91503_5.0,pseudo_count,5,pseudo_count,0.0,5.065392549852277e-16,True,0.1417781887575984,reproduced,reproduced,reproduced
hmm_91503_5.0,pseudo_count,5,uniform,0.0027948527729572126,0.00279485277297584,True,0.1417781887575984,reproduced,reproduced,reproduced
hmm_91503_5.0,pseudo_count,5,weighted128,0.008578695572396544,0.008578695572409183,True,0.1417781887575984,reproduced,reproduced,reproduced
hmm_91503_5.0,pseudo_count,5,minimax,0.0011204325609673882,0.001120432560985275,True,0.1417781887575984,reproduced,reproduced,reproduced
hmm_91503_5.0,uniform,5,information,0.03203685631963571,0.03203685631963588,True,0.0892404979094863,reproduced,not_reproduced,not_reproduced
hmm_91503_5.0,uniform,5,brier,0.03203685631963571,0.03203685631963588,True,0.0892404979094863,reproduced,not_reproduced,not_reproduced
hmm_91503_5.0,uniform,5,pseudo_count,7.21635959464173e-05,7.216359595621502e-05,True,0.0892404979094863,reproduced,reproduced,reproduced
hmm_91503_5.0,uniform,5,uniform,0.0,2.0513105103425744e-16,True,0.0892404979094863,reproduced,reproduced,reproduced
hmm_91503_5.0,uniform,5,weighted128,-6.417089082333405e-14,2.809167828909942e-16,True,0.0892404979094863,reproduced,reproduced,reproduced
hmm_91503_5.0,uniform,5,minimax,0.0,1.726049858596923e-16,True,0.0892404979094863,reproduced,reproduced,reproduced
hmm_91503_5.0,weighted128,5,information,0.014296591017176286,0.014296591017176646,True,46.294197796843946,reproduced,reproduced,not_reproduced
hmm_91503_5.0,weighted128,5,brier,0.014296591017176286,0.014296591017176646,True,46.294197796843946,reproduced,reproduced,not_reproduced
hmm_91503_5.0,weighted128,5,pseudo_count,0.005402968775293893,0.005402968775319178,True,46.294197796843946,reproduced,reproduced,reproduced
hmm_91503_5.0,weighted128,5,uniform,-4.1022000778771124e-10,2.2261706367210365e-14,True,46.294197796843946,reproduced,reproduced,reproduced
hmm_91503_5.0,weighted128,5,weighted128,0.0,3.812163258676282e-15,True,46.294197796843946,reproduced,reproduced,reproduced
hmm_91503_5.0,weighted128,5,minimax,0.0,2.8362728832220796e-16,True,46.294197796843946,reproduced,reproduced,reproduced
hmm_91503_5.0,minimax,5,information,0.009836198847647526,0.00983619884781807,True,30.785225517116487,reproduced,reproduced,reproduced
hmm_91503_5.0,minimax,5,brier,0.009836198847647526,0.00983619884781807,True,30.785225517116487,reproduced,reproduced,reproduced
hmm_91503_5.0,minimax,5,pseudo_count,0.0,8.291978215169138e-16,True,30.785225517116487,reproduced,reproduced,reproduced
hmm_91503_5.0,minimax,5,uniform,0.0,9.040077714184136e-15,True,30.785225517116487,reproduced,reproduced,reproduced
hmm_91503_5.0,minimax,5,weighted128,0.0,2.3266978621538925e-16,True,30.785225517116487,reproduced,reproduced,reproduced
hmm_91503_5.0,minimax,5,minimax,0.0,3.0557154029331457e-15,True,30.785225517116487,reproduced,reproduced,reproduced
irreversible_0.1_0.3,information,5,information,0.0,2.231830172061411e-16,True,0.15038089454174042,reproduced,reproduced,reproduced
irreversible_0.1_0.3,information,5,brier,0.0,2.231830172061411e-16,True,0.15038089454174042,reproduced,reproduced,reproduced
irreversible_0.1_0.3,information,5,pseudo_count,0.2839999999999999,0.2840000000000127,True,0.15038089454174042,not_reproduced,not_reproduced,not_reproduced
irreversible_0.1_0.3,information,5,uniform,0.14200000000000013,0.1420000000000047,True,0.15038089454174042,not_reproduced,not_reproduced,not_reproduced
irreversible_0.1_0.3,information,5,weighted128,0.0,2.2054027441070767e-16,True,0.15038089454174042,reproduced,reproduced,reproduced
irreversible_0.1_0.3,information,5,minimax,0.10668783068782306,0.10668783068783724,True,0.15038089454174042,not_reproduced,not_reproduced,not_reproduced
irreversible_0.1_0.3,brier,5,information,0.0,2.231830172061411e-16,True,0.15045299660414457,reproduced,reproduced,reproduced
irreversible_0.1_0.3,brier,5,brier,0.0,2.231830172061411e-16,True,0.15045299660414457,reproduced,reproduced,reproduced
irreversible_0.1_0.3,brier,5,pseudo_count,0.2839999999999997,0.28400000000000014,True,0.15045299660414457,not_reproduced,not_reproduced,not_reproduced
irreversible_0.1_0.3,brier,5,uniform,0.1419999999999998,0.1420000000000002,True,0.15045299660414457,not_reproduced,not_reproduced,not_reproduced
irreversible_0.1_0.3,brier,5,weighted128,0.0,1.5143593844191283e-16,True,0.15045299660414457,reproduced,reproduced,reproduced
irreversible_0.1_0.3,brier,5,minimax,0.1066878306878305,0.10668783068783161,True,0.15045299660414457,not_reproduced,not_reproduced,not_reproduced
irreversible_0.1_0.3,pseudo_count,5,information,0.47200000000000003,0.47200000000000025,True,0.14458064455538988,not_reproduced,not_reproduced,not_reproduced
irreversible_0.1_0.3,pseudo_count,5,brier,0.47200000000000003,0.47200000000000025,True,0.14458064455538988,not_reproduced,not_reproduced,not_reproduced
irreversible_0.1_0.3,pseudo_count,5,pseudo_count,0.0,1.6653345369377348e-16,True,0.14458064455538988,reproduced,reproduced,reproduced
irreversible_0.1_0.3,pseudo_count,5,uniform,0.23599999999998889,0.23600000000000557,True,0.14458064455538988,not_reproduced,not_reproduced,not_reproduced
irreversible_0.1_0.3,pseudo_count,5,weighted128,0.4720000000000001,0.4720000000000003,True,0.14458064455538988,not_reproduced,not_reproduced,not_reproduced
irreversible_0.1_0.3,pseudo_count,5,minimax,0.29468783068783,0.2946878306878311,True,0.14458064455538988,not_reproduced,not_reproduced,not_reproduced
irreversible_0.1_0.3,uniform,5,information,0.22628000000000004,0.22628000000000026,True,0.09416135866194963,not_reproduced,not_reproduced,not_reproduced
irreversible_0.1_0.3,uniform,5,brier,0.22628000000000004,0.22628000000000026,True,0.09416135866194963,not_reproduced,not_reproduced,not_reproduced
irreversible_0.1_0.3,uniform,5,pseudo_count,0.11553999999999942,0.11554000000000027,True,0.09416135866194963,not_reproduced,not_reproduced,not_reproduced
irreversible_0.1_0.3,uniform,5,uniform,-4.440892098500626e-16,1.3640618582583253e-16,True,0.09416135866194963,reproduced,reproduced,reproduced
irreversible_0.1_0.3,uniform,5,weighted128,0.22627999999999893,0.22628000000000023,True,0.09416135866194963,not_reproduced,not_reproduced,not_reproduced
irreversible_0.1_0.3,uniform,5,minimax,0.04896783068783028,0.04896783068783121,True,0.09416135866194963,reproduced,not_reproduced,not_reproduced
irreversible_0.1_0.3,weighted128,5,information,0.0,2.3103264093493614e-15,True,0.7581984512507915,reproduced,reproduced,reproduced
irreversible_0.1_0.3,weighted128,5,brier,0.0,2.3103264093493614e-15,True,0.7581984512507915,reproduced,reproduced,reproduced
irreversible_0.1_0.3,weighted128,5,pseudo_count,0.27067238157252027,0.270672381572521,True,0.7581984512507915,not_reproduced,not_reproduced,not_reproduced
irreversible_0.1_0.3,weighted128,5,uniform,0.12867238157252048,0.12867238157252092,True,0.7581984512507915,not_reproduced,not_reproduced,not_reproduced
irreversible_0.1_0.3,weighted128,5,weighted128,0.0,3.0881330478904623e-15,True,0.7581984512507915,reproduced,reproduced,reproduced
irreversible_0.1_0.3,weighted128,5,minimax,0.0933602122603514,0.0933602122603517,True,0.7581984512507915,not_reproduced,not_reproduced,not_reproduced
irreversible_0.1_0.3,minimax,5,information,0.16058143222753374,0.16058143222753396,True,0.7156021101400256,not_reproduced,not_reproduced,not_reproduced
irreversible_0.1_0.3,minimax,5,brier,0.16058143222753374,0.16058143222753396,True,0.7156021101400256,not_reproduced,not_reproduced,not_reproduced
irreversible_0.1_0.3,minimax,5,pseudo_count,0.16058143222753107,0.16058143222753463,True,0.7156021101400256,not_reproduced,not_reproduced,not_reproduced
irreversible_0.1_0.3,minimax,5,uniform,0.018581432227533834,0.01858143222753411,True,0.7156021101400256,reproduced,reproduced,not_reproduced
irreversible_0.1_0.3,minimax,5,weighted128,0.16058143222753207,0.1605814322275343,True,0.7156021101400256,not_reproduced,not_reproduced,not_reproduced
irreversible_0.1_0.3,minimax,5,minimax,0.0,4.007394188623031e-15,True,0.7156021101400256,reproduced,reproduced,reproduced
sensors_0.1_0.3,information,5,information,0.0,1.833602714107485e-15,True,0.17501425370573997,reproduced,reproduced,reproduced
sensors_0.1_0.3,information,5,brier,0.0,1.833602714107485e-15,True,0.17501425370573997,reproduced,reproduced,reproduced
sensors_0.1_0.3,information,5,pseudo_count,0.012133333333331553,0.012133333333336327,True,0.17501425370573997,reproduced,reproduced,not_reproduced
sensors_0.1_0.3,information,5,uniform,0.0009878048780479487,0.0009878048780581166,True,0.17501425370573997,reproduced,reproduced,reproduced
sensors_0.1_0.3,information,5,weighted128,-8.876580486222344e-13,1.0426474137195663e-14,True,0.17501425370573997,reproduced,reproduced,reproduced
sensors_0.1_0.3,information,5,minimax,-4.588107597172779e-12,2.753803587073056e-13,True,0.17501425370573997,reproduced,reproduced,reproduced
sensors_0.1_0.3,brier,5,information,0.0,1.833602714107485e-15,True,0.14825145807117224,reproduced,reproduced,reproduced
sensors_0.1_0.3,brier,5,brier,0.0,1.833602714107485e-15,True,0.14825145807117224,reproduced,reproduced,reproduced
sensors_0.1_0.3,brier,5,pseudo_count,0.012133333333331553,0.012133333333336327,True,0.14825145807117224,reproduced,reproduced,not_reproduced
sensors_0.1_0.3,brier,5,uniform,0.0009878048780479487,0.0009878048780581166,True,0.14825145807117224,reproduced,reproduced,reproduced
sensors_0.1_0.3,brier,5,weighted128,-8.876580486222344e-13,1.0426474137195663e-14,True,0.14825145807117224,reproduced,reproduced,reproduced
sensors_0.1_0.3,brier,5,minimax,-4.588107597172779e-12,2.753803587073056e-13,True,0.14825145807117224,reproduced,reproduced,reproduced
sensors_0.1_0.3,pseudo_count,5,information,0.06652551724137912,0.06652551724137937,True,0.1802712082862854,not_reproduced,not_reproduced,not_reproduced
sensors_0.1_0.3,pseudo_count,5,brier,0.06652551724137912,0.06652551724137937,True,0.1802712082862854,not_reproduced,not_reproduced,not_reproduced
sensors_0.1_0.3,pseudo_count,5,pseudo_count,0.00422964088262634,0.004229640882629981,True,0.1802712082862854,reproduced,reproduced,reproduced
sensors_0.1_0.3,pseudo_count,5,uniform,0.029519999999987667,0.029520000000019607,True,0.1802712082862854,reproduced,not_reproduced,not_reproduced
sensors_0.1_0.3,pseudo_count,5,weighted128,0.01924665065262343,0.01924665065264034,True,0.1802712082862854,reproduced,reproduced,not_reproduced
sensors_0.1_0.3,pseudo_count,5,minimax,0.02331271002714519,0.02331271002718431,True,0.1802712082862854,reproduced,not_reproduced,not_reproduced
sensors_0.1_0.3,uniform,5,information,0.047892500000000005,0.04789250000000142,True,0.11303045880049467,reproduced,not_reproduced,not_reproduced
sensors_0.1_0.3,uniform,5,brier,0.047892500000000005,0.04789250000000142,True,0.11303045880049467,reproduced,not_reproduced,not_reproduced
sensors_0.1_0.3,uniform,5,pseudo_count,0.0026941578492708507,0.0026941578503773466,True,0.11303045880049467,reproduced,reproduced,reproduced
sensors_0.1_0.3,uniform,5,uniform,-2.1449508835758024e-13,1.1110090712002085e-15,True,0.11303045880049467,reproduced,reproduced,reproduced
sensors_0.1_0.3,uniform,5,weighted128,-2.7755575615628914e-15,3.1477099572685407e-16,True,0.11303045880049467,reproduced,reproduced,reproduced
sensors_0.1_0.3,uniform,5,minimax,0.0,1.0148132334464322e-15,True,0.11303045880049467,reproduced,reproduced,reproduced
sensors_0.1_0.3,weighted128,5,information,0.007902439024390251,0.00790243902490394,True,4.580071257427335,reproduced,reproduced,reproduced
sensors_0.1_0.3,weighted128,5,brier,0.007902439024390251,0.00790243902490394,True,4.580071257427335,reproduced,reproduced,reproduced
sensors_0.1_0.3,weighted128,5,pseudo_count,0.0,5.23344388658753e-16,True,4.580071257427335,reproduced,reproduced,reproduced
sensors_0.1_0.3,weighted128,5,uniform,0.0009878048680677098,0.0009878048808647758,True,4.580071257427335,reproduced,reproduced,reproduced
sensors_0.1_0.3,weighted128,5,weighted128,0.0,2.252906791243986e-13,True,4.580071257427335,reproduced,reproduced,reproduced
sensors_0.1_0.3,weighted128,5,minimax,0.0,2.940202064021652e-13,True,4.580071257427335,reproduced,reproduced,reproduced
sensors_0.1_0.3,minimax,5,information,0.010079999999999645,0.010079999999999645,True,1.1258239867165685,reproduced,reproduced,not_reproduced
sensors_0.1_0.3,minimax,5,brier,0.010079999999999645,0.010079999999999645,True,1.1258239867165685,reproduced,reproduced,not_reproduced
sensors_0.1_0.3,minimax,5,pseudo_count,0.00306087804877353,0.003060878048782604,True,1.1258239867165685,reproduced,reproduced,reproduced
sensors_0.1_0.3,minimax,5,uniform,0.0009878048779683457,0.0009878048780797397,True,1.1258239867165685,reproduced,reproduced,reproduced
sensors_0.1_0.3,minimax,5,weighted128,-1.0570186476013633e-12,2.345964405809503e-13,True,1.1258239867165685,reproduced,reproduced,reproduced
sensors_0.1_0.3,minimax,5,minimax,0.0,9.427652885793392e-15,True,1.1258239867165685,reproduced,reproduced,reproduced
sensors_0.25_0.25,information,5,information,0.0,5.659535340374333e-17,True,0.1470194896683097,reproduced,reproduced,reproduced
sensors_0.25_0.25,information,5,brier,0.0,3.863554441652095e-15,True,0.1470194896683097,reproduced,reproduced,reproduced
sensors_0.25_0.25,information,5,pseudo_count,0.0,3.863554441652095e-15,True,0.1470194896683097,reproduced,reproduced,reproduced
sensors_0.25_0.25,information,5,uniform,0.003515624999789857,0.0035156250000077565,True,0.1470194896683097,reproduced,reproduced,reproduced
sensors_0.25_0.25,information,5,weighted128,-1.3816508090773595e-11,1.0396024319181407e-13,True,0.1470194896683097,reproduced,reproduced,reproduced
sensors_0.25_0.25,information,5,minimax,-2.7581933773457796e-10,2.532067437666097e-13,True,0.1470194896683097,reproduced,reproduced,reproduced
sensors_0.25_0.25,brier,5,information,0.0,8.617238866914789e-16,True,0.14714518375694752,reproduced,reproduced,reproduced
sensors_0.25_0.25,brier,5,brier,0.0,2.5088438271314573e-16,True,0.14714518375694752,reproduced,reproduced,reproduced
sensors_0.25_0.25,brier,5,pseudo_count,0.0,2.5088438271314573e-16,True,0.14714518375694752,reproduced,reproduced,reproduced
sensors_0.25_0.25,brier,5,uniform,0.0,8.74278947848861e-15,True,0.14714518375694752,reproduced,reproduced,reproduced
sensors_0.25_0.25,brier,5,weighted128,0.0,1.1514227071796057e-16,True,0.14714518375694752,reproduced,reproduced,reproduced
sensors_0.25_0.25,brier,5,minimax,0.0,2.6762229585197694e-14,True,0.14714518375694752,reproduced,reproduced,reproduced
sensors_0.25_0.25,pseudo_count,5,information,0.0,1.615135976351656e-15,True,0.1397165721282363,reproduced,reproduced,reproduced
sensors_0.25_0.25,pseudo_count,5,brier,0.0,1.7867434962126616e-14,True,0.1397165721282363,reproduced,reproduced,reproduced
sensors_0.25_0.25,pseudo_count,5,pseudo_count,0.0,1.7867434962126616e-14,True,0.1397165721282363,reproduced,reproduced,reproduced
sensors_0.25_0.25,pseudo_count,5,uniform,0.0,6.146298747733425e-14,True,0.1397165721282363,reproduced,reproduced,reproduced
sensors_0.25_0.25,pseudo_count,5,weighted128,-5.206935294463917e-12,2.773779470000015e-14,True,0.1397165721282363,reproduced,reproduced,reproduced
sensors_0.25_0.25,pseudo_count,5,minimax,-6.507499590491405e-12,3.46300679104905e-14,True,0.1397165721282363,reproduced,reproduced,reproduced
sensors_0.25_0.25,uniform,5,information,0.007690429687499889,0.007690429687500058,True,0.08990692719817162,reproduced,reproduced,reproduced
sensors_0.25_0.25,uniform,5,brier,-1.7763568394002505e-15,5.887217796596289e-17,True,0.08990692719817162,reproduced,reproduced,reproduced
sensors_0.25_0.25,uniform,5,pseudo_count,-1.7763568394002505e-15,5.887217796596289e-17,True,0.08990692719817162,reproduced,reproduced,reproduced
sensors_0.25_0.25,uniform,5,uniform,0.0,3.490014267165664e-14,True,0.08990692719817162,reproduced,reproduced,reproduced
sensors_0.25_0.25,uniform,5,weighted128,-1.6653345369377348e-15,1.201296007113939e-16,True,0.08990692719817162,reproduced,reproduced,reproduced
sensors_0.25_0.25,uniform,5,minimax,0.0,1.2093407872337814e-14,True,0.08990692719817162,reproduced,reproduced,reproduced
sensors_0.25_0.25,weighted128,5,information,0.0,5.122341570004685e-12,True,3.35935733653605,reproduced,reproduced,reproduced
sensors_0.25_0.25,weighted128,5,brier,-5.212924359021814e-13,4.9039873724343597e-14,True,3.35935733653605,reproduced,reproduced,reproduced
sensors_0.25_0.25,weighted128,5,pseudo_count,-5.21292435902181e-13,4.9039873724343597e-14,True,3.35935733653605,reproduced,reproduced,reproduced
sensors_0.25_0.25,weighted128,5,uniform,0.0,8.822931534674394e-13,True,3.35935733653605,reproduced,reproduced,reproduced
sensors_0.25_0.25,weighted128,5,weighted128,-4.719399942396105e-12,4.873618869583041e-14,True,3.35935733653605,reproduced,reproduced,reproduced
sensors_0.25_0.25,weighted128,5,minimax,-1.035773090177769e-15,4.860500023295966e-14,True,3.35935733653605,reproduced,reproduced,reproduced
sensors_0.25_0.25,minimax,5,information,0.0,1.5551795962132076e-15,True,6.17818115837872,reproduced,reproduced,reproduced
sensors_0.25_0.25,minimax,5,brier,0.0,7.546047120499111e-16,True,6.17818115837872,reproduced,reproduced,reproduced
sensors_0.25_0.25,minimax,5,pseudo_count,0.0,7.546047120499111e-16,True,6.17818115837872,reproduced,reproduced,reproduced
sensors_0.25_0.25,minimax,5,uniform,0.0,1.2336269158974567e-14,True,6.17818115837872,reproduced,reproduced,reproduced
sensors_0.25_0.25,minimax,5,weighted128,-3.21161904860565e-11,1.5816558132653036e-14,True,6.17818115837872,reproduced,reproduced,reproduced
sensors_0.25_0.25,minimax,5,minimax,-1.1580294099236867e-10,3.84148008542029e-14,True,6.17818115837872,reproduced,reproduced,reproduced
