model,worlds,concentration,seed,method,budget_seconds,audit_lower,audit_upper,available_seconds,audit_id,audit_midpoint,information_normalized_regret,brier_normalized_regret
q4_a0.2_s926103,4,0.2,926103,fixed,2,0.1382300221983298,0.13823002252170696,1.987837360240519,0234_q4_a0.2_s926103_bd1f0414c560ce6c,0.13823002236001838,0.20636594697322225,0.17897288531246935
q4_a0.2_s926103,4,0.2,926103,fixed,10,0.10978455994292458,0.10978456018776536,7.06473333761096,0005_q4_a0.2_s926103_74ba6475b9c63486,0.10978456006534497,0.1631963949285797,0.1424921774852044
q4_a0.2_s926103,4,0.2,926103,fixed,40,0.10978455994292458,0.10978456018776536,7.06473333761096,0005_q4_a0.2_s926103_74ba6475b9c63486,0.10978456006534497,0.1631963949285797,0.1424921774852044
q4_a0.2_s926103,4,0.2,926103,tractability,2,0.1328468461582204,0.1328468461582233,1.9382783761247993,0238_q4_a0.2_s926103_d9e999c0114d39bd,0.13284684615822184,0.2561941725886417,0.1998708912999244
q4_a0.2_s926103,4,0.2,926103,tractability,10,0.10963222427322239,0.10963222437595296,8.386961120180786,0175_q4_a0.2_s926103_92b9a0bbc3342d2e,0.10963222432458768,0.16155321612147483,0.14136484959521473
q4_a0.2_s926103,4,0.2,926103,tractability,40,0.11074426927259984,0.11074426927260132,38.389905512332916,0011_q4_a0.2_s926103_fb8cd618fd541e75,0.11074426927260059,0.16370556874783704,0.14222665261798287
q4_a0.2_s926103,4,0.2,926103,tractability_average,2,0.2381122081193311,0.23811220811957223,1.4844076009467244,0235_q4_a0.2_s926103_ced52ef41229539c,0.23811220811945166,0.47078413635820193,0.48541635331854177
q4_a0.2_s926103,4,0.2,926103,tractability_average,10,0.1352624971599078,0.13526249715991928,9.368265841156244,0174_q4_a0.2_s926103_419b6ec0058cff3a,0.13526249715991354,0.27415702889640287,0.25642638779342675
q4_a0.2_s926103,4,0.2,926103,tractability_average,40,0.11483903582757027,0.11483903582853634,39.31505594216287,0149_q4_a0.2_s926103_17c2229061230e7d,0.1148390358280533,0.1973321498525872,0.17702090691746736
q4_a0.2_s926103,4,0.2,926103,hard,2,0.12715128905353512,0.1271512890535602,1.9524402916431427,0236_q4_a0.2_s926103_9be87748e346aa6e,0.12715128905354767,0.2585896497286341,0.2000396077456743
q4_a0.2_s926103,4,0.2,926103,hard,10,0.10786065466459749,0.10786065466476931,8.487659446895123,0173_q4_a0.2_s926103_9cc6f5b69cdd9906,0.10786065466468339,0.16251285806284815,0.14143472468576615
q4_a0.2_s926103,4,0.2,926103,hard,40,0.11317545466011336,0.11317545468312201,38.2420163936913,0006_q4_a0.2_s926103_9f3464c556a31846,0.11317545467161769,0.1682216406825189,0.13663136832220307
q4_a0.2_s926103,4,0.2,926103,hard_average,2,0.2381122081193311,0.23811220811957223,1.496656277216971,0235_q4_a0.2_s926103_ced52ef41229539c,0.23811220811945166,0.47078413635820193,0.48541635331854177
q4_a0.2_s926103,4,0.2,926103,hard_average,10,0.13402758685783656,0.134027586857909,9.820904146879911,0172_q4_a0.2_s926103_e021ce5d649a6e15,0.13402758685787278,0.2755507075061908,0.2568135455771754
q4_a0.2_s926103,4,0.2,926103,hard_average,40,0.11268649306690703,0.11268649306769388,39.18780006468296,0148_q4_a0.2_s926103_f418f02156d89b69,0.11268649306730046,0.19970686724341763,0.17576325978208665
q4_a0.2_s926103,4,0.2,926103,minimax,2,0.15242919183034098,0.1524291918304237,1.076171555556357,0237_q4_a0.2_s926103_b43a4b6fccf625d3,0.15242919183038234,0.08754585702750599,0.06248911955572132
q4_a0.2_s926103,4,0.2,926103,minimax,10,0.11760820750055001,0.11760820750060791,6.8018300188705325,0010_q4_a0.2_s926103_a7a45b4036c45de2,0.11760820750057896,0.1345465147515283,0.12712979680274
q4_a0.2_s926103,4,0.2,926103,minimax,40,0.11760820750055001,0.11760820750060791,6.8018300188705325,0010_q4_a0.2_s926103_a7a45b4036c45de2,0.11760820750057896,0.1345465147515283,0.12712979680274
q4_a0.2_s926103,4,0.2,926103,information,2,0.17647130539948797,0.1764713054049155,0.005181833170354366,0000_q4_a0.2_s926103_013bd5e3d3b27d85,0.17647130540220174,0.0,-7.131942912558262e-16
q4_a0.2_s926103,4,0.2,926103,information,10,0.17647130539948797,0.1764713054049155,0.005181833170354366,0000_q4_a0.2_s926103_013bd5e3d3b27d85,0.17647130540220174,0.0,-7.131942912558262e-16
q4_a0.2_s926103,4,0.2,926103,information,40,0.17647130539948797,0.1764713054049155,0.005181833170354366,0000_q4_a0.2_s926103_013bd5e3d3b27d85,0.17647130540220174,0.0,-7.131942912558262e-16
q4_a0.2_s926103,4,0.2,926103,brier,2,0.17647130539948797,0.1764713054049155,0.0051666731014847755,0000_q4_a0.2_s926103_013bd5e3d3b27d85,0.17647130540220174,0.0,-7.131942912558262e-16
q4_a0.2_s926103,4,0.2,926103,brier,10,0.17647130539948797,0.1764713054049155,0.0051666731014847755,0000_q4_a0.2_s926103_013bd5e3d3b27d85,0.17647130540220174,0.0,-7.131942912558262e-16
q4_a0.2_s926103,4,0.2,926103,brier,40,0.17647130539948797,0.1764713054049155,0.0051666731014847755,0000_q4_a0.2_s926103_013bd5e3d3b27d85,0.17647130540220174,0.0,-7.131942912558262e-16
q4_a0.2_s926103,4,0.2,926103,uniform,2,0.2585954703846378,0.2585954703846385,0.0015231184661388397,0001_q4_a0.2_s926103_be87b69df8575986,0.25859547038463815,0.5331075561903229,0.5283670867118511
q4_a0.2_s926103,4,0.2,926103,uniform,10,0.2585954703846378,0.2585954703846385,0.0015231184661388397,0001_q4_a0.2_s926103_be87b69df8575986,0.25859547038463815,0.5331075561903229,0.5283670867118511
q4_a0.2_s926103,4,0.2,926103,uniform,40,0.2585954703846378,0.2585954703846385,0.0015231184661388397,0001_q4_a0.2_s926103_be87b69df8575986,0.25859547038463815,0.5331075561903229,0.5283670867118511
q4_a0.2_s926103,4,0.2,926103,information_face0,2,0.17647130523014098,0.17647130537237715,0.923937201499939,0007_q4_a0.2_s926103_3cc15a94ea377d6d,0.17647130530125907,1.7081126666328359e-10,1.5254441376241742e-10
q4_a0.2_s926103,4,0.2,926103,information_face0,10,0.17647130523014098,0.17647130537237715,0.923937201499939,0007_q4_a0.2_s926103_3cc15a94ea377d6d,0.17647130530125907,1.7081126666328359e-10,1.5254441376241742e-10
q4_a0.2_s926103,4,0.2,926103,information_face0,40,0.17647130523014098,0.17647130537237715,0.923937201499939,0007_q4_a0.2_s926103_3cc15a94ea377d6d,0.17647130530125907,1.7081126666328359e-10,1.5254441376241742e-10
q4_a0.2_s926103,4,0.2,926103,information_face1,2,0.16814522056649972,0.16814522056813253,0.9798337258398533,0008_q4_a0.2_s926103_885d8c5475d07847,0.16814522056731612,0.010000000000000116,0.008930634139560936
q4_a0.2_s926103,4,0.2,926103,information_face1,10,0.16814522056649972,0.16814522056813253,0.9798337258398533,0008_q4_a0.2_s926103_885d8c5475d07847,0.16814522056731612,0.010000000000000116,0.008930634139560936
q4_a0.2_s926103,4,0.2,926103,information_face1,40,0.16814522056649972,0.16814522056813253,0.9798337258398533,0008_q4_a0.2_s926103_885d8c5475d07847,0.16814522056731612,0.010000000000000116,0.008930634139560936
q4_a0.2_s926103,4,0.2,926103,information_face5,2,0.13596149055422657,0.13596149055452245,0.9845464946702123,0009_q4_a0.2_s926103_911640a5c7cc56ad,0.1359614905543745,0.04999999999999982,0.04465317069780646
q4_a0.2_s926103,4,0.2,926103,information_face5,10,0.13596149055422657,0.13596149055452245,0.9845464946702123,0009_q4_a0.2_s926103_911640a5c7cc56ad,0.1359614905543745,0.04999999999999982,0.04465317069780646
q4_a0.2_s926103,4,0.2,926103,information_face5,40,0.13596149055422657,0.13596149055452245,0.9845464946702123,0009_q4_a0.2_s926103_911640a5c7cc56ad,0.1359614905543745,0.04999999999999982,0.04465317069780646
q4_a0.2_s926103,4,0.2,926103,brier_face0,2,0.17647130504291697,0.176471305342387,0.9486617725342512,0002_q4_a0.2_s926103_7a3b488b68626fe7,0.17647130519265197,3.5965454789932463e-10,3.2119346781568267e-10
q4_a0.2_s926103,4,0.2,926103,brier_face0,10,0.17647130504291697,0.176471305342387,0.9486617725342512,0002_q4_a0.2_s926103_7a3b488b68626fe7,0.17647130519265197,3.5965454789932463e-10,3.2119346781568267e-10
q4_a0.2_s926103,4,0.2,926103,brier_face0,40,0.17647130504291697,0.176471305342387,0.9486617725342512,0002_q4_a0.2_s926103_7a3b488b68626fe7,0.17647130519265197,3.5965454789932463e-10,3.2119346781568267e-10
q4_a0.2_s926103,4,0.2,926103,brier_face1,2,0.167148244233982,0.16714824423398394,1.0341219985857606,0003_q4_a0.2_s926103_661feec6b6622140,0.16714824423398297,0.01119741313296218,0.00999999999999982
q4_a0.2_s926103,4,0.2,926103,brier_face1,10,0.167148244233982,0.16714824423398394,1.0341219985857606,0003_q4_a0.2_s926103_661feec6b6622140,0.16714824423398297,0.01119741313296218,0.00999999999999982
q4_a0.2_s926103,4,0.2,926103,brier_face1,40,0.167148244233982,0.16714824423398394,1.0341219985857606,0003_q4_a0.2_s926103_661feec6b6622140,0.16714824423398297,0.01119741313296218,0.00999999999999982
q4_a0.2_s926103,4,0.2,926103,brier_face5,2,0.1313468774305976,0.13134687743065693,1.0597028564661741,0004_q4_a0.2_s926103_3976bb3d9e2478c8,0.13134687743062726,0.05598706566480824,0.05000000000000017
q4_a0.2_s926103,4,0.2,926103,brier_face5,10,0.1313468774305976,0.13134687743065693,1.0597028564661741,0004_q4_a0.2_s926103_3976bb3d9e2478c8,0.13134687743062726,0.05598706566480824,0.05000000000000017
q4_a0.2_s926103,4,0.2,926103,brier_face5,40,0.1313468774305976,0.13134687743065693,1.0597028564661741,0004_q4_a0.2_s926103_3976bb3d9e2478c8,0.13134687743062726,0.05598706566480824,0.05000000000000017
q4_a0.2_s926104,4,0.2,926104,fixed,2,0.21432677381763066,0.21432677381869122,1.551834118552506,0239_q4_a0.2_s926104_ff202c59752efbe8,0.21432677381816095,0.18959977152869167,0.18708885690744387
q4_a0.2_s926104,4,0.2,926104,fixed,10,0.19137756525343608,0.1913775652597736,6.084817999042571,0017_q4_a0.2_s926104_9e014b641536fe1e,0.19137756525660482,0.18451574116942696,0.18328231048794696
q4_a0.2_s926104,4,0.2,926104,fixed,40,0.19137756525343608,0.1913775652597736,6.084817999042571,0017_q4_a0.2_s926104_9e014b641536fe1e,0.19137756525660482,0.18451574116942696,0.18328231048794696
q4_a0.2_s926104,4,0.2,926104,tractability,2,0.5651727518854429,0.5651727518855525,0.9611500855535269,0241_q4_a0.2_s926104_fbaa3a2bc01ef7b6,0.5651727518854976,0.8884911499747704,0.860664638406344
q4_a0.2_s926104,4,0.2,926104,tractability,10,0.19386350091073445,0.19386350091771987,8.693876606412232,0179_q4_a0.2_s926104_6bcdca5e5180d627,0.19386350091422716,0.1926313621331506,0.1911355120386172
q4_a0.2_s926104,4,0.2,926104,tractability,40,0.19281204481174485,0.1928120449682108,39.97648711781949,0023_q4_a0.2_s926104_71eee88632ff4f14,0.19281204488997783,0.18954771395906875,0.18818541927063587
q4_a0.2_s926104,4,0.2,926104,tractability_average,2,0.30949872952347524,0.30949872952449375,1.5323898755013943,0240_q4_a0.2_s926104_ff799de2b126f244,0.3094987295239845,0.4967642493549594,0.49350392704786966
q4_a0.2_s926104,4,0.2,926104,tractability_average,10,0.20812522442427106,0.20812522445049753,9.673790484666824,0178_q4_a0.2_s926104_8ff883d9fbec2832,0.2081252244373843,0.2829952405295883,0.2812120506725534
q4_a0.2_s926104,4,0.2,926104,tractability_average,40,0.19734514473611442,0.19734514473629028,39.12897101789713,0151_q4_a0.2_s926104_9b312a867df22dc5,0.19734514473620235,0.21793753459710036,0.2164493834479437
q4_a0.2_s926104,4,0.2,926104,hard,2,0.5651727518854429,0.5651727518855525,0.9599284566938877,0241_q4_a0.2_s926104_fbaa3a2bc01ef7b6,0.5651727518854976,0.8884911499747704,0.860664638406344
q4_a0.2_s926104,4,0.2,926104,hard,10,0.19043547038580422,0.19043547043287962,8.744071080349386,0177_q4_a0.2_s926104_d5d98a7c60e96037,0.19043547040934192,0.18119712173610494,0.18016832000969282
q4_a0.2_s926104,4,0.2,926104,hard,40,0.20347726814004463,0.20347726814783543,38.676063244231045,0018_q4_a0.2_s926104_9055124af6425cf4,0.20347726814394002,0.20434841691805233,0.2002716474072587
q4_a0.2_s926104,4,0.2,926104,hard_average,2,0.30949872952347524,0.30949872952449375,1.5307879336178303,0240_q4_a0.2_s926104_ff799de2b126f244,0.3094987295239845,0.4967642493549594,0.49350392704786966
q4_a0.2_s926104,4,0.2,926104,hard_average,10,0.2074675151201315,0.2074675151288074,9.636714573949575,0176_q4_a0.2_s926104_455e93aa39bef080,0.20746751512446945,0.2809244980517438,0.2795005235562328
q4_a0.2_s926104,4,0.2,926104,hard_average,40,0.1990734786191567,0.19907349892330495,39.571122873574495,0150_q4_a0.2_s926104_abaeca7aa67c655b,0.19907348877123082,0.21861046950546967,0.21634805279228347
q4_a0.2_s926104,4,0.2,926104,minimax,2,0.22455558817694077,0.22455559795715446,1.5360582424327731,0242_q4_a0.2_s926104_33a65b53dd2aacfd,0.22455559306704762,0.2490242133323921,0.24038802261814562
q4_a0.2_s926104,4,0.2,926104,minimax,10,0.1907485717271341,0.19074857172907497,5.7461381601169705,0022_q4_a0.2_s926104_5b536a15e324d9c2,0.19074857172810455,0.17714775370719046,0.17440634376703612
q4_a0.2_s926104,4,0.2,926104,minimax,40,0.1907485717271341,0.19074857172907497,5.7461381601169705,0022_q4_a0.2_s926104_5b536a15e324d9c2,0.19074857172810455,0.17714775370719046,0.17440634376703612
q4_a0.2_s926104,4,0.2,926104,information,2,0.15453925543092584,0.1545392554309544,0.0053307069465518,0012_q4_a0.2_s926104_e101d2a137151488,0.1545392554309401,0.0,2.267269278948914e-16
q4_a0.2_s926104,4,0.2,926104,information,10,0.15453925543092584,0.1545392554309544,0.0053307069465518,0012_q4_a0.2_s926104_e101d2a137151488,0.1545392554309401,0.0,2.267269278948914e-16
q4_a0.2_s926104,4,0.2,926104,information,40,0.15453925543092584,0.1545392554309544,0.0053307069465518,0012_q4_a0.2_s926104_e101d2a137151488,0.1545392554309401,0.0,2.267269278948914e-16
q4_a0.2_s926104,4,0.2,926104,brier,2,0.15453925543092584,0.1545392554309544,0.005299716256558895,0012_q4_a0.2_s926104_e101d2a137151488,0.1545392554309401,0.0,2.267269278948914e-16
q4_a0.2_s926104,4,0.2,926104,brier,10,0.15453925543092584,0.1545392554309544,0.005299716256558895,0012_q4_a0.2_s926104_e101d2a137151488,0.1545392554309401,0.0,2.267269278948914e-16
q4_a0.2_s926104,4,0.2,926104,brier,40,0.15453925543092584,0.1545392554309544,0.005299716256558895,0012_q4_a0.2_s926104_e101d2a137151488,0.1545392554309401,0.0,2.267269278948914e-16
q4_a0.2_s926104,4,0.2,926104,uniform,2,0.34125167008035195,0.3412516700805154,0.0015214886516332626,0013_q4_a0.2_s926104_2b9b3b44030851bd,0.34125167008043367,0.6668500302497017,0.6502065111483353
q4_a0.2_s926104,4,0.2,926104,uniform,10,0.34125167008035195,0.3412516700805154,0.0015214886516332626,0013_q4_a0.2_s926104_2b9b3b44030851bd,0.34125167008043367,0.6668500302497017,0.6502065111483353
q4_a0.2_s926104,4,0.2,926104,uniform,40,0.34125167008035195,0.3412516700805154,0.0015214886516332626,0013_q4_a0.2_s926104_2b9b3b44030851bd,0.34125167008043367,0.6668500302497017,0.6502065111483353
q4_a0.2_s926104,4,0.2,926104,information_face0,2,0.15453925541646396,0.15453925543146455,0.5587424756959081,0019_q4_a0.2_s926104_bebb8c747c1117fe,0.15453925542396424,8.923713870221056e-11,8.577283736498846e-11
q4_a0.2_s926104,4,0.2,926104,information_face0,10,0.15453925541646396,0.15453925543146455,0.5587424756959081,0019_q4_a0.2_s926104_bebb8c747c1117fe,0.15453925542396424,8.923713870221056e-11,8.577283736498846e-11
q4_a0.2_s926104,4,0.2,926104,information_face0,40,0.15453925541646396,0.15453925543146455,0.5587424756959081,0019_q4_a0.2_s926104_bebb8c747c1117fe,0.15453925542396424,8.923713870221056e-11,8.577283736498846e-11
q4_a0.2_s926104,4,0.2,926104,information_face1,2,0.1525050841210145,0.15250508412712557,1.0700082816183567,0020_q4_a0.2_s926104_aa0f7697128c507b,0.15250508412407004,0.00999999999999962,0.010247596303521385
q4_a0.2_s926104,4,0.2,926104,information_face1,10,0.1525050841210145,0.15250508412712557,1.0700082816183567,0020_q4_a0.2_s926104_aa0f7697128c507b,0.15250508412407004,0.00999999999999962,0.010247596303521385
q4_a0.2_s926104,4,0.2,926104,information_face1,40,0.1525050841210145,0.15250508412712557,1.0700082816183567,0020_q4_a0.2_s926104_aa0f7697128c507b,0.15250508412407004,0.00999999999999962,0.010247596303521385
q4_a0.2_s926104,4,0.2,926104,information_face5,2,0.1592160519056427,0.15921605191658625,1.1137892538681626,0021_q4_a0.2_s926104_bb2dd317a2f6cd49,0.1592160519111145,0.05000000000000002,0.05123798151760738
q4_a0.2_s926104,4,0.2,926104,information_face5,10,0.1592160519056427,0.15921605191658625,1.1137892538681626,0021_q4_a0.2_s926104_bb2dd317a2f6cd49,0.1592160519111145,0.05000000000000002,0.05123798151760738
q4_a0.2_s926104,4,0.2,926104,information_face5,40,0.1592160519056427,0.15921605191658625,1.1137892538681626,0021_q4_a0.2_s926104_bb2dd317a2f6cd49,0.1592160519111145,0.05000000000000002,0.05123798151760738
q4_a0.2_s926104,4,0.2,926104,brier_face0,2,0.1545392554296623,0.1545392554309264,0.5632223859429359,0014_q4_a0.2_s926104_b7e7fc6babb0f8d5,0.15453925543029434,3.277005510886455e-10,4.08435183713901e-10
q4_a0.2_s926104,4,0.2,926104,brier_face0,10,0.1545392554296623,0.1545392554309264,0.5632223859429359,0014_q4_a0.2_s926104_b7e7fc6babb0f8d5,0.15453925543029434,3.277005510886455e-10,4.08435183713901e-10
q4_a0.2_s926104,4,0.2,926104,brier_face0,40,0.1545392554296623,0.1545392554309264,0.5632223859429359,0014_q4_a0.2_s926104_b7e7fc6babb0f8d5,0.15453925543029434,3.277005510886455e-10,4.08435183713901e-10
q4_a0.2_s926104,4,0.2,926104,brier_face1,2,0.15246454752181338,0.1524645485528628,1.0400253953412175,0015_q4_a0.2_s926104_ae2d5d10bcb35b01,0.15246454803733808,0.009758385970536021,0.009999999999999882
q4_a0.2_s926104,4,0.2,926104,brier_face1,10,0.15246454752181338,0.1524645485528628,1.0400253953412175,0015_q4_a0.2_s926104_ae2d5d10bcb35b01,0.15246454803733808,0.009758385970536021,0.009999999999999882
q4_a0.2_s926104,4,0.2,926104,brier_face1,40,0.15246454752181338,0.1524645485528628,1.0400253953412175,0015_q4_a0.2_s926104_ae2d5d10bcb35b01,0.15246454803733808,0.009758385970536021,0.009999999999999882
q4_a0.2_s926104,4,0.2,926104,brier_face5,2,0.1590133689096367,0.1590133689279815,1.5560331614688039,0016_q4_a0.2_s926104_8df99d585c4edbba,0.1590133689188091,0.04879192985267972,0.050000000000000315
q4_a0.2_s926104,4,0.2,926104,brier_face5,10,0.1590133689096367,0.1590133689279815,1.5560331614688039,0016_q4_a0.2_s926104_8df99d585c4edbba,0.1590133689188091,0.04879192985267972,0.050000000000000315
q4_a0.2_s926104,4,0.2,926104,brier_face5,40,0.1590133689096367,0.1590133689279815,1.5560331614688039,0016_q4_a0.2_s926104_8df99d585c4edbba,0.1590133689188091,0.04879192985267972,0.050000000000000315
q4_a1.0_s926103,4,1.0,926103,fixed,2,0.06134153206096349,0.061341532060973515,1.830132883042097,0245_q4_a1.0_s926103_31a0f4d983a48a0f,0.0613415320609685,0.12270223740590809,0.12695587847191625
q4_a1.0_s926103,4,1.0,926103,fixed,10,0.06357916306926437,0.06357916306929609,4.791162089444697,0029_q4_a1.0_s926103_d0f34028074f5876,0.06357916306928023,0.10902317252150352,0.11078465364356659
q4_a1.0_s926103,4,1.0,926103,fixed,40,0.06357916306926437,0.06357916306929609,4.791162089444697,0029_q4_a1.0_s926103_d0f34028074f5876,0.06357916306928023,0.10902317252150352,0.11078465364356659
q4_a1.0_s926103,4,1.0,926103,tractability,2,0.07061651082528841,0.07061651082529428,1.812789804302156,0250_q4_a1.0_s926103_280aac35b14eff6b,0.07061651082529136,0.025564994974438527,0.04140315398409476
q4_a1.0_s926103,4,1.0,926103,tractability,10,0.06331206204029571,0.06331206204029906,9.041860568337142,0183_q4_a1.0_s926103_09854425f1c98b1d,0.06331206204029738,0.10752132723393398,0.10952736353803408
q4_a1.0_s926103,4,1.0,926103,tractability,40,0.06297896593723795,0.06297896593724378,39.48066178895533,0035_q4_a1.0_s926103_1fdc3d2bfaafe526,0.06297896593724087,0.10665457010893237,0.1089062928686134
q4_a1.0_s926103,4,1.0,926103,tractability_average,2,0.07848188229417358,0.07848188229451422,1.3863833667710423,0246_q4_a1.0_s926103_7a033ca0f898bf7d,0.0784818822943439,0.31725171410417796,0.3319444666864858
q4_a1.0_s926103,4,1.0,926103,tractability_average,10,0.06279606248917402,0.0627960624893808,9.682993214577436,0182_q4_a1.0_s926103_fbc90dc5d4eb70d3,0.06279606248927741,0.1443035209250267,0.15081651746944752
q4_a1.0_s926103,4,1.0,926103,tractability_average,40,0.062262358640318705,0.062262358640320176,38.73605136666447,0153_q4_a1.0_s926103_8b182855ffd40600,0.06226235864031944,0.1177214694243878,0.12115566726430259
q4_a1.0_s926103,4,1.0,926103,hard,2,0.07115854523162285,0.07115854523164324,1.8078821199014783,0247_q4_a1.0_s926103_dfb9e90d7ffa8a15,0.07115854523163304,0.027661104698235777,0.044797856535327495
q4_a1.0_s926103,4,1.0,926103,hard,10,0.06296898844236609,0.06296898844236969,9.0371054392308,0181_q4_a1.0_s926103_fe4f706351c48cc7,0.0629689884423679,0.10411533707395663,0.1057300580566987
q4_a1.0_s926103,4,1.0,926103,hard,40,0.06074548840631755,0.06074548840632596,39.21975312381983,0030_q4_a1.0_s926103_726cf1a2bf93877d,0.060745488406321754,0.08682028731659114,0.08833250526231308
q4_a1.0_s926103,4,1.0,926103,hard_average,2,0.07848188229417358,0.07848188229451422,1.3858453100547194,0246_q4_a1.0_s926103_7a033ca0f898bf7d,0.0784818822943439,0.31725171410417796,0.3319444666864858
q4_a1.0_s926103,4,1.0,926103,hard_average,10,0.06281389687558636,0.06281389687564434,9.674050161615014,0180_q4_a1.0_s926103_849f0ddbac7ff0e7,0.06281389687561535,0.14668973158294918,0.15319804699022324
q4_a1.0_s926103,4,1.0,926103,hard_average,40,0.061199804672373403,0.06119980467237763,39.83057710248977,0152_q4_a1.0_s926103_0820c76e22d8aee0,0.06119980467237551,0.10888127878281113,0.11186387950907098
q4_a1.0_s926103,4,1.0,926103,minimax,2,0.0647399552014381,0.0647399552014438,1.5810451013967395,0249_q4_a1.0_s926103_58f5252527459eb6,0.06473995520144095,0.05460864233410504,0.06533036273898775
q4_a1.0_s926103,4,1.0,926103,minimax,10,0.06271452457541626,0.06271452457541957,4.159551073797047,0034_q4_a1.0_s926103_40e782d8ceab08cf,0.06271452457541792,0.08098836537435027,0.08388079962945079
q4_a1.0_s926103,4,1.0,926103,minimax,40,0.06271452457541626,0.06271452457541957,4.159551073797047,0034_q4_a1.0_s926103_40e782d8ceab08cf,0.06271452457541792,0.08098836537435027,0.08388079962945079
q4_a1.0_s926103,4,1.0,926103,information,2,0.07642836651511298,0.07642836651514953,0.005301567725837231,0024_q4_a1.0_s926103_97514c2a7b66e015,0.07642836651513125,-1.2168412030255703e-15,6.408002293216717e-16
q4_a1.0_s926103,4,1.0,926103,information,10,0.07642836651511298,0.07642836651514953,0.005301567725837231,0024_q4_a1.0_s926103_97514c2a7b66e015,0.07642836651513125,-1.2168412030255703e-15,6.408002293216717e-16
q4_a1.0_s926103,4,1.0,926103,information,40,0.07642836651511298,0.07642836651514953,0.005301567725837231,0024_q4_a1.0_s926103_97514c2a7b66e015,0.07642836651513125,-1.2168412030255703e-15,6.408002293216717e-16
q4_a1.0_s926103,4,1.0,926103,brier,2,0.07642836651511298,0.07642836651514953,0.005294766277074814,0024_q4_a1.0_s926103_97514c2a7b66e015,0.07642836651513125,-1.2168412030255703e-15,6.408002293216717e-16
q4_a1.0_s926103,4,1.0,926103,brier,10,0.07642836651511298,0.07642836651514953,0.005294766277074814,0024_q4_a1.0_s926103_97514c2a7b66e015,0.07642836651513125,-1.2168412030255703e-15,6.408002293216717e-16
q4_a1.0_s926103,4,1.0,926103,brier,40,0.07642836651511298,0.07642836651514953,0.005294766277074814,0024_q4_a1.0_s926103_97514c2a7b66e015,0.07642836651513125,-1.2168412030255703e-15,6.408002293216717e-16
q4_a1.0_s926103,4,1.0,926103,uniform,2,0.08854171412564232,0.08854171412564843,0.0015895310789346695,0025_q4_a1.0_s926103_9295279980a5bb54,0.08854171412564538,0.49110773225372856,0.5065040905296254
q4_a1.0_s926103,4,1.0,926103,uniform,10,0.08854171412564232,0.08854171412564843,0.0015895310789346695,0025_q4_a1.0_s926103_9295279980a5bb54,0.08854171412564538,0.49110773225372856,0.5065040905296254
q4_a1.0_s926103,4,1.0,926103,uniform,40,0.08854171412564232,0.08854171412564843,0.0015895310789346695,0025_q4_a1.0_s926103_9295279980a5bb54,0.08854171412564538,0.49110773225372856,0.5065040905296254
q4_a1.0_s926103,4,1.0,926103,information_face0,2,0.07642836594358882,0.0764283659435992,0.9448706619441509,0031_q4_a1.0_s926103_84ac1bf688bf81ec,0.076428365943594,8.768258366066315e-10,1.4200421441871438e-09
q4_a1.0_s926103,4,1.0,926103,information_face0,10,0.07642836594358882,0.0764283659435992,0.9448706619441509,0031_q4_a1.0_s926103_84ac1bf688bf81ec,0.076428365943594,8.768258366066315e-10,1.4200421441871438e-09
q4_a1.0_s926103,4,1.0,926103,information_face0,40,0.07642836594358882,0.0764283659435992,0.9448706619441509,0031_q4_a1.0_s926103_84ac1bf688bf81ec,0.076428365943594,8.768258366066315e-10,1.4200421441871438e-09
q4_a1.0_s926103,4,1.0,926103,information_face1,2,0.07109434255570757,0.07109434255573954,1.3805040018633008,0032_q4_a1.0_s926103_9f38eccfde18c413,0.07109434255572356,0.009999999999998958,0.016195252150642242
q4_a1.0_s926103,4,1.0,926103,information_face1,10,0.07109434255570757,0.07109434255573954,1.3805040018633008,0032_q4_a1.0_s926103_9f38eccfde18c413,0.07109434255572356,0.009999999999998958,0.016195252150642242
q4_a1.0_s926103,4,1.0,926103,information_face1,40,0.07109434255570757,0.07109434255573954,1.3805040018633008,0032_q4_a1.0_s926103_9f38eccfde18c413,0.07109434255572356,0.009999999999998958,0.016195252150642242
q4_a1.0_s926103,4,1.0,926103,information_face5,2,0.064155322090372,0.06415532209045531,1.9602158479392529,0248_q4_a1.0_s926103_304fe7f4e29c8234,0.06415532209041366,0.04999999999999941,0.05998056843089888
q4_a1.0_s926103,4,1.0,926103,information_face5,10,0.06509119270479347,0.06509119270481364,2.4626592760905623,0033_q4_a1.0_s926103_bb19928cf8fcb58d,0.06509119270480355,0.04999999999999941,0.06111376464405449
q4_a1.0_s926103,4,1.0,926103,information_face5,40,0.06509119270479347,0.06509119270481364,2.4626592760905623,0033_q4_a1.0_s926103_bb19928cf8fcb58d,0.06509119270480355,0.04999999999999941,0.06111376464405449
q4_a1.0_s926103,4,1.0,926103,brier_face0,2,0.07642836558592092,0.07642836558596361,0.9492308190092444,0026_q4_a1.0_s926103_f880d7aa1091e663,0.07642836558594227,1.4255567265874034e-09,2.3087269710186937e-09
q4_a1.0_s926103,4,1.0,926103,brier_face0,10,0.07642836558592092,0.07642836558596361,0.9492308190092444,0026_q4_a1.0_s926103_f880d7aa1091e663,0.07642836558594227,1.4255567265874034e-09,2.3087269710186937e-09
q4_a1.0_s926103,4,1.0,926103,brier_face0,40,0.07642836558592092,0.07642836558596361,0.9492308190092444,0026_q4_a1.0_s926103_f880d7aa1091e663,0.07642836558594227,1.4255567265874034e-09,2.3087269710186937e-09
q4_a1.0_s926103,4,1.0,926103,brier_face1,2,0.07272195704110396,0.07272195704111178,1.8322951206937432,0243_q4_a1.0_s926103_7f23ae936a11a088,0.07272195704110787,0.006229714668125901,0.009999999999999436
q4_a1.0_s926103,4,1.0,926103,brier_face1,10,0.07272089215710031,0.07272089215710534,2.266543717123568,0027_q4_a1.0_s926103_66d38175f6ce1587,0.07272089215710283,0.006224172937308472,0.010000000000000718
q4_a1.0_s926103,4,1.0,926103,brier_face1,40,0.07272089215710031,0.07272089215710534,2.266543717123568,0027_q4_a1.0_s926103_66d38175f6ce1587,0.07272089215710283,0.006224172937308472,0.010000000000000718
q4_a1.0_s926103,4,1.0,926103,brier_face5,2,0.06263445255283268,0.06263445255283925,1.9491009870544076,0244_q4_a1.0_s926103_62ffa92ca6c4e295,0.06263445255283596,0.04335944479086193,0.049999999999999746
q4_a1.0_s926103,4,1.0,926103,brier_face5,10,0.06385429260726477,0.0638542926073328,2.894174915738404,0028_q4_a1.0_s926103_34d660862313ed1b,0.06385429260729879,0.041661103443177486,0.049999999999999746
q4_a1.0_s926103,4,1.0,926103,brier_face5,40,0.06385429260726477,0.0638542926073328,2.894174915738404,0028_q4_a1.0_s926103_34d660862313ed1b,0.06385429260729879,0.041661103443177486,0.049999999999999746
q4_a1.0_s926104,4,1.0,926104,fixed,2,0.11102971969849651,0.11102971969853423,1.2744545554742217,0252_q4_a1.0_s926104_f4d28e05a8f1918b,0.11102971969851537,0.22962303619322838,0.14602932789450312
q4_a1.0_s926104,4,1.0,926104,fixed,10,0.08147519250491275,0.0814751925049132,6.455129787325859,0042_q4_a1.0_s926104_c8001ade858135ef,0.08147519250491297,0.17634583520175462,0.1232745273536575
q4_a1.0_s926104,4,1.0,926104,fixed,40,0.08147519250491275,0.0814751925049132,6.455129787325859,0042_q4_a1.0_s926104_c8001ade858135ef,0.08147519250491297,0.17634583520175462,0.1232745273536575
q4_a1.0_s926104,4,1.0,926104,tractability,2,0.11102971969849651,0.11102971969853423,1.8241332937031984,0252_q4_a1.0_s926104_f4d28e05a8f1918b,0.11102971969851537,0.22962303619322838,0.14602932789450312
q4_a1.0_s926104,4,1.0,926104,tractability,10,0.08016348523090899,0.08016348523091935,8.711265695281327,0187_q4_a1.0_s926104_e822b63555adcdc1,0.08016348523091417,0.17945764041041795,0.13237782437993284
q4_a1.0_s926104,4,1.0,926104,tractability,40,0.08126465802743688,0.08126465802747312,39.939949185587466,0048_q4_a1.0_s926104_bf09653d545cbde5,0.081264658027455,0.1735534570493138,0.12117516664257477
q4_a1.0_s926104,4,1.0,926104,tractability_average,2,0.16240801940942018,0.16240801940944297,1.4098413372412324,0253_q4_a1.0_s926104_bfd07b046537b1c5,0.16240801940943156,0.5000000000000003,0.5154737724110218
q4_a1.0_s926104,4,1.0,926104,tractability_average,10,0.09833599894911305,0.09833599894911854,9.727471688762307,0186_q4_a1.0_s926104_fa3a57353279ed5e,0.0983359989491158,0.27069692857178035,0.23214130774222386
q4_a1.0_s926104,4,1.0,926104,tractability_average,40,0.08580670423338288,0.08580670423339076,39.108324107714,0155_q4_a1.0_s926104_9c91629ff876b9da,0.08580670423338682,0.20331360757376477,0.15521017260372857
q4_a1.0_s926104,4,1.0,926104,hard,2,0.11102971969849651,0.11102971969853423,1.7710961094126105,0252_q4_a1.0_s926104_f4d28e05a8f1918b,0.11102971969851537,0.22962303619322838,0.14602932789450312
q4_a1.0_s926104,4,1.0,926104,hard,10,0.08046521831480091,0.08046521831480857,8.589405138976872,0185_q4_a1.0_s926104_7d42584e463189e7,0.08046521831480474,0.17285927440777057,0.12293822189702032
q4_a1.0_s926104,4,1.0,926104,hard,40,0.08246240015423534,0.08246240015423906,39.527159325778484,0043_q4_a1.0_s926104_35a5a436a1b30682,0.0824624001542372,0.1825680499271258,0.12914398658636572
q4_a1.0_s926104,4,1.0,926104,hard_average,2,0.16240801940942018,0.16240801940944297,1.372663944028318,0253_q4_a1.0_s926104_bfd07b046537b1c5,0.16240801940943156,0.5000000000000003,0.5154737724110218
q4_a1.0_s926104,4,1.0,926104,hard_average,10,0.09862074225077933,0.09862074225078718,9.451718924567103,0184_q4_a1.0_s926104_b48e6e07ed1b8e08,0.09862074225078325,0.27325983641507784,0.2334700493125978
q4_a1.0_s926104,4,1.0,926104,hard_average,40,0.08657837854573613,0.08657837854583886,38.74272518791258,0154_q4_a1.0_s926104_5da131d09464d4a4,0.0865783785457875,0.2095106961552324,0.1600235876922559
q4_a1.0_s926104,4,1.0,926104,minimax,2,0.086046182194776,0.0860461821950644,1.9463180704042315,0255_q4_a1.0_s926104_6c18b0c56ae1b8eb,0.08604618219492019,0.25962605919830345,0.21463790448839115
q4_a1.0_s926104,4,1.0,926104,minimax,10,0.08452289458636275,0.0845228945863666,5.90744312107563,0047_q4_a1.0_s926104_3751cf5b341e66e0,0.08452289458636467,0.22133548112529988,0.17521282976514832
q4_a1.0_s926104,4,1.0,926104,minimax,40,0.08452289458636275,0.0845228945863666,5.90744312107563,0047_q4_a1.0_s926104_3751cf5b341e66e0,0.08452289458636467,0.22133548112529988,0.17521282976514832
q4_a1.0_s926104,4,1.0,926104,information,2,0.11485558241046145,0.11485558241059637,0.0053696585819125175,0037_q4_a1.0_s926104_109d73c0f050ebc3,0.11485558241052891,4.525286911221989e-16,0.03094754482204426
q4_a1.0_s926104,4,1.0,926104,information,10,0.11485558241046145,0.11485558241059637,0.0053696585819125175,0037_q4_a1.0_s926104_109d73c0f050ebc3,0.11485558241052891,4.525286911221989e-16,0.03094754482204426
q4_a1.0_s926104,4,1.0,926104,information,40,0.11485558241046145,0.11485558241059637,0.0053696585819125175,0037_q4_a1.0_s926104_109d73c0f050ebc3,0.11485558241052891,4.525286911221989e-16,0.03094754482204426
q4_a1.0_s926104,4,1.0,926104,brier,2,0.10594876389074315,0.10594876389077065,0.005348787643015385,0036_q4_a1.0_s926104_dac5ca2d43351042,0.1059487638907569,0.008772920831795166,1.8680790608308934e-16
q4_a1.0_s926104,4,1.0,926104,brier,10,0.10594876389074315,0.10594876389077065,0.005348787643015385,0036_q4_a1.0_s926104_dac5ca2d43351042,0.1059487638907569,0.008772920831795166,1.8680790608308934e-16
q4_a1.0_s926104,4,1.0,926104,brier,40,0.10594876389074315,0.10594876389077065,0.005348787643015385,0036_q4_a1.0_s926104_dac5ca2d43351042,0.1059487638907569,0.008772920831795166,1.8680790608308934e-16
q4_a1.0_s926104,4,1.0,926104,uniform,2,0.12484910153739481,0.12484910153742672,0.0015696585178375244,0038_q4_a1.0_s926104_378f5625a14ecfb0,0.12484910153741077,0.4543109430779515,0.434089574752571
q4_a1.0_s926104,4,1.0,926104,uniform,10,0.12484910153739481,0.12484910153742672,0.0015696585178375244,0038_q4_a1.0_s926104_378f5625a14ecfb0,0.12484910153741077,0.4543109430779515,0.434089574752571
q4_a1.0_s926104,4,1.0,926104,uniform,40,0.12484910153739481,0.12484910153742672,0.0015696585178375244,0038_q4_a1.0_s926104_378f5625a14ecfb0,0.12484910153741077,0.4543109430779515,0.434089574752571
q4_a1.0_s926104,4,1.0,926104,information_face0,2,0.11485558199359125,0.11485558199361759,0.9359954120591283,0044_q4_a1.0_s926104_a47d1c800cdd57d3,0.11485558199360442,4.076020951962781e-10,0.030947543384179325
q4_a1.0_s926104,4,1.0,926104,information_face0,10,0.11485558199359125,0.11485558199361759,0.9359954120591283,0044_q4_a1.0_s926104_a47d1c800cdd57d3,0.11485558199360442,4.076020951962781e-10,0.030947543384179325
q4_a1.0_s926104,4,1.0,926104,information_face0,40,0.11485558199359125,0.11485558199361759,0.9359954120591283,0044_q4_a1.0_s926104_a47d1c800cdd57d3,0.11485558199360442,4.076020951962781e-10,0.030947543384179325
q4_a1.0_s926104,4,1.0,926104,information_face1,2,0.10584124839949482,0.10584124839958156,1.513252541422844,0045_q4_a1.0_s926104_ed2f6fdd44ecfd50,0.1058412483995382,0.009999999999999988,0.004697937521989927
q4_a1.0_s926104,4,1.0,926104,information_face1,10,0.10584124839949482,0.10584124839958156,1.513252541422844,0045_q4_a1.0_s926104_ed2f6fdd44ecfd50,0.1058412483995382,0.009999999999999988,0.004697937521989927
q4_a1.0_s926104,4,1.0,926104,information_face1,40,0.10584124839949482,0.10584124839958156,1.513252541422844,0045_q4_a1.0_s926104_ed2f6fdd44ecfd50,0.1058412483995382,0.009999999999999988,0.004697937521989927
q4_a1.0_s926104,4,1.0,926104,information_face5,2,0.08716448318458792,0.08716448318467128,1.070299600251019,0254_q4_a1.0_s926104_d90c5ac8fbaa99c2,0.0871644831846296,0.04999999999999994,0.029032277565570735
q4_a1.0_s926104,4,1.0,926104,information_face5,10,0.08807657440617522,0.08807657443194497,3.176634049974382,0046_q4_a1.0_s926104_cde460619cd8ad5a,0.0880765744190601,0.049999999995923784,0.03581935518013636
q4_a1.0_s926104,4,1.0,926104,information_face5,40,0.08807657440617522,0.08807657443194497,3.176634049974382,0046_q4_a1.0_s926104_cde460619cd8ad5a,0.0880765744190601,0.049999999995923784,0.03581935518013636
q4_a1.0_s926104,4,1.0,926104,brier_face0,2,0.10594876292981203,0.10594876292984519,0.980688102543354,0039_q4_a1.0_s926104_cea01e25e294b85d,0.1059487629298286,0.00877292272418915,1.3326324936644648e-09
q4_a1.0_s926104,4,1.0,926104,brier_face0,10,0.10594876292981203,0.10594876292984519,0.980688102543354,0039_q4_a1.0_s926104_cea01e25e294b85d,0.1059487629298286,0.00877292272418915,1.3326324936644648e-09
q4_a1.0_s926104,4,1.0,926104,brier_face0,40,0.10594876292981203,0.10594876292984519,0.980688102543354,0039_q4_a1.0_s926104_cea01e25e294b85d,0.1059487629298286,0.00877292272418915,1.3326324936644648e-09
q4_a1.0_s926104,4,1.0,926104,brier_face1,2,0.09943563061442595,0.0994356306144501,1.030526164919138,0040_q4_a1.0_s926104_0c6e9b2a82319a98,0.09943563061443803,0.022973349673482975,0.00999999999999917
q4_a1.0_s926104,4,1.0,926104,brier_face1,10,0.09943563061442595,0.0994356306144501,1.030526164919138,0040_q4_a1.0_s926104_0c6e9b2a82319a98,0.09943563061443803,0.022973349673482975,0.00999999999999917
q4_a1.0_s926104,4,1.0,926104,brier_face1,40,0.09943563061442595,0.0994356306144501,1.030526164919138,0040_q4_a1.0_s926104_0c6e9b2a82319a98,0.09943563061443803,0.022973349673482975,0.00999999999999917
q4_a1.0_s926104,4,1.0,926104,brier_face5,2,0.07887986251431134,0.07887986251501536,1.5568321160972118,0251_q4_a1.0_s926104_7d6caca5da4f1546,0.07887986251466335,0.08185283912875096,0.04999999999999958
q4_a1.0_s926104,4,1.0,926104,brier_face5,10,0.07860035431658075,0.07860035431664153,2.6046209670603275,0041_q4_a1.0_s926104_01618b5d9f83561d,0.07860035431661114,0.08172335163039979,0.04999999998653895
q4_a1.0_s926104,4,1.0,926104,brier_face5,40,0.07860035431658075,0.07860035431664153,2.6046209670603275,0041_q4_a1.0_s926104_01618b5d9f83561d,0.07860035431661114,0.08172335163039979,0.04999999998653895
q4_a5.0_s926103,4,5.0,926103,fixed,2,0.03339505297770062,0.033395052977721135,1.8802870158106089,0256_q4_a5.0_s926103_247ef16c69acf424,0.03339505297771088,0.37108304096547673,0.35959156907039136
q4_a5.0_s926103,4,5.0,926103,fixed,10,0.03691852182584632,0.036918521825934345,8.972404286265373,0054_q4_a5.0_s926103_21f190f4d2dc5606,0.03691852182589033,0.3382204760639017,0.3276249247627138
q4_a5.0_s926103,4,5.0,926103,fixed,40,0.03691852182584632,0.036918521825934345,8.972404286265373,0054_q4_a5.0_s926103_21f190f4d2dc5606,0.03691852182589033,0.3382204760639017,0.3276249247627138
q4_a5.0_s926103,4,5.0,926103,tractability,2,0.03967849207175089,0.03967849207186443,1.8088755011558533,0258_q4_a5.0_s926103_88a8c034cb6c8bd9,0.03967849207180766,0.2507256008394053,0.24106946270109644
q4_a5.0_s926103,4,5.0,926103,tractability,10,0.03609213384605947,0.03609213384611662,9.58024073112756,0191_q4_a5.0_s926103_eb0ae4e935b06e35,0.036092133846088045,0.3346471724976549,0.32366924758102883
q4_a5.0_s926103,4,5.0,926103,tractability,40,0.03663959630823199,0.03663959630825586,38.25225520692766,0060_q4_a5.0_s926103_ddf3194c15e84001,0.03663959630824393,0.34138796013466716,0.3307662253800376
q4_a5.0_s926103,4,5.0,926103,tractability_average,2,0.04834204260059327,0.048342042626608406,1.40350441634655,0257_q4_a5.0_s926103_7b405f685bcf685f,0.04834204261360084,0.5000000000000002,0.5000000000000011
q4_a5.0_s926103,4,5.0,926103,tractability_average,10,0.03939294670253457,0.03939294670293397,8.690389555878937,0190_q4_a5.0_s926103_8ff8257abf69c6e7,0.03939294670273427,0.3725479187140065,0.364760238460786
q4_a5.0_s926103,4,5.0,926103,tractability_average,40,0.037405243562579016,0.03740524356259814,39.25650506373495,0157_q4_a5.0_s926103_73cd9d1a92f7a9d8,0.03740524356258858,0.35066597289225426,0.3409479646315007
q4_a5.0_s926103,4,5.0,926103,hard,2,0.03967849207175089,0.03967849207186443,1.811889466829598,0258_q4_a5.0_s926103_88a8c034cb6c8bd9,0.03967849207180766,0.2507256008394053,0.24106946270109644
q4_a5.0_s926103,4,5.0,926103,hard,10,0.03667452908918101,0.03667452908935788,9.569261714816093,0189_q4_a5.0_s926103_a82431582cd4e8a7,0.03667452908926944,0.338634174755139,0.3287899203742133
q4_a5.0_s926103,4,5.0,926103,hard,40,0.03695048357701192,0.036950483577389254,38.04021329525858,0055_q4_a5.0_s926103_8d4317c6586974cd,0.036950483577200585,0.34335243724920944,0.33273740726313433
q4_a5.0_s926103,4,5.0,926103,hard_average,2,0.04834204260059327,0.048342042626608406,1.4104199148714542,0257_q4_a5.0_s926103_7b405f685bcf685f,0.04834204261360084,0.5000000000000002,0.5000000000000011
q4_a5.0_s926103,4,5.0,926103,hard_average,10,0.039417288822242935,0.039417288822310714,8.635888355784118,0188_q4_a5.0_s926103_af1ac80294185aa3,0.039417288822276825,0.36775968421251326,0.35994861657684657
q4_a5.0_s926103,4,5.0,926103,hard_average,40,0.037642225492771964,0.03764222549307435,39.051682719029486,0156_q4_a5.0_s926103_324b2345b8d3b295,0.037642225492923155,0.3503810419045786,0.3406829193667055
q4_a5.0_s926103,4,5.0,926103,minimax,2,0.037564094974875784,0.037564094974952535,1.9846089081838727,0259_q4_a5.0_s926103_a78783e711ce447b,0.037564094974914156,0.31887240758391866,0.31061143227626903
q4_a5.0_s926103,4,5.0,926103,minimax,10,0.03728760043604651,0.03728760043617439,5.2928673923015594,0059_q4_a5.0_s926103_197eee2bf6889158,0.03728760043611045,0.3433141408139425,0.33253727749286416
q4_a5.0_s926103,4,5.0,926103,minimax,40,0.03728760043604651,0.03728760043617439,5.2928673923015594,0059_q4_a5.0_s926103_197eee2bf6889158,0.03728760043611045,0.3433141408139425,0.33253727749286416
q4_a5.0_s926103,4,5.0,926103,information,2,0.04614425681073797,0.04614425681081013,0.005176323466002941,0049_q4_a5.0_s926103_2fc8fb1dacba304e,0.046144256810774054,3.706804561543344e-16,1.6428721787819155e-15
q4_a5.0_s926103,4,5.0,926103,information,10,0.04614425681073797,0.04614425681081013,0.005176323466002941,0049_q4_a5.0_s926103_2fc8fb1dacba304e,0.046144256810774054,3.706804561543344e-16,1.6428721787819155e-15
q4_a5.0_s926103,4,5.0,926103,information,40,0.04614425681073797,0.04614425681081013,0.005176323466002941,0049_q4_a5.0_s926103_2fc8fb1dacba304e,0.046144256810774054,3.706804561543344e-16,1.6428721787819155e-15
q4_a5.0_s926103,4,5.0,926103,brier,2,0.04614425681073797,0.04614425681081013,0.005182374268770218,0049_q4_a5.0_s926103_2fc8fb1dacba304e,0.046144256810774054,3.706804561543344e-16,1.6428721787819155e-15
q4_a5.0_s926103,4,5.0,926103,brier,10,0.04614425681073797,0.04614425681081013,0.005182374268770218,0049_q4_a5.0_s926103_2fc8fb1dacba304e,0.046144256810774054,3.706804561543344e-16,1.6428721787819155e-15
q4_a5.0_s926103,4,5.0,926103,brier,40,0.04614425681073797,0.04614425681081013,0.005182374268770218,0049_q4_a5.0_s926103_2fc8fb1dacba304e,0.046144256810774054,3.706804561543344e-16,1.6428721787819155e-15
q4_a5.0_s926103,4,5.0,926103,uniform,2,0.04441481014983062,0.04441481014986287,0.0015366189181804657,0050_q4_a5.0_s926103_bea286c301921284,0.044414810149846745,0.5161843450870616,0.5088046225198137
q4_a5.0_s926103,4,5.0,926103,uniform,10,0.04441481014983062,0.04441481014986287,0.0015366189181804657,0050_q4_a5.0_s926103_bea286c301921284,0.044414810149846745,0.5161843450870616,0.5088046225198137
q4_a5.0_s926103,4,5.0,926103,uniform,40,0.04441481014983062,0.04441481014986287,0.0015366189181804657,0050_q4_a5.0_s926103_bea286c301921284,0.044414810149846745,0.5161843450870616,0.5088046225198137
q4_a5.0_s926103,4,5.0,926103,information_face0,2,0.04614425593761173,0.04614425593793808,0.9526337366551161,0056_q4_a5.0_s926103_fd8da1a5ddd0f494,0.04614425593777491,5.3420691781577695e-09,5.115265982697458e-09
q4_a5.0_s926103,4,5.0,926103,information_face0,10,0.04614425593761173,0.04614425593793808,0.9526337366551161,0056_q4_a5.0_s926103_fd8da1a5ddd0f494,0.04614425593777491,5.3420691781577695e-09,5.115265982697458e-09
q4_a5.0_s926103,4,5.0,926103,information_face0,40,0.04614425593761173,0.04614425593793808,0.9526337366551161,0056_q4_a5.0_s926103_fd8da1a5ddd0f494,0.04614425593777491,5.3420691781577695e-09,5.115265982697458e-09
q4_a5.0_s926103,4,5.0,926103,information_face1,2,0.04450982213460963,0.04450982213464233,1.0257807951420546,0057_q4_a5.0_s926103_52ec2ede3225e478,0.04450982213462598,0.010000000000001471,0.00957544110930396
q4_a5.0_s926103,4,5.0,926103,information_face1,10,0.04450982213460963,0.04450982213464233,1.0257807951420546,0057_q4_a5.0_s926103_52ec2ede3225e478,0.04450982213462598,0.010000000000001471,0.00957544110930396
q4_a5.0_s926103,4,5.0,926103,information_face1,40,0.04450982213460963,0.04450982213464233,1.0257807951420546,0057_q4_a5.0_s926103_52ec2ede3225e478,0.04450982213462598,0.010000000000001471,0.00957544110930396
q4_a5.0_s926103,4,5.0,926103,information_face5,2,0.038348842266892946,0.038348842266933525,1.0134052345529199,0058_q4_a5.0_s926103_22feff2387a36dd7,0.038348842266913236,0.050000000000000315,0.04696145343940988
q4_a5.0_s926103,4,5.0,926103,information_face5,10,0.038348842266892946,0.038348842266933525,1.0134052345529199,0058_q4_a5.0_s926103_22feff2387a36dd7,0.038348842266913236,0.050000000000000315,0.04696145343940988
q4_a5.0_s926103,4,5.0,926103,information_face5,40,0.038348842266892946,0.038348842266933525,1.0134052345529199,0058_q4_a5.0_s926103_22feff2387a36dd7,0.038348842266913236,0.050000000000000315,0.04696145343940988
q4_a5.0_s926103,4,5.0,926103,brier_face0,2,0.04614425414347256,0.046144254143599,0.9536840599030256,0051_q4_a5.0_s926103_a276c5c5289ebc90,0.04614425414353578,1.6319194108378608e-08,1.56263534205592e-08
q4_a5.0_s926103,4,5.0,926103,brier_face0,10,0.04614425414347256,0.046144254143599,0.9536840599030256,0051_q4_a5.0_s926103_a276c5c5289ebc90,0.04614425414353578,1.6319194108378608e-08,1.56263534205592e-08
q4_a5.0_s926103,4,5.0,926103,brier_face0,40,0.04614425414347256,0.046144254143599,0.9536840599030256,0051_q4_a5.0_s926103_a276c5c5289ebc90,0.04614425414353578,1.6319194108378608e-08,1.56263534205592e-08
q4_a5.0_s926103,4,5.0,926103,brier_face1,2,0.044437354060805845,0.04443735406084458,1.023568855598569,0052_q4_a5.0_s926103_3577bc5ed12becbb,0.04443735406082521,0.010443383115044247,0.00999999999999655
q4_a5.0_s926103,4,5.0,926103,brier_face1,10,0.044437354060805845,0.04443735406084458,1.023568855598569,0052_q4_a5.0_s926103_3577bc5ed12becbb,0.04443735406082521,0.010443383115044247,0.00999999999999655
q4_a5.0_s926103,4,5.0,926103,brier_face1,40,0.044437354060805845,0.04443735406084458,1.023568855598569,0052_q4_a5.0_s926103_3577bc5ed12becbb,0.04443735406082521,0.010443383115044247,0.00999999999999655
q4_a5.0_s926103,4,5.0,926103,brier_face5,2,0.03782993037982951,0.03782993038028402,1.0277729788795114,0053_q4_a5.0_s926103_3d225ae3c3842903,0.03782993038005676,0.05345841762258509,0.050000000000002466
q4_a5.0_s926103,4,5.0,926103,brier_face5,10,0.03782993037982951,0.03782993038028402,1.0277729788795114,0053_q4_a5.0_s926103_3d225ae3c3842903,0.03782993038005676,0.05345841762258509,0.050000000000002466
q4_a5.0_s926103,4,5.0,926103,brier_face5,40,0.03782993037982951,0.03782993038028402,1.0277729788795114,0053_q4_a5.0_s926103_3d225ae3c3842903,0.03782993038005676,0.05345841762258509,0.050000000000002466
q4_a5.0_s926104,4,5.0,926104,fixed,2,0.04791893150966309,0.04791893150973653,1.8742521842941642,0260_q4_a5.0_s926104_e897f8fe8c29da4d,0.04791893150969981,0.26739813461364137,0.26559608546229474
q4_a5.0_s926104,4,5.0,926104,fixed,10,0.0485396108570475,0.048539610857231255,4.217927175574005,0066_q4_a5.0_s926104_3c37bc69b82a8610,0.04853961085713938,0.28407903331686063,0.28417617723030547
q4_a5.0_s926104,4,5.0,926104,fixed,40,0.0485396108570475,0.048539610857231255,4.217927175574005,0066_q4_a5.0_s926104_3c37bc69b82a8610,0.04853961085713938,0.28407903331686063,0.28417617723030547
q4_a5.0_s926104,4,5.0,926104,tractability,2,0.08532527421103164,0.08532527421104649,1.8408580021932721,0265_q4_a5.0_s926104_5032618cd00be78e,0.08532527421103907,0.49613334420831934,0.5248299342020184
q4_a5.0_s926104,4,5.0,926104,tractability,10,0.04839133391967154,0.04839133391983946,9.888649786822498,0195_q4_a5.0_s926104_cf1b6614acfc2419,0.0483913339197555,0.2827083278681835,0.28282618741722
q4_a5.0_s926104,4,5.0,926104,tractability,40,0.048109232983364,0.04810923298339223,38.95943272858858,0072_q4_a5.0_s926104_58f3a6eeddbb47ee,0.04810923298337812,0.2803261093516661,0.28037663937594703
q4_a5.0_s926104,4,5.0,926104,tractability_average,2,0.041398260251906294,0.041398260251933515,1.3939092950895429,0264_q4_a5.0_s926104_f833bb03f9a378cc,0.04139826025191991,0.18631857013866512,0.17888829568278675
q4_a5.0_s926104,4,5.0,926104,tractability_average,10,0.04630420374241773,0.04630420374243594,9.266309184022248,0194_q4_a5.0_s926104_4ba08d0c98f37e19,0.04630420374242683,0.285636224320979,0.2869339112710195
q4_a5.0_s926104,4,5.0,926104,tractability_average,40,0.047632741193815775,0.04763274119385298,39.528529920615256,0159_q4_a5.0_s926104_99bfc6397f9d9fe5,0.04763274119383438,0.2821776262684916,0.28258123857670603
q4_a5.0_s926104,4,5.0,926104,hard,2,0.08526648719891827,0.08526648719898534,1.873265564441681,0262_q4_a5.0_s926104_b6a13e33ad768074,0.0852664871989518,0.4956289994855815,0.5242715501496193
q4_a5.0_s926104,4,5.0,926104,hard,10,0.04805552091549292,0.04805552091557683,8.884089800529182,0193_q4_a5.0_s926104_1eee60f1a5aa5f95,0.048055520915534874,0.28053710834951207,0.2807050834378588
q4_a5.0_s926104,4,5.0,926104,hard,40,0.04605796729692191,0.04605796729698407,38.89797422848642,0067_q4_a5.0_s926104_38ab82b969dcf887,0.04605796729695299,0.26263358302864037,0.25891940165038785
q4_a5.0_s926104,4,5.0,926104,hard_average,2,0.041398260251906294,0.04139826025193773,1.4336667703464627,0261_q4_a5.0_s926104_92e65ec48e9efccd,0.04139826025192201,0.1863185701385722,0.1788882956826958
q4_a5.0_s926104,4,5.0,926104,hard_average,10,0.04624546151826503,0.04624546151827756,9.453121460042894,0192_q4_a5.0_s926104_2580e4ec98f57ba2,0.046245461518271296,0.2847889775097013,0.2860953979408162
q4_a5.0_s926104,4,5.0,926104,hard_average,40,0.04675707746221236,0.046757077462245125,39.46087493468076,0158_q4_a5.0_s926104_b29f8bbc6a9feaff,0.04675707746222874,0.2776630642164753,0.2766587888648767
q4_a5.0_s926104,4,5.0,926104,minimax,2,0.04014750858867033,0.040147508588733956,1.372074575163424,0263_q4_a5.0_s926104_51a641fda609808b,0.04014750858870214,0.19147656612877806,0.1741633348177647
q4_a5.0_s926104,4,5.0,926104,minimax,10,0.047486026520415,0.04748602652051111,3.3532330244779587,0071_q4_a5.0_s926104_f980ec101b66e6ed,0.047486026520463055,0.21739304548290064,0.21769350576016558
q4_a5.0_s926104,4,5.0,926104,minimax,40,0.047486026520415,0.04748602652051111,3.3532330244779587,0071_q4_a5.0_s926104_f980ec101b66e6ed,0.047486026520463055,0.21739304548290064,0.21769350576016558
q4_a5.0_s926104,4,5.0,926104,information,2,0.03788181532956025,0.03788181532975328,0.005240865051746368,0061_q4_a5.0_s926104_2ca1e09ca4b9ae96,0.037881815329656766,1.1441327554548748e-15,1.8335381535172166e-15
q4_a5.0_s926104,4,5.0,926104,information,10,0.03788181532956025,0.03788181532975328,0.005240865051746368,0061_q4_a5.0_s926104_2ca1e09ca4b9ae96,0.037881815329656766,1.1441327554548748e-15,1.8335381535172166e-15
q4_a5.0_s926104,4,5.0,926104,information,40,0.03788181532956025,0.03788181532975328,0.005240865051746368,0061_q4_a5.0_s926104_2ca1e09ca4b9ae96,0.037881815329656766,1.1441327554548748e-15,1.8335381535172166e-15
q4_a5.0_s926104,4,5.0,926104,brier,2,0.03788181532956025,0.03788181532975328,0.0052380645647645,0061_q4_a5.0_s926104_2ca1e09ca4b9ae96,0.037881815329656766,1.1441327554548748e-15,1.8335381535172166e-15
q4_a5.0_s926104,4,5.0,926104,brier,10,0.03788181532956025,0.03788181532975328,0.0052380645647645,0061_q4_a5.0_s926104_2ca1e09ca4b9ae96,0.037881815329656766,1.1441327554548748e-15,1.8335381535172166e-15
q4_a5.0_s926104,4,5.0,926104,brier,40,0.03788181532956025,0.03788181532975328,0.0052380645647645,0061_q4_a5.0_s926104_2ca1e09ca4b9ae96,0.037881815329656766,1.1441327554548748e-15,1.8335381535172166e-15
q4_a5.0_s926104,4,5.0,926104,uniform,2,0.06688806560634708,0.0668880656063606,0.001550150103867054,0062_q4_a5.0_s926104_35a274de8b90b9d7,0.06688806560635384,0.5077491905731252,0.5104812777192125
q4_a5.0_s926104,4,5.0,926104,uniform,10,0.06688806560634708,0.0668880656063606,0.001550150103867054,0062_q4_a5.0_s926104_35a274de8b90b9d7,0.06688806560635384,0.5077491905731252,0.5104812777192125
q4_a5.0_s926104,4,5.0,926104,uniform,40,0.06688806560634708,0.0668880656063606,0.001550150103867054,0062_q4_a5.0_s926104_35a274de8b90b9d7,0.06688806560635384,0.5077491905731252,0.5104812777192125
q4_a5.0_s926104,4,5.0,926104,information_face0,2,0.03788181534090718,0.03788181622792768,1.2594354506582022,0068_q4_a5.0_s926104_cadd8bca16f3d627,0.03788181578441743,1.8320768986547818e-09,1.8396185327419103e-09
q4_a5.0_s926104,4,5.0,926104,information_face0,10,0.03788181534090718,0.03788181622792768,1.2594354506582022,0068_q4_a5.0_s926104_cadd8bca16f3d627,0.03788181578441743,1.8320768986547818e-09,1.8396185327419103e-09
q4_a5.0_s926104,4,5.0,926104,information_face0,40,0.03788181534090718,0.03788181622792768,1.2594354506582022,0068_q4_a5.0_s926104_cadd8bca16f3d627,0.03788181578441743,1.8320768986547818e-09,1.8396185327419103e-09
q4_a5.0_s926104,4,5.0,926104,information_face1,2,0.03794375030376229,0.03794375030380792,0.9794754246249795,0069_q4_a5.0_s926104_c5278e8724b49503,0.037943750303785106,0.009999999999998932,0.010041163424772926
q4_a5.0_s926104,4,5.0,926104,information_face1,10,0.03794375030376229,0.03794375030380792,0.9794754246249795,0069_q4_a5.0_s926104_c5278e8724b49503,0.037943750303785106,0.009999999999998932,0.010041163424772926
q4_a5.0_s926104,4,5.0,926104,information_face1,40,0.03794375030376229,0.03794375030380792,0.9794754246249795,0069_q4_a5.0_s926104_c5278e8724b49503,0.037943750303785106,0.009999999999998932,0.010041163424772926
q4_a5.0_s926104,4,5.0,926104,information_face5,2,0.03819149020057111,0.03819149020061237,0.9816128211095929,0070_q4_a5.0_s926104_48d86c74912a736b,0.03819149020059174,0.050000000000000766,0.05020581712386316
q4_a5.0_s926104,4,5.0,926104,information_face5,10,0.03819149020057111,0.03819149020061237,0.9816128211095929,0070_q4_a5.0_s926104_48d86c74912a736b,0.03819149020059174,0.050000000000000766,0.05020581712386316
q4_a5.0_s926104,4,5.0,926104,information_face5,40,0.03819149020057111,0.03819149020061237,0.9816128211095929,0070_q4_a5.0_s926104_48d86c74912a736b,0.03819149020059174,0.050000000000000766,0.05020581712386316
q4_a5.0_s926104,4,5.0,926104,brier_face0,2,0.03788181536215762,0.03788181536220364,0.9649345465004444,0063_q4_a5.0_s926104_c9fba17515b2f74b,0.03788181536218063,5.263148988029972e-09,5.2848132539123954e-09
q4_a5.0_s926104,4,5.0,926104,brier_face0,10,0.03788181536215762,0.03788181536220364,0.9649345465004444,0063_q4_a5.0_s926104_c9fba17515b2f74b,0.03788181536218063,5.263148988029972e-09,5.2848132539123954e-09
q4_a5.0_s926104,4,5.0,926104,brier_face0,40,0.03788181536215762,0.03788181536220364,0.9649345465004444,0063_q4_a5.0_s926104_c9fba17515b2f74b,0.03788181536218063,5.263148988029972e-09,5.2848132539123954e-09
q4_a5.0_s926104,4,5.0,926104,brier_face1,2,0.037943496403338384,0.037943496403364904,0.965740810148418,0064_q4_a5.0_s926104_a7f463fee1b23942,0.037943496403351644,0.009959005323356493,0.010000000000004701
q4_a5.0_s926104,4,5.0,926104,brier_face1,10,0.037943496403338384,0.037943496403364904,0.965740810148418,0064_q4_a5.0_s926104_a7f463fee1b23942,0.037943496403351644,0.009959005323356493,0.010000000000004701
q4_a5.0_s926104,4,5.0,926104,brier_face1,40,0.037943496403338384,0.037943496403364904,0.965740810148418,0064_q4_a5.0_s926104_a7f463fee1b23942,0.037943496403351644,0.009959005323356493,0.010000000000004701
q4_a5.0_s926104,4,5.0,926104,brier_face5,2,0.038190220698450905,0.038190220698508776,0.9909607758745551,0065_q4_a5.0_s926104_9b682d8c57bb71e7,0.03819022069847984,0.04979502661678399,0.0500000000000015
q4_a5.0_s926104,4,5.0,926104,brier_face5,10,0.038190220698450905,0.038190220698508776,0.9909607758745551,0065_q4_a5.0_s926104_9b682d8c57bb71e7,0.03819022069847984,0.04979502661678399,0.0500000000000015
q4_a5.0_s926104,4,5.0,926104,brier_face5,40,0.038190220698450905,0.038190220698508776,0.9909607758745551,0065_q4_a5.0_s926104_9b682d8c57bb71e7,0.03819022069847984,0.04979502661678399,0.0500000000000015
q8_a0.2_s926103,8,0.2,926103,fixed,2,0.47871075002776275,0.47871075002776403,0.8416494345292449,0268_q8_a0.2_s926103_7624a0dd17df4540,0.4787107500277634,0.7933946066423079,0.8063789362220501
q8_a0.2_s926103,8,0.2,926103,fixed,10,0.27291547806051275,0.2729154780605395,8.56264462415129,0197_q8_a0.2_s926103_9e3ea43a558f08ef,0.27291547806052613,0.2733601761460908,0.23667485718306966
q8_a0.2_s926103,8,0.2,926103,fixed,40,0.2739373683441878,0.27393736834419685,36.67891620006412,0079_q8_a0.2_s926103_9ff0da9f3bc1963e,0.27393736834419236,0.27299276691050617,0.22057711812195185
q8_a0.2_s926103,8,0.2,926103,tractability,2,0.4700066973049791,0.4700066973049827,1.390185246244073,0269_q8_a0.2_s926103_5a2c5975d1209e8a,0.4700066973049809,0.36365495867364556,0.6217856956084341
q8_a0.2_s926103,8,0.2,926103,tractability,10,0.3809368561629489,0.3809368561629507,6.323602745309472,0203_q8_a0.2_s926103_f4b62880c54eeec1,0.3809368561629498,0.5207891019366215,0.5902200051576469
q8_a0.2_s926103,8,0.2,926103,tractability,40,0.27009657519396335,0.2700965751943629,39.39161074813455,0085_q8_a0.2_s926103_7bc1edaed7e4a653,0.27009657519416314,0.2788790549282654,0.23239246675092493
q8_a0.2_s926103,8,0.2,926103,tractability_average,2,0.47871075002776275,0.47871075002776403,0.8403329327702522,0268_q8_a0.2_s926103_7624a0dd17df4540,0.4787107500277634,0.7933946066423079,0.8063789362220501
q8_a0.2_s926103,8,0.2,926103,tractability_average,10,0.2625043644837153,0.26250436448371983,8.796934798359871,0202_q8_a0.2_s926103_0f7438e0456cdd98,0.26250436448371756,0.42668579640116794,0.5094210554703676
q8_a0.2_s926103,8,0.2,926103,tractability_average,40,0.26710885749300795,0.26710885749304664,36.63328683935106,0161_q8_a0.2_s926103_aafc5d25f527fc4b,0.26710885749302726,0.35075832595691464,0.36576865075520737
q8_a0.2_s926103,8,0.2,926103,hard,2,0.4700066973049791,0.4700066973049827,1.3878866555169225,0269_q8_a0.2_s926103_5a2c5975d1209e8a,0.4700066973049809,0.36365495867364556,0.6217856956084341
q8_a0.2_s926103,8,0.2,926103,hard,10,0.3892939624946244,0.3892939624946332,6.3388639986515045,0199_q8_a0.2_s926103_1f9a2bd8fb69480b,0.3892939624946288,0.5331467233512446,0.6103386759520892
q8_a0.2_s926103,8,0.2,926103,hard,40,0.2551140043288166,0.25511400432881953,38.19843127951026,0080_q8_a0.2_s926103_b0aebcf8203cb090,0.25511400432881803,0.2676027280271153,0.24729623251517105
q8_a0.2_s926103,8,0.2,926103,hard_average,2,0.47871075002776275,0.47871075002776403,0.8459027893841267,0268_q8_a0.2_s926103_7624a0dd17df4540,0.4787107500277634,0.7933946066423079,0.8063789362220501
q8_a0.2_s926103,8,0.2,926103,hard_average,10,0.2630312715696942,0.2630312715696955,8.69302280060947,0198_q8_a0.2_s926103_8e7338f63e76da2d,0.26303127156969486,0.42977520175481976,0.514450723168979
q8_a0.2_s926103,8,0.2,926103,hard_average,40,0.2642856400495043,0.26428564004953403,35.44050187431276,0160_q8_a0.2_s926103_70dea46adb8033de,0.26428564004951915,0.350475068729294,0.3707455378899682
q8_a0.2_s926103,8,0.2,926103,minimax,2,0.4543045663139539,0.4543045663140069,1.8493934217840433,0272_q8_a0.2_s926103_9d4265edee432dd6,0.4543045663139804,0.3708834685902781,0.6013325219254028
q8_a0.2_s926103,8,0.2,926103,minimax,10,0.24874323961770628,0.2487432396178047,8.721094236709177,0201_q8_a0.2_s926103_8f2c3642c7861ad9,0.2487432396177555,0.2587481363591153,0.23993079593367816
q8_a0.2_s926103,8,0.2,926103,minimax,40,0.24422500533379599,0.24422500533386016,30.53181366622448,0084_q8_a0.2_s926103_e38a01637357bbf0,0.24422500533382807,0.24200183546599965,0.22467255719104978
q8_a0.2_s926103,8,0.2,926103,information,2,0.3852497098063048,0.38524970980630524,0.005413171835243702,0074_q8_a0.2_s926103_4a3109fa8b263b60,0.385249709806305,5.061697071949247e-16,0.013161532362736091
q8_a0.2_s926103,8,0.2,926103,information,10,0.3852497098063048,0.38524970980630524,0.005413171835243702,0074_q8_a0.2_s926103_4a3109fa8b263b60,0.385249709806305,5.061697071949247e-16,0.013161532362736091
q8_a0.2_s926103,8,0.2,926103,information,40,0.3852497098063048,0.38524970980630524,0.005413171835243702,0074_q8_a0.2_s926103_4a3109fa8b263b60,0.385249709806305,5.061697071949247e-16,0.013161532362736091
q8_a0.2_s926103,8,0.2,926103,brier,2,0.33301793554511516,0.33301793554511794,0.005406532436609268,0073_q8_a0.2_s926103_bbf4804aaed382e4,0.33301793554511655,0.023696309739161137,4.3195661477420606e-16
q8_a0.2_s926103,8,0.2,926103,brier,10,0.33301793554511516,0.33301793554511794,0.005406532436609268,0073_q8_a0.2_s926103_bbf4804aaed382e4,0.33301793554511655,0.023696309739161137,4.3195661477420606e-16
q8_a0.2_s926103,8,0.2,926103,brier,40,0.33301793554511516,0.33301793554511794,0.005406532436609268,0073_q8_a0.2_s926103_bbf4804aaed382e4,0.33301793554511655,0.023696309739161137,4.3195661477420606e-16
q8_a0.2_s926103,8,0.2,926103,uniform,2,0.30256576769483934,0.30256576769484705,0.0016674939543008804,0075_q8_a0.2_s926103_b93cf3f582e0885f,0.3025657676948432,0.5023176195954219,0.4877499229471473
q8_a0.2_s926103,8,0.2,926103,uniform,10,0.30256576769483934,0.30256576769484705,0.0016674939543008804,0075_q8_a0.2_s926103_b93cf3f582e0885f,0.3025657676948432,0.5023176195954219,0.4877499229471473
q8_a0.2_s926103,8,0.2,926103,uniform,40,0.30256576769483934,0.30256576769484705,0.0016674939543008804,0075_q8_a0.2_s926103_b93cf3f582e0885f,0.3025657676948432,0.5023176195954219,0.4877499229471473
q8_a0.2_s926103,8,0.2,926103,information_face0,2,0.3852497086254998,0.3852497086255002,1.458507684059441,0081_q8_a0.2_s926103_d2557788ab6205cb,0.3852497086255,2.2795909550201347e-10,0.013161532236122264
q8_a0.2_s926103,8,0.2,926103,information_face0,10,0.3852497086254998,0.3852497086255002,1.458507684059441,0081_q8_a0.2_s926103_d2557788ab6205cb,0.3852497086255,2.2795909550201347e-10,0.013161532236122264
q8_a0.2_s926103,8,0.2,926103,information_face0,40,0.3852497086254998,0.3852497086255002,1.458507684059441,0081_q8_a0.2_s926103_d2557788ab6205cb,0.3852497086255,2.2795909550201347e-10,0.013161532236122264
q8_a0.2_s926103,8,0.2,926103,information_face1,2,0.33345057438996806,0.3334505743899848,1.845670523121953,0270_q8_a0.2_s926103_d288ee0d09d4b5eb,0.33345057438997644,0.009999999999999853,0.007607278342759594
q8_a0.2_s926103,8,0.2,926103,information_face1,10,0.33345057438996795,0.33345057438996994,2.5731642739847302,0082_q8_a0.2_s926103_af333ed1fc2927dc,0.33345057438996895,0.009999999999999346,0.007607278342759594
q8_a0.2_s926103,8,0.2,926103,information_face1,40,0.33345057438996795,0.33345057438996994,2.5731642739847302,0082_q8_a0.2_s926103_af333ed1fc2927dc,0.33345057438996895,0.009999999999999346,0.007607278342759594
q8_a0.2_s926103,8,0.2,926103,information_face5,2,0.3731995466905794,0.3731995466906041,1.2026341781020164,0271_q8_a0.2_s926103_2208d28ec07d969c,0.37319954669059174,0.049999999999999774,0.06368444902121428
q8_a0.2_s926103,8,0.2,926103,information_face5,10,0.3082310273601684,0.30823102736017893,8.76498840097338,0200_q8_a0.2_s926103_14e07471908d14dd,0.30823102736017366,0.04999999999999927,0.024110725210174558
q8_a0.2_s926103,8,0.2,926103,information_face5,40,0.308234636767981,0.30823463676799245,10.165905986912549,0083_q8_a0.2_s926103_a79cbf935e4ab6b9,0.30823463676798674,0.049999999999999774,0.023781455356971046
q8_a0.2_s926103,8,0.2,926103,brier_face0,2,0.3330179289842491,0.33301792898424976,0.8183740889653563,0076_q8_a0.2_s926103_7f1f26c19f076cf9,0.3330179289842494,0.023696308338174498,7.781443560754606e-10
q8_a0.2_s926103,8,0.2,926103,brier_face0,10,0.3330179289842491,0.33301792898424976,0.8183740889653563,0076_q8_a0.2_s926103_7f1f26c19f076cf9,0.3330179289842494,0.023696308338174498,7.781443560754606e-10
q8_a0.2_s926103,8,0.2,926103,brier_face0,40,0.3330179289842491,0.33301792898424976,0.8183740889653563,0076_q8_a0.2_s926103_7f1f26c19f076cf9,0.3330179289842494,0.023696308338174498,7.781443560754606e-10
q8_a0.2_s926103,8,0.2,926103,brier_face1,2,0.3127672399301943,0.3127672399301952,1.9294059854000807,0266_q8_a0.2_s926103_92c28afbc667228a,0.31276723993019473,0.03834228459283125,0.00999999999221867
q8_a0.2_s926103,8,0.2,926103,brier_face1,10,0.3132271923845116,0.3132271923845245,4.039273337461054,0077_q8_a0.2_s926103_373da6382c18c68f,0.313227192384518,0.0359332472415156,0.01000000000000037
q8_a0.2_s926103,8,0.2,926103,brier_face1,40,0.3132271923845116,0.3132271923845245,4.039273337461054,0077_q8_a0.2_s926103_373da6382c18c68f,0.313227192384518,0.0359332472415156,0.01000000000000037
q8_a0.2_s926103,8,0.2,926103,brier_face5,2,0.37900540431974583,0.37900540431975277,1.140488046221435,0267_q8_a0.2_s926103_d0fb06c0fa9a5082,0.3790054043197493,0.025931683227550708,0.05000000000000012
q8_a0.2_s926103,8,0.2,926103,brier_face5,10,0.27434229366683116,0.2743422936668358,9.943805506452918,0196_q8_a0.2_s926103_9b562bc757ff8329,0.2743422936668335,0.13534200544575234,0.05000000000000012
q8_a0.2_s926103,8,0.2,926103,brier_face5,40,0.27431558595700756,0.27431558595751526,11.533589873462915,0078_q8_a0.2_s926103_780adce93e8ed151,0.2743155859572614,0.135362627688992,0.05000000000000012
q8_a0.2_s926104,8,0.2,926104,fixed,2,0.4417143466036675,0.44171434660367126,1.4192631151527166,0275_q8_a0.2_s926104_0ced81fd4ce57e7d,0.44171434660366937,0.3926137891472657,0.29409440554778987
q8_a0.2_s926104,8,0.2,926104,fixed,10,0.23834711521868346,0.2383471152186848,8.816567059606314,0204_q8_a0.2_s926104_59c6f26d99a16896,0.23834711521868412,0.132871256207882,0.21238188538706212
q8_a0.2_s926104,8,0.2,926104,fixed,40,0.2382467751559757,0.23824677515597725,32.23440509382635,0092_q8_a0.2_s926104_cdde1092abb9e3a0,0.23824677515597648,0.10387455762327062,0.17977363234863125
q8_a0.2_s926104,8,0.2,926104,tractability,2,0.4417143466036675,0.44171434660367126,1.4394190106540918,0275_q8_a0.2_s926104_0ced81fd4ce57e7d,0.44171434660366937,0.3926137891472657,0.29409440554778987
q8_a0.2_s926104,8,0.2,926104,tractability,10,0.2360823004879461,0.23608230048794665,7.294460237026215,0210_q8_a0.2_s926104_f5ad211d45fdb27f,0.23608230048794637,0.13998023757535444,0.24955900706618725
q8_a0.2_s926104,8,0.2,926104,tractability,40,0.23714870115537323,0.23714870115538084,35.41027157846838,0098_q8_a0.2_s926104_1d7b649f791da8ad,0.23714870115537703,0.09961559900361337,0.17748825632988569
q8_a0.2_s926104,8,0.2,926104,tractability_average,2,0.4208889229404421,0.42088892294044417,0.8396143298596144,0276_q8_a0.2_s926104_4b0db133537c3c6d,0.4208889229404431,0.22658889793900056,0.5407703856078991
q8_a0.2_s926104,8,0.2,926104,tractability_average,10,0.23495367325740613,0.23495367325740785,5.782499106600881,0209_q8_a0.2_s926104_457655b4f405485f,0.234953673257407,0.21827621710669448,0.31131532440714926
q8_a0.2_s926104,8,0.2,926104,tractability_average,40,0.2362319757645801,0.23623197576458266,38.77257033996284,0163_q8_a0.2_s926104_3027e8cb92ac613f,0.23623197576458138,0.15531735720296191,0.24036175319271488
q8_a0.2_s926104,8,0.2,926104,hard,2,0.4417143466036675,0.44171434660367126,1.4261308815330267,0275_q8_a0.2_s926104_0ced81fd4ce57e7d,0.44171434660366937,0.3926137891472657,0.29409440554778987
q8_a0.2_s926104,8,0.2,926104,hard,10,0.24069874018461557,0.24069874018461687,7.1933207949623466,0206_q8_a0.2_s926104_1bb33500891c0b43,0.24069874018461623,0.1387176159322116,0.25203283751130123
q8_a0.2_s926104,8,0.2,926104,hard,40,0.23188630870802418,0.2318863087080264,35.325889055617154,0093_q8_a0.2_s926104_b12c950b7d7a07e0,0.2318863087080253,0.10454800113208314,0.18291634092913547
q8_a0.2_s926104,8,0.2,926104,hard_average,2,0.4208889229404421,0.42088892294044417,0.8382341358810663,0276_q8_a0.2_s926104_4b0db133537c3c6d,0.4208889229404431,0.22658889793900056,0.5407703856078991
q8_a0.2_s926104,8,0.2,926104,hard_average,10,0.22764574656468028,0.22764574656468067,9.924009521491826,0205_q8_a0.2_s926104_8206c67ad8c8870c,0.22764574656468048,0.1983985720518302,0.29654381093319415
q8_a0.2_s926104,8,0.2,926104,hard_average,40,0.23026200132888364,0.2302620013288898,38.73500771448016,0162_q8_a0.2_s926104_b09b60b5fb73e96a,0.23026200132888672,0.14946427094175294,0.23768859901124012
q8_a0.2_s926104,8,0.2,926104,minimax,2,0.4208889229404421,0.42088892294044417,0.8440285995602608,0276_q8_a0.2_s926104_4b0db133537c3c6d,0.4208889229404431,0.22658889793900056,0.5407703856078991
q8_a0.2_s926104,8,0.2,926104,minimax,10,0.22553006674898712,0.22553006674898907,8.207636339589953,0208_q8_a0.2_s926104_4e22f87becf6ef40,0.2255300667489881,0.14767633157940735,0.23559034295778533
q8_a0.2_s926104,8,0.2,926104,minimax,40,0.2213060502426183,0.22130605024261868,28.340534783899784,0097_q8_a0.2_s926104_9cb63f1ca2bd2f3d,0.22130605024261849,0.13267480981228286,0.22164536419133762
q8_a0.2_s926104,8,0.2,926104,information,2,0.3372911159864545,0.3372911159864546,0.00530259869992733,0087_q8_a0.2_s926104_abde192d5f4fb85a,0.33729111598645456,0.0,0.2360143914719739
q8_a0.2_s926104,8,0.2,926104,information,10,0.3372911159864545,0.3372911159864546,0.00530259869992733,0087_q8_a0.2_s926104_abde192d5f4fb85a,0.33729111598645456,0.0,0.2360143914719739
q8_a0.2_s926104,8,0.2,926104,information,40,0.3372911159864545,0.3372911159864546,0.00530259869992733,0087_q8_a0.2_s926104_abde192d5f4fb85a,0.33729111598645456,0.0,0.2360143914719739
q8_a0.2_s926104,8,0.2,926104,brier,2,0.3159653930624321,0.31596539306244587,0.005295419134199619,0086_q8_a0.2_s926104_c04eca39fab12ea5,0.315965393062439,0.01140410239182364,4.2735678064521145e-16
q8_a0.2_s926104,8,0.2,926104,brier,10,0.3159653930624321,0.31596539306244587,0.005295419134199619,0086_q8_a0.2_s926104_c04eca39fab12ea5,0.315965393062439,0.01140410239182364,4.2735678064521145e-16
q8_a0.2_s926104,8,0.2,926104,brier,40,0.3159653930624321,0.31596539306244587,0.005295419134199619,0086_q8_a0.2_s926104_c04eca39fab12ea5,0.315965393062439,0.01140410239182364,4.2735678064521145e-16
q8_a0.2_s926104,8,0.2,926104,uniform,2,0.29287258278424366,0.2928725827842473,0.0015330687165260315,0088_q8_a0.2_s926104_f8d18e197c04639f,0.2928725827842455,0.4361194777556711,0.5128906337871174
q8_a0.2_s926104,8,0.2,926104,uniform,10,0.29287258278424366,0.2928725827842473,0.0015330687165260315,0088_q8_a0.2_s926104_f8d18e197c04639f,0.2928725827842455,0.4361194777556711,0.5128906337871174
q8_a0.2_s926104,8,0.2,926104,uniform,40,0.29287258278424366,0.2928725827842473,0.0015330687165260315,0088_q8_a0.2_s926104_f8d18e197c04639f,0.2928725827842455,0.4361194777556711,0.5128906337871174
q8_a0.2_s926104,8,0.2,926104,information_face0,2,0.33729111584879296,0.3372911159380042,1.3347817482426763,0277_q8_a0.2_s926104_276a5e11090f59d4,0.33729111589339855,2.0326051104462629e-10,0.2360143919984565
q8_a0.2_s926104,8,0.2,926104,information_face0,10,0.33729111054304434,0.33729111054350186,2.212441509589553,0094_q8_a0.2_s926104_f1e42e0301546b5c,0.3372911105432731,2.0326051104462629e-10,0.23601438726538657
q8_a0.2_s926104,8,0.2,926104,information_face0,40,0.33729111054304434,0.33729111054350186,2.212441509589553,0094_q8_a0.2_s926104_f1e42e0301546b5c,0.3372911105432731,2.0326051104462629e-10,0.23601438726538657
q8_a0.2_s926104,8,0.2,926104,information_face1,2,0.3340654587206503,0.3340654587206769,1.07628261949867,0278_q8_a0.2_s926104_48efc928b2f61821,0.3340654587206636,0.009999999997966559,0.2619162724677338
q8_a0.2_s926104,8,0.2,926104,information_face1,10,0.23638804594790752,0.23638804594792442,5.914521034806967,0095_q8_a0.2_s926104_ad7527ac10cbd98b,0.23638804594791596,0.009999999999999797,0.080385652413259
q8_a0.2_s926104,8,0.2,926104,information_face1,40,0.23638804594790752,0.23638804594792442,5.914521034806967,0095_q8_a0.2_s926104_ad7527ac10cbd98b,0.23638804594791596,0.009999999999999797,0.080385652413259
q8_a0.2_s926104,8,0.2,926104,information_face5,2,0.3452524276247269,0.34525242763463426,1.1356662139296532,0279_q8_a0.2_s926104_3a2c1491e8d5f1bc,0.34525242762968056,0.04999999999796665,0.364341171755563
q8_a0.2_s926104,8,0.2,926104,information_face5,10,0.2269736780707925,0.2269736780708021,9.559359842911363,0207_q8_a0.2_s926104_e17472767f8bf2e2,0.2269736780707973,0.049999999999999885,0.13027940459498605
q8_a0.2_s926104,8,0.2,926104,information_face5,40,0.2262342521577091,0.22623425215771498,25.507136755622923,0096_q8_a0.2_s926104_380eeff9decbdfb6,0.22623425215771203,0.049999999999999885,0.1305865759968253
q8_a0.2_s926104,8,0.2,926104,brier_face0,2,0.3159653930833687,0.3159653930834166,0.9188734209164977,0273_q8_a0.2_s926104_347d7094b074e7a4,0.31596539308339266,0.011404103469810679,7.698580262822904e-10
q8_a0.2_s926104,8,0.2,926104,brier_face0,10,0.3159653922092732,0.31596539253862777,2.2439799439162016,0089_q8_a0.2_s926104_d250223c1daeb672,0.3159653923739505,0.011404102354624204,7.698580262822904e-10
q8_a0.2_s926104,8,0.2,926104,brier_face0,40,0.3159653922092732,0.31596539253862777,2.2439799439162016,0089_q8_a0.2_s926104_d250223c1daeb672,0.3159653923739505,0.011404102354624204,7.698580262822904e-10
q8_a0.2_s926104,8,0.2,926104,brier_face1,2,0.30573394884274374,0.305733948842744,1.9490661574527621,0090_q8_a0.2_s926104_bb67139eaf70ce00,0.30573394884274385,0.010920907179840945,0.010000000000000184
q8_a0.2_s926104,8,0.2,926104,brier_face1,10,0.30573394884274374,0.305733948842744,1.9490661574527621,0090_q8_a0.2_s926104_bb67139eaf70ce00,0.30573394884274385,0.010920907179840945,0.010000000000000184
q8_a0.2_s926104,8,0.2,926104,brier_face1,40,0.30573394884274374,0.305733948842744,1.9490661574527621,0090_q8_a0.2_s926104_bb67139eaf70ce00,0.30573394884274385,0.010920907179840945,0.010000000000000184
q8_a0.2_s926104,8,0.2,926104,brier_face5,2,0.31937973040097534,0.3193797304009759,0.9304627971723676,0274_q8_a0.2_s926104_d7f371fde9e91636,0.3193797304009756,0.08141623524953125,0.05000000000000049
q8_a0.2_s926104,8,0.2,926104,brier_face5,10,0.2651881191443337,0.2651881191443349,2.0333101944997907,0091_q8_a0.2_s926104_010962fccafc9eaf,0.26518811914433427,0.00898812633191016,0.050000000000000065
q8_a0.2_s926104,8,0.2,926104,brier_face5,40,0.2651881191443337,0.2651881191443349,2.0333101944997907,0091_q8_a0.2_s926104_010962fccafc9eaf,0.26518811914433427,0.00898812633191016,0.050000000000000065
q8_a1.0_s926103,8,1.0,926103,fixed,2,0.16753012110007592,0.16753012110010382,1.8149210028350353,0099_q8_a1.0_s926103_d9c5de2149f32ace,0.16753012110008986,-9.488154520877099e-16,0.0
q8_a1.0_s926103,8,1.0,926103,fixed,10,0.14725778215886065,0.14725778215900903,8.415722968056798,0211_q8_a1.0_s926103_f64f91c95803fe74,0.14725778215893484,0.216453305762242,0.2300102502233276
q8_a1.0_s926103,8,1.0,926103,fixed,40,0.14596618738377587,0.14596618738377815,20.445980336517096,0104_q8_a1.0_s926103_d26e15ff22d34916,0.145966187383777,0.21934803069350087,0.23444054907728104
q8_a1.0_s926103,8,1.0,926103,tractability,2,0.1792248116333146,0.17922481163332912,1.25793647300452,0281_q8_a1.0_s926103_fb427e7eeada8b14,0.17922481163332188,0.3317583773258197,0.38488012262996546
q8_a1.0_s926103,8,1.0,926103,tractability,10,0.1494191960424559,0.14941919604248682,8.003705843351781,0216_q8_a1.0_s926103_9be8475c389c9c3f,0.14941919604247136,0.3049425304161881,0.3151692103762459
q8_a1.0_s926103,8,1.0,926103,tractability,40,0.1435441903803616,0.14354419038041433,37.32286233454943,0110_q8_a1.0_s926103_2bb52650c9219338,0.14354419038038796,0.21221591967180184,0.22727500301218853
q8_a1.0_s926103,8,1.0,926103,tractability_average,2,0.36894409614725077,0.3689440961472912,0.6289030387997627,0280_q8_a1.0_s926103_27d86845091a3707,0.368944096147271,0.9925140934662073,0.9758568442416392
q8_a1.0_s926103,8,1.0,926103,tractability_average,10,0.17788012350665827,0.17788012350666654,9.839941858313978,0215_q8_a1.0_s926103_1f53a396a26cd6b4,0.1778801235066624,0.38762169061043705,0.39714872408063545
q8_a1.0_s926103,8,1.0,926103,tractability_average,40,0.15675223603315225,0.15675223603315797,39.56323975510895,0165_q8_a1.0_s926103_81677833e7684609,0.1567522360331551,0.2776651118233705,0.29091779212727464
q8_a1.0_s926103,8,1.0,926103,hard,2,0.1792248116333146,0.17922481163332912,1.239517510868609,0281_q8_a1.0_s926103_fb427e7eeada8b14,0.17922481163332188,0.3317583773258197,0.38488012262996546
q8_a1.0_s926103,8,1.0,926103,hard,10,0.14886775092868276,0.14886775092869053,7.706954437308013,0213_q8_a1.0_s926103_ce35ebe09b69c77e,0.14886775092868665,0.3238644753366705,0.3263449223489527
q8_a1.0_s926103,8,1.0,926103,hard,40,0.14284829124112575,0.14284829124113177,37.054677109234035,0105_q8_a1.0_s926103_8b11dee105dbd388,0.14284829124112874,0.21480850978727192,0.2311618301863204
q8_a1.0_s926103,8,1.0,926103,hard_average,2,0.36894409614725077,0.3689440961472912,0.6208236943930387,0280_q8_a1.0_s926103_27d86845091a3707,0.368944096147271,0.9925140934662073,0.9758568442416392
q8_a1.0_s926103,8,1.0,926103,hard_average,10,0.1800357923319088,0.180035792331912,9.610685831867158,0212_q8_a1.0_s926103_86ec283798b7cd79,0.18003579233191042,0.3869250644124205,0.3977769423142236
q8_a1.0_s926103,8,1.0,926103,hard_average,40,0.15734290358746106,0.157342903587464,39.243999739177525,0164_q8_a1.0_s926103_eca904b32fab1b8c,0.15734290358746253,0.27924061561020563,0.29351276352378164
q8_a1.0_s926103,8,1.0,926103,minimax,2,0.20360591202668354,0.20360591202680836,1.3587074726819992,0283_q8_a1.0_s926103_4a9902605a488f49,0.20360591202674594,0.344782752228287,0.3714153078798482
q8_a1.0_s926103,8,1.0,926103,minimax,10,0.1408959500635718,0.14089595006363007,9.0027776658535,0214_q8_a1.0_s926103_d4ac0161e6ef872c,0.14089595006360095,0.2822076444225624,0.30723560424537155
q8_a1.0_s926103,8,1.0,926103,minimax,40,0.13990524068162125,0.13990524068162896,17.689187485724688,0109_q8_a1.0_s926103_faea2f522289d85f,0.1399052406816251,0.23936489272941006,0.2638784972476452
q8_a1.0_s926103,8,1.0,926103,information,2,0.16753012110007592,0.16753012110010382,0.005199344828724861,0099_q8_a1.0_s926103_d9c5de2149f32ace,0.16753012110008986,-9.488154520877099e-16,0.0
q8_a1.0_s926103,8,1.0,926103,information,10,0.16753012110007592,0.16753012110010382,0.005199344828724861,0099_q8_a1.0_s926103_d9c5de2149f32ace,0.16753012110008986,-9.488154520877099e-16,0.0
q8_a1.0_s926103,8,1.0,926103,information,40,0.16753012110007592,0.16753012110010382,0.005199344828724861,0099_q8_a1.0_s926103_d9c5de2149f32ace,0.16753012110008986,-9.488154520877099e-16,0.0
q8_a1.0_s926103,8,1.0,926103,brier,2,0.16753012110007592,0.16753012110010382,0.00518343411386013,0099_q8_a1.0_s926103_d9c5de2149f32ace,0.16753012110008986,-9.488154520877099e-16,0.0
q8_a1.0_s926103,8,1.0,926103,brier,10,0.16753012110007592,0.16753012110010382,0.00518343411386013,0099_q8_a1.0_s926103_d9c5de2149f32ace,0.16753012110008986,-9.488154520877099e-16,0.0
q8_a1.0_s926103,8,1.0,926103,brier,40,0.16753012110007592,0.16753012110010382,0.00518343411386013,0099_q8_a1.0_s926103_d9c5de2149f32ace,0.16753012110008986,-9.488154520877099e-16,0.0
q8_a1.0_s926103,8,1.0,926103,uniform,2,0.1603790122090658,0.16037901220912387,0.001538689248263836,0100_q8_a1.0_s926103_c97811fc6016e3b0,0.16037901220909484,0.48095942081289833,0.5078726610550129
q8_a1.0_s926103,8,1.0,926103,uniform,10,0.1603790122090658,0.16037901220912387,0.001538689248263836,0100_q8_a1.0_s926103_c97811fc6016e3b0,0.16037901220909484,0.48095942081289833,0.5078726610550129
q8_a1.0_s926103,8,1.0,926103,uniform,40,0.1603790122090658,0.16037901220912387,0.001538689248263836,0100_q8_a1.0_s926103_c97811fc6016e3b0,0.16037901220909484,0.48095942081289833,0.5078726610550129
q8_a1.0_s926103,8,1.0,926103,information_face0,2,0.16753012099113207,0.1675301209911573,0.7524950001388788,0106_q8_a1.0_s926103_9a8a5beedbc90a3c,0.16753012099114467,8.5461610518899e-10,8.372045249253446e-10
q8_a1.0_s926103,8,1.0,926103,information_face0,10,0.16753012099113207,0.1675301209911573,0.7524950001388788,0106_q8_a1.0_s926103_9a8a5beedbc90a3c,0.16753012099114467,8.5461610518899e-10,8.372045249253446e-10
q8_a1.0_s926103,8,1.0,926103,information_face0,40,0.16753012099113207,0.1675301209911573,0.7524950001388788,0106_q8_a1.0_s926103_9a8a5beedbc90a3c,0.16753012099114467,8.5461610518899e-10,8.372045249253446e-10
q8_a1.0_s926103,8,1.0,926103,information_face1,2,0.16398504500900202,0.16398504500907513,1.4435678720474243,0107_q8_a1.0_s926103_b5be38c17274128f,0.16398504500903857,0.009999999999999128,0.011639777482958752
q8_a1.0_s926103,8,1.0,926103,information_face1,10,0.16398504500900202,0.16398504500907513,1.4435678720474243,0107_q8_a1.0_s926103_b5be38c17274128f,0.16398504500903857,0.009999999999999128,0.011639777482958752
q8_a1.0_s926103,8,1.0,926103,information_face1,40,0.16398504500900202,0.16398504500907513,1.4435678720474243,0107_q8_a1.0_s926103_b5be38c17274128f,0.16398504500903857,0.009999999999999128,0.011639777482958752
q8_a1.0_s926103,8,1.0,926103,information_face5,2,0.15281854323185196,0.1528185432318634,1.483629995957017,0282_q8_a1.0_s926103_9e69e560c9dd5c8b,0.15281854323185767,0.05000000000000038,0.05819888741479217
q8_a1.0_s926103,8,1.0,926103,information_face5,10,0.152130702581244,0.15213070258124972,2.2739820210263133,0108_q8_a1.0_s926103_3977256567d0e07d,0.15213070258124686,0.0499999999914525,0.05821087287611588
q8_a1.0_s926103,8,1.0,926103,information_face5,40,0.152130702581244,0.15213070258124972,2.2739820210263133,0108_q8_a1.0_s926103_3977256567d0e07d,0.15213070258124686,0.0499999999914525,0.05821087287611588
q8_a1.0_s926103,8,1.0,926103,brier_face0,2,0.16753012022540803,0.16753012022547537,1.5244160424917936,0101_q8_a1.0_s926103_d7795df973800cad,0.1675301202254417,2.451636181718091e-09,2.853650583629507e-09
q8_a1.0_s926103,8,1.0,926103,brier_face0,10,0.16753012022540803,0.16753012022547537,1.5244160424917936,0101_q8_a1.0_s926103_d7795df973800cad,0.1675301202254417,2.451636181718091e-09,2.853650583629507e-09
q8_a1.0_s926103,8,1.0,926103,brier_face0,40,0.16753012022540803,0.16753012022547537,1.5244160424917936,0101_q8_a1.0_s926103_d7795df973800cad,0.1675301202254417,2.451636181718091e-09,2.853650583629507e-09
q8_a1.0_s926103,8,1.0,926103,brier_face1,2,0.16448109654598697,0.1644810965460301,1.4650491997599602,0102_q8_a1.0_s926103_4b0370690be54c31,0.16448109654600854,0.00859122952705947,0.010000000000000099
q8_a1.0_s926103,8,1.0,926103,brier_face1,10,0.16448109654598697,0.1644810965460301,1.4650491997599602,0102_q8_a1.0_s926103_4b0370690be54c31,0.16448109654600854,0.00859122952705947,0.010000000000000099
q8_a1.0_s926103,8,1.0,926103,brier_face1,40,0.16448109654598697,0.1644810965460301,1.4650491997599602,0102_q8_a1.0_s926103_4b0370690be54c31,0.16448109654600854,0.00859122952705947,0.010000000000000099
q8_a1.0_s926103,8,1.0,926103,brier_face5,2,0.15426618656624796,0.15426618656625218,1.5434842566028237,0103_q8_a1.0_s926103_7142601bf9542bc6,0.15426618656625007,0.042956147610782806,0.049999999971463815
q8_a1.0_s926103,8,1.0,926103,brier_face5,10,0.15426618656624796,0.15426618656625218,1.5434842566028237,0103_q8_a1.0_s926103_7142601bf9542bc6,0.15426618656625007,0.042956147610782806,0.049999999971463815
q8_a1.0_s926103,8,1.0,926103,brier_face5,40,0.15426618656624796,0.15426618656625218,1.5434842566028237,0103_q8_a1.0_s926103_7142601bf9542bc6,0.15426618656625007,0.042956147610782806,0.049999999971463815
q8_a1.0_s926104,8,1.0,926104,fixed,2,0.1274007635389376,0.1274007635395713,1.7839724645018578,0285_q8_a1.0_s926104_66f93604b757d4fa,0.12740076353925445,0.06202773227429499,0.05323138128342579
q8_a1.0_s926104,8,1.0,926104,fixed,10,0.1203457371040697,0.12034573710407274,8.756000947207212,0217_q8_a1.0_s926104_4596897539d2dba7,0.12034573710407123,0.23178902493261375,0.20712421481017543
q8_a1.0_s926104,8,1.0,926104,fixed,40,0.11958503751488625,0.11958503751494579,24.281338976696134,0116_q8_a1.0_s926104_2d22b5184708e316,0.11958503751491602,0.228749109258453,0.2027592366663764
q8_a1.0_s926104,8,1.0,926104,tractability,2,0.23402793827059787,0.2340279382706305,1.1555493408814073,0287_q8_a1.0_s926104_0340dd1732b9349e,0.2340279382706142,0.08262862489874165,0.2979136024343408
q8_a1.0_s926104,8,1.0,926104,tractability,10,0.11796742557859219,0.11796742557860254,9.71114676259458,0223_q8_a1.0_s926104_f6c441c712d7f48d,0.11796742557859737,0.2804440151764626,0.24886626355214195
q8_a1.0_s926104,8,1.0,926104,tractability,40,0.12056690726159791,0.12056690726161517,36.56012221984565,0122_q8_a1.0_s926104_96bb80db627af783,0.12056690726160654,0.2369067208466247,0.2104543618967409
q8_a1.0_s926104,8,1.0,926104,tractability_average,2,0.16480991182046378,0.1648099118205688,1.9036260917782784,0286_q8_a1.0_s926104_f004fb612ce57997,0.1648099118205163,0.5393564933423748,0.6485681605215883
q8_a1.0_s926104,8,1.0,926104,tractability_average,10,0.1324050692085892,0.13240506920870349,8.496497335843742,0222_q8_a1.0_s926104_2cc90e6e4e6edf40,0.13240506920864634,0.38436105355963535,0.39157412140923764
q8_a1.0_s926104,8,1.0,926104,tractability_average,40,0.1244026385516368,0.12440263855166402,38.744748330675066,0167_q8_a1.0_s926104_a0c91ed5b9a32ec3,0.1244026385516504,0.2938822616003357,0.279452553167113
q8_a1.0_s926104,8,1.0,926104,hard,2,0.23402793827059787,0.2340279382706305,1.140126034617424,0287_q8_a1.0_s926104_0340dd1732b9349e,0.2340279382706142,0.08262862489874165,0.2979136024343408
q8_a1.0_s926104,8,1.0,926104,hard,10,0.1192266119875377,0.11922661198753902,9.479598575271666,0219_q8_a1.0_s926104_7bf9b18db9e09a08,0.11922661198753837,0.28928255828964344,0.2673104476649088
q8_a1.0_s926104,8,1.0,926104,hard,40,0.11812581562494229,0.11812581562497107,37.522666671313345,0117_q8_a1.0_s926104_a480e9d6552a0b7f,0.11812581562495668,0.22547775162455982,0.2005522987277549
q8_a1.0_s926104,8,1.0,926104,hard_average,2,0.16480991182046378,0.1648099118205688,1.8814823124557734,0286_q8_a1.0_s926104_f004fb612ce57997,0.1648099118205163,0.5393564933423748,0.6485681605215883
q8_a1.0_s926104,8,1.0,926104,hard_average,10,0.13244770088315205,0.13244770088318178,8.331105605699122,0218_q8_a1.0_s926104_3f791bcea1009bd0,0.13244770088316693,0.38439059612246157,0.3914227782885245
q8_a1.0_s926104,8,1.0,926104,hard_average,40,0.1230563348879159,0.12305633488804808,39.71182067506015,0166_q8_a1.0_s926104_335fce67c73ec330,0.12305633488798198,0.2876460611060797,0.2765027470835634
q8_a1.0_s926104,8,1.0,926104,minimax,2,0.11932613504329348,0.11932613504340757,1.8967018639668822,0290_q8_a1.0_s926104_625111ef36085468,0.11932613504335052,0.20075475371762083,0.15917094350176747
q8_a1.0_s926104,8,1.0,926104,minimax,10,0.11225536410586501,0.11225536410587007,8.85190115403384,0221_q8_a1.0_s926104_c166a913f09cd138,0.11225536410586753,0.25076859261631035,0.23287341200689637
q8_a1.0_s926104,8,1.0,926104,minimax,40,0.11195232174865888,0.11195232174869073,30.81507229525596,0121_q8_a1.0_s926104_52272d4eb3ae2354,0.11195232174867481,0.24398220323430325,0.2297616867095826
q8_a1.0_s926104,8,1.0,926104,information,2,0.13277224380727237,0.1327722438085806,0.005379329435527325,0111_q8_a1.0_s926104_4ea950b41e313b72,0.1327722438079265,2.533918417783858e-15,0.0
q8_a1.0_s926104,8,1.0,926104,information,10,0.13277224380727237,0.1327722438085806,0.005379329435527325,0111_q8_a1.0_s926104_4ea950b41e313b72,0.1327722438079265,2.533918417783858e-15,0.0
q8_a1.0_s926104,8,1.0,926104,information,40,0.13277224380727237,0.1327722438085806,0.005379329435527325,0111_q8_a1.0_s926104_4ea950b41e313b72,0.1327722438079265,2.533918417783858e-15,0.0
q8_a1.0_s926104,8,1.0,926104,brier,2,0.13277224380727237,0.1327722438085806,0.005422350950539112,0111_q8_a1.0_s926104_4ea950b41e313b72,0.1327722438079265,2.533918417783858e-15,0.0
q8_a1.0_s926104,8,1.0,926104,brier,10,0.13277224380727237,0.1327722438085806,0.005422350950539112,0111_q8_a1.0_s926104_4ea950b41e313b72,0.1327722438079265,2.533918417783858e-15,0.0
q8_a1.0_s926104,8,1.0,926104,brier,40,0.13277224380727237,0.1327722438085806,0.005422350950539112,0111_q8_a1.0_s926104_4ea950b41e313b72,0.1327722438079265,2.533918417783858e-15,0.0
q8_a1.0_s926104,8,1.0,926104,uniform,2,0.13326599177734955,0.13326599177776693,0.0015628691762685776,0112_q8_a1.0_s926104_77cd2399e581ad09,0.13326599177755824,0.39926432710448556,0.4077840860905367
q8_a1.0_s926104,8,1.0,926104,uniform,10,0.13326599177734955,0.13326599177776693,0.0015628691762685776,0112_q8_a1.0_s926104_77cd2399e581ad09,0.13326599177755824,0.39926432710448556,0.4077840860905367
q8_a1.0_s926104,8,1.0,926104,uniform,40,0.13326599177734955,0.13326599177776693,0.0015628691762685776,0112_q8_a1.0_s926104_77cd2399e581ad09,0.13326599177755824,0.39926432710448556,0.4077840860905367
q8_a1.0_s926104,8,1.0,926104,information_face0,2,0.1327722513442029,0.1327722513443697,1.4095618790015578,0118_q8_a1.0_s926104_a0a778011576898f,0.1327722513442863,1.1411767655923473e-09,5.0295506860437095e-08
q8_a1.0_s926104,8,1.0,926104,information_face0,10,0.1327722513442029,0.1327722513443697,1.4095618790015578,0118_q8_a1.0_s926104_a0a778011576898f,0.1327722513442863,1.1411767655923473e-09,5.0295506860437095e-08
q8_a1.0_s926104,8,1.0,926104,information_face0,40,0.1327722513442029,0.1327722513443697,1.4095618790015578,0118_q8_a1.0_s926104_a0a778011576898f,0.1327722513442863,1.1411767655923473e-09,5.0295506860437095e-08
q8_a1.0_s926104,8,1.0,926104,information_face1,2,0.12622371276736244,0.12622371276738956,1.3623890494927764,0288_q8_a1.0_s926104_6335204aef4bb873,0.12622371276737598,0.010000000000002451,0.004416999159460044
q8_a1.0_s926104,8,1.0,926104,information_face1,10,0.12819511654227367,0.1281951165423726,9.202028053812683,0119_q8_a1.0_s926104_47ce25afab9a1af3,0.12819511654232313,0.010000000000002451,0.014793326602540027
q8_a1.0_s926104,8,1.0,926104,information_face1,40,0.12819511654227367,0.1281951165423726,9.202028053812683,0119_q8_a1.0_s926104_47ce25afab9a1af3,0.12819511654232313,0.010000000000002451,0.014793326602540027
q8_a1.0_s926104,8,1.0,926104,information_face5,2,0.11758735062431092,0.11758735062431595,1.5795508129522204,0289_q8_a1.0_s926104_1988335a0e28b363,0.11758735062431344,0.05000000000000212,0.03882080712121024
q8_a1.0_s926104,8,1.0,926104,information_face5,10,0.11160521384776956,0.11160521384777655,8.807255364023149,0220_q8_a1.0_s926104_72f0793a52af7b0e,0.11160521384777305,0.05000000000000212,0.046836355832813564
q8_a1.0_s926104,8,1.0,926104,information_face5,40,0.1116159854279688,0.11161598542797471,10.663033455610275,0120_q8_a1.0_s926104_c0e32ee9413c04d0,0.11161598542797176,0.05000000000000212,0.046815921061042126
q8_a1.0_s926104,8,1.0,926104,brier_face0,2,0.1327722364053987,0.13277223640542296,1.309721076861024,0113_q8_a1.0_s926104_209f8bed8a8c2f66,0.13277223640541083,1.1301521933402532e-08,4.991880064345107e-09
q8_a1.0_s926104,8,1.0,926104,brier_face0,10,0.1327722364053987,0.13277223640542296,1.309721076861024,0113_q8_a1.0_s926104_209f8bed8a8c2f66,0.13277223640541083,1.1301521933402532e-08,4.991880064345107e-09
q8_a1.0_s926104,8,1.0,926104,brier_face0,40,0.1327722364053987,0.13277223640542296,1.309721076861024,0113_q8_a1.0_s926104_209f8bed8a8c2f66,0.13277223640541083,1.1301521933402532e-08,4.991880064345107e-09
q8_a1.0_s926104,8,1.0,926104,brier_face1,2,0.11844420468913958,0.11844420468949499,0.7455887021496892,0114_q8_a1.0_s926104_42c06b99ef38baab,0.11844420468931728,0.02263980496501957,0.009999999950081386
q8_a1.0_s926104,8,1.0,926104,brier_face1,10,0.11844420468913958,0.11844420468949499,0.7455887021496892,0114_q8_a1.0_s926104_42c06b99ef38baab,0.11844420468931728,0.02263980496501957,0.009999999950081386
q8_a1.0_s926104,8,1.0,926104,brier_face1,40,0.11844420468913958,0.11844420468949499,0.7455887021496892,0114_q8_a1.0_s926104_42c06b99ef38baab,0.11844420468931728,0.02263980496501957,0.009999999950081386
q8_a1.0_s926104,8,1.0,926104,brier_face5,2,0.1141126438920183,0.11411264389203904,0.7877167724072933,0284_q8_a1.0_s926104_57b579279b2d1c5f,0.11411264389202867,0.05229140695517349,0.05000000000000232
q8_a1.0_s926104,8,1.0,926104,brier_face5,10,0.12044320878437242,0.12044320878437989,8.646124189719558,0115_q8_a1.0_s926104_63babd5280af90dd,0.12044320878437616,0.07294204372287441,0.04999999999999955
q8_a1.0_s926104,8,1.0,926104,brier_face5,40,0.12044320878437242,0.12044320878437989,8.646124189719558,0115_q8_a1.0_s926104_63babd5280af90dd,0.12044320878437616,0.07294204372287441,0.04999999999999955
q8_a5.0_s926103,8,5.0,926103,fixed,2,0.07214745362659325,0.07214745362664157,1.6832322152331471,0291_q8_a5.0_s926103_561bc4b1f42b9ca8,0.07214745362661741,0.444797464520589,0.3990190285189787
q8_a5.0_s926103,8,5.0,926103,fixed,10,0.06341330562592451,0.06341330562624689,8.986153500154614,0224_q8_a5.0_s926103_ac759d45d5fc7676,0.0634133056260857,0.426509161695766,0.3933078261028811
q8_a5.0_s926103,8,5.0,926103,fixed,40,0.06299540248440616,0.0629954024849829,13.407970141619444,0129_q8_a5.0_s926103_0938ca790dd3e503,0.06299540248469453,0.42241493087014276,0.3895700848908104
q8_a5.0_s926103,8,5.0,926103,tractability,2,0.16341794942204468,0.1634179494220504,1.1265099244192243,0124_q8_a5.0_s926103_723f3933685e0948,0.16341794942204754,3.0207689218577676e-15,0.014419318742814932
q8_a5.0_s926103,8,5.0,926103,tractability,10,0.06800216995886954,0.06800216995901343,8.183688703924417,0228_q8_a5.0_s926103_64b62cc087c4764b,0.06800216995894148,0.3274858216330455,0.2950186391632453
q8_a5.0_s926103,8,5.0,926103,tractability,40,0.0631866737350929,0.06318667373532895,39.0427894089371,0135_q8_a5.0_s926103_03dfb255d1ea4cc9,0.06318667373521092,0.428566974776751,0.396108113250496
q8_a5.0_s926103,8,5.0,926103,tractability_average,2,0.08792272000951018,0.08792272000955671,1.8124914355576038,0292_q8_a5.0_s926103_39adb48e5a030c13,0.08792272000953344,0.5000000000000037,0.5072096593714026
q8_a5.0_s926103,8,5.0,926103,tractability_average,10,0.06704057479404235,0.06704057479408371,9.793624885380268,0227_q8_a5.0_s926103_ff5a1fb50889d013,0.06704057479406303,0.4556376790240834,0.4349305664881352
q8_a5.0_s926103,8,5.0,926103,tractability_average,40,0.06413931684556573,0.06413931684606425,37.525893772020936,0169_q8_a5.0_s926103_ba12834e2de6ddb1,0.06413931684581499,0.44174288312718385,0.4142725157526742
q8_a5.0_s926103,8,5.0,926103,hard,2,0.16341794942204468,0.1634179494220504,1.0691503547132015,0124_q8_a5.0_s926103_723f3933685e0948,0.16341794942204754,3.0207689218577676e-15,0.014419318742814932
q8_a5.0_s926103,8,5.0,926103,hard,10,0.06726889636447819,0.06726889636465203,8.29428410436958,0226_q8_a5.0_s926103_0e5e92014ae3a4cc,0.06726889636456511,0.3307710071967145,0.2981701480149512
q8_a5.0_s926103,8,5.0,926103,hard,40,0.06334377065658126,0.06334377065662568,38.898282187990844,0130_q8_a5.0_s926103_b3f2a0248768ebc7,0.06334377065660346,0.4274362025866251,0.3949118874649844
q8_a5.0_s926103,8,5.0,926103,hard_average,2,0.08792272000951018,0.08792272000955671,1.748405633494258,0292_q8_a5.0_s926103_39adb48e5a030c13,0.08792272000953344,0.5000000000000037,0.5072096593714026
q8_a5.0_s926103,8,5.0,926103,hard_average,10,0.0670278934761217,0.06702789347647156,9.833222106099129,0225_q8_a5.0_s926103_9ac49d62e2daec23,0.06702789347629663,0.4561819600949923,0.4354435426710758
q8_a5.0_s926103,8,5.0,926103,hard_average,40,0.06420479613981778,0.06420479613984428,37.4027805775404,0168_q8_a5.0_s926103_aa1a0159eafc4292,0.06420479613983103,0.43887671259391664,0.4109902697392271
q8_a5.0_s926103,8,5.0,926103,minimax,2,0.07246127894436738,0.07246127894439942,1.7213423689827323,0294_q8_a5.0_s926103_4b8c8241094ccf65,0.0724612789443834,0.4090148887483342,0.36439743587153123
q8_a5.0_s926103,8,5.0,926103,minimax,10,0.07388876051614268,0.07388876051620162,6.699521739967167,0134_q8_a5.0_s926103_db962580564f38cd,0.07388876051617216,0.3207642460062488,0.2871530974603614
q8_a5.0_s926103,8,5.0,926103,minimax,40,0.07388876051614268,0.07388876051620162,6.699521739967167,0134_q8_a5.0_s926103_db962580564f38cd,0.07388876051617216,0.3207642460062488,0.2871530974603614
q8_a5.0_s926103,8,5.0,926103,information,2,0.16341794942204468,0.1634179494220504,0.005437711253762245,0124_q8_a5.0_s926103_723f3933685e0948,0.16341794942204754,-4.833230274972428e-15,0.014419318742814932
q8_a5.0_s926103,8,5.0,926103,information,10,0.16341794942204468,0.1634179494220504,0.005437711253762245,0124_q8_a5.0_s926103_723f3933685e0948,0.16341794942204754,-4.833230274972428e-15,0.014419318742814932
q8_a5.0_s926103,8,5.0,926103,information,40,0.16341794942204468,0.1634179494220504,0.005437711253762245,0124_q8_a5.0_s926103_723f3933685e0948,0.16341794942204754,-4.833230274972428e-15,0.014419318742814932
q8_a5.0_s926103,8,5.0,926103,brier,2,0.11487303967087259,0.11487303967088221,0.0054233502596616745,0123_q8_a5.0_s926103_2ad5b8c91e8b9a31,0.11487303967087739,0.04266935503400518,1.7728844851397117e-15
q8_a5.0_s926103,8,5.0,926103,brier,10,0.11487303967087259,0.11487303967088221,0.0054233502596616745,0123_q8_a5.0_s926103_2ad5b8c91e8b9a31,0.11487303967087739,0.04266935503400518,1.7728844851397117e-15
q8_a5.0_s926103,8,5.0,926103,brier,40,0.11487303967087259,0.11487303967088221,0.0054233502596616745,0123_q8_a5.0_s926103_2ad5b8c91e8b9a31,0.11487303967087739,0.04266935503400518,1.7728844851397117e-15
q8_a5.0_s926103,8,5.0,926103,uniform,2,0.06608575161926333,0.06608575161940924,0.0016081007197499275,0125_q8_a5.0_s926103_07bc33c2330be495,0.06608575161933629,0.45669382327982644,0.43524519484409335
q8_a5.0_s926103,8,5.0,926103,uniform,10,0.06608575161926333,0.06608575161940924,0.0016081007197499275,0125_q8_a5.0_s926103_07bc33c2330be495,0.06608575161933629,0.45669382327982644,0.43524519484409335
q8_a5.0_s926103,8,5.0,926103,uniform,40,0.06608575161926333,0.06608575161940924,0.0016081007197499275,0125_q8_a5.0_s926103_07bc33c2330be495,0.06608575161933629,0.45669382327982644,0.43524519484409335
q8_a5.0_s926103,8,5.0,926103,information_face0,2,0.16341793541405125,0.1634179354140623,1.0759567692875862,0131_q8_a5.0_s926103_0bbfa8f38ed981f4,0.16341793541405678,8.706774950700116e-09,0.014419316383673005
q8_a5.0_s926103,8,5.0,926103,information_face0,10,0.16341793541405125,0.1634179354140623,1.0759567692875862,0131_q8_a5.0_s926103_0bbfa8f38ed981f4,0.16341793541405678,8.706774950700116e-09,0.014419316383673005
q8_a5.0_s926103,8,5.0,926103,information_face0,40,0.16341793541405125,0.1634179354140623,1.0759567692875862,0131_q8_a5.0_s926103_0bbfa8f38ed981f4,0.16341793541405678,8.706774950700116e-09,0.014419316383673005
q8_a5.0_s926103,8,5.0,926103,information_face1,2,0.147682273214096,0.1476822732141055,1.0874410420656204,0132_q8_a5.0_s926103_08368dac6c34cca0,0.14768227321410074,0.010000000000002514,0.01170978587223402
q8_a5.0_s926103,8,5.0,926103,information_face1,10,0.147682273214096,0.1476822732141055,1.0874410420656204,0132_q8_a5.0_s926103_08368dac6c34cca0,0.14768227321410074,0.010000000000002514,0.01170978587223402
q8_a5.0_s926103,8,5.0,926103,information_face1,40,0.147682273214096,0.1476822732141055,1.0874410420656204,0132_q8_a5.0_s926103_08368dac6c34cca0,0.14768227321410074,0.010000000000002514,0.01170978587223402
q8_a5.0_s926103,8,5.0,926103,information_face5,2,0.1116019788071152,0.11160197881655402,1.6901271343231201,0293_q8_a5.0_s926103_536bf343e9d3caed,0.11160197881183462,0.04999999991293044,0.019190662771434046
q8_a5.0_s926103,8,5.0,926103,information_face5,10,0.11149707682755583,0.11149707683699661,2.794731137342751,0133_q8_a5.0_s926103_6aa8eb8e8e598fd6,0.11149707683227622,0.04999999991293044,0.018390266916310512
q8_a5.0_s926103,8,5.0,926103,information_face5,40,0.11149707682755583,0.11149707683699661,2.794731137342751,0133_q8_a5.0_s926103_6aa8eb8e8e598fd6,0.11149707683227622,0.04999999991293044,0.018390266916310512
q8_a5.0_s926103,8,5.0,926103,brier_face0,2,0.1148730119334842,0.11487301193355592,1.1890181070193648,0126_q8_a5.0_s926103_875c1adc3bfdc9fe,0.11487301193352006,0.042669398659650894,5.109990802036992e-08
q8_a5.0_s926103,8,5.0,926103,brier_face0,10,0.1148730119334842,0.11487301193355592,1.1890181070193648,0126_q8_a5.0_s926103_875c1adc3bfdc9fe,0.11487301193352006,0.042669398659650894,5.109990802036992e-08
q8_a5.0_s926103,8,5.0,926103,brier_face0,40,0.1148730119334842,0.11487301193355592,1.1890181070193648,0126_q8_a5.0_s926103_875c1adc3bfdc9fe,0.11487301193352006,0.042669398659650894,5.109990802036992e-08
q8_a5.0_s926103,8,5.0,926103,brier_face1,2,0.1094449704324052,0.1094449704329406,1.2189322914928198,0127_q8_a5.0_s926103_c1eb3701bc6bae45,0.1094449704326729,0.05120667597979807,0.010000000000007473
q8_a5.0_s926103,8,5.0,926103,brier_face1,10,0.1094449704324052,0.1094449704329406,1.2189322914928198,0127_q8_a5.0_s926103_c1eb3701bc6bae45,0.1094449704326729,0.05120667597979807,0.010000000000007473
q8_a5.0_s926103,8,5.0,926103,brier_face1,40,0.1094449704324052,0.1094449704329406,1.2189322914928198,0127_q8_a5.0_s926103_c1eb3701bc6bae45,0.1094449704326729,0.05120667597979807,0.010000000000007473
q8_a5.0_s926103,8,5.0,926103,brier_face5,2,0.09279159256158143,0.092791592561603,1.2520132763311267,0128_q8_a5.0_s926103_3a26f01ec15156f5,0.09279159256159222,0.08535595976294487,0.050000000000001904
q8_a5.0_s926103,8,5.0,926103,brier_face5,10,0.09279159256158143,0.092791592561603,1.2520132763311267,0128_q8_a5.0_s926103_3a26f01ec15156f5,0.09279159256159222,0.08535595976294487,0.050000000000001904
q8_a5.0_s926103,8,5.0,926103,brier_face5,40,0.09279159256158143,0.092791592561603,1.2520132763311267,0128_q8_a5.0_s926103_3a26f01ec15156f5,0.09279159256159222,0.08535595976294487,0.050000000000001904
q8_a5.0_s926104,8,5.0,926104,fixed,2,0.08151055602950585,0.08151055602951984,1.5999242262914777,0295_q8_a5.0_s926104_2fbf68a51f0bce54,0.08151055602951285,0.29429194297867833,0.2836775360290446
q8_a5.0_s926104,8,5.0,926104,fixed,10,0.06976917386501769,0.06976917386512078,9.696716086938977,0229_q8_a5.0_s926104_a181a5fd463749b0,0.06976917386506923,0.3637434605092278,0.36475039221094335
q8_a5.0_s926104,8,5.0,926104,fixed,40,0.06990346261859537,0.06990346261862951,14.257234527729452,0141_q8_a5.0_s926104_a28f61b1b6d6ee42,0.06990346261861244,0.3676161228343045,0.36788322178013066
q8_a5.0_s926104,8,5.0,926104,tractability,2,0.17319921506577063,0.17319921506578173,1.0293905697762966,0297_q8_a5.0_s926104_6c654ce0949bb2b6,0.17319921506577618,0.49535400123034523,0.5445482508519773
q8_a5.0_s926104,8,5.0,926104,tractability,10,0.07879011675454306,0.07879011675457284,8.281734597869217,0233_q8_a5.0_s926104_55c1eae3bb1ba8cb,0.07879011675455795,0.2955756735707785,0.306626067018652
q8_a5.0_s926104,8,5.0,926104,tractability,40,0.06954640719371807,0.06954640719417662,39.45242023654282,0147_q8_a5.0_s926104_525263d54bc8b50a,0.06954640719394735,0.36935964249247466,0.36994595589874596
q8_a5.0_s926104,8,5.0,926104,tractability_average,2,0.10440131774689165,0.1044013177474871,1.6860387148335576,0296_q8_a5.0_s926104_b123e97562e90c23,0.10440131774718937,0.6443876471027709,0.6472131147614872
q8_a5.0_s926104,8,5.0,926104,tractability_average,10,0.07861081668017056,0.07861081668021996,9.901671227067709,0232_q8_a5.0_s926104_d9fea88b4054ec03,0.07861081668019526,0.4385258904342911,0.4354915937860889
q8_a5.0_s926104,8,5.0,926104,tractability_average,40,0.07324163216489754,0.07324163216500147,37.978304060176015,0171_q8_a5.0_s926104_ccf186ea07b47501,0.0732416321649495,0.39905795273292627,0.3977605490376088
q8_a5.0_s926104,8,5.0,926104,hard,2,0.17319921506577063,0.17319921506578173,1.0430775517597795,0297_q8_a5.0_s926104_6c654ce0949bb2b6,0.17319921506577618,0.49535400123034523,0.5445482508519773
q8_a5.0_s926104,8,5.0,926104,hard,10,0.07583653276385494,0.07583653276451716,8.27096812799573,0231_q8_a5.0_s926104_6d334650312d4d7b,0.07583653276418605,0.3336015382299893,0.33567395407819617
q8_a5.0_s926104,8,5.0,926104,hard,40,0.06999215221493038,0.06999215221503433,35.84961931593716,0142_q8_a5.0_s926104_c29f4dfbc12b969e,0.06999215221498235,0.37089297257449527,0.3710027455857268
q8_a5.0_s926104,8,5.0,926104,hard_average,2,0.10440131774689165,0.1044013177474871,1.702754432335496,0296_q8_a5.0_s926104_b123e97562e90c23,0.10440131774718937,0.6443876471027709,0.6472131147614872
q8_a5.0_s926104,8,5.0,926104,hard_average,10,0.07901031708886197,0.07901031708891733,9.853829806670547,0230_q8_a5.0_s926104_ced625db087bb35b,0.07901031708888964,0.4468843225398699,0.44215096611515
q8_a5.0_s926104,8,5.0,926104,hard_average,40,0.07387546815120316,0.07387546815123235,38.35760466288775,0170_q8_a5.0_s926104_53047cf73c5d9a20,0.07387546815121776,0.4027850719174457,0.4011672138325167
q8_a5.0_s926104,8,5.0,926104,minimax,2,0.07853629276880658,0.07853629276882006,1.6629764568060637,0299_q8_a5.0_s926104_c7138d5011ba885e,0.07853629276881333,0.325246131490346,0.31462553047101904
q8_a5.0_s926104,8,5.0,926104,minimax,10,0.07101282866619718,0.0710128286666351,8.521817995235324,0146_q8_a5.0_s926104_68d26a75e8632c43,0.07101282866641614,0.33403173742893977,0.33811343350202955
q8_a5.0_s926104,8,5.0,926104,minimax,40,0.07101282866619718,0.0710128286666351,8.521817995235324,0146_q8_a5.0_s926104_68d26a75e8632c43,0.07101282866641614,0.33403173742893977,0.33811343350202955
q8_a5.0_s926104,8,5.0,926104,information,2,0.09483704493393275,0.09483704493395258,0.005330798216164112,0136_q8_a5.0_s926104_22b56e3dfdaa5b01,0.09483704493394265,1.1504373126424657e-14,-8.254417262837851e-15
q8_a5.0_s926104,8,5.0,926104,information,10,0.09483704493393275,0.09483704493395258,0.005330798216164112,0136_q8_a5.0_s926104_22b56e3dfdaa5b01,0.09483704493394265,1.1504373126424657e-14,-8.254417262837851e-15
q8_a5.0_s926104,8,5.0,926104,information,40,0.09483704493393275,0.09483704493395258,0.005330798216164112,0136_q8_a5.0_s926104_22b56e3dfdaa5b01,0.09483704493394265,1.1504373126424657e-14,-8.254417262837851e-15
q8_a5.0_s926104,8,5.0,926104,brier,2,0.09483704493393275,0.09483704493395258,0.005317928269505501,0136_q8_a5.0_s926104_22b56e3dfdaa5b01,0.09483704493394265,1.1504373126424657e-14,-8.254417262837851e-15
q8_a5.0_s926104,8,5.0,926104,brier,10,0.09483704493393275,0.09483704493395258,0.005317928269505501,0136_q8_a5.0_s926104_22b56e3dfdaa5b01,0.09483704493394265,1.1504373126424657e-14,-8.254417262837851e-15
q8_a5.0_s926104,8,5.0,926104,brier,40,0.09483704493393275,0.09483704493395258,0.005317928269505501,0136_q8_a5.0_s926104_22b56e3dfdaa5b01,0.09483704493394265,1.1504373126424657e-14,-8.254417262837851e-15
q8_a5.0_s926104,8,5.0,926104,uniform,2,0.07724295144657911,0.07724295144696802,0.001559969037771225,0137_q8_a5.0_s926104_43fe792575672228,0.07724295144677357,0.5213573264666673,0.5115049218637641
q8_a5.0_s926104,8,5.0,926104,uniform,10,0.07724295144657911,0.07724295144696802,0.001559969037771225,0137_q8_a5.0_s926104_43fe792575672228,0.07724295144677357,0.5213573264666673,0.5115049218637641
q8_a5.0_s926104,8,5.0,926104,uniform,40,0.07724295144657911,0.07724295144696802,0.001559969037771225,0137_q8_a5.0_s926104_43fe792575672228,0.07724295144677357,0.5213573264666673,0.5115049218637641
q8_a5.0_s926104,8,5.0,926104,information_face0,2,0.09483704189766495,0.094837041897685,1.8697562739253044,0143_q8_a5.0_s926104_ff54a2cf72edcbac,0.09483704189767497,1.5072338362001896e-08,1.2449303861394785e-08
q8_a5.0_s926104,8,5.0,926104,information_face0,10,0.09483704189766495,0.094837041897685,1.8697562739253044,0143_q8_a5.0_s926104_ff54a2cf72edcbac,0.09483704189767497,1.5072338362001896e-08,1.2449303861394785e-08
q8_a5.0_s926104,8,5.0,926104,information_face0,40,0.09483704189766495,0.094837041897685,1.8697562739253044,0143_q8_a5.0_s926104_ff54a2cf72edcbac,0.09483704189767497,1.5072338362001896e-08,1.2449303861394785e-08
q8_a5.0_s926104,8,5.0,926104,information_face1,2,0.092822578477611,0.09282257847764146,1.3538351394236088,0144_q8_a5.0_s926104_874628d1f43b1479,0.09282257847762623,0.010000000000021481,0.008259713750393591
q8_a5.0_s926104,8,5.0,926104,information_face1,10,0.092822578477611,0.09282257847764146,1.3538351394236088,0144_q8_a5.0_s926104_874628d1f43b1479,0.09282257847762623,0.010000000000021481,0.008259713750393591
q8_a5.0_s926104,8,5.0,926104,information_face1,40,0.092822578477611,0.09282257847764146,1.3538351394236088,0144_q8_a5.0_s926104_874628d1f43b1479,0.09282257847762623,0.010000000000021481,0.008259713750393591
q8_a5.0_s926104,8,5.0,926104,information_face5,2,0.08530148706824414,0.0853014870682786,1.4052401622757316,0298_q8_a5.0_s926104_b9dd91bb4ff3f2af,0.08530148706826138,0.05000000000001642,0.04467960715865667
q8_a5.0_s926104,8,5.0,926104,information_face5,10,0.08476471265232322,0.08476471265242537,2.0305341882631183,0145_q8_a5.0_s926104_551423bf33cb4c66,0.08476471265237429,0.05000000000001433,0.04129856875191843
q8_a5.0_s926104,8,5.0,926104,information_face5,40,0.08476471265232322,0.08476471265242537,2.0305341882631183,0145_q8_a5.0_s926104_551423bf33cb4c66,0.08476471265237429,0.05000000000001433,0.04129856875191843
q8_a5.0_s926104,8,5.0,926104,brier_face0,2,0.09483702412524964,0.09483702412634679,1.2768977312371135,0138_q8_a5.0_s926104_75d623576dfe3580,0.09483702412579821,8.187998804697772e-08,5.947934148144921e-08
q8_a5.0_s926104,8,5.0,926104,brier_face0,10,0.09483702412524964,0.09483702412634679,1.2768977312371135,0138_q8_a5.0_s926104_75d623576dfe3580,0.09483702412579821,8.187998804697772e-08,5.947934148144921e-08
q8_a5.0_s926104,8,5.0,926104,brier_face0,40,0.09483702412524964,0.09483702412634679,1.2768977312371135,0138_q8_a5.0_s926104_75d623576dfe3580,0.09483702412579821,8.187998804697772e-08,5.947934148144921e-08
q8_a5.0_s926104,8,5.0,926104,brier_face1,2,0.09133857273452761,0.09133857273455295,1.313953761011362,0139_q8_a5.0_s926104_30fc5cf4484d73a7,0.09133857273454028,0.013766117638064925,0.009999999999998307
q8_a5.0_s926104,8,5.0,926104,brier_face1,10,0.09133857273452761,0.09133857273455295,1.313953761011362,0139_q8_a5.0_s926104_30fc5cf4484d73a7,0.09133857273454028,0.013766117638064925,0.009999999999998307
q8_a5.0_s926104,8,5.0,926104,brier_face1,40,0.09133857273452761,0.09133857273455295,1.313953761011362,0139_q8_a5.0_s926104_30fc5cf4484d73a7,0.09133857273454028,0.013766117638064925,0.009999999999998307
q8_a5.0_s926104,8,5.0,926104,brier_face5,2,0.0786848929689643,0.07868489296899751,1.347841341048479,0140_q8_a5.0_s926104_0406d0e4ef5c2aa8,0.0786848929689809,0.06883058819024827,0.04999999999999154
q8_a5.0_s926104,8,5.0,926104,brier_face5,10,0.0786848929689643,0.07868489296899751,1.347841341048479,0140_q8_a5.0_s926104_0406d0e4ef5c2aa8,0.0786848929689809,0.06883058819024827,0.04999999999999154
q8_a5.0_s926104,8,5.0,926104,brier_face5,40,0.0786848929689643,0.07868489296899751,1.347841341048479,0140_q8_a5.0_s926104_0406d0e4ef5c2aa8,0.0786848929689809,0.06883058819024827,0.04999999999999154
