H,noise,objective,fraction,eta,normalization,target,held_out,witnessed_lower,witness_id,eligible_saved_policies,lower_witness_scope,optimum_lower,optimum_upper,eligibility_tolerance,witness_native_cost,witness_gap_upper,guaranteed_upper,best_method,null_error,triangle_upper,world_reconstruction_upper,coupling_upper,coupling_diagnostics,coupling_intercept,coupling_slope,diagnostic_average_bound,native_loss_bound,diagnostic_average_bound_new,new_majority_upper,new_count_upper,count_with_lifted_majority_upper,majority_design,count_design,majority_intercept,majority_slope,count_intercept,count_slope,parent_best_upper,baseline_including_new_majority,refined_upper,count_specific_improvement,total_improvement,old_gap,new_gap,old_gap_closed
3,"[0.1, 0.1]",native_repeats,0.0,0.0,full_feasible_return_range,LR,False,8.092485015431805e-15,H3_e0p1_0p1_native_repeats_qNone_f0.0_parity,36,numerically enlarged cost sublevel; not an exact eta-optimality assertion,0.014400000000000718,0.014400000000000305,5e-08,0.014400000000002508,1.790234627208065e-15,0.13671548640887937,coupling,0.56,0.14400050000000303,0.16000040000000249,0.13671548640887937,majority3,28/1475,1383160/845883,0.07200025000000151,0.014400050000000305,0.07200025000000151,0.13671548640888023,0.13645943592160145,0.13645943592160145,1/20,1/10,317855727772694940329/16744185659453606170000,1634417213/999541438,3640176397275983236468902838877355962169936643928450585334589514071163599/195376329817184909092275985770569127739192416833905587550032619644761600000,1407652817/860164885,0.13671548640887937,0.13671548640887937,0.13645943592160145,0.0002560504872779201,0.0002560504872779201,0.13671548640887127,0.13645943592159335,0.0018728711282360283
3,"[0.1, 0.1]",native_repeats,0.0,0.0,full_feasible_return_range,LLL,False,0.07200000000014184,H3_e0p1_0p1_native_tagged_qNone,36,numerically enlarged cost sublevel; not an exact eta-optimality assertion,0.014400000000000718,0.014400000000000305,5e-08,0.01440000000001774,1.7022841469760408e-14,0.1440002500000015,coupling,0.4720000000000001,0.14400025000000174,0.1888004720000029,0.1440002500000015,singles,9/125,2,0.03600012500000076,0.014400050000000305,0.07200025000000151,0.15750963194915815,0.14400050000000303,0.14400050000000303,1/20,1/1000,50077042464643/2575979550650000,5657/2950,0,2,0.1440002500000015,0.1440002500000015,0.1440002500000015,0.0,0.0,0.07200024999985966,0.07200024999985966,0.0
3,"[0.1, 0.1]",native_repeats,0.0,0.0,full_feasible_return_range,RRR,False,0.07200000001640647,H3_e0p1_0p1_native_joint_qNone_f0.0_V,36,numerically enlarged cost sublevel; not an exact eta-optimality assertion,0.014400000000000718,0.014400000000000305,5e-08,0.014400000001640724,1.6400058394649975e-12,0.1440002500000015,coupling,0.47200000000000003,0.14400025000000166,0.1888004720000029,0.1440002500000015,singles,9/125,2,0.03600012500000076,0.014400050000000305,0.07200025000000151,0.15750963194915577,0.14400050000000303,0.14400050000000303,1/100,1/1000,57344963480749/2949843800450000,5657/2950,0,2,0.1440002500000015,0.1440002500000015,0.1440002500000015,0.0,0.0,0.07200024998359503,0.07200024998359503,0.0
3,"[0.1, 0.1]",native_repeats,0.0,0.0,full_feasible_return_range,LLR,True,0.07200000000261561,H3_e0p1_0p1_native_repeats_qNone_f0.0_U,36,numerically enlarged cost sublevel; not an exact eta-optimality assertion,0.014400000000000718,0.014400000000000305,5e-08,0.014400000000000314,-4.0419056990259605e-16,0.13956516101703464,coupling,0.5600000000000003,0.21600050000000307,0.1888004720000029,0.13956516101703464,majority3,188046876684461838083/9415749307774751286500,98/59,0.07200025000000151,0.014400050000000305,0.07200025000000151,0.13956516101695166,0.1387121095948319,0.1387121095948319,1/100,1/20,14729/737500,98/59,15849832586592704388305752342404550804318422928733264768587/834543198696997735466305880116004069576691777725456359920000,1438144333/864908551,0.13956516101703464,0.13956516101695166,0.1387121095948319,0.0008530514221197494,0.0008530514222027386,0.06756516101441903,0.0667121095922163,0.012625610734808867
3,"[0.1, 0.1]",native_repeats,0.0,0.0,full_feasible_return_range,LRR,True,0.07200000000499487,H3_e0p1_0p1_native_tagged_qNone_f0.0_V,36,numerically enlarged cost sublevel; not an exact eta-optimality assertion,0.014400000000000718,0.014400000000000305,5e-08,0.014400000000000353,-3.642919299551295e-16,0.13956516101695166,coupling,0.5600000000000003,0.2160005000000031,0.1888004720000029,0.13956516101695166,majority3,14729/737500,98/59,0.07200025000000151,0.014400050000000305,0.07200025000000151,0.13956516101695166,0.13871210959093605,0.13871210959093605,1/20,1/10,14729/737500,98/59,1675055161379726532573261651425257018840850014163/88196886940053984491294523667765580926711627633800,1594590758/958996361,0.13956516101695166,0.13956516101695166,0.13871210959093605,0.0008530514260156052,0.0008530514260156052,0.06756516101195678,0.06671210958594118,0.012625610791701415
3,"[0.1, 0.1]",native_repeats,0.0,0.0,full_feasible_return_range,adaptive_L,True,0.12319120879120932,H3_e0p1_0p1_native_singles_qNone_f0.0_world,36,numerically enlarged cost sublevel; not an exact eta-optimality assertion,0.014400000000000718,0.014400000000000305,5e-08,0.014400000000001405,6.869504964868156e-16,0.1561580015567823,coupling,0.530666666666667,0.2683641363636394,0.1888004720000029,0.1561580015567823,majority3,4535109/147500000,513837/295000,0.07200025000000151,0.014400050000000305,0.07200025000000151,0.1561580015568276,0.14422725095124403,0.14422725095124403,1/1000,1/10,164867293646757/5362148035000000,513837/295000,31064503701984413766290617780975352354413204792785143/2164291147569732177529291658880308801715819602060000000,9019/5000,0.1561580015567823,0.1561580015567823,0.14422725095124403,0.011930750605538276,0.011930750605538276,0.03296679276557299,0.021036042160034713,0.36190207189331086
3,"[0.1, 0.1]",native_repeats,0.01,0.0033600000000000014,full_feasible_return_range,LR,False,0.011200000000015546,H3_e0p1_0p1_native_repeats_qNone_f0.01_U_asymmetric,54,numerically enlarged cost sublevel; not an exact eta-optimality assertion,0.014400000000000718,0.014400000000000305,5e-08,0.01776000000000164,0.0033600000000009213,0.15597354722222354,coupling,0.56,0.17760050000000308,0.18688040000000253,0.15597354722222354,singles,2/25,77/45,0.04440012500000077,0.017760050000000308,0.08880025000000154,0.16418629265513418,0.1639524988656904,0.1639524988656904,1/20,1/10,317855727772694940329/16744185659453606170000,1634417213/999541438,3640176397275983236468902838877355962169936643928450585334589514071163599/195376329817184909092275985770569127739192416833905587550032619644761600000,1407652817/860164885,0.15597354722222354,0.15597354722222354,0.15597354722222354,0.0,0.0,0.14477354722220798,0.14477354722220798,0.0
3,"[0.1, 0.1]",native_repeats,0.01,0.0033600000000000014,full_feasible_return_range,LLL,False,0.08320000000000885,H3_e0p1_0p1_native_repeats_qNone_f0.01_U,54,numerically enlarged cost sublevel; not an exact eta-optimality assertion,0.014400000000000718,0.014400000000000305,5e-08,0.017760000000001826,0.0033600000000011086,0.16080025000000153,coupling,0.4720000000000001,0.16080025000000175,0.22051887200000295,0.16080025000000153,singles,9/125,2,0.04440012500000077,0.017760050000000308,0.08880025000000154,0.18972576754237855,0.17760050000000308,0.17760050000000308,1/20,1/1000,50077042464643/2575979550650000,5657/2950,0,2,0.16080025000000153,0.16080025000000153,0.16080025000000153,0.0,0.0,0.07760024999999268,0.07760024999999268,0.0
3,"[0.1, 0.1]",native_repeats,0.01,0.0033600000000000014,full_feasible_return_range,RRR,False,0.08320000000000036,H3_e0p1_0p1_native_repeats_qNone_f0.01_V,54,numerically enlarged cost sublevel; not an exact eta-optimality assertion,0.014400000000000718,0.014400000000000305,5e-08,0.01776000000000035,0.0033599999999996306,0.16080025000000153,coupling,0.47200000000000003,0.1608002500000017,0.22051887200000295,0.16080025000000153,singles,9/125,2,0.04440012500000077,0.017760050000000308,0.08880025000000154,0.18972576754237616,0.17760050000000308,0.17760050000000308,1/100,1/1000,57344963480749/2949843800450000,5657/2950,0,2,0.16080025000000153,0.16080025000000153,0.16080025000000153,0.0,0.0,0.07760025000000118,0.07760025000000118,0.0
3,"[0.1, 0.1]",native_repeats,0.01,0.0033600000000000014,full_feasible_return_range,LLR,True,0.07200000000261561,H3_e0p1_0p1_native_repeats_qNone_f0.0_U,54,numerically enlarged cost sublevel; not an exact eta-optimality assertion,0.014400000000000718,0.014400000000000305,5e-08,0.014400000000000314,-4.0419056990259605e-16,0.16702424500000151,coupling,0.5600000000000003,0.2496005000000031,0.22051887200000295,0.16702424500000151,singles,2/25,49/25,0.04440012500000077,0.017760050000000308,0.08880025000000154,0.1674702457627144,0.16664665223112046,0.16664665223112046,1/100,1/20,14729/737500,98/59,15849832586592704388305752342404550804318422928733264768587/834543198696997735466305880116004069576691777725456359920000,1438144333/864908551,0.16702424500000151,0.16702424500000151,0.16664665223112046,0.0003775927688810521,0.0003775927688810521,0.0950242449973859,0.09464665222850485,0.003973646608730641
3,"[0.1, 0.1]",native_repeats,0.01,0.0033600000000000014,full_feasible_return_range,LRR,True,0.07200000000499487,H3_e0p1_0p1_native_tagged_qNone_f0.0_V,54,numerically enlarged cost sublevel; not an exact eta-optimality assertion,0.014400000000000718,0.014400000000000305,5e-08,0.014400000000000353,-3.642919299551295e-16,0.16702424500000151,coupling,0.5600000000000003,0.24960050000000317,0.22051887200000295,0.16702424500000151,singles,2/25,49/25,0.04440012500000077,0.017760050000000308,0.08880025000000154,0.1674702457627144,0.16664665222722458,0.16664665222722458,1/20,1/10,14729/737500,98/59,1675055161379726532573261651425257018840850014163/88196886940053984491294523667765580926711627633800,1594590758/958996361,0.16702424500000151,0.16702424500000151,0.16664665222722458,0.0003775927727769357,0.0003775927727769357,0.09502424499500664,0.0946466522222297,0.003973646649828973
3,"[0.1, 0.1]",native_repeats,0.01,0.0033600000000000014,full_feasible_return_range,adaptive_L,True,0.12319120879120932,H3_e0p1_0p1_native_singles_qNone_f0.0_world,54,numerically enlarged cost sublevel; not an exact eta-optimality assertion,0.014400000000000718,0.014400000000000305,5e-08,0.014400000000001405,6.869504964868156e-16,0.18542058325169758,coupling,0.530666666666667,0.27656848355263197,0.22051887200000295,0.18542058325169758,majority3,4535109/147500000,513837/295000,0.08880025000000154,0.017760050000000308,0.08880025000000154,0.1854205832517429,0.17453109095124408,0.17453109095124408,1/1000,1/10,164867293646757/5362148035000000,513837/295000,31064503701984413766290617780975352354413204792785143/2164291147569732177529291658880308801715819602060000000,9019/5000,0.18542058325169758,0.18542058325169758,0.17453109095124408,0.010889492300453496,0.010889492300453496,0.06222937446048826,0.05133988216003477,0.17498958321311164
3,"[0.1, 0.1]",native_repeats,0.05,0.016800000000000006,full_feasible_return_range,LR,False,0.05600000000003719,H3_e0p1_0p1_native_repeats_qNone_f0.05_U,103,numerically enlarged cost sublevel; not an exact eta-optimality assertion,0.014400000000000718,0.014400000000000305,5e-08,0.03120000000000408,0.01680000000000336,0.2134668805555569,coupling,0.56,0.3120005000000031,0.28480020000000134,0.2134668805555569,singles,2/25,77/45,0.07800012500000078,0.031200050000000312,0.15600025000000156,0.2740695176401498,0.2739247506420461,0.2739247506420461,1/20,1/10,317855727772694940329/16744185659453606170000,1634417213/999541438,3640176397275983236468902838877355962169936643928450585334589514071163599/195376329817184909092275985770569127739192416833905587550032619644761600000,1407652817/860164885,0.2134668805555569,0.2134668805555569,0.2134668805555569,0.0,0.0,0.15746688055551972,0.15746688055551972,0.0
3,"[0.1, 0.1]",native_repeats,0.05,0.016800000000000006,full_feasible_return_range,LLL,False,0.12800000000000172,H3_e0p1_0p1_native_repeats_qNone_f0.05_U,103,numerically enlarged cost sublevel; not an exact eta-optimality assertion,0.014400000000000718,0.014400000000000305,5e-08,0.03120000000000408,0.01680000000000336,0.22800025000000157,coupling,0.4720000000000001,0.2280002500000018,0.3360642360000015,0.22800025000000157,singles,9/125,2,0.07800012500000078,0.031200050000000312,0.15600025000000156,0.31859030991525994,0.3120005000000031,0.3120005000000031,1/20,1/1000,50077042464643/2575979550650000,5657/2950,0,2,0.22800025000000157,0.22800025000000157,0.22800025000000157,0.0,0.0,0.10000024999999985,0.10000024999999985,0.0
3,"[0.1, 0.1]",native_repeats,0.05,0.016800000000000006,full_feasible_return_range,RRR,False,0.12800000000003625,H3_e0p1_0p1_native_repeats_qNone_f0.05_V,103,numerically enlarged cost sublevel; not an exact eta-optimality assertion,0.014400000000000718,0.014400000000000305,5e-08,0.031200000000003867,0.01680000000000315,0.22800025000000157,coupling,0.47200000000000003,0.22800025000000174,0.3360642360000015,0.22800025000000157,singles,9/125,2,0.07800012500000078,0.031200050000000312,0.15600025000000156,0.31859030991525755,0.3120005000000031,0.3120005000000031,1/100,1/1000,57344963480749/2949843800450000,5657/2950,0,2,0.22800025000000157,0.22800025000000157,0.22800025000000157,0.0,0.0,0.10000024999996532,0.10000024999996532,0.0
3,"[0.1, 0.1]",native_repeats,0.05,0.016800000000000006,full_feasible_return_range,LLR,True,0.09720000000000029,H3_e0p1_0p1_native_singles_qNone_f0.05_V,103,numerically enlarged cost sublevel; not an exact eta-optimality assertion,0.014400000000000718,0.014400000000000305,5e-08,0.02968000000004338,0.015280000000042662,0.23288024500000154,coupling,0.5600000000000003,0.3450000625000004,0.3360642360000015,0.23288024500000154,singles,2/25,49/25,0.07800012500000078,0.031200050000000312,0.15600025000000156,0.2790905847457653,0.27838482277627447,0.27838482277627447,1/100,1/20,14729/737500,98/59,15849832586592704388305752342404550804318422928733264768587/834543198696997735466305880116004069576691777725456359920000,1438144333/864908551,0.23288024500000154,0.23288024500000154,0.23288024500000154,0.0,0.0,0.13568024500000125,0.13568024500000125,0.0
3,"[0.1, 0.1]",native_repeats,0.05,0.016800000000000006,full_feasible_return_range,LRR,True,0.08455609756097583,H3_e0p1_0p1_native_tagged_qNone_absolute0.005_parity,103,numerically enlarged cost sublevel; not an exact eta-optimality assertion,0.014400000000000718,0.014400000000000305,5e-08,0.02440000000000915,0.010000000000008433,0.23288024500000154,coupling,0.5600000000000003,0.3450000625000003,0.3360642360000015,0.23288024500000154,singles,2/25,49/25,0.07800012500000078,0.031200050000000312,0.15600025000000156,0.2790905847457653,0.2783848227723785,0.2783848227723785,1/20,1/10,14729/737500,98/59,1675055161379726532573261651425257018840850014163/88196886940053984491294523667765580926711627633800,1594590758/958996361,0.23288024500000154,0.23288024500000154,0.23288024500000154,0.0,0.0,0.14832414743902572,0.14832414743902572,0.0
3,"[0.1, 0.1]",native_repeats,0.05,0.016800000000000006,full_feasible_return_range,adaptive_L,True,0.12319120879120932,H3_e0p1_0p1_native_singles_qNone_f0.0_world,103,numerically enlarged cost sublevel; not an exact eta-optimality assertion,0.014400000000000718,0.014400000000000305,5e-08,0.014400000000001405,6.869504964868156e-16,0.2615762115000013,coupling,0.530666666666667,0.29336848355263195,0.3360642360000015,0.2615762115000013,singles,81/625,423/250,0.07800012500000078,0.031200050000000312,0.15600025000000156,0.302470910031404,0.29574645095124413,0.29574645095124413,1/1000,1/10,164867293646757/5362148035000000,513837/295000,31064503701984413766290617780975352354413204792785143/2164291147569732177529291658880308801715819602060000000,9019/5000,0.2615762115000013,0.2615762115000013,0.2615762115000013,0.0,0.0,0.138385002708792,0.138385002708792,0.0
3,"[0.1, 0.1]",native_minimax,0.0,0.0,full_feasible_return_range,LR,False,8.092485015431805e-15,H3_e0p1_0p1_native_repeats_qNone_f0.0_parity,36,numerically enlarged cost sublevel; not an exact eta-optimality assertion,0.07200000000000112,0.07200000000000015,5e-08,0.07200000000000033,-7.91033905045424e-16,0.07200005000000015,triangle,0.56,0.07200005000000015,0.16000008000000027,0.13671515937546944,majority3,28/1475,1383160/845883,0.07200005000000015,0.07200005000000015,0.07200005000000015,0.13671515937547032,0.13645910862323082,0.13645910862323082,1/20,1/10,317855727772694940329/16744185659453606170000,1634417213/999541438,3640176397275983236468902838877355962169936643928450585334589514071163599/195376329817184909092275985770569127739192416833905587550032619644761600000,1407652817/860164885,0.07200005000000015,0.07200005000000015,0.07200005000000015,0.0,0.0,0.07200004999999206,0.07200004999999206,0.0
3,"[0.1, 0.1]",native_minimax,0.0,0.0,full_feasible_return_range,LLL,False,0.07200000000014184,H3_e0p1_0p1_native_tagged_qNone,36,numerically enlarged cost sublevel; not an exact eta-optimality assertion,0.07200000000000112,0.07200000000000015,5e-08,0.07200000000014184,1.407207683712386e-13,0.07200005000000015,triangle,0.4720000000000001,0.07200005000000015,0.18880009440000028,0.1575092484237291,majority3,243/12500,5657/2950,0.07200005000000015,0.07200005000000015,0.07200005000000015,0.15750924842373182,0.1440001000000003,0.1440001000000003,1/20,1/1000,50077042464643/2575979550650000,5657/2950,0,2,0.07200005000000015,0.07200005000000015,0.07200005000000015,0.0,0.0,4.9999858309224265e-08,4.9999858309224265e-08,
3,"[0.1, 0.1]",native_minimax,0.0,0.0,full_feasible_return_range,RRR,False,0.07200000001640647,H3_e0p1_0p1_native_joint_qNone_f0.0_V,36,numerically enlarged cost sublevel; not an exact eta-optimality assertion,0.07200000000000112,0.07200000000000015,5e-08,0.07200000001640647,1.6405349301251704e-11,0.07200005000000015,triangle,0.47200000000000003,0.07200005000000015,0.18880009440000028,0.1575092484237291,majority3,243/12500,5657/2950,0.07200005000000015,0.07200005000000015,0.07200005000000015,0.15750924842372943,0.1440001000000003,0.1440001000000003,1/100,1/1000,57344963480749/2949843800450000,5657/2950,0,2,0.07200005000000015,0.07200005000000015,0.07200005000000015,0.0,0.0,4.9983593680691385e-08,4.9983593680691385e-08,
3,"[0.1, 0.1]",native_minimax,0.0,0.0,full_feasible_return_range,LLR,True,0.07200000000261561,H3_e0p1_0p1_native_repeats_qNone_f0.0_U,36,numerically enlarged cost sublevel; not an exact eta-optimality assertion,0.07200000000000112,0.07200000000000015,5e-08,0.07200000000000205,9.298117831235686e-16,0.13956482881364257,coupling,0.5600000000000003,0.14400005000000018,0.18880009440000028,0.13956482881364257,majority3,188046876684461838083/9415749307774751286500,98/59,0.07200005000000015,0.07200005000000015,0.07200005000000015,0.13956482881355958,0.13871177704075063,0.13871177704075063,1/100,1/20,14729/737500,98/59,15849832586592704388305752342404550804318422928733264768587/834543198696997735466305880116004069576691777725456359920000,1438144333/864908551,0.13956482881364257,0.13956482881355958,0.13871177704075063,0.0008530517728089493,0.0008530517728919385,0.06756482881102696,0.06671177703813502,0.0126256780029422
3,"[0.1, 0.1]",native_minimax,0.0,0.0,full_feasible_return_range,LRR,True,0.07200000000499487,H3_e0p1_0p1_native_tagged_qNone_f0.0_V,36,numerically enlarged cost sublevel; not an exact eta-optimality assertion,0.07200000000000112,0.07200000000000015,5e-08,0.07200000000000245,1.3322676295501878e-15,0.13956482881355958,coupling,0.5600000000000003,0.1440000500000002,0.18880009440000028,0.13956482881355958,majority3,14729/737500,98/59,0.07200005000000015,0.07200005000000015,0.07200005000000015,0.13956482881355958,0.1387117770368548,0.1387117770368548,1/20,1/10,14729/737500,98/59,1675055161379726532573261651425257018840850014163/88196886940053984491294523667765580926711627633800,1594590758/958996361,0.13956482881355958,0.13956482881355958,0.1387117770368548,0.0008530517767047774,0.0008530517767047774,0.06756482880856471,0.06671177703185993,0.012625678059834618
3,"[0.1, 0.1]",native_minimax,0.0,0.0,full_feasible_return_range,adaptive_L,True,0.12319120879120932,H3_e0p1_0p1_native_singles_qNone_f0.0_world,36,numerically enlarged cost sublevel; not an exact eta-optimality assertion,0.07200000000000112,0.07200000000000015,5e-08,0.07200000000001099,9.867107131356079e-15,0.15615765319271213,coupling,0.530666666666667,0.19636368636363655,0.18880009440000028,0.15615765319271213,majority3,4535109/147500000,513837/295000,0.07200005000000015,0.07200005000000015,0.07200005000000015,0.15615765319275746,0.14422689019124157,0.14422689019124157,1/1000,1/10,164867293646757/5362148035000000,513837/295000,31064503701984413766290617780975352354413204792785143/2164291147569732177529291658880308801715819602060000000,9019/5000,0.15615765319271213,0.15615765319271213,0.14422689019124157,0.011930763001470557,0.011930763001470557,0.032966444401502815,0.021035681400032258,0.36190627221316835
3,"[0.1, 0.1]",native_minimax,0.01,0.004880000000000002,full_feasible_return_range,LR,False,0.00964097560975821,H3_e0p1_0p1_native_minimax_qNone_f0.01_parity,42,numerically enlarged cost sublevel; not an exact eta-optimality assertion,0.07200000000000112,0.07200000000000015,5e-08,0.07688000000000074,0.004879999999999621,0.07688005000000014,triangle,0.56,0.07688005000000014,0.16780808000000025,0.1446947745231908,majority3,28/1475,1383160/845883,0.07688005000000014,0.07688005000000014,0.07688005000000014,0.14469477452319168,0.1444451888117519,0.1444451888117519,1/20,1/10,317855727772694940329/16744185659453606170000,1634417213/999541438,3640176397275983236468902838877355962169936643928450585334589514071163599/195376329817184909092275985770569127739192416833905587550032619644761600000,1407652817/860164885,0.07688005000000014,0.07688005000000014,0.07688005000000014,0.0,0.0,0.06723907439024193,0.06723907439024193,0.0
3,"[0.1, 0.1]",native_minimax,0.01,0.004880000000000002,full_feasible_return_range,LLL,False,0.07688000000000761,H3_e0p1_0p1_native_minimax_qNone_f0.01_world,42,numerically enlarged cost sublevel; not an exact eta-optimality assertion,0.07200000000000112,0.07200000000000015,5e-08,0.07688000000000761,0.00488000000000649,0.07688005000000014,triangle,0.4720000000000001,0.07688005000000014,0.19801353440000027,0.16686726876271213,majority3,243/12500,5657/2950,0.07688005000000014,0.07688005000000014,0.07688005000000014,0.16686726876271485,0.1537601000000003,0.1537601000000003,1/20,1/1000,50077042464643/2575979550650000,5657/2950,0,2,0.07688005000000014,0.07688005000000014,0.07688005000000014,0.0,0.0,4.999999253518794e-08,4.999999253518794e-08,
3,"[0.1, 0.1]",native_minimax,0.01,0.004880000000000002,full_feasible_return_range,RRR,False,0.07688000000000074,H3_e0p1_0p1_native_minimax_qNone_f0.01_parity,42,numerically enlarged cost sublevel; not an exact eta-optimality assertion,0.07200000000000112,0.07200000000000015,5e-08,0.07688000000000074,0.004879999999999621,0.07688005000000014,triangle,0.47200000000000003,0.07688005000000014,0.19801353440000027,0.16686726876271213,majority3,243/12500,5657/2950,0.07688005000000014,0.07688005000000014,0.07688005000000014,0.16686726876271246,0.1537601000000003,0.1537601000000003,1/100,1/1000,57344963480749/2949843800450000,5657/2950,0,2,0.07688005000000014,0.07688005000000014,0.07688005000000014,0.0,0.0,4.999999940469291e-08,4.999999940469291e-08,
3,"[0.1, 0.1]",native_minimax,0.01,0.004880000000000002,full_feasible_return_range,LLR,True,0.07200000000261561,H3_e0p1_0p1_native_repeats_qNone_f0.0_U,42,numerically enlarged cost sublevel; not an exact eta-optimality assertion,0.07200000000000112,0.07200000000000015,5e-08,0.07200000000000205,9.298117831235686e-16,0.14767059152550696,coupling,0.5600000000000003,0.14888005000000018,0.19801353440000027,0.14767059152550696,majority3,188046876684461838083/9415749307774751286500,98/59,0.07688005000000014,0.07688005000000014,0.07688005000000014,0.14767059152542397,0.14682609656843443,0.14682609656843443,1/100,1/20,14729/737500,98/59,15849832586592704388305752342404550804318422928733264768587/834543198696997735466305880116004069576691777725456359920000,1438144333/864908551,0.14767059152550696,0.14767059152542397,0.14682609656843443,0.0008444949569895444,0.0008444949570725335,0.07567059152289135,0.07482609656581882,0.011160147424208554
3,"[0.1, 0.1]",native_minimax,0.01,0.004880000000000002,full_feasible_return_range,LRR,True,0.07200000000499487,H3_e0p1_0p1_native_tagged_qNone_f0.0_V,42,numerically enlarged cost sublevel; not an exact eta-optimality assertion,0.07200000000000112,0.07200000000000015,5e-08,0.07200000000000245,1.3322676295501878e-15,0.14767059152542397,coupling,0.5600000000000003,0.1488800500000002,0.19801353440000027,0.14767059152542397,majority3,14729/737500,98/59,0.07688005000000014,0.07688005000000014,0.07688005000000014,0.14767059152542397,0.14682609656453857,0.14682609656453857,1/20,1/10,14729/737500,98/59,1675055161379726532573261651425257018840850014163/88196886940053984491294523667765580926711627633800,1594590758/958996361,0.14767059152542397,0.14767059152542397,0.14682609656453857,0.0008444949608854002,0.0008444949608854002,0.0756705915204291,0.0748260965595437,0.01116014747495939
3,"[0.1, 0.1]",native_minimax,0.01,0.004880000000000002,full_feasible_return_range,adaptive_L,True,0.12319120879120932,H3_e0p1_0p1_native_singles_qNone_f0.0_world,42,numerically enlarged cost sublevel; not an exact eta-optimality assertion,0.07200000000000112,0.07200000000000015,5e-08,0.07200000000001099,9.867107131356079e-15,0.1646577364469494,coupling,0.530666666666667,0.20124368636363654,0.19801353440000027,0.1646577364469494,majority3,4535109/147500000,513837/295000,0.07688005000000014,0.07688005000000014,0.07688005000000014,0.16465773644699472,0.15302943419124154,0.15302943419124154,1/1000,1/10,164867293646757/5362148035000000,513837/295000,31064503701984413766290617780975352354413204792785143/2164291147569732177529291658880308801715819602060000000,9019/5000,0.1646577364469494,0.1646577364469494,0.15302943419124154,0.01162830225570785,0.01162830225570785,0.041466527655740076,0.029838225400032226,0.28042623564353797
3,"[0.1, 0.1]",native_minimax,0.05,0.024400000000000015,full_feasible_return_range,LR,False,0.04820487804878041,H3_e0p1_0p1_native_minimax_qNone_f0.05_parity,81,numerically enlarged cost sublevel; not an exact eta-optimality assertion,0.07200000000000112,0.07200000000000015,5e-08,0.0964000000000003,0.024399999999999186,0.09640005000000017,triangle,0.56,0.09640005000000017,0.1990400800000003,0.17661323511407634,majority3,28/1475,1383160/845883,0.09640005000000017,0.09640005000000017,0.09640005000000017,0.1766132351140772,0.17638950956583618,0.17638950956583618,1/20,1/10,317855727772694940329/16744185659453606170000,1634417213/999541438,3640176397275983236468902838877355962169936643928450585334589514071163599/195376329817184909092275985770569127739192416833905587550032619644761600000,1407652817/860164885,0.09640005000000017,0.09640005000000017,0.09640005000000017,0.0,0.0,0.04819517195121976,0.04819517195121976,0.0
3,"[0.1, 0.1]",native_minimax,0.05,0.024400000000000015,full_feasible_return_range,LLL,False,0.0964000000000003,H3_e0p1_0p1_native_minimax_qNone_f0.05_parity,81,numerically enlarged cost sublevel; not an exact eta-optimality assertion,0.07200000000000112,0.07200000000000015,5e-08,0.0964000000000003,0.024399999999999186,0.09640005000000017,triangle,0.4720000000000001,0.09640005000000017,0.23486729440000034,0.20429935011864442,majority3,243/12500,5657/2950,0.09640005000000017,0.09640005000000017,0.09640005000000017,0.2042993501186471,0.19280010000000034,0.19280010000000034,1/20,1/1000,50077042464643/2575979550650000,5657/2950,0,2,0.09640005000000017,0.09640005000000017,0.09640005000000017,0.0,0.0,4.9999999862659905e-08,4.9999999862659905e-08,
3,"[0.1, 0.1]",native_minimax,0.05,0.024400000000000015,full_feasible_return_range,RRR,False,0.0964000000000022,H3_e0p1_0p1_native_minimax_qNone_f0.05_V,81,numerically enlarged cost sublevel; not an exact eta-optimality assertion,0.07200000000000112,0.07200000000000015,5e-08,0.0964000000000022,0.024400000000001087,0.09640005000000017,triangle,0.47200000000000003,0.09640005000000017,0.23486729440000034,0.20429935011864442,majority3,243/12500,5657/2950,0.09640005000000017,0.09640005000000017,0.09640005000000017,0.20429935011864472,0.19280010000000034,0.19280010000000034,1/100,1/1000,57344963480749/2949843800450000,5657/2950,0,2,0.09640005000000017,0.09640005000000017,0.09640005000000017,0.0,0.0,4.9999997961402975e-08,4.9999997961402975e-08,
3,"[0.1, 0.1]",native_minimax,0.05,0.024400000000000015,full_feasible_return_range,LLR,True,0.08241387944735755,H3_e0p1_0p1_native_minimax_qNone_f0.05_world,81,numerically enlarged cost sublevel; not an exact eta-optimality assertion,0.07200000000000112,0.07200000000000015,5e-08,0.09640000000000107,0.02439999999999995,0.1684000500000002,triangle,0.5600000000000003,0.1684000500000002,0.23486729440000034,0.18009364237296463,majority3,188046876684461838083/9415749307774751286500,98/59,0.09640005000000017,0.09640005000000017,0.09640005000000017,0.18009364237288164,0.1792833746791697,0.1792833746791697,1/100,1/20,14729/737500,98/59,15849832586592704388305752342404550804318422928733264768587/834543198696997735466305880116004069576691777725456359920000,1438144333/864908551,0.1684000500000002,0.1684000500000002,0.1684000500000002,0.0,0.0,0.08598617055264264,0.08598617055264264,0.0
3,"[0.1, 0.1]",native_minimax,0.05,0.024400000000000015,full_feasible_return_range,LRR,True,0.08430307451331479,H3_e0p1_0p1_native_minimax_qNone_f0.05_parity,81,numerically enlarged cost sublevel; not an exact eta-optimality assertion,0.07200000000000112,0.07200000000000015,5e-08,0.0964000000000003,0.024399999999999186,0.16840005000000025,triangle,0.5600000000000003,0.16840005000000025,0.23486729440000034,0.18009364237288164,majority3,14729/737500,98/59,0.09640005000000017,0.09640005000000017,0.09640005000000017,0.18009364237288164,0.1792833746752738,0.1792833746752738,1/20,1/10,14729/737500,98/59,1675055161379726532573261651425257018840850014163/88196886940053984491294523667765580926711627633800,1594590758/958996361,0.16840005000000025,0.16840005000000025,0.16840005000000025,0.0,0.0,0.08409697548668546,0.08409697548668546,0.0
3,"[0.1, 0.1]",native_minimax,0.05,0.024400000000000015,full_feasible_return_range,adaptive_L,True,0.12319120879120932,H3_e0p1_0p1_native_singles_qNone_f0.0_world,81,numerically enlarged cost sublevel; not an exact eta-optimality assertion,0.07200000000000112,0.07200000000000015,5e-08,0.07200000000001099,9.867107131356079e-15,0.19865806946389858,coupling,0.530666666666667,0.22076368636363658,0.23486729440000034,0.19865806946389858,majority3,4535109/147500000,513837/295000,0.09640005000000017,0.09640005000000017,0.09640005000000017,0.19865806946394393,0.1882396101912416,0.1882396101912416,1/1000,1/10,164867293646757/5362148035000000,513837/295000,31064503701984413766290617780975352354413204792785143/2164291147569732177529291658880308801715819602060000000,9019/5000,0.19865806946389858,0.19865806946389858,0.1882396101912416,0.010418459272656971,0.010418459272656971,0.07546686067268926,0.06504840140003229,0.13805343404760592
3,"[0.25, 0.25]",native_repeats,0.0,0.0,full_feasible_return_range,LR,False,1.0755285551056204e-15,H3_e0p25_0p25_native_minimax_qNone_f0.0_U,52,numerically enlarged cost sublevel; not an exact eta-optimality assertion,0.018750000000000003,0.018750000000000367,5e-08,0.018750000000000495,4.926614671774132e-16,0.17137312457912682,coupling,0.3125,0.17578131250000048,0.2500002500000018,0.17137312457912682,majority3,5/88,3992/3267,0.09375025000000184,0.01875005000000037,0.09375025000000184,0.17137312457912682,0.17137312457914214,0.17137312457912682,1/1000,1/1000,5/88,3992/3267,1835473619817931540733431813144673545/32304335708786888350971676807428664448,3992/3267,0.17137312457912682,0.17137312457912682,0.17137312457912682,0.0,0.0,0.17137312457912574,0.17137312457912574,0.0
3,"[0.25, 0.25]",native_repeats,0.0,0.0,full_feasible_return_range,LLL,False,0.09375000000002276,H3_e0p25_0p25_native_tagged_qNone_f0.0_world,52,numerically enlarged cost sublevel; not an exact eta-optimality assertion,0.018750000000000003,0.018750000000000367,5e-08,0.018750000000002327,2.3245294578089215e-15,0.1875002500000018,triangle,0.34375,0.1875002500000018,0.34375,0.18750025000000184,singles,3/32,2,0.04687512500000092,0.01875005000000037,0.09375025000000184,0.21147059375000313,0.18750050000000368,0.18750050000000368,1/1000,1/1000,27/512,149/88,0,2,0.1875002500000018,0.1875002500000018,0.1875002500000018,0.0,0.0,0.09375024999997905,0.09375024999997905,0.0
3,"[0.25, 0.25]",native_repeats,0.0,0.0,full_feasible_return_range,RRR,False,0.09375000000116353,H3_e0p25_0p25_information_q0.5_f0.0_parity,52,numerically enlarged cost sublevel; not an exact eta-optimality assertion,0.018750000000000003,0.018750000000000367,5e-08,0.018750000000116368,1.1636525076852422e-13,0.18750025000000184,coupling,0.34375,0.18750025000000187,0.34375,0.18750025000000184,singles,3/32,2,0.04687512500000092,0.01875005000000037,0.09375025000000184,0.21147059375000313,0.18750050000000368,0.18750050000000368,1/1000,1/1000,27/512,149/88,0,2,0.18750025000000184,0.18750025000000184,0.18750025000000184,0.0,0.0,0.09375024999883831,0.09375024999883831,0.0
3,"[0.25, 0.25]",native_repeats,0.0,0.0,full_feasible_return_range,LLR,True,0.09375000000124241,H3_e0p25_0p25_information_q0.5_f0.0_parity,52,numerically enlarged cost sublevel; not an exact eta-optimality assertion,0.018750000000000003,0.018750000000000367,5e-08,0.018750000000116368,1.1636525076852422e-13,0.17578131250000034,triangle,0.34375000000000017,0.17578131250000034,0.34375000000000017,0.18093071590909326,majority3,347/5632,14/11,0.09375025000000184,0.01875005000000037,0.09375025000000184,0.18093071590909324,0.17840940909142397,0.17840940909142397,1/1000,1/10,347/5632,14/11,111969804826391851770676883926896651343/1894873620122503452327940484644162569600,14/11,0.17578131250000034,0.17578131250000034,0.17578131250000034,0.0,0.0,0.08203131249875793,0.08203131249875793,0.0
3,"[0.25, 0.25]",native_repeats,0.0,0.0,full_feasible_return_range,LRR,True,0.09375000000002497,H3_e0p25_0p25_native_tagged_qNone_f0.0_parity,52,numerically enlarged cost sublevel; not an exact eta-optimality assertion,0.018750000000000003,0.018750000000000367,5e-08,0.018750000000000818,8.153200337090993e-16,0.17578131250000018,triangle,0.34375,0.17578131250000018,0.34375,0.18093071590909326,majority3,347/5632,14/11,0.09375025000000184,0.01875005000000037,0.09375025000000184,0.18093071590909324,0.17840940910158298,0.17840940910158298,1/1000,1/10,347/5632,14/11,432123700850221305619784988189649334827942518040843/7312862628452304721673067294376791982001071084674432,14/11,0.17578131250000018,0.17578131250000018,0.17578131250000018,0.0,0.0,0.08203131249997521,0.08203131249997521,0.0
3,"[0.25, 0.25]",native_repeats,0.0,0.0,full_feasible_return_range,adaptive_L,True,0.13125000000000234,H3_e0p25_0p25_native_singles_qNone,52,numerically enlarged cost sublevel; not an exact eta-optimality assertion,0.018750000000000003,0.018750000000000367,5e-08,0.01875000000000001,6.938893903907228e-18,0.18080363392857177,triangle,0.3437499999999999,0.18080363392857177,0.3437499999999999,0.20262318949751673,majority3,26757/360448,7713/5632,0.09375025000000184,0.01875005000000037,0.09375025000000184,0.20262318949751812,0.1909946904545553,0.1909946904545553,1/1000,1/10,53484240382975/720495103246336,7713/5632,7235869686877/140797464332800,819/550,0.18080363392857177,0.18080363392857177,0.18080363392857177,0.0,0.0,0.04955363392856943,0.04955363392856943,0.0
3,"[0.25, 0.25]",native_repeats,0.01,0.0020625,full_feasible_return_range,LR,False,0.006875000000000173,H3_e0p25_0p25_native_repeats_qNone_f0.01_U,64,numerically enlarged cost sublevel; not an exact eta-optimality assertion,0.018750000000000003,0.018750000000000367,5e-08,0.020812500000000494,0.002062500000000491,0.1783594375000005,triangle,0.3125,0.1783594375000005,0.26031275000000187,0.18397413468013693,majority3,5/88,3992/3267,0.10406275000000183,0.020812550000000367,0.10406275000000183,0.1839741346801369,0.18397413468015222,0.1839741346801369,1/1000,1/1000,5/88,3992/3267,1835473619817931540733431813144673545/32304335708786888350971676807428664448,3992/3267,0.1783594375000005,0.1783594375000005,0.1783594375000005,0.0,0.0,0.1714844375000003,0.1714844375000003,0.0
3,"[0.25, 0.25]",native_repeats,0.01,0.0020625,full_feasible_return_range,LLL,False,0.1006250000000038,H3_e0p25_0p25_native_repeats_qNone_f0.01_U,64,numerically enlarged cost sublevel; not an exact eta-optimality assertion,0.018750000000000003,0.018750000000000367,5e-08,0.020812500000000494,0.002062500000000491,0.1978127500000018,triangle,0.34375,0.1978127500000018,0.34375,0.1978127500000018,singles,3/32,2,0.052031375000000914,0.020812550000000367,0.10406275000000183,0.2289315312500031,0.20812550000000365,0.20812550000000365,1/1000,1/1000,27/512,149/88,0,2,0.1978127500000018,0.1978127500000018,0.1978127500000018,0.0,0.0,0.09718774999999802,0.09718774999999802,0.0
3,"[0.25, 0.25]",native_repeats,0.01,0.0020625,full_feasible_return_range,RRR,False,0.10062500000000006,H3_e0p25_0p25_native_repeats_qNone_f0.01_V,64,numerically enlarged cost sublevel; not an exact eta-optimality assertion,0.018750000000000003,0.018750000000000367,5e-08,0.02081250000000006,0.0020625000000000573,0.1978127500000018,coupling,0.34375,0.19781275000000184,0.34375,0.1978127500000018,singles,3/32,2,0.052031375000000914,0.020812550000000367,0.10406275000000183,0.2289315312500031,0.20812550000000365,0.20812550000000365,1/1000,1/1000,27/512,149/88,0,2,0.1978127500000018,0.1978127500000018,0.1978127500000018,0.0,0.0,0.09718775000000175,0.09718775000000175,0.0
3,"[0.25, 0.25]",native_repeats,0.01,0.0020625,full_feasible_return_range,LLR,True,0.09375000000124241,H3_e0p25_0p25_information_q0.5_f0.0_parity,64,numerically enlarged cost sublevel; not an exact eta-optimality assertion,0.018750000000000003,0.018750000000000367,5e-08,0.018750000000116368,1.1636525076852422e-13,0.17835943750000036,triangle,0.34375000000000017,0.17835943750000036,0.34375000000000017,0.19405571590909323,majority3,347/5632,14/11,0.10406275000000183,0.020812550000000367,0.10406275000000183,0.19405571590909323,0.19153440909142397,0.19153440909142397,1/1000,1/10,347/5632,14/11,111969804826391851770676883926896651343/1894873620122503452327940484644162569600,14/11,0.17835943750000036,0.17835943750000036,0.17835943750000036,0.0,0.0,0.08460943749875795,0.08460943749875795,0.0
3,"[0.25, 0.25]",native_repeats,0.01,0.0020625,full_feasible_return_range,LRR,True,0.09375000000002497,H3_e0p25_0p25_native_tagged_qNone_f0.0_parity,64,numerically enlarged cost sublevel; not an exact eta-optimality assertion,0.018750000000000003,0.018750000000000367,5e-08,0.018750000000000818,8.153200337090993e-16,0.1783594375000002,triangle,0.34375,0.1783594375000002,0.34375,0.19405571590909323,majority3,347/5632,14/11,0.10406275000000183,0.020812550000000367,0.10406275000000183,0.19405571590909323,0.19153440910158298,0.19153440910158298,1/1000,1/10,347/5632,14/11,432123700850221305619784988189649334827942518040843/7312862628452304721673067294376791982001071084674432,14/11,0.1783594375000002,0.1783594375000002,0.1783594375000002,0.0,0.0,0.08460943749997522,0.08460943749997522,0.0
3,"[0.25, 0.25]",native_repeats,0.01,0.0020625,full_feasible_return_range,adaptive_L,True,0.13125000000000234,H3_e0p25_0p25_native_singles_qNone,64,numerically enlarged cost sublevel; not an exact eta-optimality assertion,0.018750000000000003,0.018750000000000367,5e-08,0.01875000000000001,6.938893903907228e-18,0.18338175892857178,triangle,0.3437499999999999,0.18338175892857178,0.3437499999999999,0.2167461143022042,majority3,26757/360448,7713/5632,0.10406275000000183,0.020812550000000367,0.10406275000000183,0.2167461143022056,0.2063509404545553,0.2063509404545553,1/1000,1/10,53484240382975/720495103246336,7713/5632,7235869686877/140797464332800,819/550,0.18338175892857178,0.18338175892857178,0.18338175892857178,0.0,0.0,0.052131758928569444,0.052131758928569444,0.0
3,"[0.25, 0.25]",native_repeats,0.05,0.010312500000000002,full_feasible_return_range,LR,False,0.03437500000000042,H3_e0p25_0p25_native_repeats_qNone_f0.05_U,106,numerically enlarged cost sublevel; not an exact eta-optimality assertion,0.018750000000000003,0.018750000000000367,5e-08,0.029062500000000505,0.010312500000000502,0.1886719375000005,triangle,0.3125,0.1886719375000005,0.3015627500000019,0.2218751666666679,singles,1/8,4/3,0.07265637500000093,0.02906255000000037,0.14531275000000185,0.23437817508417735,0.23437817508419265,0.23437817508417735,1/1000,1/1000,5/88,3992/3267,1835473619817931540733431813144673545/32304335708786888350971676807428664448,3992/3267,0.1886719375000005,0.1886719375000005,0.1886719375000005,0.0,0.0,0.15429693750000006,0.15429693750000006,0.0
3,"[0.25, 0.25]",native_repeats,0.05,0.010312500000000002,full_feasible_return_range,LLL,False,0.12812500000000018,H3_e0p25_0p25_native_repeats_qNone_f0.05_U,106,numerically enlarged cost sublevel; not an exact eta-optimality assertion,0.018750000000000003,0.018750000000000367,5e-08,0.029062500000000505,0.010312500000000502,0.2277344375000005,triangle,0.34375,0.2277344375000005,0.34375,0.23906275000000185,singles,3/32,2,0.07265637500000093,0.02906255000000037,0.14531275000000185,0.29877528125000313,0.2906255000000037,0.2906255000000037,1/1000,1/1000,27/512,149/88,0,2,0.2277344375000005,0.2277344375000005,0.2277344375000005,0.0,0.0,0.09960943750000031,0.09960943750000031,0.0
3,"[0.25, 0.25]",native_repeats,0.05,0.010312500000000002,full_feasible_return_range,RRR,False,0.12812500000000054,H3_e0p25_0p25_native_repeats_qNone_f0.05_V,106,numerically enlarged cost sublevel; not an exact eta-optimality assertion,0.018750000000000003,0.018750000000000367,5e-08,0.02906250000000016,0.010312500000000158,0.2277344375000004,triangle,0.34375,0.2277344375000004,0.34375,0.23906275000000185,singles,3/32,2,0.07265637500000093,0.02906255000000037,0.14531275000000185,0.29877528125000313,0.2906255000000037,0.2906255000000037,1/1000,1/1000,27/512,149/88,0,2,0.2277344375000004,0.2277344375000004,0.2277344375000004,0.0,0.0,0.09960943749999984,0.09960943749999984,0.0
3,"[0.25, 0.25]",native_repeats,0.05,0.010312500000000002,full_feasible_return_range,LLR,True,0.09375000000124241,H3_e0p25_0p25_information_q0.5_f0.0_parity,106,numerically enlarged cost sublevel; not an exact eta-optimality assertion,0.018750000000000003,0.018750000000000367,5e-08,0.018750000000116368,1.1636525076852422e-13,0.18867193750000036,triangle,0.34375000000000017,0.18867193750000036,0.34375000000000017,0.24655571590909325,majority3,347/5632,14/11,0.14531275000000185,0.02906255000000037,0.14531275000000185,0.24655571590909325,0.244034409091424,0.244034409091424,1/1000,1/10,347/5632,14/11,111969804826391851770676883926896651343/1894873620122503452327940484644162569600,14/11,0.18867193750000036,0.18867193750000036,0.18867193750000036,0.0,0.0,0.09492193749875795,0.09492193749875795,0.0
3,"[0.25, 0.25]",native_repeats,0.05,0.010312500000000002,full_feasible_return_range,LRR,True,0.09375000000002497,H3_e0p25_0p25_native_tagged_qNone_f0.0_parity,106,numerically enlarged cost sublevel; not an exact eta-optimality assertion,0.018750000000000003,0.018750000000000367,5e-08,0.018750000000000818,8.153200337090993e-16,0.1886719375000002,triangle,0.34375,0.1886719375000002,0.34375,0.24655571590909325,majority3,347/5632,14/11,0.14531275000000185,0.02906255000000037,0.14531275000000185,0.24655571590909325,0.244034409101583,0.244034409101583,1/1000,1/10,347/5632,14/11,432123700850221305619784988189649334827942518040843/7312862628452304721673067294376791982001071084674432,14/11,0.1886719375000002,0.1886719375000002,0.1886719375000002,0.0,0.0,0.09492193749997523,0.09492193749997523,0.0
3,"[0.25, 0.25]",native_repeats,0.05,0.010312500000000002,full_feasible_return_range,adaptive_L,True,0.13125000000000234,H3_e0p25_0p25_native_singles_qNone,106,numerically enlarged cost sublevel; not an exact eta-optimality assertion,0.018750000000000003,0.018750000000000367,5e-08,0.01875000000000001,6.938893903907228e-18,0.19369425892857178,triangle,0.3437499999999999,0.19369425892857178,0.3437499999999999,0.24960956250000138,singles,9/64,3/2,0.07265637500000093,0.02906255000000037,0.14531275000000185,0.2732378135209556,0.26777594045455533,0.26777594045455533,1/1000,1/10,53484240382975/720495103246336,7713/5632,7235869686877/140797464332800,819/550,0.19369425892857178,0.19369425892857178,0.19369425892857178,0.0,0.0,0.062444258928569446,0.062444258928569446,0.0
3,"[0.25, 0.25]",native_minimax,0.0,0.0,full_feasible_return_range,LR,False,1.0755285551056204e-15,H3_e0p25_0p25_native_minimax_qNone_f0.0_U,52,numerically enlarged cost sublevel; not an exact eta-optimality assertion,0.09374999999999883,0.09375000000000154,5e-08,0.09375000000000065,1.817990202823694e-15,0.09375005000000154,triangle,0.3125,0.09375005000000154,0.25000005000000153,0.17137288019590027,majority3,5/88,3992/3267,0.09375005000000154,0.09375005000000154,0.09375005000000154,0.17137288019590025,0.17137288019591557,0.17137288019590025,1/1000,1/1000,5/88,3992/3267,1835473619817931540733431813144673545/32304335708786888350971676807428664448,3992/3267,0.09375005000000154,0.09375005000000154,0.09375005000000154,0.0,0.0,0.09375005000000047,0.09375005000000047,0.0
3,"[0.25, 0.25]",native_minimax,0.0,0.0,full_feasible_return_range,LLL,False,0.09375000000002276,H3_e0p25_0p25_native_tagged_qNone_f0.0_world,52,numerically enlarged cost sublevel; not an exact eta-optimality assertion,0.09374999999999883,0.09375000000000154,5e-08,0.09375000000002276,2.3925306180672123e-14,0.09375005000000154,triangle,0.34375,0.09375005000000154,0.34375,0.21147025511363896,majority3,27/512,149/88,0.09375005000000154,0.09375005000000154,0.09375005000000154,0.21147025511363898,0.18750010000000308,0.18750010000000308,1/1000,1/1000,27/512,149/88,0,2,0.09375005000000154,0.09375005000000154,0.09375005000000154,0.0,0.0,4.9999978782300225e-08,4.9999978782300225e-08,
3,"[0.25, 0.25]",native_minimax,0.0,0.0,full_feasible_return_range,RRR,False,0.09375000000116353,H3_e0p25_0p25_information_q0.5_f0.0_parity,52,numerically enlarged cost sublevel; not an exact eta-optimality assertion,0.09374999999999883,0.09375000000000154,5e-08,0.09375000000116353,1.1646933417708283e-12,0.09375005000000154,triangle,0.34375,0.09375005000000154,0.34375,0.21147025511363896,majority3,27/512,149/88,0.09375005000000154,0.09375005000000154,0.09375005000000154,0.21147025511363898,0.18750010000000308,0.18750010000000308,1/1000,1/1000,27/512,149/88,0,2,0.09375005000000154,0.09375005000000154,0.09375005000000154,0.0,0.0,4.9998838014264635e-08,4.9998838014264635e-08,
3,"[0.25, 0.25]",native_minimax,0.0,0.0,full_feasible_return_range,LLR,True,0.09375000000124241,H3_e0p25_0p25_information_q0.5_f0.0_parity,52,numerically enlarged cost sublevel; not an exact eta-optimality assertion,0.09374999999999883,0.09375000000000154,5e-08,0.09375000000116353,1.1646933417708283e-12,0.18093046136363833,coupling,0.34375000000000017,0.18750005000000153,0.34375000000000017,0.18093046136363833,majority3,347/5632,14/11,0.09375005000000154,0.09375005000000154,0.09375005000000154,0.18093046136363833,0.17840915454596903,0.17840915454596903,1/1000,1/10,347/5632,14/11,111969804826391851770676883926896651343/1894873620122503452327940484644162569600,14/11,0.18093046136363833,0.18093046136363833,0.17840915454596903,0.0025213068176692943,0.0025213068176692943,0.08718046136239592,0.08465915454472663,0.028920549149064553
3,"[0.25, 0.25]",native_minimax,0.0,0.0,full_feasible_return_range,LRR,True,0.09375000000002497,H3_e0p25_0p25_native_tagged_qNone_f0.0_parity,52,numerically enlarged cost sublevel; not an exact eta-optimality assertion,0.09374999999999883,0.09375000000000154,5e-08,0.09375000000000494,6.106226635438361e-15,0.18093046136363833,coupling,0.34375,0.18750005000000153,0.34375,0.18093046136363833,majority3,347/5632,14/11,0.09375005000000154,0.09375005000000154,0.09375005000000154,0.18093046136363833,0.17840915455612807,0.17840915455612807,1/1000,1/10,347/5632,14/11,432123700850221305619784988189649334827942518040843/7312862628452304721673067294376791982001071084674432,14/11,0.18093046136363833,0.18093046136363833,0.17840915455612807,0.002521306807510254,0.002521306807510254,0.08718046136361336,0.08465915455610311,0.028920549032131822
3,"[0.25, 0.25]",native_minimax,0.0,0.0,full_feasible_return_range,adaptive_L,True,0.13125000000000234,H3_e0p25_0p25_native_singles_qNone,52,numerically enlarged cost sublevel; not an exact eta-optimality assertion,0.09374999999999883,0.09375000000000154,5e-08,0.0937500000000001,1.2628786905111156e-15,0.2026229155983686,coupling,0.3437499999999999,0.22500005000000084,0.3437499999999999,0.2026229155983686,majority3,26757/360448,7713/5632,0.09375005000000154,0.09375005000000154,0.09375005000000154,0.20262291559836998,0.19099439263637302,0.19099439263637302,1/1000,1/10,53484240382975/720495103246336,7713/5632,7235869686877/140797464332800,819/550,0.2026229155983686,0.2026229155983686,0.19099439263637302,0.011628522961995569,0.011628522961995569,0.07137291559836625,0.059744392636370686,0.16292627062389123
3,"[0.25, 0.25]",native_minimax,0.01,0.0024999999999999988,full_feasible_return_range,LR,False,0.004500000000000302,H3_e0p25_0p25_native_minimax_qNone_f0.01_world,56,numerically enlarged cost sublevel; not an exact eta-optimality assertion,0.09374999999999883,0.09375000000000154,5e-08,0.09625000000000092,0.002500000000002084,0.09625005000000154,triangle,0.3125,0.09625005000000154,0.25250005000000153,0.17442767052341787,majority3,5/88,3992/3267,0.09625005000000154,0.09625005000000154,0.09625005000000154,0.17442767052341787,0.17442767052343316,0.17442767052341787,1/1000,1/1000,5/88,3992/3267,1835473619817931540733431813144673545/32304335708786888350971676807428664448,3992/3267,0.09625005000000154,0.09625005000000154,0.09625005000000154,0.0,0.0,0.09175005000000125,0.09175005000000125,0.0
3,"[0.25, 0.25]",native_minimax,0.01,0.0024999999999999988,full_feasible_return_range,LLL,False,0.09625000000000086,H3_e0p25_0p25_native_minimax_qNone_f0.01_parity,56,numerically enlarged cost sublevel; not an exact eta-optimality assertion,0.09374999999999883,0.09375000000000154,5e-08,0.09625000000000303,0.0025000000000041933,0.09625005000000154,triangle,0.34375,0.09625005000000154,0.34375,0.2157032096590935,majority3,27/512,149/88,0.09625005000000154,0.09625005000000154,0.09625005000000154,0.2157032096590935,0.1925001000000031,0.1925001000000031,1/1000,1/1000,27/512,149/88,0,2,0.09625005000000154,0.09625005000000154,0.09625005000000154,0.0,0.0,5.0000000681449386e-08,5.0000000681449386e-08,
3,"[0.25, 0.25]",native_minimax,0.01,0.0024999999999999988,full_feasible_return_range,RRR,False,0.09625000000000303,H3_e0p25_0p25_native_minimax_qNone_f0.01_parity,56,numerically enlarged cost sublevel; not an exact eta-optimality assertion,0.09374999999999883,0.09375000000000154,5e-08,0.09625000000000303,0.0025000000000041933,0.09625005000000154,triangle,0.34375,0.09625005000000154,0.34375,0.2157032096590935,majority3,27/512,149/88,0.09625005000000154,0.09625005000000154,0.09625005000000154,0.2157032096590935,0.1925001000000031,0.1925001000000031,1/1000,1/1000,27/512,149/88,0,2,0.09625005000000154,0.09625005000000154,0.09625005000000154,0.0,0.0,4.999999851651449e-08,4.999999851651449e-08,
3,"[0.25, 0.25]",native_minimax,0.01,0.0024999999999999988,full_feasible_return_range,LLR,True,0.09375000000124241,H3_e0p25_0p25_information_q0.5_f0.0_parity,56,numerically enlarged cost sublevel; not an exact eta-optimality assertion,0.09374999999999883,0.09375000000000154,5e-08,0.09375000000116353,1.1646933417708283e-12,0.1841122795454565,coupling,0.34375000000000017,0.19000005000000153,0.34375000000000017,0.1841122795454565,majority3,347/5632,14/11,0.09625005000000154,0.09625005000000154,0.09625005000000154,0.1841122795454565,0.18159097272778724,0.18159097272778724,1/1000,1/10,347/5632,14/11,111969804826391851770676883926896651343/1894873620122503452327940484644162569600,14/11,0.1841122795454565,0.1841122795454565,0.18159097272778724,0.0025213068176692666,0.0025213068176692666,0.0903622795442141,0.08784097272654483,0.02790220466312601
3,"[0.25, 0.25]",native_minimax,0.01,0.0024999999999999988,full_feasible_return_range,LRR,True,0.09375000000002497,H3_e0p25_0p25_native_tagged_qNone_f0.0_parity,56,numerically enlarged cost sublevel; not an exact eta-optimality assertion,0.09374999999999883,0.09375000000000154,5e-08,0.09375000000000494,6.106226635438361e-15,0.1841122795454565,coupling,0.34375,0.19000005000000153,0.34375,0.1841122795454565,majority3,347/5632,14/11,0.09625005000000154,0.09625005000000154,0.09625005000000154,0.1841122795454565,0.18159097273794625,0.18159097273794625,1/1000,1/10,347/5632,14/11,432123700850221305619784988189649334827942518040843/7312862628452304721673067294376791982001071084674432,14/11,0.1841122795454565,0.1841122795454565,0.18159097273794625,0.002521306807510254,0.002521306807510254,0.09036227954543154,0.08784097273792128,0.02790220455032472
3,"[0.25, 0.25]",native_minimax,0.01,0.0024999999999999988,full_feasible_return_range,adaptive_L,True,0.13125000000000234,H3_e0p25_0p25_native_singles_qNone,56,numerically enlarged cost sublevel; not an exact eta-optimality assertion,0.09374999999999883,0.09375000000000154,5e-08,0.0937500000000001,1.2628786905111156e-15,0.2060466549449595,coupling,0.3437499999999999,0.22750005000000084,0.3437499999999999,0.2060466549449595,majority3,26757/360448,7713/5632,0.09625005000000154,0.09625005000000154,0.09625005000000154,0.20604665494496088,0.19471711990910032,0.19471711990910032,1/1000,1/10,53484240382975/720495103246336,7713/5632,7235869686877/140797464332800,819/550,0.2060466549449595,0.2060466549449595,0.19471711990910032,0.011329535035859178,0.011329535035859178,0.07479665494495716,0.06346711990909798,0.1514711459248623
3,"[0.25, 0.25]",native_minimax,0.05,0.012499999999999995,full_feasible_return_range,LR,False,0.02250000000000267,H3_e0p25_0p25_native_minimax_qNone_f0.05_parity,82,numerically enlarged cost sublevel; not an exact eta-optimality assertion,0.09374999999999883,0.09375000000000154,5e-08,0.10625000000000087,0.012500000000002037,0.10625005000000154,triangle,0.3125,0.10625005000000154,0.26250005000000154,0.18664683183348826,majority3,5/88,3992/3267,0.10625005000000154,0.10625005000000154,0.10625005000000154,0.18664683183348826,0.18664683183350358,0.18664683183348826,1/1000,1/1000,5/88,3992/3267,1835473619817931540733431813144673545/32304335708786888350971676807428664448,3992/3267,0.10625005000000154,0.10625005000000154,0.10625005000000154,0.0,0.0,0.08375004999999887,0.08375004999999887,0.0
3,"[0.25, 0.25]",native_minimax,0.05,0.012499999999999995,full_feasible_return_range,LLL,False,0.10625000000000859,H3_e0p25_0p25_native_minimax_qNone_f0.05_world,82,numerically enlarged cost sublevel; not an exact eta-optimality assertion,0.09374999999999883,0.09375000000000154,5e-08,0.10625000000000859,0.012500000000009753,0.10625005000000154,triangle,0.34375,0.10625005000000154,0.34375,0.2326350278409117,majority3,27/512,149/88,0.10625005000000154,0.10625005000000154,0.10625005000000154,0.2326350278409117,0.21250010000000308,0.21250010000000308,1/1000,1/1000,27/512,149/88,0,2,0.10625005000000154,0.10625005000000154,0.10625005000000154,0.0,0.0,4.999999295152158e-08,4.999999295152158e-08,
3,"[0.25, 0.25]",native_minimax,0.05,0.012499999999999995,full_feasible_return_range,RRR,False,0.1062500000000003,H3_e0p25_0p25_native_minimax_qNone_f0.05_V,82,numerically enlarged cost sublevel; not an exact eta-optimality assertion,0.09374999999999883,0.09375000000000154,5e-08,0.1062500000000003,0.012500000000001468,0.10625005000000154,triangle,0.34375,0.10625005000000154,0.34375,0.2326350278409117,majority3,27/512,149/88,0.10625005000000154,0.10625005000000154,0.10625005000000154,0.2326350278409117,0.21250010000000308,0.21250010000000308,1/1000,1/1000,27/512,149/88,0,2,0.10625005000000154,0.10625005000000154,0.10625005000000154,0.0,0.0,5.00000012365609e-08,5.00000012365609e-08,
3,"[0.25, 0.25]",native_minimax,0.05,0.012499999999999995,full_feasible_return_range,LLR,True,0.09375000000124241,H3_e0p25_0p25_information_q0.5_f0.0_parity,82,numerically enlarged cost sublevel; not an exact eta-optimality assertion,0.09374999999999883,0.09375000000000154,5e-08,0.09375000000116353,1.1646933417708283e-12,0.19683955227272923,coupling,0.34375000000000017,0.20000005000000154,0.34375000000000017,0.19683955227272923,majority3,347/5632,14/11,0.10625005000000154,0.10625005000000154,0.10625005000000154,0.19683955227272923,0.19431824545505996,0.19431824545505996,1/1000,1/10,347/5632,14/11,111969804826391851770676883926896651343/1894873620122503452327940484644162569600,14/11,0.19683955227272923,0.19683955227272923,0.19431824545505996,0.0025213068176692666,0.0025213068176692666,0.10308955227148682,0.10056824545381755,0.024457442700201018
3,"[0.25, 0.25]",native_minimax,0.05,0.012499999999999995,full_feasible_return_range,LRR,True,0.09375000000002497,H3_e0p25_0p25_native_tagged_qNone_f0.0_parity,82,numerically enlarged cost sublevel; not an exact eta-optimality assertion,0.09374999999999883,0.09375000000000154,5e-08,0.09375000000000494,6.106226635438361e-15,0.19683955227272923,coupling,0.34375,0.20000005000000154,0.34375,0.19683955227272923,majority3,347/5632,14/11,0.10625005000000154,0.10625005000000154,0.10625005000000154,0.19683955227272923,0.19431824546521898,0.19431824546521898,1/1000,1/10,347/5632,14/11,432123700850221305619784988189649334827942518040843/7312862628452304721673067294376791982001071084674432,14/11,0.19683955227272923,0.19683955227272923,0.19431824546521898,0.002521306807510254,0.002521306807510254,0.10308955227270426,0.10056824546519401,0.024457442601366675
3,"[0.25, 0.25]",native_minimax,0.05,0.012499999999999995,full_feasible_return_range,adaptive_L,True,0.13125000000000234,H3_e0p25_0p25_native_singles_qNone,82,numerically enlarged cost sublevel; not an exact eta-optimality assertion,0.09374999999999883,0.09375000000000154,5e-08,0.0937500000000001,1.2628786905111156e-15,0.2197416123313231,coupling,0.3437499999999999,0.23750005000000082,0.3437499999999999,0.2197416123313231,majority3,26757/360448,7713/5632,0.10625005000000154,0.10625005000000154,0.10625005000000154,0.21974161233132453,0.20960802900000938,0.20960802900000938,1/1000,1/10,53484240382975/720495103246336,7713/5632,7235869686877/140797464332800,819/550,0.2197416123313231,0.2197416123313231,0.20960802900000938,0.010133583331313728,0.010133583331313728,0.08849161233132077,0.07835802900000705,0.11451461968364476
3,"[0.1, 0.3]",native_repeats,0.0,0.0,full_feasible_return_range,LR,False,1.7139067942650854e-15,H3_e0p1_0p3_native_repeats_qNone_f0.0_world,24,numerically enlarged cost sublevel; not an exact eta-optimality assertion,0.015599999999999947,0.015600000000001323,5e-08,0.015600000000000301,3.5388358909926865e-16,0.14276478992600744,coupling,0.4,0.15600050000001323,0.32000040000001057,0.14276478992600744,majority3,28/1775,6820/4189,0.07800025000000661,0.015600050000001323,0.07800025000000661,0.1427647899260074,0.1427647899261877,0.1427647899260074,1/100,1/100,28/1775,6820/4189,760301986837884508067308574615621636819511997752549934696953497/48197715236493583838529618222219274587319333832513529133068122250,6820/4189,0.14276478992600744,0.1427647899260074,0.1427647899260074,0.0,2.7755575615628914e-17,0.14276478992600572,0.1427647899260057,1.9441471268941376e-16
3,"[0.1, 0.3]",native_repeats,0.0,0.0,full_feasible_return_range,LLL,False,0.07200000000002305,H3_e0p1_0p3_native_singles_qNone_f0.0_world,24,numerically enlarged cost sublevel; not an exact eta-optimality assertion,0.015599999999999947,0.015600000000001323,5e-08,0.015600000000002572,2.624636619152909e-15,0.1500002500000066,coupling,0.4720000000000001,0.15000025000000683,0.37760047200001245,0.1500002500000066,singles,9/125,2,0.039000125000003306,0.015600050000001323,0.07800025000000661,0.16901539466102963,0.15600050000001323,0.15600050000001323,1/1000,1/1000,243/12500,5657/2950,0,2,0.1500002500000066,0.1500002500000066,0.1500002500000066,0.0,0.0,0.07800024999998356,0.07800024999998356,0.0
3,"[0.1, 0.3]",native_repeats,0.0,0.0,full_feasible_return_range,RRR,False,0.08400000000000954,H3_e0p1_0p3_native_tagged_qNone_f0.0_parity,24,numerically enlarged cost sublevel; not an exact eta-optimality assertion,0.015599999999999947,0.015600000000001323,5e-08,0.01560000000000262,2.6732088764802597e-15,0.15600050000001323,triangle,0.284,0.15600050000001323,0.22720028400000744,0.16200025000000662,singles,21/250,2,0.039000125000003306,0.015600050000001323,0.07800025000000661,0.17985167443663047,0.15600050000001323,0.15600050000001323,1/1000,1/1000,1323/25000,5777/3550,0,2,0.15600050000001323,0.15600050000001323,0.15600050000001323,0.0,0.0,0.07200050000000369,0.07200050000000369,0.0
3,"[0.1, 0.3]",native_repeats,0.0,0.0,full_feasible_return_range,LLR,True,0.07200000000009385,H3_e0p1_0p3_native_joint_qNone_f0.0_U_asymmetric,24,numerically enlarged cost sublevel; not an exact eta-optimality assertion,0.015599999999999947,0.015600000000001323,5e-08,0.015600000000000105,1.5785983631388945e-16,0.1437288561976491,coupling,0.4359999999999998,0.21100006250000133,0.3488004360000115,0.1437288561976491,majority3,123729398606646557944/7187448701433078582125,2879/1775,0.07800025000000661,0.015600050000001323,0.07800025000000661,0.14372885619719672,0.14325808200607643,0.14325808200607643,1/10,1/20,15277003324750411985733/887442103070670623162500,2879/1775,7905014790128979843965411802383148870294808058208759212370152914949/478759138486201435725340961045544832960494371777933539804399545696000,162062016/99733453,0.1437288561976491,0.14372885619719672,0.14325808200607643,0.0004707741911202934,0.0004707741915726815,0.07172885619755526,0.07125808200598258,0.00656324687899773
3,"[0.1, 0.3]",native_repeats,0.0,0.0,full_feasible_return_range,LRR,True,0.0840000000014226,H3_e0p1_0p3_native_tagged_qNone_f0.0_U_asymmetric,24,numerically enlarged cost sublevel; not an exact eta-optimality assertion,0.015599999999999947,0.015600000000001323,5e-08,0.015600000000000105,1.5785983631388945e-16,0.16724584669492645,coupling,0.40000000000000013,0.21245885370879278,0.32000040000001057,0.16724584669492645,majority3,441/12500,4991/2950,0.07800025000000661,0.015600050000001323,0.07800025000000661,0.16724584669492712,0.15247951804556106,0.15247951804556106,1/100,1/10,52037792940799/1474994130975000,4991/2950,37467696616912113113638883593693700499040375797904206108205178878052197562802083918719/1666803529574617318686123082060399232940418969291125134811034218290529914501216976800000,1585493043/951293416,0.16724584669492645,0.16724584669492645,0.15247951804556106,0.01476632864936539,0.01476632864936539,0.08324584669350385,0.06847951804413846,0.1773821666290733
3,"[0.1, 0.3]",native_repeats,0.0,0.0,full_feasible_return_range,adaptive_L,True,0.12210309278350573,H3_e0p1_0p3_native_tagged_qNone_f0.0_world,24,numerically enlarged cost sublevel; not an exact eta-optimality assertion,0.015599999999999947,0.015600000000001323,5e-08,0.015600000000000292,3.452099717193846e-16,0.18182275020068922,coupling,0.43600000000000017,0.22414712132353115,0.34880043600001154,0.18182275020068922,majority3,9010197/184375000,314273/184375,0.07800025000000661,0.015600050000001323,0.07800025000000661,0.1818227502006981,0.15711728181227283,0.15711728181227283,1/20,1/10,223376429573397/4570935485937500,314273/184375,52032243441506214963633754224354488681247762765014172963/2905330430442309925284143465625447847632032768682937967000,1784653253/999966614,0.18182275020068922,0.18182275020068922,0.15711728181227283,0.02470546838841639,0.02470546838841639,0.05971965741718349,0.0350141890287671,0.4136907252469894
3,"[0.1, 0.3]",native_repeats,0.01,0.0025000000000000014,full_feasible_return_range,LR,False,0.012500000000004171,H3_e0p1_0p3_native_repeats_qNone_f0.01_V,38,numerically enlarged cost sublevel; not an exact eta-optimality assertion,0.015599999999999947,0.015600000000001323,5e-08,0.01810000000000149,0.0025000000000015427,0.15563235178571982,coupling,0.4,0.18100050000001325,0.3400004000000106,0.15563235178571982,singles,2/25,117/70,0.04525012500000331,0.018100050000001325,0.09050025000000662,0.16311570899977207,0.16311570899995237,0.16311570899977207,1/100,1/100,28/1775,6820/4189,760301986837884508067308574615621636819511997752549934696953497/48197715236493583838529618222219274587319333832513529133068122250,6820/4189,0.15563235178571982,0.15563235178571982,0.15563235178571982,0.0,0.0,0.14313235178571565,0.14313235178571565,0.0
3,"[0.1, 0.3]",native_repeats,0.01,0.0025000000000000014,full_feasible_return_range,LLL,False,0.07914285714286015,H3_e0p1_0p3_native_repeats_qNone_f0.01_U_asymmetric,38,numerically enlarged cost sublevel; not an exact eta-optimality assertion,0.015599999999999947,0.015600000000001323,5e-08,0.018100000000001653,0.0025000000000017057,0.16250025000000662,coupling,0.4720000000000001,0.16250025000000684,0.4012004720000125,0.16250025000000662,singles,9/125,2,0.04525012500000331,0.018100050000001325,0.09050025000000662,0.1929857336440805,0.18100050000001325,0.18100050000001325,1/1000,1/1000,243/12500,5657/2950,0,2,0.16250025000000662,0.16250025000000662,0.16250025000000662,0.0,0.0,0.08335739285714647,0.08335739285714647,0.0
3,"[0.1, 0.3]",native_repeats,0.01,0.0025000000000000014,full_feasible_return_range,RRR,False,0.0965000000000096,H3_e0p1_0p3_native_repeats_qNone_f0.01_V,38,numerically enlarged cost sublevel; not an exact eta-optimality assertion,0.015599999999999947,0.015600000000001323,5e-08,0.01810000000000149,0.0025000000000015427,0.17450025000000663,coupling,0.284,0.1745002500000068,0.24140028400000743,0.17450025000000663,singles,21/250,2,0.04525012500000331,0.018100050000001325,0.09050025000000662,0.20019322373240514,0.18100050000001325,0.18100050000001325,1/1000,1/1000,1323/25000,5777/3550,0,2,0.17450025000000663,0.17450025000000663,0.17450025000000663,0.0,0.0,0.07800024999999702,0.07800024999999702,0.0
3,"[0.1, 0.3]",native_repeats,0.01,0.0025000000000000014,full_feasible_return_range,LLR,True,0.07200000000009385,H3_e0p1_0p3_native_joint_qNone_f0.0_U_asymmetric,38,numerically enlarged cost sublevel; not an exact eta-optimality assertion,0.015599999999999947,0.015600000000001323,5e-08,0.015600000000000105,1.5785983631388945e-16,0.16400350408497308,coupling,0.4359999999999998,0.21412506250000132,0.37060043600001147,0.16400350408497308,majority3,123729398606646557944/7187448701433078582125,2879/1775,0.09050025000000662,0.018100050000001325,0.09050025000000662,0.1640035040845207,0.1635699747468201,0.1635699747468201,1/10,1/20,15277003324750411985733/887442103070670623162500,2879/1775,7905014790128979843965411802383148870294808058208759212370152914949/478759138486201435725340961045544832960494371777933539804399545696000,162062016/99733453,0.16400350408497308,0.1640035040845207,0.1635699747468201,0.0004335293377005778,0.0004335293381529659,0.09200350408487923,0.09156997474672626,0.00471209594096554
3,"[0.1, 0.3]",native_repeats,0.01,0.0025000000000000014,full_feasible_return_range,LRR,True,0.0840000000014226,H3_e0p1_0p3_native_tagged_qNone_f0.0_U_asymmetric,38,numerically enlarged cost sublevel; not an exact eta-optimality assertion,0.015599999999999947,0.015600000000001323,5e-08,0.015600000000000105,1.5785983631388945e-16,0.18839415177967223,coupling,0.40000000000000013,0.21558385370879277,0.3400004000000106,0.18839415177967223,majority3,441/12500,4991/2950,0.09050025000000662,0.018100050000001325,0.09050025000000662,0.1883941517796729,0.17331290415353345,0.17331290415353345,1/100,1/10,52037792940799/1474994130975000,4991/2950,37467696616912113113638883593693700499040375797904206108205178878052197562802083918719/1666803529574617318686123082060399232940418969291125134811034218290529914501216976800000,1585493043/951293416,0.18839415177967223,0.18839415177967223,0.17331290415353345,0.015081247626138772,0.015081247626138772,0.10439415177824962,0.08931290415211085,0.14446448741854645
3,"[0.1, 0.3]",native_repeats,0.01,0.0025000000000000014,full_feasible_return_range,adaptive_L,True,0.12210309278350573,H3_e0p1_0p3_native_tagged_qNone_f0.0_world,38,numerically enlarged cost sublevel; not an exact eta-optimality assertion,0.015599999999999947,0.015600000000001323,5e-08,0.015600000000000292,3.452099717193846e-16,0.20312939426848586,coupling,0.43600000000000017,0.22727212132353114,0.3706004360000116,0.20312939426848586,majority3,9010197/184375000,314273/184375,0.09050025000000662,0.018100050000001325,0.09050025000000662,0.20312939426849472,0.1794261922800577,0.1794261922800577,1/20,1/10,223376429573397/4570935485937500,314273/184375,52032243441506214963633754224354488681247762765014172963/2905330430442309925284143465625447847632032768682937967000,1784653253/999966614,0.20312939426848586,0.20312939426848586,0.1794261922800577,0.023703201988428152,0.023703201988428152,0.08102630148498013,0.05732309949655198,0.29253713367161427
3,"[0.1, 0.3]",native_repeats,0.05,0.012500000000000006,full_feasible_return_range,LR,False,0.04745562086701084,H3_e0p1_0p3_native_repeats_qNone_f0.05_V,110,numerically enlarged cost sublevel; not an exact eta-optimality assertion,0.015599999999999947,0.015600000000001323,5e-08,0.028100000000753585,0.012500000000753637,0.19741806607143414,coupling,0.4,0.2266250625000017,0.4,0.19741806607143414,singles,2/25,117/70,0.07025012500000333,0.02810005000000133,0.14050025000000665,0.24451938529483058,0.24451938529501088,0.24451938529483058,1/100,1/100,28/1775,6820/4189,760301986837884508067308574615621636819511997752549934696953497/48197715236493583838529618222219274587319333832513529133068122250,6820/4189,0.19741806607143414,0.19741806607143414,0.19741806607143414,0.0,0.0,0.1499624452044233,0.1499624452044233,0.0
3,"[0.1, 0.3]",native_repeats,0.05,0.012500000000000006,full_feasible_return_range,LLL,False,0.10771428571428601,H3_e0p1_0p3_native_repeats_qNone_f0.05_U,110,numerically enlarged cost sublevel; not an exact eta-optimality assertion,0.015599999999999947,0.015600000000001323,5e-08,0.028100000000011865,0.012500000000011918,0.21250025000000666,coupling,0.4720000000000001,0.21250025000000689,0.4720000000000001,0.21250025000000666,singles,9/125,2,0.07025012500000333,0.02810005000000133,0.14050025000000665,0.28886708957628393,0.2810005000000133,0.2810005000000133,1/1000,1/1000,243/12500,5657/2950,0,2,0.21250025000000666,0.21250025000000666,0.21250025000000666,0.0,0.0,0.10478596428572065,0.10478596428572065,0.0
3,"[0.1, 0.3]",native_repeats,0.05,0.012500000000000006,full_feasible_return_range,RRR,False,0.13145562086701162,H3_e0p1_0p3_native_repeats_qNone_f0.05_V,110,numerically enlarged cost sublevel; not an exact eta-optimality assertion,0.015599999999999947,0.015600000000001323,5e-08,0.028100000000753585,0.012500000000753637,0.19612506250000158,triangle,0.284,0.19612506250000158,0.284,0.22450025000000667,singles,21/250,2,0.07025012500000333,0.02810005000000133,0.14050025000000665,0.2815594209155038,0.2810005000000133,0.2810005000000133,1/1000,1/1000,1323/25000,5777/3550,0,2,0.19612506250000158,0.19612506250000158,0.19612506250000158,0.0,0.0,0.06466944163298996,0.06466944163298996,0.0
3,"[0.1, 0.3]",native_repeats,0.05,0.012500000000000006,full_feasible_return_range,LLR,True,0.07200000000009385,H3_e0p1_0p3_native_joint_qNone_f0.0_U_asymmetric,110,numerically enlarged cost sublevel; not an exact eta-optimality assertion,0.015599999999999947,0.015600000000001323,5e-08,0.015600000000000105,1.5785983631388945e-16,0.21607023500000627,coupling,0.4359999999999998,0.22662506250000133,0.4359999999999998,0.21607023500000627,singles,21/250,47/25,0.07025012500000333,0.02810005000000133,0.14050025000000665,0.2451020956338165,0.24481754570979483,0.24481754570979483,1/10,1/20,15277003324750411985733/887442103070670623162500,2879/1775,7905014790128979843965411802383148870294808058208759212370152914949/478759138486201435725340961045544832960494371777933539804399545696000,162062016/99733453,0.21607023500000627,0.21607023500000627,0.21607023500000627,0.0,0.0,0.14407023499991242,0.14407023499991242,0.0
3,"[0.1, 0.3]",native_repeats,0.05,0.012500000000000006,full_feasible_return_range,LRR,True,0.09660000000000007,H3_e0p1_0p3_native_singles_qNone_f0.05_U_asymmetric,110,numerically enlarged cost sublevel; not an exact eta-optimality assertion,0.015599999999999947,0.015600000000001323,5e-08,0.027600000000000312,0.012000000000000365,0.22808385370879278,triangle,0.40000000000000013,0.22808385370879278,0.40000000000000013,0.24007023500000624,singles,27/250,47/25,0.07025012500000333,0.02810005000000133,0.14050025000000665,0.272987372118656,0.25664644858542307,0.25664644858542307,1/100,1/10,52037792940799/1474994130975000,4991/2950,37467696616912113113638883593693700499040375797904206108205178878052197562802083918719/1666803529574617318686123082060399232940418969291125134811034218290529914501216976800000,1585493043/951293416,0.22808385370879278,0.22808385370879278,0.22808385370879278,0.0,0.0,0.1314838537087927,0.1314838537087927,0.0
3,"[0.1, 0.3]",native_repeats,0.05,0.012500000000000006,full_feasible_return_range,adaptive_L,True,0.12210309278350573,H3_e0p1_0p3_native_tagged_qNone_f0.0_world,110,numerically enlarged cost sublevel; not an exact eta-optimality assertion,0.015599999999999947,0.015600000000001323,5e-08,0.015600000000000292,3.452099717193846e-16,0.23977212132353115,triangle,0.43600000000000017,0.23977212132353115,0.43600000000000017,0.24998221100000562,singles,657/5000,211/125,0.07025012500000333,0.02810005000000133,0.14050025000000665,0.2883559705396812,0.26866183415119727,0.26866183415119727,1/20,1/10,223376429573397/4570935485937500,314273/184375,52032243441506214963633754224354488681247762765014172963/2905330430442309925284143465625447847632032768682937967000,1784653253/999966614,0.23977212132353115,0.23977212132353115,0.23977212132353115,0.0,0.0,0.11766902854002542,0.11766902854002542,0.0
3,"[0.1, 0.3]",native_minimax,0.0,0.0,full_feasible_return_range,LR,False,0.008000000000004264,H3_e0p1_0p3_native_minimax_qNone_f0.0_parity,6,numerically enlarged cost sublevel; not an exact eta-optimality assertion,0.07999999999999996,0.08000000000000038,5e-08,0.08000000000000115,1.1934897514720433e-15,0.08000005000000038,triangle,0.4,0.08000005000000038,0.3232000800000006,0.14602061136309444,majority3,28/1775,6820/4189,0.08000005000000038,0.08000005000000038,0.08000005000000038,0.14602061136309444,0.14602061136327474,0.14602061136309444,1/100,1/100,28/1775,6820/4189,760301986837884508067308574615621636819511997752549934696953497/48197715236493583838529618222219274587319333832513529133068122250,6820/4189,0.08000005000000038,0.08000005000000038,0.08000005000000038,0.0,0.0,0.07200004999999611,0.07200004999999611,0.0
3,"[0.1, 0.3]",native_minimax,0.0,0.0,full_feasible_return_range,LLL,False,0.08000000000000115,H3_e0p1_0p3_native_minimax_qNone_f0.0_parity,6,numerically enlarged cost sublevel; not an exact eta-optimality assertion,0.07999999999999996,0.08000000000000038,5e-08,0.08000000000000115,1.1934897514720433e-15,0.08000005000000038,triangle,0.4720000000000001,0.08000005000000038,0.38137609440000075,0.17285026537288206,majority3,243/12500,5657/2950,0.08000005000000038,0.08000005000000038,0.08000005000000038,0.1728502653728821,0.16000010000000076,0.16000010000000076,1/1000,1/1000,243/12500,5657/2950,0,2,0.08000005000000038,0.08000005000000038,0.08000005000000038,0.0,0.0,4.9999999224281666e-08,4.9999999224281666e-08,
3,"[0.1, 0.3]",native_minimax,0.0,0.0,full_feasible_return_range,RRR,False,0.08000000000000222,H3_e0p1_0p3_native_minimax_qNone_f0.0_V,6,numerically enlarged cost sublevel; not an exact eta-optimality assertion,0.07999999999999996,0.08000000000000038,5e-08,0.08000000000000222,2.2620794126737565e-15,0.08000005000000038,triangle,0.284,0.08000005000000038,0.22947205680000035,0.18310599685915555,majority3,1323/25000,5777/3550,0.08000005000000038,0.08000005000000038,0.08000005000000038,0.18310599685915555,0.16000010000000076,0.16000010000000076,1/1000,1/1000,1323/25000,5777/3550,0,2,0.08000005000000038,0.08000005000000038,0.08000005000000038,0.0,0.0,4.9999998155692005e-08,4.9999998155692005e-08,
3,"[0.1, 0.3]",native_minimax,0.0,0.0,full_feasible_return_range,LLR,True,0.07200000000000009,H3_e0p1_0p3_native_minimax_qNone_f0.0_U_asymmetric,6,numerically enlarged cost sublevel; not an exact eta-optimality assertion,0.07999999999999996,0.08000000000000038,5e-08,0.08000000000000065,6.938893903907228e-16,0.14697247546524464,coupling,0.4359999999999998,0.15200004999999994,0.3522880872000006,0.14697247546524464,majority3,123729398606646557944/7187448701433078582125,2879/1775,0.08000005000000038,0.08000005000000038,0.08000005000000038,0.14697247546479225,0.14650765985430142,0.14650765985430142,1/10,1/20,15277003324750411985733/887442103070670623162500,2879/1775,7905014790128979843965411802383148870294808058208759212370152914949/478759138486201435725340961045544832960494371777933539804399545696000,162062016/99733453,0.14697247546524464,0.14697247546479225,0.14650765985430142,0.00046481561049083187,0.00046481561094322,0.07497247546524455,0.07450765985430133,0.006199816773539743
3,"[0.1, 0.3]",native_minimax,0.0,0.0,full_feasible_return_range,LRR,True,0.0791600000000002,H3_e0p1_0p3_native_minimax_qNone_f0.0_parity,6,numerically enlarged cost sublevel; not an exact eta-optimality assertion,0.07999999999999996,0.08000000000000038,5e-08,0.08000000000000115,1.1934897514720433e-15,0.16400005000000037,triangle,0.40000000000000013,0.16400005000000037,0.3232000800000006,0.17062923713559386,majority3,441/12500,4991/2950,0.08000005000000038,0.08000005000000038,0.08000005000000038,0.17062923713559455,0.15581252648864852,0.15581252648864852,1/100,1/10,52037792940799/1474994130975000,4991/2950,37467696616912113113638883593693700499040375797904206108205178878052197562802083918719/1666803529574617318686123082060399232940418969291125134811034218290529914501216976800000,1585493043/951293416,0.16400005000000037,0.16400005000000037,0.15581252648864852,0.008187523511351852,0.008187523511351852,0.08484005000000017,0.07665252648864831,0.0965054064837519
3,"[0.1, 0.3]",native_minimax,0.0,0.0,full_feasible_return_range,adaptive_L,True,0.10942369629656218,H3_e0p1_0p3_native_minimax_qNone_f0.0_V,6,numerically enlarged cost sublevel; not an exact eta-optimality assertion,0.07999999999999996,0.08000000000000038,5e-08,0.08000000000000222,2.2620794126737565e-15,0.18523147234522097,coupling,0.43600000000000017,0.2021031427835055,0.3522880872000007,0.18523147234522097,majority3,9010197/184375000,314273/184375,0.08000005000000038,0.08000005000000038,0.08000005000000038,0.18523147234522985,0.16068635054453978,0.16068635054453978,1/20,1/10,223376429573397/4570935485937500,314273/184375,52032243441506214963633754224354488681247762765014172963/2905330430442309925284143465625447847632032768682937967000,1784653253/999966614,0.18523147234522097,0.18523147234522097,0.16068635054453978,0.02454512180068119,0.02454512180068119,0.07580777604865879,0.0512626542479776,0.3237810562458183
3,"[0.1, 0.3]",native_minimax,0.01,0.003920000000000003,full_feasible_return_range,LR,False,0.011920000000005284,H3_e0p1_0p3_native_minimax_qNone_f0.01_parity,13,numerically enlarged cost sublevel; not an exact eta-optimality assertion,0.07999999999999996,0.08000000000000038,5e-08,0.08392000000000005,0.00392000000000009,0.08392005000000038,triangle,0.4,0.08392005000000038,0.3294720800000006,0.15240265958462704,majority3,28/1775,6820/4189,0.08392005000000038,0.08392005000000038,0.08392005000000038,0.152402659584627,0.1524026595848073,0.152402659584627,1/100,1/100,28/1775,6820/4189,760301986837884508067308574615621636819511997752549934696953497/48197715236493583838529618222219274587319333832513529133068122250,6820/4189,0.08392005000000038,0.08392005000000038,0.08392005000000038,0.0,0.0,0.0720000499999951,0.0720000499999951,0.0
3,"[0.1, 0.3]",native_minimax,0.01,0.003920000000000003,full_feasible_return_range,LLL,False,0.08392000000000042,H3_e0p1_0p3_native_minimax_qNone_f0.01_U,13,numerically enlarged cost sublevel; not an exact eta-optimality assertion,0.07999999999999996,0.08000000000000038,5e-08,0.08392000000000042,0.003920000000000465,0.08392005000000038,triangle,0.4720000000000001,0.08392005000000038,0.3887770544000007,0.18036736367796685,majority3,243/12500,5657/2950,0.08392005000000038,0.08392005000000038,0.08392005000000038,0.18036736367796682,0.16784010000000077,0.16784010000000077,1/1000,1/1000,243/12500,5657/2950,0,2,0.08392005000000038,0.08392005000000038,0.08392005000000038,0.0,0.0,4.999999995980442e-08,4.999999995980442e-08,
3,"[0.1, 0.3]",native_minimax,0.01,0.003920000000000003,full_feasible_return_range,RRR,False,0.0839200000000975,H3_e0p1_0p3_native_minimax_qNone_f0.01_U_asymmetric,13,numerically enlarged cost sublevel; not an exact eta-optimality assertion,0.07999999999999996,0.08000000000000038,5e-08,0.0839200000000975,0.00392000000009754,0.08392005000000038,triangle,0.284,0.08392005000000038,0.23392517680000033,0.18948510671831048,majority3,1323/25000,5777/3550,0.08392005000000038,0.08392005000000038,0.08392005000000038,0.18948510671831048,0.16784010000000077,0.16784010000000077,1/1000,1/1000,1323/25000,5777/3550,0,2,0.08392005000000038,0.08392005000000038,0.08392005000000038,0.0,0.0,4.9999902884678704e-08,4.9999902884678704e-08,
3,"[0.1, 0.3]",native_minimax,0.01,0.003920000000000003,full_feasible_return_range,LLR,True,0.07200000000000172,H3_e0p1_0p3_native_repeats_qNone_f0.01_U_asymmetric,13,numerically enlarged cost sublevel; not an exact eta-optimality assertion,0.07999999999999996,0.08000000000000038,5e-08,0.08042857142857567,0.0004285714285757053,0.15333060504270943,coupling,0.4359999999999998,0.15592004999999992,0.3591245672000006,0.15333060504270943,majority3,123729398606646557944/7187448701433078582125,2879/1775,0.08392005000000038,0.08392005000000038,0.08392005000000038,0.15333060504225704,0.15287746941779864,0.15287746941779864,1/10,1/20,15277003324750411985733/887442103070670623162500,2879/1775,7905014790128979843965411802383148870294808058208759212370152914949/478759138486201435725340961045544832960494371777933539804399545696000,162062016/99733453,0.15333060504270943,0.15333060504225704,0.15287746941779864,0.00045313562445839506,0.0004531356249107832,0.08133060504270771,0.08087746941779693,0.005571526544931468
3,"[0.1, 0.3]",native_minimax,0.01,0.003920000000000003,full_feasible_return_range,LRR,True,0.08153828571428591,H3_e0p1_0p3_native_minimax_qNone_f0.01_V,13,numerically enlarged cost sublevel; not an exact eta-optimality assertion,0.07999999999999996,0.08000000000000038,5e-08,0.08392000000000983,0.003920000000009874,0.16792005000000038,triangle,0.40000000000000013,0.16792005000000038,0.3294720800000006,0.17726134561017015,majority3,441/12500,4991/2950,0.08392005000000038,0.08392005000000038,0.08392005000000038,0.17726134561017082,0.16234587637210865,0.16234587637210865,1/100,1/10,52037792940799/1474994130975000,4991/2950,37467696616912113113638883593693700499040375797904206108205178878052197562802083918719/1666803529574617318686123082060399232940418969291125134811034218290529914501216976800000,1585493043/951293416,0.16792005000000038,0.16792005000000038,0.16234587637210865,0.0055741736278917264,0.0055741736278917264,0.08638176428571447,0.08080759065782274,0.06452951816837996
3,"[0.1, 0.3]",native_minimax,0.01,0.003920000000000003,full_feasible_return_range,adaptive_L,True,0.11336041944682475,H3_e0p1_0p3_native_minimax_qNone_f0.01_V,13,numerically enlarged cost sublevel; not an exact eta-optimality assertion,0.07999999999999996,0.08000000000000038,5e-08,0.08392000000000983,0.003920000000009874,0.19191323592488202,coupling,0.43600000000000017,0.20602314278350548,0.3591245672000007,0.19191323592488202,majority3,9010197/184375000,314273/184375,0.08392005000000038,0.08392005000000038,0.08392005000000038,0.19191323592489087,0.16768242486723714,0.16768242486723714,1/20,1/10,223376429573397/4570935485937500,314273/184375,52032243441506214963633754224354488681247762765014172963/2905330430442309925284143465625447847632032768682937967000,1784653253/999966614,0.19191323592488202,0.19191323592488202,0.16768242486723714,0.02423081105764488,0.02423081105764488,0.07855281647805727,0.05432200542041239,0.3084652103392556
3,"[0.1, 0.3]",native_minimax,0.05,0.01960000000000002,full_feasible_return_range,LR,False,0.04226707851286071,H3_e0p1_0p3_native_minimax_qNone_f0.05_parity,75,numerically enlarged cost sublevel; not an exact eta-optimality assertion,0.07999999999999996,0.08000000000000038,5e-08,0.09960000000000008,0.019600000000000117,0.0996000500000004,triangle,0.4,0.0996000500000004,0.3545600800000006,0.1779308524707574,majority3,28/1775,6820/4189,0.0996000500000004,0.0996000500000004,0.0996000500000004,0.1779308524707574,0.1779308524709377,0.1779308524707574,1/100,1/100,28/1775,6820/4189,760301986837884508067308574615621636819511997752549934696953497/48197715236493583838529618222219274587319333832513529133068122250,6820/4189,0.0996000500000004,0.0996000500000004,0.0996000500000004,0.0,0.0,0.057332971487139686,0.057332971487139686,0.0
3,"[0.1, 0.3]",native_minimax,0.05,0.01960000000000002,full_feasible_return_range,LLL,False,0.09960000000000299,H3_e0p1_0p3_native_minimax_qNone_f0.05_U_asymmetric,75,numerically enlarged cost sublevel; not an exact eta-optimality assertion,0.07999999999999996,0.08000000000000038,5e-08,0.09960000000000299,0.01960000000000303,0.0996000500000004,triangle,0.4720000000000001,0.0996000500000004,0.41838089440000076,0.21043575689830585,majority3,243/12500,5657/2950,0.0996000500000004,0.0996000500000004,0.0996000500000004,0.21043575689830585,0.1992001000000008,0.1992001000000008,1/1000,1/1000,243/12500,5657/2950,0,2,0.0996000500000004,0.0996000500000004,0.0996000500000004,0.0,0.0,4.999999740629146e-08,4.999999740629146e-08,
3,"[0.1, 0.3]",native_minimax,0.05,0.01960000000000002,full_feasible_return_range,RRR,False,0.09960000000000063,H3_e0p1_0p3_native_minimax_qNone_f0.05_V,75,numerically enlarged cost sublevel; not an exact eta-optimality assertion,0.07999999999999996,0.08000000000000038,5e-08,0.09960000000000063,0.019600000000000672,0.0996000500000004,triangle,0.284,0.0996000500000004,0.2517376568000004,0.21500154615493022,majority3,1323/25000,5777/3550,0.0996000500000004,0.0996000500000004,0.0996000500000004,0.21500154615493022,0.1992001000000008,0.1992001000000008,1/1000,1/1000,1323/25000,5777/3550,0,2,0.0996000500000004,0.0996000500000004,0.0996000500000004,0.0,0.0,4.999999976551539e-08,4.999999976551539e-08,
3,"[0.1, 0.3]",native_minimax,0.05,0.01960000000000002,full_feasible_return_range,LLR,True,0.07200000000009385,H3_e0p1_0p3_native_joint_qNone_f0.0_U_asymmetric,75,numerically enlarged cost sublevel; not an exact eta-optimality assertion,0.07999999999999996,0.08000000000000038,5e-08,0.0840000000000001,0.004000000000000142,0.17160004999999995,triangle,0.4359999999999998,0.17160004999999995,0.3864704872000006,0.1787631233525686,majority3,123729398606646557944/7187448701433078582125,2879/1775,0.0996000500000004,0.0996000500000004,0.0996000500000004,0.17876312335211622,0.17835670767178755,0.17835670767178755,1/10,1/20,15277003324750411985733/887442103070670623162500,2879/1775,7905014790128979843965411802383148870294808058208759212370152914949/478759138486201435725340961045544832960494371777933539804399545696000,162062016/99733453,0.17160004999999995,0.17160004999999995,0.17160004999999995,0.0,0.0,0.0996000499999061,0.0996000499999061,0.0
3,"[0.1, 0.3]",native_minimax,0.05,0.01960000000000002,full_feasible_return_range,LRR,True,0.09310000000000218,H3_e0p1_0p3_native_singles_qNone_absolute0.005_U,75,numerically enlarged cost sublevel; not an exact eta-optimality assertion,0.07999999999999996,0.08000000000000038,5e-08,0.09700000000000028,0.01700000000000032,0.1836000500000004,triangle,0.40000000000000013,0.1836000500000004,0.3545600800000006,0.20378977950847527,majority3,441/12500,4991/2950,0.0996000500000004,0.0996000500000004,0.0996000500000004,0.20378977950847593,0.18847927590594926,0.18847927590594926,1/100,1/10,52037792940799/1474994130975000,4991/2950,37467696616912113113638883593693700499040375797904206108205178878052197562802083918719/1666803529574617318686123082060399232940418969291125134811034218290529914501216976800000,1585493043/951293416,0.1836000500000004,0.1836000500000004,0.1836000500000004,0.0,0.0,0.09050004999999822,0.09050004999999822,0.0
3,"[0.1, 0.3]",native_minimax,0.05,0.01960000000000002,full_feasible_return_range,adaptive_L,True,0.12210309278350573,H3_e0p1_0p3_native_tagged_qNone_f0.0_world,75,numerically enlarged cost sublevel; not an exact eta-optimality assertion,0.07999999999999996,0.08000000000000038,5e-08,0.08400000000000225,0.004000000000002293,0.2186402902435261,coupling,0.43600000000000017,0.2217031427835055,0.3864704872000007,0.2186402902435261,majority3,9010197/184375000,314273/184375,0.0996000500000004,0.0996000500000004,0.0996000500000004,0.21864029024353496,0.19566672215802652,0.19566672215802652,1/20,1/10,223376429573397/4570935485937500,314273/184375,52032243441506214963633754224354488681247762765014172963/2905330430442309925284143465625447847632032768682937967000,1784653253/999966614,0.2186402902435261,0.2186402902435261,0.19566672215802652,0.02297356808549958,0.02297356808549958,0.09653719746002037,0.0735636293745208,0.23797633129979545
3,"[0.1, 0.1]",native_repeats,,0.005,absolute,LR,False,0.01666666666667261,H3_e0p1_0p1_native_joint_qNone_absolute0.005_V,68,numerically enlarged cost sublevel; not an exact eta-optimality assertion,0.014400000000000718,0.014400000000000305,5e-08,0.01940000000000079,0.005000000000000074,0.1629891027777791,coupling,0.56,0.19400050000000307,0.2000004000000025,0.1629891027777791,singles,2/25,77/45,0.04850012500000077,0.019400050000000307,0.09700025000000154,0.17759466237056762,0.17737173196935285,0.17737173196935285,1/20,1/10,317855727772694940329/16744185659453606170000,1634417213/999541438,3640176397275983236468902838877355962169936643928450585334589514071163599/195376329817184909092275985770569127739192416833905587550032619644761600000,1407652817/860164885,0.1629891027777791,0.1629891027777791,0.1629891027777791,0.0,0.0,0.14632243611110649,0.14632243611110649,0.0
3,"[0.1, 0.1]",native_repeats,,0.005,absolute,LLL,False,0.08866666666667619,H3_e0p1_0p1_native_joint_qNone_absolute0.005_U,68,numerically enlarged cost sublevel; not an exact eta-optimality assertion,0.014400000000000718,0.014400000000000305,5e-08,0.019400000000001253,0.005000000000000535,0.16900025000000152,coupling,0.4720000000000001,0.16900025000000177,0.2360004720000029,0.16900025000000152,singles,9/125,2,0.04850012500000077,0.019400050000000307,0.09700025000000154,0.20545030991525992,0.19400050000000307,0.19400050000000307,1/20,1/1000,50077042464643/2575979550650000,5657/2950,0,2,0.16900025000000152,0.16900025000000152,0.16900025000000152,0.0,0.0,0.08033358333332533,0.08033358333332533,0.0
3,"[0.1, 0.1]",native_repeats,,0.005,absolute,RRR,False,0.08866666666667243,H3_e0p1_0p1_native_repeats_qNone_absolute0.005_V,68,numerically enlarged cost sublevel; not an exact eta-optimality assertion,0.014400000000000718,0.014400000000000305,5e-08,0.01940000000000111,0.005000000000000393,0.16900025000000152,coupling,0.47200000000000003,0.16900025000000168,0.2360004720000029,0.16900025000000152,singles,9/125,2,0.04850012500000077,0.019400050000000307,0.09700025000000154,0.20545030991525753,0.19400050000000307,0.19400050000000307,1/100,1/1000,57344963480749/2949843800450000,5657/2950,0,2,0.16900025000000152,0.16900025000000152,0.16900025000000152,0.0,0.0,0.08033358333332909,0.08033358333332909,0.0
3,"[0.1, 0.1]",native_repeats,,0.005,absolute,LLR,True,0.07200000000261561,H3_e0p1_0p1_native_repeats_qNone_f0.0_U,68,numerically enlarged cost sublevel; not an exact eta-optimality assertion,0.014400000000000718,0.014400000000000305,5e-08,0.014400000000000314,-4.0419056990259605e-16,0.1750602450000015,coupling,0.5600000000000003,0.2660005000000031,0.2360004720000029,0.1750602450000015,singles,2/25,49/25,0.04850012500000077,0.019400050000000307,0.09700025000000154,0.18109058474576528,0.18028136947026127,0.18028136947026127,1/100,1/20,14729/737500,98/59,15849832586592704388305752342404550804318422928733264768587/834543198696997735466305880116004069576691777725456359920000,1438144333/864908551,0.1750602450000015,0.1750602450000015,0.1750602450000015,0.0,0.0,0.10306024499738589,0.10306024499738589,0.0
3,"[0.1, 0.1]",native_repeats,,0.005,absolute,LRR,True,0.0727024390243922,H3_e0p1_0p1_native_tagged_qNone_f0.01_parity,68,numerically enlarged cost sublevel; not an exact eta-optimality assertion,0.014400000000000718,0.014400000000000305,5e-08,0.018400000000000628,0.00399999999999991,0.1750602450000015,coupling,0.5600000000000003,0.26600050000000314,0.2360004720000029,0.1750602450000015,singles,2/25,49/25,0.04850012500000077,0.019400050000000307,0.09700025000000154,0.18109058474576528,0.1802813694663654,0.1802813694663654,1/20,1/10,14729/737500,98/59,1675055161379726532573261651425257018840850014163/88196886940053984491294523667765580926711627633800,1594590758/958996361,0.1750602450000015,0.1750602450000015,0.1750602450000015,0.0,0.0,0.1023578059756093,0.1023578059756093,0.0
3,"[0.1, 0.1]",native_repeats,,0.005,absolute,adaptive_L,True,0.12319120879120932,H3_e0p1_0p1_native_singles_qNone_f0.0_world,68,numerically enlarged cost sublevel; not an exact eta-optimality assertion,0.014400000000000718,0.014400000000000305,5e-08,0.014400000000001405,6.869504964868156e-16,0.1997035100313586,coupling,0.530666666666667,0.27861848355263197,0.2360004720000029,0.1997035100313586,majority3,4535109/147500000,513837/295000,0.09700025000000154,0.019400050000000307,0.09700025000000154,0.19970351003140394,0.18932225095124408,0.18932225095124408,1/1000,1/10,164867293646757/5362148035000000,513837/295000,31064503701984413766290617780975352354413204792785143/2164291147569732177529291658880308801715819602060000000,9019/5000,0.1997035100313586,0.1997035100313586,0.18932225095124408,0.01038125908011453,0.01038125908011453,0.0765123012401493,0.06613104216003476,0.13568091551096934
3,"[0.25, 0.25]",native_repeats,,0.005,absolute,LR,False,0.016666666666668613,H3_e0p25_0p25_native_repeats_qNone_absolute0.005_V,82,numerically enlarged cost sublevel; not an exact eta-optimality assertion,0.018750000000000003,0.018750000000000367,5e-08,0.023750000000000566,0.005000000000000563,0.1820313125000005,triangle,0.3125,0.1820313125000005,0.27500025000000183,0.20192102785430285,majority3,5/88,3992/3267,0.11875025000000185,0.02375005000000037,0.11875025000000185,0.20192102785430285,0.20192102785431815,0.20192102785430285,1/1000,1/1000,5/88,3992/3267,1835473619817931540733431813144673545/32304335708786888350971676807428664448,3992/3267,0.1820313125000005,0.1820313125000005,0.1820313125000005,0.0,0.0,0.16536464583333188,0.16536464583333188,0.0
3,"[0.25, 0.25]",native_repeats,,0.005,absolute,LLL,False,0.11041666666666704,H3_e0p25_0p25_native_repeats_qNone_absolute0.005_U,82,numerically enlarged cost sublevel; not an exact eta-optimality assertion,0.018750000000000003,0.018750000000000367,5e-08,0.02375000000000039,0.005000000000000386,0.21250025000000183,triangle,0.34375,0.21250025000000183,0.34375,0.21250025000000183,singles,3/32,2,0.059375125000000924,0.02375005000000037,0.11875025000000185,0.2538001392045486,0.2375005000000037,0.2375005000000037,1/1000,1/1000,27/512,149/88,0,2,0.21250025000000183,0.21250025000000183,0.21250025000000183,0.0,0.0,0.1020835833333348,0.1020835833333348,0.0
3,"[0.25, 0.25]",native_repeats,,0.005,absolute,RRR,False,0.11041666666666777,H3_e0p25_0p25_native_repeats_qNone_absolute0.005_V,82,numerically enlarged cost sublevel; not an exact eta-optimality assertion,0.018750000000000003,0.018750000000000367,5e-08,0.023750000000000566,0.005000000000000563,0.21250025000000183,coupling,0.34375,0.21250025000000186,0.34375,0.21250025000000183,singles,3/32,2,0.059375125000000924,0.02375005000000037,0.11875025000000185,0.2538001392045486,0.2375005000000037,0.2375005000000037,1/1000,1/1000,27/512,149/88,0,2,0.21250025000000183,0.21250025000000183,0.21250025000000183,0.0,0.0,0.10208358333333406,0.10208358333333406,0.0
3,"[0.25, 0.25]",native_repeats,,0.005,absolute,LLR,True,0.09375000000124241,H3_e0p25_0p25_information_q0.5_f0.0_parity,82,numerically enlarged cost sublevel; not an exact eta-optimality assertion,0.018750000000000003,0.018750000000000367,5e-08,0.018750000000116368,1.1636525076852422e-13,0.18203131250000035,triangle,0.34375000000000017,0.18203131250000035,0.34375000000000017,0.21274889772727507,majority3,347/5632,14/11,0.11875025000000185,0.02375005000000037,0.11875025000000185,0.2127488977272751,0.2102275909096058,0.2102275909096058,1/1000,1/10,347/5632,14/11,111969804826391851770676883926896651343/1894873620122503452327940484644162569600,14/11,0.18203131250000035,0.18203131250000035,0.18203131250000035,0.0,0.0,0.08828131249875794,0.08828131249875794,0.0
3,"[0.25, 0.25]",native_repeats,,0.005,absolute,LRR,True,0.09375000000002497,H3_e0p25_0p25_native_tagged_qNone_f0.0_parity,82,numerically enlarged cost sublevel; not an exact eta-optimality assertion,0.018750000000000003,0.018750000000000367,5e-08,0.018750000000000818,8.153200337090993e-16,0.18203131250000018,triangle,0.34375,0.18203131250000018,0.34375,0.21274889772727507,majority3,347/5632,14/11,0.11875025000000185,0.02375005000000037,0.11875025000000185,0.2127488977272751,0.2102275909197648,0.2102275909197648,1/1000,1/10,347/5632,14/11,432123700850221305619784988189649334827942518040843/7312862628452304721673067294376791982001071084674432,14/11,0.18203131250000018,0.18203131250000018,0.18203131250000018,0.0,0.0,0.08828131249997521,0.08828131249997521,0.0
3,"[0.25, 0.25]",native_repeats,,0.005,absolute,adaptive_L,True,0.13125000000000234,H3_e0p25_0p25_native_singles_qNone,82,numerically enlarged cost sublevel; not an exact eta-optimality assertion,0.018750000000000003,0.018750000000000367,5e-08,0.01875000000000001,6.938893903907228e-18,0.18705363392857177,triangle,0.3437499999999999,0.18705363392857177,0.3437499999999999,0.2296876875000014,singles,9/64,3/2,0.059375125000000924,0.02375005000000037,0.11875025000000185,0.2368605829634272,0.22822196318182805,0.22822196318182805,1/1000,1/10,53484240382975/720495103246336,7713/5632,7235869686877/140797464332800,819/550,0.18705363392857177,0.18705363392857177,0.18705363392857177,0.0,0.0,0.055803633928569435,0.055803633928569435,0.0
3,"[0.1, 0.3]",native_repeats,,0.005,absolute,LR,False,0.02500000000000122,H3_e0p1_0p3_native_repeats_qNone_absolute0.005_V,65,numerically enlarged cost sublevel; not an exact eta-optimality assertion,0.015599999999999947,0.015600000000001323,5e-08,0.02060000000000049,0.005000000000000542,0.1660787803571484,coupling,0.4,0.20600050000001321,0.3600004000000106,0.1660787803571484,singles,2/25,117/70,0.051500125000003304,0.020600050000001324,0.10300025000000661,0.18346662807353667,0.18346662807371697,0.18346662807353667,1/100,1/100,28/1775,6820/4189,760301986837884508067308574615621636819511997752549934696953497/48197715236493583838529618222219274587319333832513529133068122250,6820/4189,0.1660787803571484,0.1660787803571484,0.1660787803571484,0.0,0.0,0.1410787803571472,0.1410787803571472,0.0
3,"[0.1, 0.3]",native_repeats,,0.005,absolute,LLL,False,0.0862857142857147,H3_e0p1_0p3_native_repeats_qNone_absolute0.005_U,65,numerically enlarged cost sublevel; not an exact eta-optimality assertion,0.015599999999999947,0.015600000000001323,5e-08,0.02060000000000467,0.005000000000004723,0.1750002500000066,coupling,0.4720000000000001,0.17500025000000685,0.42480047200001253,0.1750002500000066,singles,9/125,2,0.051500125000003304,0.020600050000001324,0.10300025000000661,0.21695607262713132,0.20600050000001321,0.20600050000001321,1/1000,1/1000,243/12500,5657/2950,0,2,0.1750002500000066,0.1750002500000066,0.1750002500000066,0.0,0.0,0.0887145357142919,0.0887145357142919,0.0
3,"[0.1, 0.3]",native_repeats,,0.005,absolute,RRR,False,0.10900000000001198,H3_e0p1_0p3_native_singles_qNone_absolute0.005_V,65,numerically enlarged cost sublevel; not an exact eta-optimality assertion,0.015599999999999947,0.015600000000001323,5e-08,0.020600000000001777,0.005000000000001829,0.18675006250000156,triangle,0.284,0.18675006250000156,0.25560028400000745,0.1870002500000066,singles,21/250,2,0.051500125000003304,0.020600050000001324,0.10300025000000661,0.22053477302817978,0.20600050000001321,0.20600050000001321,1/1000,1/1000,1323/25000,5777/3550,0,2,0.18675006250000156,0.18675006250000156,0.18675006250000156,0.0,0.0,0.07775006249998959,0.07775006249998959,0.0
3,"[0.1, 0.3]",native_repeats,,0.005,absolute,LLR,True,0.07200000000009385,H3_e0p1_0p3_native_joint_qNone_f0.0_U_asymmetric,65,numerically enlarged cost sublevel; not an exact eta-optimality assertion,0.015599999999999947,0.015600000000001323,5e-08,0.015600000000000105,1.5785983631388945e-16,0.1808202350000062,coupling,0.4359999999999998,0.2172500625000013,0.3924004360000115,0.1808202350000062,singles,21/250,47/25,0.051500125000003304,0.020600050000001324,0.10300025000000661,0.1842781519718446,0.18388186748756374,0.18388186748756374,1/10,1/20,15277003324750411985733/887442103070670623162500,2879/1775,7905014790128979843965411802383148870294808058208759212370152914949/478759138486201435725340961045544832960494371777933539804399545696000,162062016/99733453,0.1808202350000062,0.1808202350000062,0.1808202350000062,0.0,0.0,0.10882023499991236,0.10882023499991236,0.0
3,"[0.1, 0.3]",native_repeats,,0.005,absolute,LRR,True,0.0840000000014226,H3_e0p1_0p3_native_tagged_qNone_f0.0_U_asymmetric,65,numerically enlarged cost sublevel; not an exact eta-optimality assertion,0.015599999999999947,0.015600000000001323,5e-08,0.015600000000000105,1.5785983631388945e-16,0.2048202350000062,coupling,0.40000000000000013,0.21870885370879276,0.3600004000000106,0.2048202350000062,singles,27/250,47/25,0.051500125000003304,0.020600050000001324,0.10300025000000661,0.20954245686441864,0.19414629026150584,0.19414629026150584,1/100,1/10,52037792940799/1474994130975000,4991/2950,37467696616912113113638883593693700499040375797904206108205178878052197562802083918719/1666803529574617318686123082060399232940418969291125134811034218290529914501216976800000,1585493043/951293416,0.2048202350000062,0.2048202350000062,0.19414629026150584,0.010673944738500363,0.010673944738500363,0.1208202349985836,0.11014629026008324,0.08834567105936762
3,"[0.1, 0.3]",native_repeats,,0.005,absolute,adaptive_L,True,0.12210309278350573,H3_e0p1_0p3_native_tagged_qNone_f0.0_world,65,numerically enlarged cost sublevel; not an exact eta-optimality assertion,0.015599999999999947,0.015600000000001323,5e-08,0.015600000000000292,3.452099717193846e-16,0.21833221100000555,coupling,0.43600000000000017,0.23039712132353113,0.39240043600001157,0.21833221100000555,singles,657/5000,211/125,0.051500125000003304,0.020600050000001324,0.10300025000000661,0.2244360383362913,0.20173510274784257,0.20173510274784257,1/20,1/10,223376429573397/4570935485937500,314273/184375,52032243441506214963633754224354488681247762765014172963/2905330430442309925284143465625447847632032768682937967000,1784653253/999966614,0.21833221100000555,0.21833221100000555,0.20173510274784257,0.016597108252162984,0.016597108252162984,0.09622911821649982,0.07963200996433684,0.17247490738533214
4,"[0.1, 0.1]",native_repeats,0.0,0.0,full_feasible_return_range,LR,False,1.042048392019268e-14,H4_e0p1_0p1_native_minimax_qNone_f0.0_parity,12,numerically enlarged cost sublevel; not an exact eta-optimality assertion,0.007200000000000012,0.007200000000000279,5e-08,0.0072000000000079995,7.987534245135208e-15,0.07200050000000278,triangle,0.56,0.07200050000000278,0.10240040000000225,0.07784947302404935,majority3,28/1475,1383160/845883,0.03600025000000139,0.007200050000000279,0.03600025000000139,0.07784947302405026,0.07754572961283929,0.07754572961283929,1/20,1/10,317855727772694940329/16744185659453606170000,1634417213/999541438,3640176397275983236468902838877355962169936643928450585334589514071163599/195376329817184909092275985770569127739192416833905587550032619644761600000,1407652817/860164885,0.07200050000000278,0.07200050000000278,0.07200050000000278,0.0,0.0,0.07200049999999236,0.07200049999999236,0.0
4,"[0.1, 0.1]",native_repeats,0.0,0.0,full_feasible_return_range,LLL,False,0.07200000001326506,H4_e0p1_0p1_native_repeats_qNone_f0.0_U_asymmetric,12,numerically enlarged cost sublevel; not an exact eta-optimality assertion,0.007200000000000012,0.007200000000000279,5e-08,0.007200000001326597,1.3265846754428878e-12,0.07200050000000278,triangle,0.4720000000000001,0.07200050000000278,0.12083247200000265,0.08847505567796878,majority3,243/12500,5657/2950,0.03600025000000139,0.007200050000000279,0.03600025000000139,0.08847505567797148,0.07200050000000278,0.07200050000000278,1/20,1/1000,50077042464643/2575979550650000,5657/2950,0,2,0.07200050000000278,0.07200050000000278,0.07200050000000278,0.0,0.0,4.999867377203371e-07,4.999867377203371e-07,0.0
4,"[0.1, 0.1]",native_repeats,0.0,0.0,full_feasible_return_range,RRR,False,0.07200000000013532,H4_e0p1_0p1_native_repeats_qNone_f0.0_V,12,numerically enlarged cost sublevel; not an exact eta-optimality assertion,0.007200000000000012,0.007200000000000279,5e-08,0.007200000000013833,1.382140929484521e-14,0.07200050000000278,triangle,0.47200000000000003,0.07200050000000278,0.12083247200000265,0.08847505567796878,majority3,243/12500,5657/2950,0.03600025000000139,0.007200050000000279,0.03600025000000139,0.08847505567796911,0.07200050000000278,0.07200050000000278,1/100,1/1000,57344963480749/2949843800450000,5657/2950,0,2,0.07200050000000278,0.07200050000000278,0.07200050000000278,0.0,0.0,4.999998674676265e-07,4.999998674676265e-07,0.0
4,"[0.1, 0.1]",native_repeats,0.0,0.0,full_feasible_return_range,LLR,True,0.07200000000000968,H4_e0p1_0p1_native_repeats_qNone_f0.0_U,12,numerically enlarged cost sublevel; not an exact eta-optimality assertion,0.007200000000000012,0.007200000000000279,5e-08,0.007200000000000597,5.854691731421724e-16,0.07976855084754293,coupling,0.5600000000000003,0.1440005000000028,0.12083247200000265,0.07976855084754293,majority3,188046876684461838083/9415749307774751286500,98/59,0.03600025000000139,0.007200050000000279,0.03600025000000139,0.07976855084745993,0.07885237537421351,0.07885237537421351,1/100,1/20,14729/737500,98/59,15849832586592704388305752342404550804318422928733264768587/834543198696997735466305880116004069576691777725456359920000,1438144333/864908551,0.07976855084754293,0.07976855084745993,0.07885237537421351,0.0009161754732464195,0.0009161754733294225,0.007768550847533251,0.0068523753742038285,0.117933896721592
4,"[0.1, 0.1]",native_repeats,0.0,0.0,full_feasible_return_range,LRR,True,0.07200000000000167,H4_e0p1_0p1_native_repeats_qNone_f0.0_V,12,numerically enlarged cost sublevel; not an exact eta-optimality assertion,0.007200000000000012,0.007200000000000279,5e-08,0.007200000000013833,1.382140929484521e-14,0.07976855084745993,coupling,0.5600000000000003,0.14400050000000286,0.12083247200000265,0.07976855084745993,majority3,14729/737500,98/59,0.03600025000000139,0.007200050000000279,0.03600025000000139,0.07976855084745993,0.07885237537031768,0.07885237537031768,1/20,1/10,14729/737500,98/59,1675055161379726532573261651425257018840850014163/88196886940053984491294523667765580926711627633800,1594590758/958996361,0.07976855084745993,0.07976855084745993,0.07885237537031768,0.0009161754771422476,0.0009161754771422476,0.007768550847458255,0.006852375370316008,0.11793389721353313
4,"[0.1, 0.1]",native_repeats,0.0,0.0,full_feasible_return_range,adaptive_L,True,0.07200000000000698,H4_e0p1_0p1_native_repeats_qNone_f0.0_U_asymmetric,12,numerically enlarged cost sublevel; not an exact eta-optimality assertion,0.007200000000000012,0.007200000000000279,5e-08,0.007200000001326597,1.3265846754428878e-12,0.09345246935339224,coupling,0.530666666666667,0.1963641363636392,0.12083247200000265,0.09345246935339224,majority3,4535109/147500000,513837/295000,0.03600025000000139,0.007200050000000279,0.03600025000000139,0.09345246935343757,0.07907040825692614,0.07907040825692614,1/1000,1/20,164867293646757/5362148035000000,513837/295000,193278352306147817522877848107/14133226265025777676102553448000,198/109,0.09345246935339224,0.09345246935339224,0.07907040825692614,0.0143820610964661,0.0143820610964661,0.021452469353385267,0.007070408256919167,0.6704151796956915
4,"[0.1, 0.1]",native_repeats,0.01,0.0034320000000000006,full_feasible_return_range,LR,False,0.008580000000002886,H4_e0p1_0p1_native_repeats_qNone_f0.01_U,47,numerically enlarged cost sublevel; not an exact eta-optimality assertion,0.007200000000000012,0.007200000000000279,5e-08,0.010632000000001567,0.0034320000000015553,0.10590893940415155,coupling,0.56,0.10632050000000279,0.1298564000000023,0.10590893940415155,majority3,28/1475,1383160/845883,0.053160250000001394,0.01063205000000028,0.053160250000001394,0.10590893940415247,0.10562792962001583,0.10562792962001583,1/20,1/10,317855727772694940329/16744185659453606170000,1634417213/999541438,3640176397275983236468902838877355962169936643928450585334589514071163599/195376329817184909092275985770569127739192416833905587550032619644761600000,1407652817/860164885,0.10590893940415155,0.10590893940415155,0.10562792962001583,0.0002810097841357273,0.0002810097841357273,0.09732893940414866,0.09704792962001293,0.0028872171612685754
4,"[0.1, 0.1]",native_repeats,0.01,0.0034320000000000006,full_feasible_return_range,LLL,False,0.08058000000000198,H4_e0p1_0p1_native_repeats_qNone_f0.01_U,47,numerically enlarged cost sublevel; not an exact eta-optimality assertion,0.007200000000000012,0.007200000000000279,5e-08,0.010632000000001567,0.0034320000000015553,0.10632050000000279,triangle,0.4720000000000001,0.10632050000000279,0.15323055200000266,0.12138153703390098,majority3,243/12500,5657/2950,0.053160250000001394,0.01063205000000028,0.053160250000001394,0.1213815370339037,0.10632050000000279,0.10632050000000279,1/20,1/1000,50077042464643/2575979550650000,5657/2950,0,2,0.10632050000000279,0.10632050000000279,0.10632050000000279,0.0,0.0,0.025740500000000804,0.025740500000000804,0.0
4,"[0.1, 0.1]",native_repeats,0.01,0.0034320000000000006,full_feasible_return_range,RRR,False,0.08058000000000176,H4_e0p1_0p1_native_repeats_qNone_f0.01_V,47,numerically enlarged cost sublevel; not an exact eta-optimality assertion,0.007200000000000012,0.007200000000000279,5e-08,0.010632000000000377,0.0034320000000003653,0.10632050000000279,triangle,0.47200000000000003,0.10632050000000279,0.15323055200000266,0.12138153703390098,majority3,243/12500,5657/2950,0.053160250000001394,0.01063205000000028,0.053160250000001394,0.12138153703390132,0.10632050000000279,0.10632050000000279,1/100,1/1000,57344963480749/2949843800450000,5657/2950,0,2,0.10632050000000279,0.10632050000000279,0.10632050000000279,0.0,0.0,0.025740500000001026,0.025740500000001026,0.0
4,"[0.1, 0.1]",native_repeats,0.01,0.0034320000000000006,full_feasible_return_range,LLR,True,0.07200000000006018,H4_e0p1_0p1_information_q0.5_f0.05_U_asymmetric,47,numerically enlarged cost sublevel; not an exact eta-optimality assertion,0.007200000000000012,0.007200000000000279,5e-08,0.010539885289451443,0.0033398852894514306,0.10827160169500057,coupling,0.5600000000000003,0.17832050000000282,0.15323055200000266,0.10827160169500057,majority3,188046876684461838083/9415749307774751286500,98/59,0.053160250000001394,0.01063205000000028,0.053160250000001394,0.10827160169491756,0.1073855153527082,0.1073855153527082,1/100,1/20,14729/737500,98/59,15849832586592704388305752342404550804318422928733264768587/834543198696997735466305880116004069576691777725456359920000,1438144333/864908551,0.10827160169500057,0.10827160169491756,0.1073855153527082,0.0008860863422093662,0.0008860863422923693,0.036271601694940384,0.035385515352648014,0.024429203588656842
4,"[0.1, 0.1]",native_repeats,0.01,0.0034320000000000006,full_feasible_return_range,LRR,True,0.07200000000000441,H4_e0p1_0p1_native_repeats_qNone_f0.01_V,47,numerically enlarged cost sublevel; not an exact eta-optimality assertion,0.007200000000000012,0.007200000000000279,5e-08,0.010632000000000377,0.0034320000000003653,0.10827160169491756,coupling,0.5600000000000003,0.17832050000000288,0.15323055200000266,0.10827160169491756,majority3,14729/737500,98/59,0.053160250000001394,0.01063205000000028,0.053160250000001394,0.10827160169491756,0.10738551534881235,0.10738551534881235,1/20,1/10,14729/737500,98/59,1675055161379726532573261651425257018840850014163/88196886940053984491294523667765580926711627633800,1594590758/958996361,0.10827160169491756,0.10827160169491756,0.10738551534881235,0.0008860863461052082,0.0008860863461052082,0.036271601694913155,0.03538551534880795,0.024429203693794303
4,"[0.1, 0.1]",native_repeats,0.01,0.0034320000000000006,full_feasible_return_range,adaptive_L,True,0.08146308684752485,H4_e0p1_0p1_native_repeats_qNone_f0.01_parity,47,numerically enlarged cost sublevel; not an exact eta-optimality assertion,0.007200000000000012,0.007200000000000279,5e-08,0.01063200000000028,0.003432000000000268,0.1233421063703414,coupling,0.530666666666667,0.23068413636363921,0.15323055200000266,0.1233421063703414,majority3,4535109/147500000,513837/295000,0.053160250000001394,0.01063205000000028,0.053160250000001394,0.12334210637038673,0.11024178440371514,0.11024178440371514,1/1000,1/20,164867293646757/5362148035000000,513837/295000,193278352306147817522877848107/14133226265025777676102553448000,198/109,0.1233421063703414,0.1233421063703414,0.11024178440371514,0.013100321966626263,0.013100321966626263,0.04187901952281656,0.028778697556190294,0.31281348312103957
4,"[0.1, 0.1]",native_repeats,0.05,0.017160000000000005,full_feasible_return_range,LR,False,0.042900000000002776,H4_e0p1_0p1_native_repeats_qNone_f0.05_V,110,numerically enlarged cost sublevel; not an exact eta-optimality assertion,0.007200000000000012,0.007200000000000279,5e-08,0.024360000000000655,0.017160000000000643,0.18420688055555678,coupling,0.56,0.24360050000000286,0.23968040000000235,0.18420688055555678,singles,2/25,77/45,0.060900125000000714,0.024360050000000286,0.12180025000000143,0.2181468049245613,0.217956729648722,0.217956729648722,1/20,1/10,317855727772694940329/16744185659453606170000,1634417213/999541438,3640176397275983236468902838877355962169936643928450585334589514071163599/195376329817184909092275985770569127739192416833905587550032619644761600000,1407652817/860164885,0.18420688055555678,0.18420688055555678,0.18420688055555678,0.0,0.0,0.14130688055555402,0.14130688055555402,0.0
4,"[0.1, 0.1]",native_repeats,0.05,0.017160000000000005,full_feasible_return_range,LLL,False,0.11490000000000057,H4_e0p1_0p1_native_repeats_qNone_f0.05_U_asymmetric,110,numerically enlarged cost sublevel; not an exact eta-optimality assertion,0.007200000000000012,0.007200000000000279,5e-08,0.024360000000000305,0.017160000000000293,0.19380025000000142,coupling,0.4720000000000001,0.19380025000000167,0.2828228720000027,0.19380025000000142,singles,9/125,2,0.060900125000000714,0.024360050000000286,0.12180025000000143,0.25300746245763256,0.24360050000000286,0.24360050000000286,1/20,1/1000,50077042464643/2575979550650000,5657/2950,0,2,0.19380025000000142,0.19380025000000142,0.19380025000000142,0.0,0.0,0.07890025000000085,0.07890025000000085,0.0
4,"[0.1, 0.1]",native_repeats,0.05,0.017160000000000005,full_feasible_return_range,RRR,False,0.11490000000000102,H4_e0p1_0p1_native_repeats_qNone_f0.05_V,110,numerically enlarged cost sublevel; not an exact eta-optimality assertion,0.007200000000000012,0.007200000000000279,5e-08,0.024360000000000655,0.017160000000000643,0.19380025000000142,coupling,0.47200000000000003,0.1938002500000016,0.2828228720000027,0.19380025000000142,singles,9/125,2,0.060900125000000714,0.024360050000000286,0.12180025000000143,0.2530074624576302,0.24360050000000286,0.24360050000000286,1/100,1/1000,57344963480749/2949843800450000,5657/2950,0,2,0.19380025000000142,0.19380025000000142,0.19380025000000142,0.0,0.0,0.07890025000000041,0.07890025000000041,0.0
4,"[0.1, 0.1]",native_repeats,0.05,0.017160000000000005,full_feasible_return_range,LLR,True,0.072000000002862,H4_e0p1_0p1_native_singles_qNone_f0.0_U_asymmetric,110,numerically enlarged cost sublevel; not an exact eta-optimality assertion,0.007200000000000012,0.007200000000000279,5e-08,0.014341090909091638,0.007141090909091626,0.19936424500000138,coupling,0.5600000000000003,0.3156005000000029,0.2828228720000027,0.19936424500000138,singles,2/25,49/25,0.060900125000000714,0.024360050000000286,0.12180025000000143,0.22228380508474813,0.22151807526668696,0.22151807526668696,1/100,1/20,14729/737500,98/59,15849832586592704388305752342404550804318422928733264768587/834543198696997735466305880116004069576691777725456359920000,1438144333/864908551,0.19936424500000138,0.19936424500000138,0.19936424500000138,0.0,0.0,0.1273642449971394,0.1273642449971394,0.0
4,"[0.1, 0.1]",native_repeats,0.05,0.017160000000000005,full_feasible_return_range,LRR,True,0.07200000000000441,H4_e0p1_0p1_native_repeats_qNone_f0.01_V,110,numerically enlarged cost sublevel; not an exact eta-optimality assertion,0.007200000000000012,0.007200000000000279,5e-08,0.010632000000000377,0.0034320000000003653,0.19936424500000138,coupling,0.5600000000000003,0.31560050000000295,0.2828228720000027,0.19936424500000138,singles,2/25,49/25,0.060900125000000714,0.024360050000000286,0.12180025000000143,0.22228380508474813,0.22151807526279108,0.22151807526279108,1/20,1/10,14729/737500,98/59,1675055161379726532573261651425257018840850014163/88196886940053984491294523667765580926711627633800,1594590758/958996361,0.19936424500000138,0.19936424500000138,0.19936424500000138,0.0,0.0,0.127364244999997,0.127364244999997,0.0
4,"[0.1, 0.1]",native_repeats,0.05,0.017160000000000005,full_feasible_return_range,adaptive_L,True,0.1055159921550606,H4_e0p1_0p1_native_singles_qNone_f0.01_U,110,numerically enlarged cost sublevel; not an exact eta-optimality assertion,0.007200000000000012,0.007200000000000279,5e-08,0.01611253320454085,0.00891253320454084,0.23264301150000122,coupling,0.530666666666667,0.28481848355263195,0.2828228720000027,0.23264301150000122,singles,81/625,423/250,0.060900125000000714,0.024360050000000286,0.12180025000000143,0.2429006544381834,0.23405649095124387,0.23405649095124387,1/1000,1/10,164867293646757/5362148035000000,513837/295000,31064503701984413766290617780975352354413204792785143/2164291147569732177529291658880308801715819602060000000,9019/5000,0.23264301150000122,0.23264301150000122,0.23264301150000122,0.0,0.0,0.1271270193449406,0.1271270193449406,0.0
4,"[0.1, 0.1]",native_minimax,0.0,0.0,full_feasible_return_range,LR,False,1.042048392019268e-14,H4_e0p1_0p1_native_minimax_qNone_f0.0_parity,6,numerically enlarged cost sublevel; not an exact eta-optimality assertion,0.036000000000004306,0.036000000000001815,5e-08,0.03600000000000883,4.524158825347513e-15,0.03600005000000182,triangle,0.56,0.03600005000000182,0.10240008000000293,0.07784914599064234,majority3,28/1475,1383160/845883,0.03600005000000182,0.03600005000000182,0.03600005000000182,0.07784914599064327,0.07754540231447161,0.07754540231447161,1/20,1/10,317855727772694940329/16744185659453606170000,1634417213/999541438,3640176397275983236468902838877355962169936643928450585334589514071163599/195376329817184909092275985770569127739192416833905587550032619644761600000,1407652817/860164885,0.03600005000000182,0.03600005000000182,0.03600005000000182,0.0,0.0,0.036000049999991394,0.036000049999991394,0.0
4,"[0.1, 0.1]",native_minimax,0.0,0.0,full_feasible_return_range,LLL,False,0.036000000000059415,H4_e0p1_0p1_native_minimax_qNone_f0.0_U_asymmetric,6,numerically enlarged cost sublevel; not an exact eta-optimality assertion,0.036000000000004306,0.036000000000001815,5e-08,0.036000000000059415,5.510869538483121e-14,0.03600005000000182,triangle,0.4720000000000001,0.03600005000000182,0.12083209440000345,0.08847467215254586,majority3,243/12500,5657/2950,0.03600005000000182,0.03600005000000182,0.03600005000000182,0.08847467215254858,0.07200010000000363,0.07200010000000363,1/20,1/1000,50077042464643/2575979550650000,5657/2950,0,2,0.03600005000000182,0.03600005000000182,0.03600005000000182,0.0,0.0,4.999994240167949e-08,4.999994240167949e-08,
4,"[0.1, 0.1]",native_minimax,0.0,0.0,full_feasible_return_range,RRR,False,0.03600000000001006,H4_e0p1_0p1_native_minimax_qNone_f0.0_V,6,numerically enlarged cost sublevel; not an exact eta-optimality assertion,0.036000000000004306,0.036000000000001815,5e-08,0.03600000000001006,5.752343046339092e-15,0.03600005000000182,triangle,0.47200000000000003,0.03600005000000182,0.12083209440000345,0.08847467215254586,majority3,243/12500,5657/2950,0.03600005000000182,0.03600005000000182,0.03600005000000182,0.0884746721525462,0.07200010000000363,0.07200010000000363,1/100,1/1000,57344963480749/2949843800450000,5657/2950,0,2,0.03600005000000182,0.03600005000000182,0.03600005000000182,0.0,0.0,4.9999991758031825e-08,4.9999991758031825e-08,
4,"[0.1, 0.1]",native_minimax,0.0,0.0,full_feasible_return_range,LLR,True,0.03600000000002469,H4_e0p1_0p1_native_minimax_qNone_f0.0_U_asymmetric,6,numerically enlarged cost sublevel; not an exact eta-optimality assertion,0.036000000000004306,0.036000000000001815,5e-08,0.036000000000059415,5.510869538483121e-14,0.0797682186441538,coupling,0.5600000000000003,0.10800005000000185,0.12083209440000345,0.0797682186441538,majority3,188046876684461838083/9415749307774751286500,98/59,0.03600005000000182,0.03600005000000182,0.03600005000000182,0.07976821864407083,0.07885204282013522,0.07885204282013522,1/100,1/20,14729/737500,98/59,15849832586592704388305752342404550804318422928733264768587/834543198696997735466305880116004069576691777725456359920000,1438144333/864908551,0.0797682186441538,0.07976821864407083,0.07885204282013522,0.0009161758239356055,0.0009161758240185808,0.04376821864412911,0.04285204282011053,0.020932444874392275
4,"[0.1, 0.1]",native_minimax,0.0,0.0,full_feasible_return_range,LRR,True,0.03595555555556469,H4_e0p1_0p1_native_minimax_qNone_f0.0_parity,6,numerically enlarged cost sublevel; not an exact eta-optimality assertion,0.036000000000004306,0.036000000000001815,5e-08,0.03600000000000883,4.524158825347513e-15,0.07976821864407081,coupling,0.5600000000000003,0.1080000500000019,0.12083209440000345,0.07976821864407081,majority3,14729/737500,98/59,0.03600005000000182,0.03600005000000182,0.03600005000000182,0.07976821864407083,0.07885204281623939,0.07885204281623939,1/20,1/10,14729/737500,98/59,1675055161379726532573261651425257018840850014163/88196886940053984491294523667765580926711627633800,1594590758/958996361,0.07976821864407081,0.07976821864407081,0.07885204281623939,0.0009161758278314197,0.0009161758278314197,0.04381266308850612,0.0428964872606747,0.02091121066940509
4,"[0.1, 0.1]",native_minimax,0.0,0.0,full_feasible_return_range,adaptive_L,True,0.060840000000010594,H4_e0p1_0p1_native_minimax_qNone_f0.0_parity,6,numerically enlarged cost sublevel; not an exact eta-optimality assertion,0.036000000000004306,0.036000000000001815,5e-08,0.03600000000000883,4.524158825347513e-15,0.0934521209893252,coupling,0.530666666666667,0.16036368636363824,0.12083209440000345,0.0934521209893252,majority3,4535109/147500000,513837/295000,0.03600005000000182,0.03600005000000182,0.03600005000000182,0.09345212098937052,0.07907004495417463,0.07907004495417463,1/1000,1/20,164867293646757/5362148035000000,513837/295000,193278352306147817522877848107/14133226265025777676102553448000,198/109,0.0934521209893252,0.0934521209893252,0.07907004495417463,0.01438207603515057,0.01438207603515057,0.03261212098931461,0.01823004495416404,0.44100400706420995
4,"[0.1, 0.1]",native_minimax,0.01,0.0052399999999999895,full_feasible_return_range,LR,False,3.3867873783233193e-14,H4_e0p1_0p1_native_minimax_qNone_f0.01_U_asymmetric,11,numerically enlarged cost sublevel; not an exact eta-optimality assertion,0.036000000000004306,0.036000000000001815,5e-08,0.041240000000001276,0.005239999999996969,0.041240050000001804,triangle,0.56,0.041240050000001804,0.11078408000000291,0.086417421272212,majority3,28/1475,1383160/845883,0.041240050000001804,0.041240050000001804,0.041240050000001804,0.08641742127221291,0.08612061956608028,0.08612061956608028,1/20,1/10,317855727772694940329/16744185659453606170000,1634417213/999541438,3640176397275983236468902838877355962169936643928450585334589514071163599/195376329817184909092275985770569127739192416833905587550032619644761600000,1407652817/860164885,0.041240050000001804,0.041240050000001804,0.041240050000001804,0.0,0.0,0.041240049999967936,0.041240049999967936,0.0
4,"[0.1, 0.1]",native_minimax,0.01,0.0052399999999999895,full_feasible_return_range,LLL,False,0.04124000000000454,H4_e0p1_0p1_native_minimax_qNone_f0.01_parity,11,numerically enlarged cost sublevel; not an exact eta-optimality assertion,0.036000000000004306,0.036000000000001815,5e-08,0.04124000000000454,0.005240000000000231,0.041240050000001804,triangle,0.4720000000000001,0.041240050000001804,0.1307252144000034,0.09852303825424075,majority3,243/12500,5657/2950,0.041240050000001804,0.041240050000001804,0.041240050000001804,0.09852303825424347,0.08248010000000361,0.08248010000000361,1/20,1/1000,50077042464643/2575979550650000,5657/2950,0,2,0.041240050000001804,0.041240050000001804,0.041240050000001804,0.0,0.0,4.9999997267513585e-08,4.9999997267513585e-08,
4,"[0.1, 0.1]",native_minimax,0.01,0.0052399999999999895,full_feasible_return_range,RRR,False,0.041240000000001956,H4_e0p1_0p1_native_minimax_qNone_f0.01_V,11,numerically enlarged cost sublevel; not an exact eta-optimality assertion,0.036000000000004306,0.036000000000001815,5e-08,0.041240000000001956,0.005239999999997649,0.041240050000001804,triangle,0.47200000000000003,0.041240050000001804,0.1307252144000034,0.09852303825424075,majority3,243/12500,5657/2950,0.041240050000001804,0.041240050000001804,0.041240050000001804,0.09852303825424108,0.08248010000000361,0.08248010000000361,1/100,1/1000,57344963480749/2949843800450000,5657/2950,0,2,0.041240050000001804,0.041240050000001804,0.041240050000001804,0.0,0.0,4.999999984878212e-08,4.999999984878212e-08,
4,"[0.1, 0.1]",native_minimax,0.01,0.0052399999999999895,full_feasible_return_range,LLR,True,0.041240000000003094,H4_e0p1_0p1_native_minimax_qNone_f0.01_U_asymmetric,11,numerically enlarged cost sublevel; not an exact eta-optimality assertion,0.036000000000004306,0.036000000000001815,5e-08,0.041240000000001276,0.005239999999996969,0.08847194745771311,coupling,0.5600000000000003,0.11324005000000184,0.1307252144000034,0.08847194745771311,majority3,188046876684461838083/9415749307774751286500,98/59,0.041240050000001804,0.041240050000001804,0.041240050000001804,0.08847194745763011,0.08756495969002519,0.08756495969002519,1/100,1/20,14729/737500,98/59,15849832586592704388305752342404550804318422928733264768587/834543198696997735466305880116004069576691777725456359920000,1438144333/864908551,0.08847194745771311,0.08847194745763011,0.08756495969002519,0.0009069877676049221,0.0009069877676879251,0.04723194745771002,0.046324959690022094,0.019202845034073875
4,"[0.1, 0.1]",native_minimax,0.01,0.0052399999999999895,full_feasible_return_range,LRR,True,0.03953222600358462,H4_e0p1_0p1_native_minimax_qNone_f0.01_V,11,numerically enlarged cost sublevel; not an exact eta-optimality assertion,0.036000000000004306,0.036000000000001815,5e-08,0.041240000000001956,0.005239999999997649,0.08847194745763012,coupling,0.5600000000000003,0.11324005000000188,0.1307252144000034,0.08847194745763012,majority3,14729/737500,98/59,0.041240050000001804,0.041240050000001804,0.041240050000001804,0.08847194745763011,0.08756495968612935,0.08756495968612935,1/20,1/10,14729/737500,98/59,1675055161379726532573261651425257018840850014163/88196886940053984491294523667765580926711627633800,1594590758/958996361,0.08847194745763012,0.08847194745763011,0.08756495968612935,0.000906987771500764,0.0009069877715007779,0.0489397214540455,0.04803273368254472,0.018532753038908105
4,"[0.1, 0.1]",native_minimax,0.01,0.0052399999999999895,full_feasible_return_range,adaptive_L,True,0.06328988783717641,H4_e0p1_0p1_native_minimax_qNone_f0.01_parity,11,numerically enlarged cost sublevel; not an exact eta-optimality assertion,0.036000000000004306,0.036000000000001815,5e-08,0.04124000000000454,0.005240000000000231,0.10257925956559635,coupling,0.530666666666667,0.1656036863636382,0.1307252144000034,0.10257925956559635,majority3,4535109/147500000,513837/295000,0.041240050000001804,0.041240050000001804,0.041240050000001804,0.10257925956564168,0.08858857706426634,0.08858857706426634,1/1000,1/20,164867293646757/5362148035000000,513837/295000,193278352306147817522877848107/14133226265025777676102553448000,198/109,0.10257925956559635,0.10257925956559635,0.08858857706426634,0.01399068250133001,0.01399068250133001,0.03928937172841994,0.02529868922708993,0.3560933119022074
4,"[0.1, 0.1]",native_minimax,0.05,0.026199999999999946,full_feasible_return_range,LR,False,3.3867873783233193e-14,H4_e0p1_0p1_native_minimax_qNone_f0.01_U_asymmetric,17,numerically enlarged cost sublevel; not an exact eta-optimality assertion,0.036000000000004306,0.036000000000001815,5e-08,0.041240000000001276,0.005239999999996969,0.06220005000000176,triangle,0.56,0.06220005000000176,0.14432008000000285,0.12069052239849062,majority3,28/1475,1383160/845883,0.06220005000000176,0.06220005000000176,0.06220005000000176,0.12069052239849151,0.12042148857251493,0.12042148857251493,1/20,1/10,317855727772694940329/16744185659453606170000,1634417213/999541438,3640176397275983236468902838877355962169936643928450585334589514071163599/195376329817184909092275985770569127739192416833905587550032619644761600000,1407652817/860164885,0.06220005000000176,0.06220005000000176,0.06220005000000176,0.0,0.0,0.062200049999967894,0.062200049999967894,0.0
4,"[0.1, 0.1]",native_minimax,0.05,0.026199999999999946,full_feasible_return_range,LLL,False,0.062200000000006375,H4_e0p1_0p1_native_minimax_qNone_f0.05_U_asymmetric,17,numerically enlarged cost sublevel; not an exact eta-optimality assertion,0.036000000000004306,0.036000000000001815,5e-08,0.062200000000006375,0.02620000000000207,0.06220005000000176,triangle,0.4720000000000001,0.06220005000000176,0.17029769440000334,0.1387165026610203,majority3,243/12500,5657/2950,0.06220005000000176,0.06220005000000176,0.06220005000000176,0.13871650266102303,0.12440010000000352,0.12440010000000352,1/20,1/1000,50077042464643/2575979550650000,5657/2950,0,2,0.06220005000000176,0.06220005000000176,0.06220005000000176,0.0,0.0,4.999999538707334e-08,4.999999538707334e-08,
4,"[0.1, 0.1]",native_minimax,0.05,0.026199999999999946,full_feasible_return_range,RRR,False,0.062200000000002836,H4_e0p1_0p1_native_minimax_qNone_f0.05_V,17,numerically enlarged cost sublevel; not an exact eta-optimality assertion,0.036000000000004306,0.036000000000001815,5e-08,0.062200000000002836,0.02619999999999853,0.06220005000000176,triangle,0.47200000000000003,0.06220005000000176,0.17029769440000334,0.1387165026610203,majority3,243/12500,5657/2950,0.06220005000000176,0.06220005000000176,0.06220005000000176,0.13871650266102067,0.12440010000000352,0.12440010000000352,1/100,1/1000,57344963480749/2949843800450000,5657/2950,0,2,0.06220005000000176,0.06220005000000176,0.06220005000000176,0.0,0.0,4.999999892590923e-08,4.999999892590923e-08,
4,"[0.1, 0.1]",native_minimax,0.05,0.026199999999999946,full_feasible_return_range,LLR,True,0.06220000000002321,H4_e0p1_0p1_native_minimax_qNone_f0.05_U_asymmetric,17,numerically enlarged cost sublevel; not an exact eta-optimality assertion,0.036000000000004306,0.036000000000001815,5e-08,0.062200000000006375,0.02620000000000207,0.12328686271195033,coupling,0.5600000000000003,0.1342000500000018,0.17029769440000334,0.12328686271195033,majority3,188046876684461838083/9415749307774751286500,98/59,0.06220005000000176,0.06220005000000176,0.06220005000000176,0.12328686271186733,0.12241662716958504,0.12241662716958504,1/100,1/20,14729/737500,98/59,15849832586592704388305752342404550804318422928733264768587/834543198696997735466305880116004069576691777725456359920000,1438144333/864908551,0.12328686271195033,0.12328686271186733,0.12241662716958504,0.0008702355422822855,0.0008702355423652886,0.06108686271192712,0.06021662716956183,0.01424587061327961
4,"[0.1, 0.1]",native_minimax,0.05,0.026199999999999946,full_feasible_return_range,LRR,True,0.06162598754493356,H4_e0p1_0p1_native_minimax_qNone_f0.05_V,17,numerically enlarged cost sublevel; not an exact eta-optimality assertion,0.036000000000004306,0.036000000000001815,5e-08,0.062200000000002836,0.02619999999999853,0.12328686271186734,coupling,0.5600000000000003,0.13420005000000185,0.17029769440000334,0.12328686271186734,majority3,14729/737500,98/59,0.06220005000000176,0.06220005000000176,0.06220005000000176,0.12328686271186733,0.12241662716568918,0.12241662716568918,1/20,1/10,14729/737500,98/59,1675055161379726532573261651425257018840850014163/88196886940053984491294523667765580926711627633800,1594590758/958996361,0.12328686271186734,0.12328686271186733,0.12241662716568918,0.0008702355461781414,0.0008702355461781552,0.06166087516693378,0.06079063962075563,0.014113253239143565
4,"[0.1, 0.1]",native_minimax,0.05,0.026199999999999946,full_feasible_return_range,adaptive_L,True,0.09864201291862316,H4_e0p1_0p1_native_minimax_qNone_f0.05_parity,17,numerically enlarged cost sublevel; not an exact eta-optimality assertion,0.036000000000004306,0.036000000000001815,5e-08,0.06220000000000193,0.02619999999999762,0.13908781387068103,coupling,0.530666666666667,0.18656368636363818,0.17029769440000334,0.13908781387068103,majority3,4535109/147500000,513837/295000,0.06220005000000176,0.06220005000000176,0.06220005000000176,0.13908781387072636,0.12654965019124448,0.12654965019124448,1/1000,1/10,164867293646757/5362148035000000,513837/295000,31064503701984413766290617780975352354413204792785143/2164291147569732177529291658880308801715819602060000000,9019/5000,0.13908781387068103,0.13908781387068103,0.12654965019124448,0.012538163679436554,0.012538163679436554,0.04044580095205787,0.027907637272621313,0.3099991441459788
4,"[0.25, 0.25]",native_repeats,0.0,0.0,full_feasible_return_range,LR,False,6.522560269672795e-16,H4_e0p25_0p25_native_repeats_qNone,12,numerically enlarged cost sublevel; not an exact eta-optimality assertion,0.009375000000000244,0.009375000000001747,5e-08,0.009375000000001747,1.502270530195915e-15,0.09375050000001746,triangle,0.3125,0.09375050000001746,0.20312525000000872,0.11409580593818024,majority3,5/88,3992/3267,0.04687525000000873,0.009375050000001746,0.04687525000000873,0.11409580593818024,0.11409580593819556,0.11409580593818024,1/1000,1/1000,5/88,3992/3267,1835473619817931540733431813144673545/32304335708786888350971676807428664448,3992/3267,0.09375050000001746,0.09375050000001746,0.09375050000001746,0.0,0.0,0.0937505000000168,0.0937505000000168,0.0
4,"[0.25, 0.25]",native_repeats,0.0,0.0,full_feasible_return_range,LLL,False,0.09375000000002479,H4_e0p25_0p25_native_repeats_qNone_f0.0_U_asymmetric,12,numerically enlarged cost sublevel; not an exact eta-optimality assertion,0.009375000000000244,0.009375000000001747,5e-08,0.00937500000000265,2.4060614611798314e-15,0.09375050000001746,triangle,0.34375,0.09375050000001746,0.279297218750012,0.13210269602274205,majority3,27/512,149/88,0.04687525000000873,0.009375050000001746,0.04687525000000873,0.13210269602274205,0.09375050000001746,0.09375050000001746,1/1000,1/1000,27/512,149/88,0,2,0.09375050000001746,0.09375050000001746,0.09375050000001746,0.0,0.0,4.999999926730281e-07,4.999999926730281e-07,0.0
4,"[0.25, 0.25]",native_repeats,0.0,0.0,full_feasible_return_range,RRR,False,0.09375000000000673,H4_e0p25_0p25_native_repeats_qNone_f0.0_V,12,numerically enlarged cost sublevel; not an exact eta-optimality assertion,0.009375000000000244,0.009375000000001747,5e-08,0.009375000000000761,5.169475958410885e-16,0.09375050000001746,triangle,0.34375,0.09375050000001746,0.279297218750012,0.13210269602274205,majority3,27/512,149/88,0.04687525000000873,0.009375050000001746,0.04687525000000873,0.13210269602274205,0.09375050000001746,0.09375050000001746,1/1000,1/1000,27/512,149/88,0,2,0.09375050000001746,0.09375050000001746,0.09375050000001746,0.0,0.0,5.0000001072803e-07,5.0000001072803e-07,0.0
4,"[0.25, 0.25]",native_repeats,0.0,0.0,full_feasible_return_range,LLR,True,0.09375000000001003,H4_e0p25_0p25_native_repeats_qNone_f0.0_U,12,numerically enlarged cost sublevel; not an exact eta-optimality assertion,0.009375000000000244,0.009375000000001747,5e-08,0.009375000000000074,-1.700029006457271e-16,0.12127162500001111,coupling,0.34375000000000017,0.16406256250000206,0.279297218750012,0.12127162500001111,majority3,347/5632,14/11,0.04687525000000873,0.009375050000001746,0.04687525000000873,0.12127162500001111,0.11848294919791423,0.11848294919791423,1/1000,1/100,347/5632,14/11,1359999740241/23935995428224,246/187,0.12127162500001111,0.12127162500001111,0.11848294919791423,0.0027886758020968794,0.0027886758020968794,0.027521625000001076,0.024732949197904197,0.10132671316089695
4,"[0.25, 0.25]",native_repeats,0.0,0.0,full_feasible_return_range,LRR,True,0.09375000000000057,H4_e0p25_0p25_native_repeats_qNone_f0.0_V,12,numerically enlarged cost sublevel; not an exact eta-optimality assertion,0.009375000000000244,0.009375000000001747,5e-08,0.009375000000000761,5.169475958410885e-16,0.12127162500001111,coupling,0.34375,0.1640625625000019,0.279297218750012,0.12127162500001111,majority3,347/5632,14/11,0.04687525000000873,0.009375050000001746,0.04687525000000873,0.12127162500001111,0.11848294919849076,0.11848294919849076,1/1000,1/1000,347/5632,14/11,3399999275837/59839987254080,246/187,0.12127162500001111,0.12127162500001111,0.11848294919849076,0.0027886758015203544,0.0027886758015203544,0.02752162500001054,0.024732949198490187,0.10132671313991402
4,"[0.25, 0.25]",native_repeats,0.0,0.0,full_feasible_return_range,adaptive_L,True,0.09375000000000061,H4_e0p25_0p25_native_repeats_qNone_f0.0_U,12,numerically enlarged cost sublevel; not an exact eta-optimality assertion,0.009375000000000244,0.009375000000001747,5e-08,0.009375000000000074,-1.700029006457271e-16,0.1384280767489466,coupling,0.3437499999999999,0.1690848839285735,0.279297218750012,0.1384280767489466,majority3,26757/360448,7713/5632,0.04687525000000873,0.009375050000001746,0.04687525000000873,0.138428076748948,0.11929837500078978,0.11929837500078978,1/1000,1/20,53484240382975/720495103246336,7713/5632,6374539632592605030323851228549110042457467047390533/137620756510132768949129225633876373131199207196595712,657/422,0.1384280767489466,0.1384280767489466,0.11929837500078978,0.019129701748156827,0.019129701748156827,0.044678076748946,0.025548375000789172,0.42816752958391646
4,"[0.25, 0.25]",native_repeats,0.01,0.00215625,full_feasible_return_range,LR,False,0.005390625000004479,H4_e0p25_0p25_native_repeats_qNone_f0.01_V,25,numerically enlarged cost sublevel; not an exact eta-optimality assertion,0.009375000000000244,0.009375000000001747,5e-08,0.01153125000000201,0.002156250000001766,0.11531300000001746,triangle,0.3125,0.11531300000001746,0.21390650000000871,0.1272695892255999,majority3,5/88,3992/3267,0.05765650000000873,0.011531300000001746,0.05765650000000873,0.1272695892255999,0.1272695892256152,0.1272695892255999,1/1000,1/1000,5/88,3992/3267,1835473619817931540733431813144673545/32304335708786888350971676807428664448,3992/3267,0.11531300000001746,0.11531300000001746,0.11531300000001746,0.0,0.0,0.10992237500001298,0.10992237500001298,0.0
4,"[0.25, 0.25]",native_repeats,0.01,0.00215625,full_feasible_return_range,LLL,False,0.09914062500009217,H4_e0p25_0p25_native_repeats_qNone_f0.01_U,25,numerically enlarged cost sublevel; not an exact eta-optimality assertion,0.009375000000000244,0.009375000000001747,5e-08,0.011531250000009605,0.0021562500000093607,0.11531300000001746,triangle,0.34375,0.11531300000001746,0.29412143750001196,0.15035731250001477,majority3,27/512,149/88,0.05765650000000873,0.011531300000001746,0.05765650000000873,0.15035731250001477,0.11531300000001746,0.11531300000001746,1/1000,1/1000,27/512,149/88,0,2,0.11531300000001746,0.11531300000001746,0.11531300000001746,0.0,0.0,0.016172374999925285,0.016172374999925285,0.0
4,"[0.25, 0.25]",native_repeats,0.01,0.00215625,full_feasible_return_range,RRR,False,0.09914062500000462,H4_e0p25_0p25_native_repeats_qNone_f0.01_V,25,numerically enlarged cost sublevel; not an exact eta-optimality assertion,0.009375000000000244,0.009375000000001747,5e-08,0.01153125000000201,0.002156250000001766,0.11531300000001746,triangle,0.34375,0.11531300000001746,0.29412143750001196,0.15035731250001477,majority3,27/512,149/88,0.05765650000000873,0.011531300000001746,0.05765650000000873,0.15035731250001477,0.11531300000001746,0.11531300000001746,1/1000,1/1000,27/512,149/88,0,2,0.11531300000001746,0.11531300000001746,0.11531300000001746,0.0,0.0,0.01617237500001284,0.01617237500001284,0.0
4,"[0.25, 0.25]",native_repeats,0.01,0.00215625,full_feasible_return_range,LLR,True,0.09375000000001003,H4_e0p25_0p25_native_repeats_qNone_f0.0_U,25,numerically enlarged cost sublevel; not an exact eta-optimality assertion,0.009375000000000244,0.009375000000001747,5e-08,0.009375000000000074,-1.700029006457271e-16,0.13499321590910202,coupling,0.34375000000000017,0.16675787500000208,0.29412143750001196,0.13499321590910202,majority3,347/5632,14/11,0.05765650000000873,0.011531300000001746,0.05765650000000873,0.13499321590910202,0.13247190909143275,0.13247190909143275,1/1000,1/10,347/5632,14/11,111969804826391851770676883926896651343/1894873620122503452327940484644162569600,14/11,0.13499321590910202,0.13499321590910202,0.13247190909143275,0.0025213068176692666,0.0025213068176692666,0.04124321590909198,0.038721909091422715,0.06113264356559183
4,"[0.25, 0.25]",native_repeats,0.01,0.00215625,full_feasible_return_range,LRR,True,0.09375000000038435,H4_e0p25_0p25_native_repeats_qNone_f0.01_V,25,numerically enlarged cost sublevel; not an exact eta-optimality assertion,0.009375000000000244,0.009375000000001747,5e-08,0.01153125000000201,0.002156250000001766,0.13499321590910202,coupling,0.34375,0.16675787500000191,0.29412143750001196,0.13499321590910202,majority3,347/5632,14/11,0.05765650000000873,0.011531300000001746,0.05765650000000873,0.13499321590910202,0.13247190910159176,0.13247190910159176,1/1000,1/10,347/5632,14/11,432123700850221305619784988189649334827942518040843/7312862628452304721673067294376791982001071084674432,14/11,0.13499321590910202,0.13499321590910202,0.13247190910159176,0.002521306807510254,0.002521306807510254,0.04124321590871767,0.038721909101207416,0.061132643319827054
4,"[0.25, 0.25]",native_repeats,0.01,0.00215625,full_feasible_return_range,adaptive_L,True,0.09375000000000061,H4_e0p25_0p25_native_repeats_qNone_f0.0_U,25,numerically enlarged cost sublevel; not an exact eta-optimality assertion,0.009375000000000244,0.009375000000001747,5e-08,0.009375000000000074,-1.700029006457271e-16,0.1531929526811199,coupling,0.3437499999999999,0.1717801964285735,0.29412143750001196,0.1531929526811199,majority3,26757/360448,7713/5632,0.05765650000000873,0.011531300000001746,0.05765650000000873,0.1531929526811213,0.13608340165955754,0.13608340165955754,1/1000,1/20,53484240382975/720495103246336,7713/5632,6374539632592605030323851228549110042457467047390533/137620756510132768949129225633876373131199207196595712,657/422,0.1531929526811199,0.1531929526811199,0.13608340165955754,0.017109551021562364,0.017109551021562364,0.05944295268111929,0.04233340165955693,0.28783144594694443
4,"[0.25, 0.25]",native_repeats,0.05,0.010781250000000001,full_feasible_return_range,LR,False,0.027604166666666784,H4_e0p25_0p25_native_repeats_qNone_f0.05_parity,82,numerically enlarged cost sublevel; not an exact eta-optimality assertion,0.009375000000000244,0.009375000000001747,5e-08,0.02015625000000029,0.010781250000000044,0.1775391250000022,triangle,0.3125,0.1775391250000022,0.25703150000000874,0.17996472237527852,majority3,5/88,3992/3267,0.10078150000000875,0.02015630000000175,0.10078150000000875,0.17996472237527852,0.17996472237529385,0.17996472237527852,1/1000,1/1000,5/88,3992/3267,1835473619817931540733431813144673545/32304335708786888350971676807428664448,3992/3267,0.1775391250000022,0.1775391250000022,0.1775391250000022,0.0,0.0,0.14993495833333542,0.14993495833333542,0.0
4,"[0.25, 0.25]",native_repeats,0.05,0.010781250000000001,full_feasible_return_range,LLL,False,0.1207031250000786,H4_e0p25_0p25_native_repeats_qNone_f0.05_U,82,numerically enlarged cost sublevel; not an exact eta-optimality assertion,0.009375000000000244,0.009375000000001747,5e-08,0.020156250000091778,0.010781250000091534,0.19453150000000874,triangle,0.34375,0.19453150000000874,0.34375,0.19453150000000874,singles,3/32,2,0.050390750000004376,0.02015630000000175,0.10078150000000875,0.22337577840910572,0.2015630000000175,0.2015630000000175,1/1000,1/1000,27/512,149/88,0,2,0.19453150000000874,0.19453150000000874,0.19453150000000874,0.0,0.0,0.07382837499993014,0.07382837499993014,0.0
4,"[0.25, 0.25]",native_repeats,0.05,0.010781250000000001,full_feasible_return_range,RRR,False,0.12070312499999988,H4_e0p25_0p25_native_repeats_qNone_f0.05_V,82,numerically enlarged cost sublevel; not an exact eta-optimality assertion,0.009375000000000244,0.009375000000001747,5e-08,0.020156250000000143,0.010781249999999899,0.19453150000000874,coupling,0.34375,0.19453150000000877,0.34375,0.19453150000000874,singles,3/32,2,0.050390750000004376,0.02015630000000175,0.10078150000000875,0.22337577840910572,0.2015630000000175,0.2015630000000175,1/1000,1/1000,27/512,149/88,0,2,0.19453150000000874,0.19453150000000874,0.19453150000000874,0.0,0.0,0.07382837500000886,0.07382837500000886,0.0
4,"[0.25, 0.25]",native_repeats,0.05,0.010781250000000001,full_feasible_return_range,LLR,True,0.09375000000004882,H4_e0p25_0p25_native_tagged_qNone_f0.0_U_asymmetric,82,numerically enlarged cost sublevel; not an exact eta-optimality assertion,0.009375000000000244,0.009375000000001747,5e-08,0.018750000000000114,0.00937499999999987,0.17753912500000207,triangle,0.34375000000000017,0.17753912500000207,0.34375000000000017,0.1898795795454657,majority3,347/5632,14/11,0.10078150000000875,0.02015630000000175,0.10078150000000875,0.1898795795454657,0.1873582727277964,0.1873582727277964,1/1000,1/10,347/5632,14/11,111969804826391851770676883926896651343/1894873620122503452327940484644162569600,14/11,0.17753912500000207,0.17753912500000207,0.17753912500000207,0.0,0.0,0.08378912499995325,0.08378912499995325,0.0
4,"[0.25, 0.25]",native_repeats,0.05,0.010781250000000001,full_feasible_return_range,LRR,True,0.09375000000038435,H4_e0p25_0p25_native_repeats_qNone_f0.01_V,82,numerically enlarged cost sublevel; not an exact eta-optimality assertion,0.009375000000000244,0.009375000000001747,5e-08,0.01153125000000201,0.002156250000001766,0.1775391250000019,triangle,0.34375,0.1775391250000019,0.34375,0.1898795795454657,majority3,347/5632,14/11,0.10078150000000875,0.02015630000000175,0.10078150000000875,0.1898795795454657,0.1873582727379554,0.1873582727379554,1/1000,1/10,347/5632,14/11,432123700850221305619784988189649334827942518040843/7312862628452304721673067294376791982001071084674432,14/11,0.1775391250000019,0.1775391250000019,0.1775391250000019,0.0,0.0,0.08378912499961756,0.08378912499961756,0.0
4,"[0.25, 0.25]",native_repeats,0.05,0.010781250000000001,full_feasible_return_range,adaptive_L,True,0.13125000000000234,H4_e0p25_0p25_native_singles_qNone,82,numerically enlarged cost sublevel; not an exact eta-optimality assertion,0.009375000000000244,0.009375000000001747,5e-08,0.01875000000000001,0.009374999999999765,0.1825614464285735,triangle,0.3437499999999999,0.1825614464285735,0.3437499999999999,0.2122524564098131,majority3,26757/360448,7713/5632,0.10078150000000875,0.02015630000000175,0.10078150000000875,0.2122524564098145,0.20146486090911103,0.20146486090911103,1/1000,1/10,53484240382975/720495103246336,7713/5632,7235869686877/140797464332800,819/550,0.1825614464285735,0.1825614464285735,0.1825614464285735,0.0,0.0,0.05131144642857116,0.05131144642857116,0.0
4,"[0.25, 0.25]",native_minimax,0.0,0.0,full_feasible_return_range,LR,False,5.100087019371813e-16,H4_e0p25_0p25_native_minimax_qNone_f0.0_parity,6,numerically enlarged cost sublevel; not an exact eta-optimality assertion,0.046875,0.04687500000000192,5e-08,0.046875000000001166,1.1657341758564144e-15,0.046875050000001924,triangle,0.3125,0.046875050000001924,0.20312505000000192,0.11409556155494571,majority3,5/88,3992/3267,0.046875050000001924,0.046875050000001924,0.046875050000001924,0.11409556155494573,0.11409556155496103,0.11409556155494573,1/1000,1/1000,5/88,3992/3267,1835473619817931540733431813144673545/32304335708786888350971676807428664448,3992/3267,0.046875050000001924,0.046875050000001924,0.046875050000001924,0.0,0.0,0.04687505000000142,0.04687505000000142,0.0
4,"[0.25, 0.25]",native_minimax,0.0,0.0,full_feasible_return_range,LLL,False,0.04687500000000346,H4_e0p25_0p25_native_minimax_qNone_f0.0_world,6,numerically enlarged cost sublevel; not an exact eta-optimality assertion,0.046875,0.04687500000000192,5e-08,0.04687500000000346,3.462508058049707e-15,0.046875050000001924,triangle,0.34375,0.046875050000001924,0.27929694375000264,0.1321023573863669,majority3,27/512,149/88,0.046875050000001924,0.046875050000001924,0.046875050000001924,0.1321023573863669,0.09375010000000385,0.09375010000000385,1/1000,1/1000,27/512,149/88,0,2,0.046875050000001924,0.046875050000001924,0.046875050000001924,0.0,0.0,4.9999998461003337e-08,4.9999998461003337e-08,
4,"[0.25, 0.25]",native_minimax,0.0,0.0,full_feasible_return_range,RRR,False,0.04687500000000192,H4_e0p25_0p25_native_minimax_qNone,6,numerically enlarged cost sublevel; not an exact eta-optimality assertion,0.046875,0.04687500000000192,5e-08,0.04687500000000192,1.9220736113823023e-15,0.046875050000001924,triangle,0.34375,0.046875050000001924,0.27929694375000264,0.1321023573863669,majority3,27/512,149/88,0.046875050000001924,0.046875050000001924,0.046875050000001924,0.1321023573863669,0.09375010000000385,0.09375010000000385,1/1000,1/1000,27/512,149/88,0,2,0.046875050000001924,0.046875050000001924,0.046875050000001924,0.0,0.0,5.000000000143778e-08,5.000000000143778e-08,
4,"[0.25, 0.25]",native_minimax,0.0,0.0,full_feasible_return_range,LLR,True,0.0468750000000003,H4_e0p25_0p25_native_minimax_qNone_f0.0_U_asymmetric,6,numerically enlarged cost sublevel; not an exact eta-optimality assertion,0.046875,0.04687500000000192,5e-08,0.04687500000000051,5.065392549852277e-16,0.1212713704545479,coupling,0.34375000000000017,0.14062505000000192,0.27929694375000264,0.1212713704545479,majority3,347/5632,14/11,0.046875050000001924,0.046875050000001924,0.046875050000001924,0.1212713704545479,0.118482686096301,0.118482686096301,1/1000,1/100,347/5632,14/11,1359999740241/23935995428224,246/187,0.1212713704545479,0.1212713704545479,0.118482686096301,0.002788684358246904,0.002788684358246904,0.07439637045454761,0.0716076860963007,0.03748414527763351
4,"[0.25, 0.25]",native_minimax,0.0,0.0,full_feasible_return_range,LRR,True,0.04449168898347605,H4_e0p25_0p25_native_minimax_qNone,6,numerically enlarged cost sublevel; not an exact eta-optimality assertion,0.046875,0.04687500000000192,5e-08,0.04687500000000192,1.9220736113823023e-15,0.1212713704545479,coupling,0.34375,0.14062505000000192,0.27929694375000264,0.1212713704545479,majority3,347/5632,14/11,0.046875050000001924,0.046875050000001924,0.046875050000001924,0.1212713704545479,0.11848268609687754,0.11848268609687754,1/1000,1/1000,347/5632,14/11,3399999275837/59839987254080,246/187,0.1212713704545479,0.1212713704545479,0.11848268609687754,0.002788684357670365,0.002788684357670365,0.07677968147107185,0.07399099711340149,0.0363206033711022
4,"[0.25, 0.25]",native_minimax,0.0,0.0,full_feasible_return_range,adaptive_L,True,0.046155424166377496,H4_e0p25_0p25_native_minimax_qNone_f0.0_world,6,numerically enlarged cost sublevel; not an exact eta-optimality assertion,0.046875,0.04687500000000192,5e-08,0.04687500000000346,3.462508058049707e-15,0.13842780284978956,coupling,0.3437499999999999,0.1781250500000012,0.27929694375000264,0.13842780284978956,majority3,26757/360448,7713/5632,0.046875050000001924,0.046875050000001924,0.046875050000001924,0.13842780284979095,0.1192980636263716,0.1192980636263716,1/1000,1/20,53484240382975/720495103246336,7713/5632,6374539632592605030323851228549110042457467047390533/137620756510132768949129225633876373131199207196595712,657/422,0.13842780284978956,0.13842780284978956,0.1192980636263716,0.019129739223417958,0.019129739223417958,0.09227237868341207,0.07314263945999411,0.2073181541038666
4,"[0.25, 0.25]",native_minimax,0.01,0.0029687499999999996,full_feasible_return_range,LR,False,3.3063829452117943e-15,H4_e0p25_0p25_native_minimax_qNone_f0.01_parity,14,numerically enlarged cost sublevel; not an exact eta-optimality assertion,0.046875,0.04687500000000192,5e-08,0.04984375000000429,0.0029687500000042874,0.04984380000000192,triangle,0.3125,0.04984380000000192,0.20609380000000194,0.11772312506887286,majority3,5/88,3992/3267,0.04984380000000192,0.04984380000000192,0.04984380000000192,0.11772312506887286,0.11772312506888818,0.11772312506887286,1/1000,1/1000,5/88,3992/3267,1835473619817931540733431813144673545/32304335708786888350971676807428664448,3992/3267,0.04984380000000192,0.04984380000000192,0.04984380000000192,0.0,0.0,0.04984379999999862,0.04984379999999862,0.0
4,"[0.25, 0.25]",native_minimax,0.01,0.0029687499999999996,full_feasible_return_range,LLL,False,0.04984375000000429,H4_e0p25_0p25_native_minimax_qNone_f0.01_parity,14,numerically enlarged cost sublevel; not an exact eta-optimality assertion,0.046875,0.04687500000000192,5e-08,0.04984375000000429,0.0029687500000042874,0.04984380000000192,triangle,0.34375,0.04984380000000192,0.28337897500000264,0.13712899090909417,majority3,27/512,149/88,0.04984380000000192,0.04984380000000192,0.04984380000000192,0.13712899090909417,0.09968760000000385,0.09968760000000385,1/1000,1/1000,27/512,149/88,0,2,0.04984380000000192,0.04984380000000192,0.04984380000000192,0.0,0.0,4.999999763527496e-08,4.999999763527496e-08,
4,"[0.25, 0.25]",native_minimax,0.01,0.0029687499999999996,full_feasible_return_range,RRR,False,0.04984375000000105,H4_e0p25_0p25_native_minimax_qNone_f0.01_parity,14,numerically enlarged cost sublevel; not an exact eta-optimality assertion,0.046875,0.04687500000000192,5e-08,0.04984375000000429,0.0029687500000042874,0.04984380000000192,triangle,0.34375,0.04984380000000192,0.28337897500000264,0.13712899090909417,majority3,27/512,149/88,0.04984380000000192,0.04984380000000192,0.04984380000000192,0.13712899090909417,0.09968760000000385,0.09968760000000385,1/1000,1/1000,27/512,149/88,0,2,0.04984380000000192,0.04984380000000192,0.04984380000000192,0.0,0.0,5.0000000875738415e-08,5.0000000875738415e-08,
4,"[0.25, 0.25]",native_minimax,0.01,0.0029687499999999996,full_feasible_return_range,LLR,True,0.04984375000000016,H4_e0p25_0p25_native_minimax_qNone_f0.01_U_asymmetric,14,numerically enlarged cost sublevel; not an exact eta-optimality assertion,0.046875,0.04687500000000192,5e-08,0.04984375000000152,0.002968750000001519,0.12504977954545698,coupling,0.34375000000000017,0.1435938000000019,0.28337897500000264,0.12504977954545698,majority3,347/5632,14/11,0.04984380000000192,0.04984380000000192,0.04984380000000192,0.12504977954545698,0.12236092846225025,0.12236092846225025,1/1000,1/20,347/5632,14/11,34978657203768209046754531364201848005723451662627728359763/608973461969468081955404189706182934448255291492400804195328,807765115/620158877,0.12504977954545698,0.12504977954545698,0.12236092846225025,0.002688851083206739,0.002688851083206739,0.07520602954545683,0.07251717846225009,0.03575313175629775
4,"[0.25, 0.25]",native_minimax,0.01,0.0029687499999999996,full_feasible_return_range,LRR,True,0.046233512915347795,H4_e0p25_0p25_native_repeats_qNone,14,numerically enlarged cost sublevel; not an exact eta-optimality assertion,0.046875,0.04687500000000192,5e-08,0.047054024241844475,0.00017902424184447485,0.12504977954545698,coupling,0.34375,0.14359380000000194,0.28337897500000264,0.12504977954545698,majority3,347/5632,14/11,0.04984380000000192,0.04984380000000192,0.04984380000000192,0.12504977954545698,0.12236092845297042,0.12236092845297042,1/1000,1/20,347/5632,14/11,596776511897464470119244795035863777080912521257684601/10389794451342852091674251431791706687696854447528665600,4198/3223,0.12504977954545698,0.12504977954545698,0.12236092845297042,0.002688851092486566,0.002688851092486566,0.07881626663010918,0.07612741553762262,0.03411543336739802
4,"[0.25, 0.25]",native_minimax,0.01,0.0029687499999999996,full_feasible_return_range,adaptive_L,True,0.0491485587072757,H4_e0p25_0p25_native_repeats_qNone,14,numerically enlarged cost sublevel; not an exact eta-optimality assertion,0.046875,0.04687500000000192,5e-08,0.047054024241844475,0.00017902424184447485,0.14249349332386627,coupling,0.3437499999999999,0.1810938000000012,0.28337897500000264,0.14249349332386627,majority3,26757/360448,7713/5632,0.04984380000000192,0.04984380000000192,0.04984380000000192,0.14249349332386765,0.12392002748893084,0.12392002748893084,1/1000,1/20,53484240382975/720495103246336,7713/5632,6374539632592605030323851228549110042457467047390533/137620756510132768949129225633876373131199207196595712,657/422,0.14249349332386627,0.14249349332386627,0.12392002748893084,0.018573465834935424,0.018573465834935424,0.09334493461659057,0.07477146878165514,0.19897668696458956
4,"[0.25, 0.25]",native_minimax,0.05,0.014843749999999998,full_feasible_return_range,LR,False,3.83026943495679e-15,H4_e0p25_0p25_native_minimax_qNone_f0.05_parity,19,numerically enlarged cost sublevel; not an exact eta-optimality assertion,0.046875,0.04687500000000192,5e-08,0.061718750000000475,0.014843750000000475,0.06171880000000192,triangle,0.3125,0.06171880000000192,0.2179688000000019,0.13223337912458147,majority3,5/88,3992/3267,0.06171880000000192,0.06171880000000192,0.06171880000000192,0.13223337912458147,0.1322333791245968,0.13223337912458147,1/1000,1/1000,5/88,3992/3267,1835473619817931540733431813144673545/32304335708786888350971676807428664448,3992/3267,0.06171880000000192,0.06171880000000192,0.06171880000000192,0.0,0.0,0.06171879999999809,0.06171879999999809,0.0
4,"[0.25, 0.25]",native_minimax,0.05,0.014843749999999998,full_feasible_return_range,LLL,False,0.06171875000000068,H4_e0p25_0p25_native_minimax_qNone_f0.05_U_asymmetric,19,numerically enlarged cost sublevel; not an exact eta-optimality assertion,0.046875,0.04687500000000192,5e-08,0.06171875000000068,0.014843750000000683,0.06171880000000192,triangle,0.34375,0.06171880000000192,0.2997071000000026,0.15723552500000326,majority3,27/512,149/88,0.06171880000000192,0.06171880000000192,0.06171880000000192,0.15723552500000326,0.12343760000000384,0.12343760000000384,1/1000,1/1000,27/512,149/88,0,2,0.06171880000000192,0.06171880000000192,0.06171880000000192,0.0,0.0,5.00000012365609e-08,5.00000012365609e-08,
4,"[0.25, 0.25]",native_minimax,0.05,0.014843749999999998,full_feasible_return_range,RRR,False,0.06171875000000193,H4_e0p25_0p25_native_minimax_qNone_f0.05_V,19,numerically enlarged cost sublevel; not an exact eta-optimality assertion,0.046875,0.04687500000000192,5e-08,0.06171875000000193,0.014843750000001932,0.06171880000000192,triangle,0.34375,0.06171880000000192,0.2997071000000026,0.15723552500000326,majority3,27/512,149/88,0.06171880000000192,0.06171880000000192,0.06171880000000192,0.15723552500000326,0.12343760000000384,0.12343760000000384,1/1000,1/1000,27/512,149/88,0,2,0.06171880000000192,0.06171880000000192,0.06171880000000192,0.0,0.0,4.9999999987559995e-08,4.9999999987559995e-08,
4,"[0.25, 0.25]",native_minimax,0.05,0.014843749999999998,full_feasible_return_range,LLR,True,0.06171875000000017,H4_e0p25_0p25_native_minimax_qNone_f0.05_U_asymmetric,19,numerically enlarged cost sublevel; not an exact eta-optimality assertion,0.046875,0.04687500000000192,5e-08,0.06171875000000068,0.014843750000000683,0.14016341590909337,coupling,0.34375000000000017,0.1554688000000019,0.2997071000000026,0.14016341590909337,majority3,347/5632,14/11,0.06171880000000192,0.06171880000000192,0.06171880000000192,0.14016341590909334,0.13764210909142408,0.13764210909142408,1/1000,1/10,347/5632,14/11,111969804826391851770676883926896651343/1894873620122503452327940484644162569600,14/11,0.14016341590909337,0.14016341590909334,0.13764210909142408,0.0025213068176692666,0.0025213068176692943,0.0784446659090932,0.0759233590914239,0.03214121429991364
4,"[0.25, 0.25]",native_minimax,0.05,0.014843749999999998,full_feasible_return_range,LRR,True,0.046233512915347795,H4_e0p25_0p25_native_repeats_qNone,19,numerically enlarged cost sublevel; not an exact eta-optimality assertion,0.046875,0.04687500000000192,5e-08,0.047054024241844475,0.00017902424184447485,0.14016341590909337,coupling,0.34375,0.1554688000000019,0.2997071000000026,0.14016341590909337,majority3,347/5632,14/11,0.06171880000000192,0.06171880000000192,0.06171880000000192,0.14016341590909334,0.1376421091015831,0.1376421091015831,1/1000,1/10,347/5632,14/11,432123700850221305619784988189649334827942518040843/7312862628452304721673067294376791982001071084674432,14/11,0.14016341590909337,0.14016341590909334,0.1376421091015831,0.002521306807510254,0.002521306807510282,0.09392990299374557,0.09140859618623529,0.02684242959005468
4,"[0.25, 0.25]",native_minimax,0.05,0.014843749999999998,full_feasible_return_range,adaptive_L,True,0.05917174105344654,H4_e0p25_0p25_native_minimax_qNone_f0.05_world,19,numerically enlarged cost sublevel; not an exact eta-optimality assertion,0.046875,0.04687500000000192,5e-08,0.061718750000000364,0.014843750000000364,0.15875625522017306,coupling,0.3437499999999999,0.19296880000000122,0.2997071000000026,0.15875625522017306,majority3,26757/360448,7713/5632,0.06171880000000192,0.06171880000000192,0.06171880000000192,0.15875625522017447,0.1424078829391678,0.1424078829391678,1/1000,1/20,53484240382975/720495103246336,7713/5632,6374539632592605030323851228549110042457467047390533/137620756510132768949129225633876373131199207196595712,657/422,0.15875625522017306,0.15875625522017306,0.1424078829391678,0.016348372281005247,0.016348372281005247,0.09958451416672652,0.08323614188572127,0.16416580848739648
4,"[0.1, 0.3]",native_repeats,0.0,0.0,full_feasible_return_range,LR,False,2.8102520310824275e-16,H4_e0p1_0p3_native_repeats_qNone_f0.0_U,6,numerically enlarged cost sublevel; not an exact eta-optimality assertion,0.007199999999999873,0.007200000000000195,5e-08,0.007200000000000186,3.131175874138137e-16,0.07200050000000194,triangle,0.4,0.07200050000000194,0.25280040000000153,0.0743857018381491,majority3,28/1775,6820/4189,0.03600025000000097,0.007200050000000195,0.03600025000000097,0.0743857018381491,0.0743857018383294,0.0743857018381491,1/100,1/100,28/1775,6820/4189,760301986837884508067308574615621636819511997752549934696953497/48197715236493583838529618222219274587319333832513529133068122250,6820/4189,0.07200050000000194,0.07200050000000194,0.07200050000000194,0.0,0.0,0.07200050000000166,0.07200050000000166,0.0
4,"[0.1, 0.3]",native_repeats,0.0,0.0,full_feasible_return_range,LLL,False,0.07200000000001902,H4_e0p1_0p3_native_repeats_qNone_f0.0_V,6,numerically enlarged cost sublevel; not an exact eta-optimality assertion,0.007199999999999873,0.007200000000000195,5e-08,0.007200000000002004,2.1311077902375075e-15,0.07200050000000194,triangle,0.4720000000000001,0.07200050000000194,0.2983044720000018,0.08847505567796796,majority3,243/12500,5657/2950,0.03600025000000097,0.007200050000000195,0.03600025000000097,0.08847505567796796,0.07200050000000194,0.07200050000000194,1/1000,1/1000,243/12500,5657/2950,0,2,0.07200050000000194,0.07200050000000194,0.07200050000000194,0.0,0.0,4.999999829169433e-07,4.999999829169433e-07,0.0
4,"[0.1, 0.3]",native_repeats,0.0,0.0,full_feasible_return_range,RRR,False,4.3194614551822497e-16,H4_e0p1_0p3_native_repeats_qNone_f0.0_V,6,numerically enlarged cost sublevel; not an exact eta-optimality assertion,0.007199999999999873,0.007200000000000195,5e-08,0.007200000000002004,2.1311077902375075e-15,0.07200050000000194,triangle,0.284,0.07200050000000194,0.17948828400000102,0.11150406880281848,majority3,1323/25000,5777/3550,0.03600025000000097,0.007200050000000195,0.03600025000000097,0.11150406880281848,0.07200050000000194,0.07200050000000194,1/1000,1/1000,1323/25000,5777/3550,0,2,0.07200050000000194,0.07200050000000194,0.07200050000000194,0.0,0.0,0.07200050000000151,0.07200050000000151,0.0
4,"[0.1, 0.3]",native_repeats,0.0,0.0,full_feasible_return_range,LLR,True,0.0720000000000155,H4_e0p1_0p3_native_repeats_qNone_f0.0_world,6,numerically enlarged cost sublevel; not an exact eta-optimality assertion,0.007199999999999873,0.007200000000000195,5e-08,0.007200000000000475,6.019490461639521e-16,0.07515533782472772,coupling,0.4359999999999998,0.14400050000000147,0.2755524360000016,0.07515533782472772,majority3,7263/443750,26087/15975,0.03600025000000097,0.007200050000000195,0.03600025000000097,0.0751553378247286,0.07501012239716852,0.07501012239716852,1/20,1/20,65561899652594/4005657850865625,26087/15975,7905014790128979843965411802383148870294808058208759212370152914949/478759138486201435725340961045544832960494371777933539804399545696000,162062016/99733453,0.07515533782472772,0.07515533782472772,0.07501012239716852,0.00014521542755920047,0.00014521542755920047,0.0031553378247122232,0.0030101223971530228,0.04602214901424844
4,"[0.1, 0.3]",native_repeats,0.0,0.0,full_feasible_return_range,LRR,True,8.153200337090993e-17,H4_e0p1_0p3_native_repeats_qNone_f0.0_U,6,numerically enlarged cost sublevel; not an exact eta-optimality assertion,0.007199999999999873,0.007200000000000195,5e-08,0.007200000000000186,3.131175874138137e-16,0.09618754161017112,coupling,0.40000000000000013,0.15600050000000193,0.25280040000000153,0.09618754161017112,majority3,441/12500,4991/2950,0.03600025000000097,0.007200050000000195,0.03600025000000097,0.09618754161017182,0.0824689121425627,0.0824689121425627,1/100,1/20,52037792940799/1474994130975000,4991/2950,807056103410480957759222887461015015902065411469147/35956927336090172885699035192791566780108597244624000,997206785/598090661,0.09618754161017112,0.09618754161017112,0.0824689121425627,0.01371862946760842,0.01371862946760842,0.09618754161017104,0.08246891214256262,0.14262376642504593
4,"[0.1, 0.3]",native_repeats,0.0,0.0,full_feasible_return_range,adaptive_L,True,0.07200000000009998,H4_e0p1_0p3_native_repeats_qNone_f0.0_parity,6,numerically enlarged cost sublevel; not an exact eta-optimality assertion,0.007199999999999873,0.007200000000000195,5e-08,0.0072000000000001126,2.393918396847994e-16,0.110232426132883,coupling,0.43600000000000017,0.19410359278350703,0.2755524360000017,0.110232426132883,majority3,9010197/184375000,314273/184375,0.03600025000000097,0.007200050000000195,0.03600025000000097,0.11023242613289187,0.0809895795301118,0.0809895795301118,1/20,1/20,223376429573397/4570935485937500,314273/184375,4310432440107468091326564602292794143321505658231952935554590793889053/279815022121518024862807475353293685250135960714665328578583289331650000,1592470961/874122920,0.110232426132883,0.110232426132883,0.0809895795301118,0.02924284660277121,0.02924284660277121,0.03823242613278302,0.00898957953001181,0.764870283178196
4,"[0.1, 0.3]",native_repeats,0.01,0.002584000000000001,full_feasible_return_range,LR,False,0.006460000000000528,H4_e0p1_0p3_native_repeats_qNone_f0.01_U_asymmetric,36,numerically enlarged cost sublevel; not an exact eta-optimality assertion,0.007199999999999873,0.007200000000000195,5e-08,0.009784000000000334,0.002584000000000461,0.09542041179279222,coupling,0.4,0.09784050000000194,0.27347240000000156,0.09542041179279222,majority3,28/1775,6820/4189,0.04892025000000097,0.009784050000000195,0.04892025000000097,0.09542041179279222,0.09542041179297252,0.09542041179279222,1/100,1/100,28/1775,6820/4189,760301986837884508067308574615621636819511997752549934696953497/48197715236493583838529618222219274587319333832513529133068122250,6820/4189,0.09542041179279222,0.09542041179279222,0.09542041179279222,0.0,0.0,0.08896041179279168,0.08896041179279168,0.0
4,"[0.1, 0.3]",native_repeats,0.01,0.002584000000000001,full_feasible_return_range,LLL,False,0.07846000000000078,H4_e0p1_0p3_native_repeats_qNone_f0.01_U_asymmetric,36,numerically enlarged cost sublevel; not an exact eta-optimality assertion,0.007199999999999873,0.007200000000000195,5e-08,0.009784000000000334,0.002584000000000461,0.09784050000000194,triangle,0.4720000000000001,0.09784050000000194,0.32269743200000184,0.11325079805084932,majority3,243/12500,5657/2950,0.04892025000000097,0.009784050000000195,0.04892025000000097,0.11325079805084932,0.09784050000000194,0.09784050000000194,1/1000,1/1000,243/12500,5657/2950,0,2,0.09784050000000194,0.09784050000000194,0.09784050000000194,0.0,0.0,0.01938050000000116,0.01938050000000116,0.0
4,"[0.1, 0.3]",native_repeats,0.01,0.002584000000000001,full_feasible_return_range,RRR,False,0.0874600000000035,H4_e0p1_0p3_native_repeats_qNone_f0.01_V,36,numerically enlarged cost sublevel; not an exact eta-optimality assertion,0.007199999999999873,0.007200000000000195,5e-08,0.009784000000000488,0.0025840000000006153,0.09784050000000194,triangle,0.284,0.09784050000000194,0.19416540400000104,0.13252909415493117,majority3,1323/25000,5777/3550,0.04892025000000097,0.009784050000000195,0.04892025000000097,0.13252909415493117,0.09784050000000194,0.09784050000000194,1/1000,1/1000,1323/25000,5777/3550,0,2,0.09784050000000194,0.09784050000000194,0.09784050000000194,0.0,0.0,0.010380499999998447,0.010380499999998447,0.0
4,"[0.1, 0.3]",native_repeats,0.01,0.002584000000000001,full_feasible_return_range,LLR,True,0.0720000000000155,H4_e0p1_0p3_native_repeats_qNone_f0.0_world,36,numerically enlarged cost sublevel; not an exact eta-optimality assertion,0.007199999999999873,0.007200000000000195,5e-08,0.007200000000000475,6.019490461639521e-16,0.09625355629108139,coupling,0.4359999999999998,0.1698405000000015,0.29808491600000164,0.09625355629108139,majority3,7263/443750,26087/15975,0.04892025000000097,0.009784050000000195,0.04892025000000097,0.09625355629108227,0.09600449473400118,0.09600449473400118,1/20,1/20,65561899652594/4005657850865625,26087/15975,7905014790128979843965411802383148870294808058208759212370152914949/478759138486201435725340961045544832960494371777933539804399545696000,162062016/99733453,0.09625355629108139,0.09625355629108139,0.09600449473400118,0.00024906155708021016,0.00024906155708021016,0.02425355629106589,0.02400449473398568,0.010269073701655671
4,"[0.1, 0.3]",native_repeats,0.01,0.002584000000000001,full_feasible_return_range,LRR,True,0.08400000000001275,H4_e0p1_0p3_native_joint_qNone,36,numerically enlarged cost sublevel; not an exact eta-optimality assertion,0.007199999999999873,0.007200000000000195,5e-08,0.008684192285476264,0.0014841922854763913,0.11804642974576435,coupling,0.40000000000000013,0.18184050000000193,0.27347240000000156,0.11804642974576435,majority3,441/12500,4991/2950,0.04892025000000097,0.009784050000000195,0.04892025000000097,0.11804642974576503,0.10401064904355069,0.10401064904355069,1/100,1/20,52037792940799/1474994130975000,4991/2950,807056103410480957759222887461015015902065411469147/35956927336090172885699035192791566780108597244624000,997206785/598090661,0.11804642974576435,0.11804642974576435,0.10401064904355069,0.01403578070221366,0.01403578070221366,0.0340464297457516,0.020010649043537942,0.4122541131927373
4,"[0.1, 0.3]",native_repeats,0.01,0.002584000000000001,full_feasible_return_range,adaptive_L,True,0.07754348898696312,H4_e0p1_0p3_native_tagged_qNone,36,numerically enlarged cost sublevel; not an exact eta-optimality assertion,0.007199999999999873,0.007200000000000195,5e-08,0.009425312045336386,0.0022253120453365124,0.1322549734413576,coupling,0.43600000000000017,0.21687712132352974,0.2980849160000017,0.1322549734413576,majority3,9010197/184375000,314273/184375,0.04892025000000097,0.009784050000000195,0.04892025000000097,0.13225497344136644,0.10452714426542385,0.10452714426542385,1/20,1/20,223376429573397/4570935485937500,314273/184375,4310432440107468091326564602292794143321505658231952935554590793889053/279815022121518024862807475353293685250135960714665328578583289331650000,1592470961/874122920,0.1322549734413576,0.1322549734413576,0.10452714426542385,0.027727829175933735,0.027727829175933735,0.05471148445439447,0.026983655278460736,0.5068008929468302
4,"[0.1, 0.3]",native_repeats,0.05,0.012920000000000004,full_feasible_return_range,LR,False,0.03230000000000026,H4_e0p1_0p3_native_repeats_qNone_f0.05_U,83,numerically enlarged cost sublevel; not an exact eta-optimality assertion,0.007199999999999873,0.007200000000000195,5e-08,0.020120000000000107,0.012920000000000233,0.1640730660714294,coupling,0.4,0.201200500000002,0.3561604000000016,0.1640730660714294,singles,2/25,117/70,0.0503001250000005,0.0201200500000002,0.100600250000001,0.1795592516113647,0.179559251611545,0.1795592516113647,1/100,1/100,28/1775,6820/4189,760301986837884508067308574615621636819511997752549934696953497/48197715236493583838529618222219274587319333832513529133068122250,6820/4189,0.1640730660714294,0.1640730660714294,0.1640730660714294,0.0,0.0,0.13177306607142913,0.13177306607142913,0.0
4,"[0.1, 0.3]",native_repeats,0.05,0.012920000000000004,full_feasible_return_range,LLL,False,0.10430000000000034,H4_e0p1_0p3_native_repeats_qNone_f0.05_U,83,numerically enlarged cost sublevel; not an exact eta-optimality assertion,0.007199999999999873,0.007200000000000195,5e-08,0.020120000000000107,0.012920000000000233,0.172600250000001,coupling,0.4720000000000001,0.17260025000000123,0.4202692720000019,0.172600250000001,singles,9/125,2,0.0503001250000005,0.0201200500000002,0.100600250000001,0.2123537675423748,0.201200500000002,0.201200500000002,1/1000,1/1000,243/12500,5657/2950,0,2,0.172600250000001,0.172600250000001,0.172600250000001,0.0,0.0,0.06830025000000067,0.06830025000000067,0.0
4,"[0.1, 0.3]",native_repeats,0.05,0.012920000000000004,full_feasible_return_range,RRR,False,0.1132999999999997,H4_e0p1_0p3_native_repeats_qNone_f0.05_V,83,numerically enlarged cost sublevel; not an exact eta-optimality assertion,0.007199999999999873,0.007200000000000195,5e-08,0.020120000000000002,0.01292000000000013,0.18460025000000102,coupling,0.284,0.1846002500000012,0.25287388400000105,0.18460025000000102,singles,21/250,2,0.0503001250000005,0.0201200500000002,0.100600250000001,0.21662919556338192,0.201200500000002,0.201200500000002,1/1000,1/1000,1323/25000,5777/3550,0,2,0.18460025000000102,0.18460025000000102,0.18460025000000102,0.0,0.0,0.07130025000000131,0.07130025000000131,0.0
4,"[0.1, 0.3]",native_repeats,0.05,0.012920000000000004,full_feasible_return_range,LLR,True,0.0720000000000155,H4_e0p1_0p3_native_repeats_qNone_f0.0_world,83,numerically enlarged cost sublevel; not an exact eta-optimality assertion,0.007199999999999873,0.007200000000000195,5e-08,0.007200000000000475,6.019490461639521e-16,0.17856423500000096,coupling,0.4359999999999998,0.2166500624999999,0.3882148360000017,0.17856423500000096,singles,21/250,47/25,0.0503001250000005,0.0201200500000002,0.100600250000001,0.1803854195774693,0.17998198408133184,0.17998198408133184,1/10,1/20,15277003324750411985733/887442103070670623162500,2879/1775,7905014790128979843965411802383148870294808058208759212370152914949/478759138486201435725340961045544832960494371777933539804399545696000,162062016/99733453,0.17856423500000096,0.17856423500000096,0.17856423500000096,0.0,0.0,0.10656423499998546,0.10656423499998546,0.0
4,"[0.1, 0.3]",native_repeats,0.05,0.012920000000000004,full_feasible_return_range,LRR,True,0.08400000000214118,H4_e0p1_0p3_native_singles_qNone_f0.0_U,83,numerically enlarged cost sublevel; not an exact eta-optimality assertion,0.007199999999999873,0.007200000000000195,5e-08,0.015600000000010578,0.008400000000010704,0.20256423500000093,coupling,0.40000000000000013,0.21810885370879135,0.3561604000000016,0.20256423500000093,singles,27/250,47/25,0.0503001250000005,0.0201200500000002,0.100600250000001,0.20548198228813797,0.19014628012876578,0.19014628012876578,1/100,1/10,52037792940799/1474994130975000,4991/2950,37467696616912113113638883593693700499040375797904206108205178878052197562802083918719/1666803529574617318686123082060399232940418969291125134811034218290529914501216976800000,1585493043/951293416,0.20256423500000093,0.20256423500000093,0.19014628012876578,0.012417954871235148,0.012417954871235148,0.11856423499785974,0.1061462801266246,0.10473609407979827
4,"[0.1, 0.3]",native_repeats,0.05,0.012920000000000004,full_feasible_return_range,adaptive_L,True,0.09838067010309384,H4_e0p1_0p3_native_joint_qNone_f0.0_U,83,numerically enlarged cost sublevel; not an exact eta-optimality assertion,0.007199999999999873,0.007200000000000195,5e-08,0.015600000000000426,0.008400000000000553,0.21630661100000081,coupling,0.43600000000000017,0.22979712132352975,0.3882148360000018,0.21630661100000081,singles,657/5000,211/125,0.0503001250000005,0.0201200500000002,0.100600250000001,0.2203451626752648,0.19745179193801787,0.19745179193801787,1/20,1/10,223376429573397/4570935485937500,314273/184375,52032243441506214963633754224354488681247762765014172963/2905330430442309925284143465625447847632032768682937967000,1784653253/999966614,0.21630661100000081,0.21630661100000081,0.19745179193801787,0.01885481906198294,0.01885481906198294,0.11792594089690697,0.09907112183492403,0.15988695039089126
4,"[0.1, 0.3]",native_minimax,0.0,0.0,full_feasible_return_range,LR,False,3.2127078775090467e-15,H4_e0p1_0p3_native_minimax_qNone_f0.0_U,6,numerically enlarged cost sublevel; not an exact eta-optimality assertion,0.038769230769230945,0.03876923076923487,5e-08,0.03876923076923994,8.992806499463768e-15,0.03876928076923487,triangle,0.4,0.03876928076923487,0.25723084923077577,0.07889388752594458,majority3,28/1775,6820/4189,0.03876928076923487,0.03876928076923487,0.03876928076923487,0.07889388752594458,0.07889388752612488,0.07889388752594458,1/100,1/100,28/1775,6820/4189,760301986837884508067308574615621636819511997752549934696953497/48197715236493583838529618222219274587319333832513529133068122250,6820/4189,0.03876928076923487,0.03876928076923487,0.03876928076923487,0.0,0.0,0.03876928076923166,0.03876928076923166,0.0
4,"[0.1, 0.3]",native_minimax,0.0,0.0,full_feasible_return_range,LLL,False,0.03876923076932841,H4_e0p1_0p3_native_minimax_qNone_f0.0_world,6,numerically enlarged cost sublevel; not an exact eta-optimality assertion,0.038769230769230945,0.03876923076923487,5e-08,0.03876923077016222,9.31275889737293e-13,0.03876928076923487,triangle,0.4720000000000001,0.03876928076923487,0.3035324020923154,0.09378502417341074,majority3,243/12500,5657/2950,0.03876928076923487,0.03876928076923487,0.03876928076923487,0.09378502417341074,0.07753856153846975,0.07753856153846975,1/1000,1/1000,243/12500,5657/2950,0,2,0.03876928076923487,0.03876928076923487,0.03876928076923487,0.0,0.0,4.999990646514796e-08,4.999990646514796e-08,
4,"[0.1, 0.3]",native_minimax,0.0,0.0,full_feasible_return_range,RRR,False,0.03876923077016222,H4_e0p1_0p3_native_minimax_qNone_f0.0_world,6,numerically enlarged cost sublevel; not an exact eta-optimality assertion,0.038769230769230945,0.03876923076923487,5e-08,0.03876923077016222,9.31275889737293e-13,0.03876928076923487,triangle,0.284,0.03876928076923487,0.18263390295385074,0.11601017887432954,majority3,1323/25000,5777/3550,0.03876928076923487,0.03876928076923487,0.03876928076923487,0.11601017887432953,0.07753856153846975,0.07753856153846975,1/1000,1/1000,1323/25000,5777/3550,0,2,0.03876928076923487,0.03876928076923487,0.03876928076923487,0.0,0.0,4.9999072652961996e-08,4.9999072652961996e-08,
4,"[0.1, 0.3]",native_minimax,0.0,0.0,full_feasible_return_range,LLR,True,0.03876923076926142,H4_e0p1_0p3_native_minimax_qNone_f0.0_U_asymmetric,6,numerically enlarged cost sublevel; not an exact eta-optimality assertion,0.038769230769230945,0.03876923076923487,5e-08,0.038769230769231174,2.2898349882893854e-16,0.07967713473721628,coupling,0.4359999999999998,0.11076928076923442,0.28038162566154556,0.07967713473721628,majority3,7263/443750,26087/15975,0.03876928076923487,0.03876928076923487,0.03876928076923487,0.07967713473721716,0.07950966287560836,0.07950966287560836,1/20,1/20,65561899652594/4005657850865625,26087/15975,7905014790128979843965411802383148870294808058208759212370152914949/478759138486201435725340961045544832960494371777933539804399545696000,162062016/99733453,0.07967713473721628,0.07967713473721628,0.07950966287560836,0.00016747186160792626,0.00016747186160792626,0.040907903967954864,0.04074043210634694,0.004093875397261005
4,"[0.1, 0.3]",native_minimax,0.0,0.0,full_feasible_return_range,LRR,True,0.038769230769235115,H4_e0p1_0p3_native_minimax_qNone_f0.0_V,6,numerically enlarged cost sublevel; not an exact eta-optimality assertion,0.038769230769230945,0.03876923076923487,5e-08,0.038769230769246626,1.5681900222830336e-14,0.10087236620991569,coupling,0.40000000000000013,0.12276928076923486,0.25723084923077577,0.10087236620991569,majority3,441/12500,4991/2950,0.03876928076923487,0.03876928076923487,0.03876928076923487,0.10087236620991635,0.087085764487886,0.087085764487886,1/100,1/20,52037792940799/1474994130975000,4991/2950,807056103410480957759222887461015015902065411469147/35956927336090172885699035192791566780108597244624000,997206785/598090661,0.10087236620991569,0.10087236620991569,0.087085764487886,0.013786601722029682,0.013786601722029682,0.06210313544068057,0.04831653371865089,0.2219952603713272
4,"[0.1, 0.3]",native_minimax,0.0,0.0,full_feasible_return_range,adaptive_L,True,0.0583657867436807,H4_e0p1_0p3_native_minimax_qNone_f0.0_U_asymmetric,6,numerically enlarged cost sublevel; not an exact eta-optimality assertion,0.038769230769230945,0.03876923076923487,5e-08,0.038769230769231174,2.2898349882893854e-16,0.11495232637391052,coupling,0.43600000000000017,0.16087237355273998,0.2803816256615456,0.11495232637391052,majority3,9010197/184375000,314273/184375,0.03876928076923487,0.03876928076923487,0.03876928076923487,0.11495232637391938,0.08603418022553856,0.08603418022553856,1/20,1/20,223376429573397/4570935485937500,314273/184375,4310432440107468091326564602292794143321505658231952935554590793889053/279815022121518024862807475353293685250135960714665328578583289331650000,1592470961/874122920,0.11495232637391052,0.11495232637391052,0.08603418022553856,0.02891814614837196,0.02891814614837196,0.05658653963022982,0.02766839348185786,0.5110428440639835
4,"[0.1, 0.3]",native_minimax,0.01,0.004332307692307695,full_feasible_return_range,LR,False,3.2127078775090467e-15,H4_e0p1_0p3_native_minimax_qNone_f0.0_U,11,numerically enlarged cost sublevel; not an exact eta-optimality assertion,0.038769230769230945,0.03876923076923487,5e-08,0.03876923076923994,8.992806499463768e-15,0.04310158846154257,triangle,0.4,0.04310158846154257,0.2641625415384681,0.08594720298584874,majority3,28/1775,6820/4189,0.04310158846154257,0.04310158846154257,0.04310158846154257,0.08594720298584874,0.08594720298602902,0.08594720298584874,1/100,1/100,28/1775,6820/4189,760301986837884508067308574615621636819511997752549934696953497/48197715236493583838529618222219274587319333832513529133068122250,6820/4189,0.04310158846154257,0.04310158846154257,0.04310158846154257,0.0,0.0,0.04310158846153936,0.04310158846153936,0.0
4,"[0.1, 0.3]",native_minimax,0.01,0.004332307692307695,full_feasible_return_range,LLL,False,0.04310153846154191,H4_e0p1_0p3_native_minimax_qNone_f0.01_U_asymmetric,11,numerically enlarged cost sublevel; not an exact eta-optimality assertion,0.038769230769230945,0.03876923076923487,5e-08,0.04310153846154191,0.004332307692310966,0.04310158846154257,triangle,0.4720000000000001,0.04310158846154257,0.31171179901539237,0.10209277489049028,majority3,243/12500,5657/2950,0.04310158846154257,0.04310158846154257,0.04310158846154257,0.10209277489049028,0.08620317692308514,0.08620317692308514,1/1000,1/1000,243/12500,5657/2950,0,2,0.04310158846154257,0.04310158846154257,0.04310158846154257,0.0,0.0,5.0000000660632704e-08,5.0000000660632704e-08,
4,"[0.1, 0.3]",native_minimax,0.01,0.004332307692307695,full_feasible_return_range,RRR,False,0.04310153846195236,H4_e0p1_0p3_native_minimax_qNone_f0.01_world,11,numerically enlarged cost sublevel; not an exact eta-optimality assertion,0.038769230769230945,0.03876923076923487,5e-08,0.04310153846195236,0.0043323076927214155,0.04310158846154257,triangle,0.284,0.04310158846154257,0.18755540449231228,0.12306024691333281,majority3,1323/25000,5777/3550,0.04310158846154257,0.04310158846154257,0.04310158846154257,0.1230602469133328,0.08620317692308514,0.08620317692308514,1/1000,1/1000,1323/25000,5777/3550,0,2,0.04310158846154257,0.04310158846154257,0.04310158846154257,0.0,0.0,4.99995902111805e-08,4.99995902111805e-08,
4,"[0.1, 0.3]",native_minimax,0.01,0.004332307692307695,full_feasible_return_range,LLR,True,0.04310153846154276,H4_e0p1_0p3_native_minimax_qNone_f0.01_U_asymmetric,11,numerically enlarged cost sublevel; not an exact eta-optimality assertion,0.038769230769230945,0.03876923076923487,5e-08,0.04310153846154191,0.004332307692310966,0.08675174573998504,coupling,0.4359999999999998,0.11510158846154211,0.28793717027693017,0.08675174573998504,majority3,7263/443750,26087/15975,0.04310158846154257,0.04310158846154257,0.04310158846154257,0.08675174573998591,0.08654945240889257,0.08654945240889257,1/20,1/20,65561899652594/4005657850865625,26087/15975,7905014790128979843965411802383148870294808058208759212370152914949/478759138486201435725340961045544832960494371777933539804399545696000,162062016/99733453,0.08675174573998504,0.08675174573998504,0.08654945240889257,0.00020229333109246517,0.00020229333109246517,0.04365020727844228,0.043447913947349814,0.004634418567638112
4,"[0.1, 0.3]",native_minimax,0.01,0.004332307692307695,full_feasible_return_range,LRR,True,0.04310153846154257,H4_e0p1_0p3_native_minimax_qNone_f0.01_parity,11,numerically enlarged cost sublevel; not an exact eta-optimality assertion,0.038769230769230945,0.03876923076923487,5e-08,0.04310153846154008,0.004332307692309134,0.10820204339374881,coupling,0.40000000000000013,0.12710158846154257,0.2641625415384681,0.10820204339374881,majority3,441/12500,4991/2950,0.04310158846154257,0.04310158846154257,0.04310158846154257,0.10820204339374948,0.09430909517533329,0.09430909517533329,1/100,1/20,52037792940799/1474994130975000,4991/2950,807056103410480957759222887461015015902065411469147/35956927336090172885699035192791566780108597244624000,997206785/598090661,0.10820204339374881,0.10820204339374881,0.09430909517533329,0.013892948218415524,0.013892948218415524,0.06510050493220623,0.051207556713790715,0.21340768758834106
4,"[0.1, 0.3]",native_minimax,0.01,0.004332307692307695,full_feasible_return_range,adaptive_L,True,0.0583657867436807,H4_e0p1_0p3_native_minimax_qNone_f0.0_U_asymmetric,11,numerically enlarged cost sublevel; not an exact eta-optimality assertion,0.038769230769230945,0.03876923076923487,5e-08,0.038769230769231174,2.2898349882893854e-16,0.1223368814132847,coupling,0.43600000000000017,0.16520468124504767,0.2879371702769302,0.1223368814132847,majority3,9010197/184375000,314273/184375,0.04310158846154257,0.04310158846154257,0.04310158846154257,0.12233688141329357,0.09392674777669822,0.09392674777669822,1/20,1/20,223376429573397/4570935485937500,314273/184375,4310432440107468091326564602292794143321505658231952935554590793889053/279815022121518024862807475353293685250135960714665328578583289331650000,1592470961/874122920,0.1223368814132847,0.1223368814132847,0.09392674777669822,0.028410133636586482,0.028410133636586482,0.063971094669604,0.03556096103301752,0.444108917993639
4,"[0.1, 0.3]",native_minimax,0.05,0.02166153846153848,full_feasible_return_range,LR,False,3.2127078775090467e-15,H4_e0p1_0p3_native_minimax_qNone_f0.0_U,16,numerically enlarged cost sublevel; not an exact eta-optimality assertion,0.038769230769230945,0.03876923076923487,5e-08,0.03876923076923994,8.992806499463768e-15,0.060430819230773355,triangle,0.4,0.060430819230773355,0.29188931076923735,0.11416046482546534,majority3,28/1775,6820/4189,0.060430819230773355,0.060430819230773355,0.060430819230773355,0.11416046482546534,0.11416046482564562,0.11416046482546534,1/100,1/100,28/1775,6820/4189,760301986837884508067308574615621636819511997752549934696953497/48197715236493583838529618222219274587319333832513529133068122250,6820/4189,0.060430819230773355,0.060430819230773355,0.060430819230773355,0.0,0.0,0.06043081923077014,0.06043081923077014,0.0
4,"[0.1, 0.3]",native_minimax,0.05,0.02166153846153848,full_feasible_return_range,LLL,False,0.06043076923077013,H4_e0p1_0p3_native_minimax_qNone_f0.05_world,16,numerically enlarged cost sublevel; not an exact eta-optimality assertion,0.038769230769230945,0.03876923076923487,5e-08,0.06043076923078024,0.021661538461549293,0.060430819230773355,triangle,0.4720000000000001,0.060430819230773355,0.34442938670770007,0.13532377775880844,majority3,243/12500,5657/2950,0.060430819230773355,0.060430819230773355,0.060430819230773355,0.13532377775880844,0.12086163846154671,0.12086163846154671,1/1000,1/1000,243/12500,5657/2950,0,2,0.060430819230773355,0.060430819230773355,0.060430819230773355,0.0,0.0,5.000000322802345e-08,5.000000322802345e-08,
4,"[0.1, 0.3]",native_minimax,0.05,0.02166153846153848,full_feasible_return_range,RRR,False,0.06043076923082424,H4_e0p1_0p3_native_minimax_qNone_f0.05_parity,16,numerically enlarged cost sublevel; not an exact eta-optimality assertion,0.038769230769230945,0.03876923076923487,5e-08,0.06043076923082424,0.021661538461593292,0.060430819230773355,triangle,0.284,0.060430819230773355,0.20724141064615845,0.15126051906934582,majority3,1323/25000,5777/3550,0.060430819230773355,0.060430819230773355,0.060430819230773355,0.15126051906934582,0.12086163846154671,0.12086163846154671,1/1000,1/1000,1323/25000,5777/3550,0,2,0.060430819230773355,0.060430819230773355,0.060430819230773355,0.0,0.0,4.9999949118528786e-08,4.9999949118528786e-08,
4,"[0.1, 0.3]",native_minimax,0.05,0.02166153846153848,full_feasible_return_range,LLR,True,0.060430769230774325,H4_e0p1_0p3_native_minimax_qNone_f0.05_U_asymmetric,16,numerically enlarged cost sublevel; not an exact eta-optimality assertion,0.038769230769230945,0.03876923076923487,5e-08,0.06043076923076944,0.021661538461538496,0.11505018975106006,coupling,0.4359999999999998,0.1324308192307729,0.3181593487384687,0.11505018975106006,majority3,7263/443750,26087/15975,0.060430819230773355,0.060430819230773355,0.060430819230773355,0.11505018975106093,0.11470861054202942,0.11470861054202942,1/20,1/20,65561899652594/4005657850865625,26087/15975,7905014790128979843965411802383148870294808058208759212370152914949/478759138486201435725340961045544832960494371777933539804399545696000,162062016/99733453,0.11505018975106006,0.11505018975106006,0.11470861054202942,0.00034157920903063466,0.00034157920903063466,0.05461942052028573,0.0542778413112551,0.006253805071106011
4,"[0.1, 0.3]",native_minimax,0.05,0.02166153846153848,full_feasible_return_range,LRR,True,0.06364819757029742,H4_e0p1_0p3_native_minimax_qNone_f0.05_parity,16,numerically enlarged cost sublevel; not an exact eta-optimality assertion,0.038769230769230945,0.03876923076923487,5e-08,0.06043076923082424,0.021661538461593292,0.1375207521290813,coupling,0.40000000000000013,0.14443081923077333,0.29188931076923735,0.1375207521290813,majority3,441/12500,4991/2950,0.060430819230773355,0.060430819230773355,0.060430819230773355,0.13752075212908196,0.12319705925254291,0.12319705925254291,1/100,1/10,52037792940799/1474994130975000,4991/2950,37467696616912113113638883593693700499040375797904206108205178878052197562802083918719/1666803529574617318686123082060399232940418969291125134811034218290529914501216976800000,1585493043/951293416,0.1375207521290813,0.1375207521290813,0.12319705925254291,0.014323692876538383,0.014323692876538383,0.07387255455878387,0.05954886168224549,0.19389735419451815
4,"[0.1, 0.3]",native_minimax,0.05,0.02166153846153848,full_feasible_return_range,adaptive_L,True,0.06281256449398821,H4_e0p1_0p3_native_minimax_qNone_f0.05_world,16,numerically enlarged cost sublevel; not an exact eta-optimality assertion,0.038769230769230945,0.03876923076923487,5e-08,0.06043076923078024,0.021661538461549293,0.1518751015707815,coupling,0.43600000000000017,0.18253391201427846,0.31815934873846874,0.1518751015707815,majority3,9010197/184375000,314273/184375,0.060430819230773355,0.060430819230773355,0.060430819230773355,0.15187510157079034,0.12549701798133686,0.12549701798133686,1/20,1/20,223376429573397/4570935485937500,314273/184375,4310432440107468091326564602292794143321505658231952935554590793889053/279815022121518024862807475353293685250135960714665328578583289331650000,1592470961/874122920,0.1518751015707815,0.1518751015707815,0.12549701798133686,0.02637808358944463,0.02637808358944463,0.08906253707679328,0.06268445348734865,0.2961748503380315
4,"[0.1, 0.1]",native_repeats,,0.005,absolute,LR,False,0.012500000000189655,H4_e0p1_0p1_native_repeats_qNone_absolute0.005_U,59,numerically enlarged cost sublevel; not an exact eta-optimality assertion,0.007200000000000012,0.007200000000000279,5e-08,0.012200000000145591,0.005000000000145579,0.1187286489857367,coupling,0.56,0.12200050000000279,0.1424004000000023,0.1187286489857367,majority3,28/1475,1383160/845883,0.061000250000001394,0.01220005000000028,0.061000250000001394,0.11872864898573761,0.11845802566059066,0.11845802566059066,1/20,1/10,317855727772694940329/16744185659453606170000,1634417213/999541438,3640176397275983236468902838877355962169936643928450585334589514071163599/195376329817184909092275985770569127739192416833905587550032619644761600000,1407652817/860164885,0.1187286489857367,0.1187286489857367,0.11845802566059066,0.0002706233251460466,0.0002706233251460466,0.10622864898554706,0.10595802566040101,0.0025475549932190726
4,"[0.1, 0.1]",native_repeats,,0.005,absolute,LLL,False,0.08450000000019062,H4_e0p1_0p1_native_repeats_qNone_absolute0.005_U,59,numerically enlarged cost sublevel; not an exact eta-optimality assertion,0.007200000000000012,0.007200000000000279,5e-08,0.012200000000145591,0.005000000000145579,0.12200050000000279,triangle,0.4720000000000001,0.12200050000000279,0.16803247200000265,0.13300025000000137,singles,9/125,2,0.030500125000000697,0.01220005000000028,0.061000250000001394,0.1364157336440732,0.12200050000000279,0.12200050000000279,1/20,1/1000,50077042464643/2575979550650000,5657/2950,0,2,0.12200050000000279,0.12200050000000279,0.12200050000000279,0.0,0.0,0.03750049999981217,0.03750049999981217,0.0
4,"[0.1, 0.1]",native_repeats,,0.005,absolute,RRR,False,0.0845000000000032,H4_e0p1_0p1_native_repeats_qNone_absolute0.005_V,59,numerically enlarged cost sublevel; not an exact eta-optimality assertion,0.007200000000000012,0.007200000000000279,5e-08,0.012200000000001092,0.00500000000000108,0.12200050000000279,triangle,0.47200000000000003,0.12200050000000279,0.16803247200000265,0.13300025000000137,singles,9/125,2,0.030500125000000697,0.01220005000000028,0.061000250000001394,0.1364157336440708,0.12200050000000279,0.12200050000000279,1/100,1/1000,57344963480749/2949843800450000,5657/2950,0,2,0.12200050000000279,0.12200050000000279,0.12200050000000279,0.0,0.0,0.03750049999999959,0.03750049999999959,0.0
4,"[0.1, 0.1]",native_repeats,,0.005,absolute,LLR,True,0.07200000000026054,H4_e0p1_0p1_native_repeats_qNone_absolute0.005_U,59,numerically enlarged cost sublevel; not an exact eta-optimality assertion,0.007200000000000012,0.007200000000000279,5e-08,0.012200000000145591,0.005000000000145579,0.1212939745763565,coupling,0.5600000000000003,0.19400050000000282,0.16803247200000265,0.1212939745763565,majority3,188046876684461838083/9415749307774751286500,98/59,0.061000250000001394,0.01220005000000028,0.061000250000001394,0.1212939745762735,0.12042163524964282,0.12042163524964282,1/100,1/20,14729/737500,98/59,15849832586592704388305752342404550804318422928733264768587/834543198696997735466305880116004069576691777725456359920000,1438144333/864908551,0.1212939745763565,0.1212939745762735,0.12042163524964282,0.0008723393266306806,0.0008723393267136836,0.04929397457609597,0.04842163524938228,0.017696672549036153
4,"[0.1, 0.1]",native_repeats,,0.005,absolute,LRR,True,0.07200000000000441,H4_e0p1_0p1_native_repeats_qNone_f0.01_V,59,numerically enlarged cost sublevel; not an exact eta-optimality assertion,0.007200000000000012,0.007200000000000279,5e-08,0.010632000000000377,0.0034320000000003653,0.1212939745762735,coupling,0.5600000000000003,0.19400050000000285,0.16803247200000265,0.1212939745762735,majority3,14729/737500,98/59,0.061000250000001394,0.01220005000000028,0.061000250000001394,0.1212939745762735,0.12042163524574698,0.12042163524574698,1/20,1/10,14729/737500,98/59,1675055161379726532573261651425257018840850014163/88196886940053984491294523667765580926711627633800,1594590758/958996361,0.1212939745762735,0.1212939745762735,0.12042163524574698,0.0008723393305265226,0.0008723393305265226,0.04929397457626909,0.04842163524574257,0.017696672626322987
4,"[0.1, 0.1]",native_repeats,,0.005,absolute,adaptive_L,True,0.08359431789550179,H4_e0p1_0p1_native_repeats_qNone_absolute0.005_parity,59,numerically enlarged cost sublevel; not an exact eta-optimality assertion,0.007200000000000012,0.007200000000000279,5e-08,0.012200000000005568,0.0050000000000055556,0.13699797782796852,coupling,0.530666666666667,0.24636413636363919,0.16803247200000265,0.13699797782796852,majority3,4535109/147500000,513837/295000,0.061000250000001394,0.01220005000000028,0.061000250000001394,0.13699797782801384,0.12438545095124381,0.12438545095124381,1/1000,1/10,164867293646757/5362148035000000,513837/295000,31064503701984413766290617780975352354413204792785143/2164291147569732177529291658880308801715819602060000000,9019/5000,0.13699797782796852,0.13699797782796852,0.12438545095124381,0.012612526876724706,0.012612526876724706,0.053403659932466735,0.04079113305574203,0.23617345501552273
4,"[0.25, 0.25]",native_repeats,,0.005,absolute,LR,False,0.012500000000001003,H4_e0p25_0p25_native_repeats_qNone_absolute0.005_U,50,numerically enlarged cost sublevel; not an exact eta-optimality assertion,0.009375000000000244,0.009375000000001747,5e-08,0.014375000000000809,0.005000000000000565,0.14375050000001746,triangle,0.3125,0.14375050000001746,0.22812525000000872,0.14464370921335623,majority3,5/88,3992/3267,0.07187525000000873,0.014375050000001747,0.07187525000000873,0.14464370921335623,0.14464370921337155,0.14464370921335623,1/1000,1/1000,5/88,3992/3267,1835473619817931540733431813144673545/32304335708786888350971676807428664448,3992/3267,0.14375050000001746,0.14375050000001746,0.14375050000001746,0.0,0.0,0.13125050000001645,0.13125050000001645,0.0
4,"[0.25, 0.25]",native_repeats,,0.005,absolute,LLL,False,0.10625000000000151,H4_e0p25_0p25_native_repeats_qNone_absolute0.005_U,50,numerically enlarged cost sublevel; not an exact eta-optimality assertion,0.009375000000000244,0.009375000000001747,5e-08,0.014375000000000809,0.005000000000000565,0.14375050000001746,triangle,0.34375,0.14375050000001746,0.313672218750012,0.16562525000000872,singles,3/32,2,0.035937625000004365,0.014375050000001747,0.07187525000000873,0.1744322414772875,0.14375050000001746,0.14375050000001746,1/1000,1/1000,27/512,149/88,0,2,0.14375050000001746,0.14375050000001746,0.14375050000001746,0.0,0.0,0.03750050000001595,0.03750050000001595,0.0
4,"[0.25, 0.25]",native_repeats,,0.005,absolute,RRR,False,0.1062500000000001,H4_e0p25_0p25_native_repeats_qNone_absolute0.005_V,50,numerically enlarged cost sublevel; not an exact eta-optimality assertion,0.009375000000000244,0.009375000000001747,5e-08,0.014375000000000526,0.005000000000000282,0.14375050000001746,triangle,0.34375,0.14375050000001746,0.313672218750012,0.16562525000000872,singles,3/32,2,0.035937625000004365,0.014375050000001747,0.07187525000000873,0.1744322414772875,0.14375050000001746,0.14375050000001746,1/1000,1/1000,27/512,149/88,0,2,0.14375050000001746,0.14375050000001746,0.14375050000001746,0.0,0.0,0.03750050000001737,0.03750050000001737,0.0
4,"[0.25, 0.25]",native_repeats,,0.005,absolute,LLR,True,0.09375000000001003,H4_e0p25_0p25_native_repeats_qNone_f0.0_U,50,numerically enlarged cost sublevel; not an exact eta-optimality assertion,0.009375000000000244,0.009375000000001747,5e-08,0.009375000000000074,-1.700029006457271e-16,0.15308980681819293,coupling,0.34375000000000017,0.17031256250000207,0.313672218750012,0.15308980681819293,majority3,347/5632,14/11,0.07187525000000873,0.014375050000001747,0.07187525000000873,0.15308980681819293,0.15056850000052366,0.15056850000052366,1/1000,1/10,347/5632,14/11,111969804826391851770676883926896651343/1894873620122503452327940484644162569600,14/11,0.15308980681819293,0.15308980681819293,0.15056850000052366,0.0025213068176692666,0.0025213068176692666,0.05933980681818289,0.056818500000513625,0.042489299390450465
4,"[0.25, 0.25]",native_repeats,,0.005,absolute,LRR,True,0.09375000000038435,H4_e0p25_0p25_native_repeats_qNone_f0.01_V,50,numerically enlarged cost sublevel; not an exact eta-optimality assertion,0.009375000000000244,0.009375000000001747,5e-08,0.01153125000000201,0.002156250000001766,0.15308980681819293,coupling,0.34375,0.1703125625000019,0.313672218750012,0.15308980681819293,majority3,347/5632,14/11,0.07187525000000873,0.014375050000001747,0.07187525000000873,0.15308980681819293,0.15056850001068267,0.15056850001068267,1/1000,1/10,347/5632,14/11,432123700850221305619784988189649334827942518040843/7312862628452304721673067294376791982001071084674432,14/11,0.15308980681819293,0.15308980681819293,0.15056850001068267,0.002521306807510254,0.002521306807510254,0.05933980681780858,0.056818500010298326,0.04248929921951785
4,"[0.25, 0.25]",native_repeats,,0.005,absolute,adaptive_L,True,0.09375000000000061,H4_e0p25_0p25_native_repeats_qNone_f0.0_U,50,numerically enlarged cost sublevel; not an exact eta-optimality assertion,0.009375000000000244,0.009375000000001747,5e-08,0.009375000000000074,-1.700029006457271e-16,0.1726654702148557,coupling,0.3437499999999999,0.1753348839285735,0.313672218750012,0.1726654702148557,majority3,26757/360448,7713/5632,0.07187525000000873,0.014375050000001747,0.07187525000000873,0.1726654702148571,0.1582201759486571,0.1582201759486571,1/1000,1/20,53484240382975/720495103246336,7713/5632,6374539632592605030323851228549110042457467047390533/137620756510132768949129225633876373131199207196595712,657/422,0.1726654702148557,0.1726654702148557,0.1582201759486571,0.014445294266198616,0.014445294266198616,0.0789154702148551,0.06447017594865648,0.1830476866813299
4,"[0.1, 0.3]",native_repeats,,0.005,absolute,LR,False,0.012500000000000639,H4_e0p1_0p3_native_repeats_qNone_absolute0.005_U,50,numerically enlarged cost sublevel; not an exact eta-optimality assertion,0.007199999999999873,0.007200000000000195,5e-08,0.012200000000000455,0.005000000000000582,0.11508753998567835,coupling,0.4,0.12200050000000194,0.29280040000000157,0.11508753998567835,majority3,28/1775,6820/4189,0.06100025000000097,0.012200050000000195,0.06100025000000097,0.11508753998567835,0.11508753998585865,0.11508753998567835,1/100,1/100,28/1775,6820/4189,760301986837884508067308574615621636819511997752549934696953497/48197715236493583838529618222219274587319333832513529133068122250,6820/4189,0.11508753998567835,0.11508753998567835,0.11508753998567835,0.0,0.0,0.10258753998567771,0.10258753998567771,0.0
4,"[0.1, 0.3]",native_repeats,,0.005,absolute,LLL,False,0.08450000000000216,H4_e0p1_0p3_native_repeats_qNone_absolute0.005_U,50,numerically enlarged cost sublevel; not an exact eta-optimality assertion,0.007199999999999873,0.007200000000000195,5e-08,0.012200000000000455,0.005000000000000582,0.12200050000000194,triangle,0.4720000000000001,0.12200050000000194,0.34550447200000184,0.13300025000000096,singles,9/125,2,0.030500125000000485,0.012200050000000195,0.06100025000000097,0.13641573364406967,0.12200050000000194,0.12200050000000194,1/1000,1/1000,243/12500,5657/2950,0,2,0.12200050000000194,0.12200050000000194,0.12200050000000194,0.0,0.0,0.037500499999999784,0.037500499999999784,0.0
4,"[0.1, 0.3]",native_repeats,,0.005,absolute,RRR,False,0.09349999999999836,H4_e0p1_0p3_native_repeats_qNone_absolute0.005_V,50,numerically enlarged cost sublevel; not an exact eta-optimality assertion,0.007199999999999873,0.007200000000000195,5e-08,0.01219999999999941,0.004999999999999536,0.12200050000000194,triangle,0.284,0.12200050000000194,0.20788828400000106,0.14500025000000097,singles,21/250,2,0.030500125000000485,0.012200050000000195,0.06100025000000097,0.15218716739436777,0.12200050000000194,0.12200050000000194,1/1000,1/1000,1323/25000,5777/3550,0,2,0.12200050000000194,0.12200050000000194,0.12200050000000194,0.0,0.0,0.02850050000000358,0.02850050000000358,0.0
4,"[0.1, 0.3]",native_repeats,,0.005,absolute,LLR,True,0.0720000000000155,H4_e0p1_0p3_native_repeats_qNone_f0.0_world,50,numerically enlarged cost sublevel; not an exact eta-optimality assertion,0.007199999999999873,0.007200000000000195,5e-08,0.007200000000000475,6.019490461639521e-16,0.115980063959313,coupling,0.4359999999999998,0.1940005000000015,0.31915243600000165,0.115980063959313,majority3,7263/443750,26087/15975,0.06100025000000097,0.012200050000000195,0.06100025000000097,0.11598006395931389,0.11563390787865586,0.11563390787865586,1/20,1/20,65561899652594/4005657850865625,26087/15975,7905014790128979843965411802383148870294808058208759212370152914949/478759138486201435725340961045544832960494371777933539804399545696000,162062016/99733453,0.115980063959313,0.115980063959313,0.11563390787865586,0.000346156080657134,0.000346156080657134,0.0439800639592975,0.04363390787864037,0.00787074982377227
4,"[0.1, 0.3]",native_repeats,,0.005,absolute,LRR,True,0.08400000000001275,H4_e0p1_0p3_native_joint_qNone,50,numerically enlarged cost sublevel; not an exact eta-optimality assertion,0.007199999999999873,0.007200000000000195,5e-08,0.008684192285476264,0.0014841922854763913,0.13848415177966267,coupling,0.40000000000000013,0.20600050000000192,0.29280040000000157,0.13848415177966267,majority3,441/12500,4991/2950,0.06100025000000097,0.012200050000000195,0.06100025000000097,0.13848415177966333,0.1241461129387092,0.1241461129387092,1/100,1/10,52037792940799/1474994130975000,4991/2950,37467696616912113113638883593693700499040375797904206108205178878052197562802083918719/1666803529574617318686123082060399232940418969291125134811034218290529914501216976800000,1585493043/951293416,0.13848415177966267,0.13848415177966267,0.1241461129387092,0.014338038840953471,0.014338038840953471,0.05448415177964992,0.04014611293869645,0.2631598065239366
4,"[0.1, 0.3]",native_repeats,,0.005,absolute,adaptive_L,True,0.07754348898696312,H4_e0p1_0p3_native_tagged_qNone,50,numerically enlarged cost sublevel; not an exact eta-optimality assertion,0.007199999999999873,0.007200000000000195,5e-08,0.009425312045336386,0.0022253120453365124,0.15284571426847623,coupling,0.43600000000000017,0.21989712132352973,0.31915243600000176,0.15284571426847623,majority3,9010197/184375000,314273/184375,0.06100025000000097,0.012200050000000195,0.06100025000000097,0.1528457142684851,0.1265344029343534,0.1265344029343534,1/20,1/20,223376429573397/4570935485937500,314273/184375,4310432440107468091326564602292794143321505658231952935554590793889053/279815022121518024862807475353293685250135960714665328578583289331650000,1592470961/874122920,0.15284571426847623,0.15284571426847623,0.1265344029343534,0.026311311334122844,0.026311311334122844,0.07530222528151312,0.048990913947390274,0.349409479411259
