cell,case,method,lower,upper,verification_scope,provenance_kind,source_verification,policy,model,result,information_reward,brier_reward,E_sha256,information_range,information_sacrifice,brier_range,brier_sacrifice
cell_0004,sensors_0.1_0.1,minimax,0.09765936611058401,0.09765936611059937,saved master/hardest/revelation witness replay plus complete profile arithmetic; not every old decoder replayed,original_completed,Paper/research/target_selection_followups_2026-09-23/original_audit/cell_0004.json,Paper/research/target_selection_2026-09-23/main_results/cell_0004/checkpoint_128/policy.npz,Paper/research/target_selection_2026-09-23/main_results/cell_0004/model.npz,Paper/research/target_selection_2026-09-23/main_results/cell_0004/result.json,1.273090264960436,0.4800000000000001,e33af8f8441791f8f66fbcd8e96e209d61eb3438351712975842c2669d93d84b,0.4106725343253923,1.0813706121826812e-15,0.25529863013698645,0.0
cell_0008,fresh_hmm_2026096801_q4_s3_c0.2,weighted128,0.16680226356834016,0.16680226356858024,saved master/hardest/revelation witness replay plus complete profile arithmetic; not every old decoder replayed,original_completed,Paper/research/target_selection_followups_2026-09-23/original_audit/cell_0008.json,Paper/research/target_selection_2026-09-23/main_results/cell_0008/checkpoint_128/policy.npz,Paper/research/target_selection_2026-09-23/main_results/cell_0008/model.npz,Paper/research/target_selection_2026-09-23/main_results/cell_0008/result.json,1.0351415709783875,0.35922809450389626,6dfb1635530463679f574eb330ac62e29eee966a797602024931990ce4aecc47,0.8653493066821176,0.057507289246822586,0.3104627566156823,0.06310458573508351
cell_0012,hmm_91502_1.0,minimax,0.09583012621369069,0.09583012621372645,saved master/hardest/revelation witness replay plus complete profile arithmetic; not every old decoder replayed,original_completed,Paper/research/target_selection_followups_2026-09-23/original_audit/cell_0012.json,Paper/research/target_selection_2026-09-23/main_results/cell_0012/checkpoint_128/policy.npz,Paper/research/target_selection_2026-09-23/main_results/cell_0012/model.npz,Paper/research/target_selection_2026-09-23/main_results/cell_0012/result.json,0.13170801411763633,0.04348448384910575,be4e5bb25437b1d83761b9d86bfbefd9e4c4ea7f5aceb1864ae8895b6f2508d0,0.05119604271106515,0.33821998174224843,0.015229750173009524,0.2254710908718343
cell_0013,fresh_hmm_2026101000_q8_s3_c5.0,minimax,0.08211843742300096,0.08211843742314034,saved master/hardest/revelation witness replay plus complete profile arithmetic; not every old decoder replayed,original_completed,Paper/research/target_selection_followups_2026-09-23/original_audit/cell_0013.json,Paper/research/target_selection_2026-09-23/main_results/cell_0013/checkpoint_008/policy.npz,Paper/research/target_selection_2026-09-23/main_results/cell_0013/model.npz,Paper/research/target_selection_2026-09-23/main_results/cell_0013/result.json,0.05543377786613357,0.009578150697099802,89e259f3a1143912b1cd2176f9814685f5d51949f73dae05256b0cf515724ddd,0.05202692989836933,0.4095573042114768,0.00994815603558986,0.4757794684581995
cell_0014,delayed_0.25_0.1,weighted128,0.18157201405152223,0.18157201405261336,saved master/hardest/revelation witness replay plus complete profile arithmetic; not every old decoder replayed,original_completed,Paper/research/target_selection_followups_2026-09-23/original_audit/cell_0014.json,Paper/research/target_selection_2026-09-23/main_results/cell_0014/checkpoint_128/policy.npz,Paper/research/target_selection_2026-09-23/main_results/cell_0014/model.npz,Paper/research/target_selection_2026-09-23/main_results/cell_0014/result.json,0.7415766651559821,0.23882849576068338,e3da3d7cb7ca86f4d816d0e33228f01c63203bffb8a8ef14a3fe41b062b3d148,0.5305399766283451,0.2277699528827664,0.16250000000000003,0.1456707953188719
cell_0019,fresh_hmm_2026101000_q8_s3_c5.0,minimax,0.08250394631791635,0.08250394631801869,saved master/hardest/revelation witness replay plus complete profile arithmetic; not every old decoder replayed,original_completed,Paper/research/target_selection_followups_2026-09-23/original_audit/cell_0019.json,Paper/research/target_selection_2026-09-23/main_results/cell_0019/checkpoint_128/policy.npz,Paper/research/target_selection_2026-09-23/main_results/cell_0019/model.npz,Paper/research/target_selection_2026-09-23/main_results/cell_0019/result.json,0.055274203258446786,0.009550519916224104,07111288e0974d094ab5d4d1843227d9ba4daf532ff258f524638a9e7b26b5c9,0.05202692989836933,0.4126244582411015,0.00994815603558986,0.4785569460909234
cell_0022,fresh_hmm_2026100900_q8_s3_c1.0,weighted128,0.12987309072256137,0.12987309072258935,saved master/hardest/revelation witness replay plus complete profile arithmetic; not every old decoder replayed,original_completed,Paper/research/target_selection_followups_2026-09-23/original_audit/cell_0022.json,Paper/research/target_selection_2026-09-23/main_results/cell_0022/checkpoint_128/policy.npz,Paper/research/target_selection_2026-09-23/main_results/cell_0022/model.npz,Paper/research/target_selection_2026-09-23/main_results/cell_0022/result.json,0.3351745237089938,0.06105355179268848,3b149f33b24553e553aba0d21acf7c8ba740e6b3c580ea912dd82938a480454a,0.1970796909832288,0.22866400047973726,0.03747012195691501,0.2253223233942817
cell_0024,irreversible_0.1_0.3,pseudo_count,0.4719999999999879,0.472000000000001,saved master/hardest/revelation witness replay plus complete profile arithmetic; not every old decoder replayed,original_completed,Paper/research/target_selection_followups_2026-09-23/original_audit/cell_0024.json,Paper/research/target_selection_2026-09-23/main_results/cell_0024/checkpoint_000/policy.npz,Paper/research/target_selection_2026-09-23/main_results/cell_0024/model.npz,Paper/research/target_selection_2026-09-23/main_results/cell_0024/result.json,0.30532577044931664,0.0926702702702702,3852c192992b5bdc0a02b3530d9e529318fc4db5907348c28e547c170fd09775,0.5570919601857278,0.9999999999999996,0.1320310995927434,1.0000000000000004
cell_0036,fresh_hmm_2026101001_q8_s3_c5.0,information,0.10938269312569171,0.1093826931257007,saved master/hardest/revelation witness replay plus complete profile arithmetic; not every old decoder replayed,original_completed,Paper/research/target_selection_followups_2026-09-23/original_audit/cell_0036.json,Paper/research/target_selection_2026-09-23/main_results/cell_0036/checkpoint_000/policy.npz,Paper/research/target_selection_2026-09-23/main_results/cell_0036/model.npz,Paper/research/target_selection_2026-09-23/main_results/cell_0036/result.json,0.07039471640268014,0.011866990043528036,e8bad884d1b8a7119c29f3be76501a09e78a20ac8fd5011d56d4dd26962f8fcf,0.029988249413804846,1.2032128919038341e-14,0.004837197666758532,-1.0758647436911137e-15
cell_0041,hmm_91502_1.0,weighted128,0.10163139108490071,0.10163139108516148,saved master/hardest/revelation witness replay plus complete profile arithmetic; not every old decoder replayed,original_completed,Paper/research/target_selection_followups_2026-09-23/original_audit/cell_0041.json,Paper/research/target_selection_2026-09-23/main_results/cell_0041/checkpoint_128/policy.npz,Paper/research/target_selection_2026-09-23/main_results/cell_0041/model.npz,Paper/research/target_selection_2026-09-23/main_results/cell_0041/result.json,0.13129547195875357,0.04329236719157559,861ddbf6bffdf3db519d596c3a0e0afd4e00d79850dabe10551c24575a09a535,0.05119604271106515,0.3462780685989029,0.015229750173009524,0.23808565482381788
cell_0043,sensors_0.1_0.3,pseudo_count,0.10940516637478126,0.10940516637480555,saved master/hardest/revelation witness replay plus complete profile arithmetic; not every old decoder replayed,original_completed,Paper/research/target_selection_followups_2026-09-23/original_audit/cell_0043.json,Paper/research/target_selection_2026-09-23/main_results/cell_0043/checkpoint_000/policy.npz,Paper/research/target_selection_2026-09-23/main_results/cell_0043/model.npz,Paper/research/target_selection_2026-09-23/main_results/cell_0043/result.json,0.74902820999982,0.2655355761143817,6d37e7cd48234eb178ea5a1c11e134c4c474ff164c8503eee4f19cfff6deadca,0.6296823438851624,0.29535512015019544,0.1952711931443638,0.11474240997589279
cell_0044,fresh_hmm_2026100900_q8_s3_c1.0,information,0.198406613339571,0.19840661333971843,saved master/hardest/revelation witness replay plus complete profile arithmetic; not every old decoder replayed,original_completed,Paper/research/target_selection_followups_2026-09-23/original_audit/cell_0044.json,Paper/research/target_selection_2026-09-23/main_results/cell_0044/checkpoint_000/policy.npz,Paper/research/target_selection_2026-09-23/main_results/cell_0044/model.npz,Paper/research/target_selection_2026-09-23/main_results/cell_0044/result.json,0.38023955426252964,0.06949640672988769,b4bdf60db81cdeb585cb18c0a66ceb54cdbb8d66171b15fd2674d61548f68ac1,0.1970796909832288,-1.6900113133214243e-15,0.03747012195691501,-7.407388651561807e-16
cell_0051,fresh_hmm_2026097000_q4_s3_c5.0,brier,0.0635130296951738,0.06351302969521427,saved master/hardest/revelation witness replay plus complete profile arithmetic; not every old decoder replayed,original_completed,Paper/research/target_selection_followups_2026-09-23/original_audit/cell_0051.json,Paper/research/target_selection_2026-09-23/main_results/cell_0051/checkpoint_000/policy.npz,Paper/research/target_selection_2026-09-23/main_results/cell_0051/model.npz,Paper/research/target_selection_2026-09-23/main_results/cell_0051/result.json,0.03887684219992682,0.01326585068584285,b49a764a1af04589ecec170514667d34afe91d05eb36b696744f7432bd9a3c30,0.017563363546410533,1.1062176603929018e-14,0.005958767830279176,3.2023328948613967e-15
cell_0054,fresh_hmm_2026101001_q8_s3_c5.0,minimax,0.0682530452378064,0.06825304523802814,saved master/hardest/revelation witness replay plus complete profile arithmetic; not every old decoder replayed,original_completed,Paper/research/target_selection_followups_2026-09-23/original_audit/cell_0054.json,Paper/research/target_selection_2026-09-23/main_results/cell_0054/checkpoint_128/policy.npz,Paper/research/target_selection_2026-09-23/main_results/cell_0054/model.npz,Paper/research/target_selection_2026-09-23/main_results/cell_0054/result.json,0.05736747217276683,0.00981814420311286,82a825da9f7c414f7f05f33a3edd0217301ff6d832889845e00cde66a79ecbaf,0.029988249413804846,0.4344116273728429,0.004837197666758532,0.4235604954692968
cell_0055,hmm_91503_5.0,weighted128,0.07621005203107145,0.0762100520310722,saved master/hardest/revelation witness replay plus complete profile arithmetic; not every old decoder replayed,original_completed,Paper/research/target_selection_followups_2026-09-23/original_audit/cell_0055.json,Paper/research/target_selection_2026-09-23/main_results/cell_0055/checkpoint_128/policy.npz,Paper/research/target_selection_2026-09-23/main_results/cell_0055/model.npz,Paper/research/target_selection_2026-09-23/main_results/cell_0055/result.json,0.18356870704343353,0.060756295718161046,d6be3701dfac5f9e86e420d3b99d93cdf1630f0b8f2f77e34fc593b334b8b534,0.11099463694068637,0.31586738805705483,0.03381897384314099,0.284803850651422
cell_0056,hmm_91501_0.2,uniform,0.21589698832103243,0.2158969883210402,saved master/hardest/revelation witness replay plus complete profile arithmetic; not every old decoder replayed,original_completed,Paper/research/target_selection_followups_2026-09-23/original_audit/cell_0056.json,Paper/research/target_selection_2026-09-23/main_results/cell_0056/checkpoint_000/policy.npz,Paper/research/target_selection_2026-09-23/main_results/cell_0056/model.npz,Paper/research/target_selection_2026-09-23/main_results/cell_0056/result.json,0.8583754485990025,0.29095113005385476,cf23b70805da701595231b8fd6310c69c9107fbd59181314447d541cbc50e02d,0.49116148016006744,0.5249033616894233,0.23846099801787285,0.4963410427252707
cell_0067,irreversible_0.1_0.3,uniform,0.23599999999999943,0.2360000000000003,saved master/hardest/revelation witness replay plus complete profile arithmetic; not every old decoder replayed,original_completed,Paper/research/target_selection_followups_2026-09-23/original_audit/cell_0067.json,Paper/research/target_selection_2026-09-23/main_results/cell_0067/checkpoint_000/policy.npz,Paper/research/target_selection_2026-09-23/main_results/cell_0067/model.npz,Paper/research/target_selection_2026-09-23/main_results/cell_0067/result.json,0.5838717505421802,0.158685820066642,25fe80206c09d3178b64be7a8bc0c42224d5afa9742d7816918d975d69b0dbd9,0.5570919601857278,0.5000000000000002,0.1320310995927434,0.49999999999999956
cell_0068,hmm_91502_1.0,minimax,0.09583012621369069,0.09583012621372645,saved master/hardest/revelation witness replay plus complete profile arithmetic; not every old decoder replayed,original_completed,Paper/research/target_selection_followups_2026-09-23/original_audit/cell_0068.json,Paper/research/target_selection_2026-09-23/main_results/cell_0068/checkpoint_128/policy.npz,Paper/research/target_selection_2026-09-23/main_results/cell_0068/model.npz,Paper/research/target_selection_2026-09-23/main_results/cell_0068/result.json,0.13170801411763633,0.04348448384910575,be4e5bb25437b1d83761b9d86bfbefd9e4c4ea7f5aceb1864ae8895b6f2508d0,0.05119604271106515,0.33821998174224843,0.015229750173009524,0.2254710908718343
cell_0069,fresh_hmm_2026101001_q8_s3_c5.0,minimax,0.0682530452378064,0.06825304523802814,saved master/hardest/revelation witness replay plus complete profile arithmetic; not every old decoder replayed,original_completed,Paper/research/target_selection_followups_2026-09-23/original_audit/cell_0069.json,Paper/research/target_selection_2026-09-23/main_results/cell_0069/checkpoint_128/policy.npz,Paper/research/target_selection_2026-09-23/main_results/cell_0069/model.npz,Paper/research/target_selection_2026-09-23/main_results/cell_0069/result.json,0.05736747217276683,0.00981814420311286,82a825da9f7c414f7f05f33a3edd0217301ff6d832889845e00cde66a79ecbaf,0.029988249413804846,0.4344116273728429,0.004837197666758532,0.4235604954692968
cell_0070,fresh_hmm_2026100800_q8_s3_c0.2,weighted128,0.28905326601521086,0.2890532660174926,all 32768 saved decoder and decision-loss witnesses replayed in follow-up,recovered_original_policy,Paper/research/target_selection_followups_2026-09-23/recovery_results/cell_0070/INDEPENDENT_CHECK.json,Paper/research/target_selection_2026-09-23/main_results/cell_0070/checkpoint_128/policy.npz,Paper/research/target_selection_2026-09-23/main_results/cell_0070/model.npz,Paper/research/target_selection_2026-09-23/main_results/cell_0070/result.json,1.2304117164086,0.25156415107836355,2fbe324900d6e81b2e309f54dab463434810422cb4e93b035661f762e4fa928a,0.5798852486645196,0.24793646896856988,0.13478995333046637,0.19815281193409834
cell_0071,fresh_hmm_2026100900_q8_s3_c1.0,face_brier_0.05,0.15265915877011427,0.15265915877104716,all 32768 saved decoder and decision-loss witnesses replayed in follow-up,new_heldout_evaluation,Paper/research/target_selection_followups_2026-09-23/near_optimal_results/cell_0071/INDEPENDENT_CHECK.json,Paper/research/target_selection_2026-09-23/main_results/cell_0071/checkpoint_016/policy.npz,Paper/research/target_selection_2026-09-23/main_results/cell_0071/model.npz,Paper/research/target_selection_2026-09-23/main_results/cell_0071/result.json,0.36888948637175645,0.06762290055077694,9161e08200cb947360332aa0e7ea31e341c9c501c1a54ce50da530059311bcd7,0.1970796909832288,0.05759126084553653,0.03747012195691501,0.050000002168793925
cell_0072,hmm_91503_5.0,weighted128,0.07621005203107145,0.0762100520310722,saved master/hardest/revelation witness replay plus complete profile arithmetic; not every old decoder replayed,original_completed,Paper/research/target_selection_followups_2026-09-23/original_audit/cell_0072.json,Paper/research/target_selection_2026-09-23/main_results/cell_0072/checkpoint_128/policy.npz,Paper/research/target_selection_2026-09-23/main_results/cell_0072/model.npz,Paper/research/target_selection_2026-09-23/main_results/cell_0072/result.json,0.18356870704343353,0.060756295718161046,d6be3701dfac5f9e86e420d3b99d93cdf1630f0b8f2f77e34fc593b334b8b534,0.11099463694068637,0.31586738805705483,0.03381897384314099,0.284803850651422
cell_0074,hmm_91502_1.0,weighted128,0.10163139108490071,0.10163139108516148,saved master/hardest/revelation witness replay plus complete profile arithmetic; not every old decoder replayed,original_completed,Paper/research/target_selection_followups_2026-09-23/original_audit/cell_0074.json,Paper/research/target_selection_2026-09-23/main_results/cell_0074/checkpoint_128/policy.npz,Paper/research/target_selection_2026-09-23/main_results/cell_0074/model.npz,Paper/research/target_selection_2026-09-23/main_results/cell_0074/result.json,0.13129547195875357,0.04329236719157559,861ddbf6bffdf3db519d596c3a0e0afd4e00d79850dabe10551c24575a09a535,0.05119604271106515,0.3462780685989029,0.015229750173009524,0.23808565482381788
cell_0077,fresh_hmm_2026096900_q4_s3_c1.0,weighted128,0.08587170551077916,0.08587170551078177,saved master/hardest/revelation witness replay plus complete profile arithmetic; not every old decoder replayed,original_completed,Paper/research/target_selection_followups_2026-09-23/original_audit/cell_0077.json,Paper/research/target_selection_2026-09-23/main_results/cell_0077/checkpoint_128/policy.npz,Paper/research/target_selection_2026-09-23/main_results/cell_0077/model.npz,Paper/research/target_selection_2026-09-23/main_results/cell_0077/result.json,0.3427420447544516,0.11440095881953799,6b6c6fc0008056a5fae86cc2becec643507ca4532ed8f764fda1a8484707cae3,0.1280983277576416,0.18829659897854917,0.04883141008150059,0.18072247516294074
cell_0079,fresh_hmm_2026100901_q8_s3_c1.0,minimax,0.1054163812401866,0.10541638124035975,saved master/hardest/revelation witness replay plus complete profile arithmetic; not every old decoder replayed,original_completed,Paper/research/target_selection_followups_2026-09-23/original_audit/cell_0079.json,Paper/research/target_selection_2026-09-23/main_results/cell_0079/checkpoint_128/policy.npz,Paper/research/target_selection_2026-09-23/main_results/cell_0079/model.npz,Paper/research/target_selection_2026-09-23/main_results/cell_0079/result.json,0.23542428614731925,0.04203068147192873,47109ba46b91ad3d8abac059cfdf62012f2695e84283d055d316515343f5d328,0.07670102654003474,0.2687374527655137,0.016302318170326395,0.26931015281497056
cell_0081,fresh_hmm_2026100800_q8_s3_c0.2,weighted128,0.28905326601521086,0.2890532660174926,all 32768 saved decoder and decision-loss witnesses replayed in follow-up,recovered_original_policy,Paper/research/target_selection_followups_2026-09-23/recovery_results/cell_0070/INDEPENDENT_CHECK.json,Paper/research/target_selection_2026-09-23/main_results/cell_0081/checkpoint_128/policy.npz,Paper/research/target_selection_2026-09-23/main_results/cell_0081/model.npz,Paper/research/target_selection_2026-09-23/main_results/cell_0081/result.json,1.2304117164086,0.25156415107836355,2fbe324900d6e81b2e309f54dab463434810422cb4e93b035661f762e4fa928a,0.5798852486645196,0.24793646896856988,0.13478995333046637,0.19815281193409834
cell_0090,sensors_0.1_0.3,minimax,0.10355747836773233,0.10355747836774203,saved master/hardest/revelation witness replay plus complete profile arithmetic; not every old decoder replayed,original_completed,Paper/research/target_selection_followups_2026-09-23/original_audit/cell_0090.json,Paper/research/target_selection_2026-09-23/main_results/cell_0090/checkpoint_128/policy.npz,Paper/research/target_selection_2026-09-23/main_results/cell_0090/model.npz,Paper/research/target_selection_2026-09-23/main_results/cell_0090/result.json,0.7863741034265401,0.26797572446896134,d5ded01a9de165b2e94eadabe7c64542477547567e04e2388f5d881515c6c77e,0.6296823438851624,0.23604601963406116,0.1952711931443638,0.10224620756484068
cell_0096,fresh_hmm_2026097001_q4_s3_c5.0,weighted128,0.06038857312021906,0.060388573120317604,saved master/hardest/revelation witness replay plus complete profile arithmetic; not every old decoder replayed,original_completed,Paper/research/target_selection_followups_2026-09-23/original_audit/cell_0096.json,Paper/research/target_selection_2026-09-23/main_results/cell_0096/checkpoint_128/policy.npz,Paper/research/target_selection_2026-09-23/main_results/cell_0096/model.npz,Paper/research/target_selection_2026-09-23/main_results/cell_0096/result.json,0.06551962683956569,0.02282650994576363,28b49afc56ccb34fcf248789c8f07a8f6188c3aaa8c86c06cfe26951141bd770,0.03288547154067925,0.3203759360368468,0.01191061694354724,0.3035680550723466
cell_0097,delayed_0.25_0.1,weighted128,0.18157201405152223,0.18157201405261336,saved master/hardest/revelation witness replay plus complete profile arithmetic; not every old decoder replayed,original_completed,Paper/research/target_selection_followups_2026-09-23/original_audit/cell_0097.json,Paper/research/target_selection_2026-09-23/main_results/cell_0097/checkpoint_128/policy.npz,Paper/research/target_selection_2026-09-23/main_results/cell_0097/model.npz,Paper/research/target_selection_2026-09-23/main_results/cell_0097/result.json,0.7415766651559821,0.23882849576068338,e3da3d7cb7ca86f4d816d0e33228f01c63203bffb8a8ef14a3fe41b062b3d148,0.5305399766283451,0.2277699528827664,0.16250000000000003,0.1456707953188719
cell_0099,fresh_hmm_2026097000_q4_s3_c5.0,face_brier_0.05,0.05369801264403484,0.053698012644072556,all 32768 saved decoder and decision-loss witnesses replayed in follow-up,new_heldout_evaluation,Paper/research/target_selection_followups_2026-09-23/near_optimal_results/cell_0099/INDEPENDENT_CHECK.json,Paper/research/target_selection_2026-09-23/main_results/cell_0099/checkpoint_008/policy.npz,Paper/research/target_selection_2026-09-23/main_results/cell_0099/model.npz,Paper/research/target_selection_2026-09-23/main_results/cell_0099/result.json,0.03743458094398866,0.01296791220624649,1ed66505059f3bc3c88fe82ba99156ae12f7d2be76af163019cc893108261be1,0.017563363546410533,0.08211759963444544,0.005958767830279176,0.05000001478198564
cell_0102,sensors_0.25_0.25,uniform,0.12169471153846145,0.12169471153855844,saved master/hardest/revelation witness replay plus complete profile arithmetic; not every old decoder replayed,original_completed,Paper/research/target_selection_followups_2026-09-23/original_audit/cell_0102.json,Paper/research/target_selection_2026-09-23/main_results/cell_0102/checkpoint_000/policy.npz,Paper/research/target_selection_2026-09-23/main_results/cell_0102/model.npz,Paper/research/target_selection_2026-09-23/main_results/cell_0102/result.json,0.5020513325523619,0.17299107142857145,9a4f350d070cef4016a839f42917304df2ecac21280fa1acaab0633e5c12a887,0.07419318798081714,0.25000000000000205,0.05803571428571433,0.25000000000000033
cell_0104,fresh_hmm_2026101001_q8_s3_c5.0,minimax,0.06855091315272677,0.06855091315301684,saved master/hardest/revelation witness replay plus complete profile arithmetic; not every old decoder replayed,original_completed,Paper/research/target_selection_followups_2026-09-23/original_audit/cell_0104.json,Paper/research/target_selection_2026-09-23/main_results/cell_0104/checkpoint_008/policy.npz,Paper/research/target_selection_2026-09-23/main_results/cell_0104/model.npz,Paper/research/target_selection_2026-09-23/main_results/cell_0104/result.json,0.057241954908819004,0.009799489709462567,c29a094e891552f22aa7910b6d06d9bc641997aa57e1ba7c138caad665e41620,0.029988249413804846,0.43859717559260814,0.004837197666758532,0.42741696256769324
cell_0106,sensors_0.1_0.3,weighted128,0.10551215193401975,0.10551215193402697,saved master/hardest/revelation witness replay plus complete profile arithmetic; not every old decoder replayed,original_completed,Paper/research/target_selection_followups_2026-09-23/original_audit/cell_0106.json,Paper/research/target_selection_2026-09-23/main_results/cell_0106/checkpoint_128/policy.npz,Paper/research/target_selection_2026-09-23/main_results/cell_0106/model.npz,Paper/research/target_selection_2026-09-23/main_results/cell_0106/result.json,0.77468331729921,0.26726571181621606,cc0a82a40c9e520d6ea5491058ca45e090ea0e122a849683fbcba783b49abb51,0.6296823438851624,0.2546121843691203,0.1952711931443638,0.10588224133568148
cell_0109,fresh_hmm_2026097000_q4_s3_c5.0,minimax,0.041458045524616516,0.041458045524685,saved master/hardest/revelation witness replay plus complete profile arithmetic; not every old decoder replayed,original_completed,Paper/research/target_selection_followups_2026-09-23/original_audit/cell_0109.json,Paper/research/target_selection_2026-09-23/main_results/cell_0109/checkpoint_008/policy.npz,Paper/research/target_selection_2026-09-23/main_results/cell_0109/model.npz,Paper/research/target_selection_2026-09-23/main_results/cell_0109/result.json,0.0327732935714693,0.011304639222474822,478d575d601840000e30ba25e8453a8fa7635d551562bf32a48607496a5e8fd5,0.017563363546410533,0.34751593066608893,0.005958767830279176,0.32913037044374366
cell_0110,fresh_hmm_2026101000_q8_s3_c5.0,information,0.11848064808345726,0.11848064808350636,saved master/hardest/revelation witness replay plus complete profile arithmetic; not every old decoder replayed,original_completed,Paper/research/target_selection_followups_2026-09-23/original_audit/cell_0110.json,Paper/research/target_selection_2026-09-23/main_results/cell_0110/checkpoint_000/policy.npz,Paper/research/target_selection_2026-09-23/main_results/cell_0110/model.npz,Paper/research/target_selection_2026-09-23/main_results/cell_0110/result.json,0.0767417870217093,0.014127858917615616,f432bab1fe9a675c843a4e8ecb256545bea86d6c1f92e950f4bb455550f83359,0.05202692989836933,-2.133939148041011e-15,0.00994815603558986,0.018437604876739774
cell_0113,sensors_0.1_0.3,weighted128,0.10551215193401975,0.10551215193402697,saved master/hardest/revelation witness replay plus complete profile arithmetic; not every old decoder replayed,original_completed,Paper/research/target_selection_followups_2026-09-23/original_audit/cell_0113.json,Paper/research/target_selection_2026-09-23/main_results/cell_0113/checkpoint_128/policy.npz,Paper/research/target_selection_2026-09-23/main_results/cell_0113/model.npz,Paper/research/target_selection_2026-09-23/main_results/cell_0113/result.json,0.77468331729921,0.26726571181621606,cc0a82a40c9e520d6ea5491058ca45e090ea0e122a849683fbcba783b49abb51,0.6296823438851624,0.2546121843691203,0.1952711931443638,0.10588224133568148
cell_0116,fresh_hmm_2026096900_q4_s3_c1.0,minimax,0.08727325941600172,0.08727325941605824,saved master/hardest/revelation witness replay plus complete profile arithmetic; not every old decoder replayed,original_completed,Paper/research/target_selection_followups_2026-09-23/original_audit/cell_0116.json,Paper/research/target_selection_2026-09-23/main_results/cell_0116/checkpoint_128/policy.npz,Paper/research/target_selection_2026-09-23/main_results/cell_0116/model.npz,Paper/research/target_selection_2026-09-23/main_results/cell_0116/result.json,0.3301583438260254,0.10989092678356255,6b13e18f27e7e16940e2ea3e443d30968ccc765676b5ab4abe52962396a65705,0.1280983277576416,0.28653129999848914,0.04883141008150059,0.27308171747128507
cell_0117,fresh_hmm_2026097001_q4_s3_c5.0,minimax,0.060817338850360114,0.060817338850386406,saved master/hardest/revelation witness replay plus complete profile arithmetic; not every old decoder replayed,original_completed,Paper/research/target_selection_followups_2026-09-23/original_audit/cell_0117.json,Paper/research/target_selection_2026-09-23/main_results/cell_0117/checkpoint_128/policy.npz,Paper/research/target_selection_2026-09-23/main_results/cell_0117/model.npz,Paper/research/target_selection_2026-09-23/main_results/cell_0117/result.json,0.06584866726260663,0.022946261611992924,af1dc8448c0346fb9db468d56e8b46492d9d473b367b878abb2e9504fb94e840,0.03288547154067925,0.3103702889341767,0.01191061694354724,0.29351385999606444
cell_0123,fresh_hmm_2026100900_q8_s3_c1.0,weighted128,0.12987309072256137,0.12987309072258935,saved master/hardest/revelation witness replay plus complete profile arithmetic; not every old decoder replayed,original_completed,Paper/research/target_selection_followups_2026-09-23/original_audit/cell_0123.json,Paper/research/target_selection_2026-09-23/main_results/cell_0123/checkpoint_128/policy.npz,Paper/research/target_selection_2026-09-23/main_results/cell_0123/model.npz,Paper/research/target_selection_2026-09-23/main_results/cell_0123/result.json,0.3351745237089938,0.06105355179268848,3b149f33b24553e553aba0d21acf7c8ba740e6b3c580ea912dd82938a480454a,0.1970796909832288,0.22866400047973726,0.03747012195691501,0.2253223233942817
cell_0125,fresh_hmm_2026100900_q8_s3_c1.0,minimax,0.1277291992214924,0.12772919922153947,saved master/hardest/revelation witness replay plus complete profile arithmetic; not every old decoder replayed,original_completed,Paper/research/target_selection_followups_2026-09-23/original_audit/cell_0125.json,Paper/research/target_selection_2026-09-23/main_results/cell_0125/checkpoint_128/policy.npz,Paper/research/target_selection_2026-09-23/main_results/cell_0125/model.npz,Paper/research/target_selection_2026-09-23/main_results/cell_0125/result.json,0.32776977059918,0.059585059615265806,168d3a45904fd50e9a99d61905434b2e7fb58faf33ccb37dc528333ce6a6300c,0.1970796909832288,0.2662363808344636,0.03747012195691501,0.26451334014921035
cell_0128,irreversible_0.1_0.3,minimax,0.1773121693121693,0.17731216931217297,saved master/hardest/revelation witness replay plus complete profile arithmetic; not every old decoder replayed,original_completed,Paper/research/target_selection_followups_2026-09-23/original_audit/cell_0128.json,Paper/research/target_selection_2026-09-23/main_results/cell_0128/checkpoint_008/policy.npz,Paper/research/target_selection_2026-09-23/main_results/cell_0128/model.npz,Paper/research/target_selection_2026-09-23/main_results/cell_0128/result.json,0.653139798501781,0.17510238535991962,03bb9d7ff01827fdc5eea348e718a2dc62fd6dfb97ed7adda30de47e725308aa,0.5570919601857278,0.3756613756613763,0.1320310995927434,0.37566137566137525
cell_0129,delayed_0.25_0.1,minimax,0.16621672425929457,0.1662167242594429,saved master/hardest/revelation witness replay plus complete profile arithmetic; not every old decoder replayed,original_completed,Paper/research/target_selection_followups_2026-09-23/original_audit/cell_0129.json,Paper/research/target_selection_2026-09-23/main_results/cell_0129/checkpoint_016/policy.npz,Paper/research/target_selection_2026-09-23/main_results/cell_0129/model.npz,Paper/research/target_selection_2026-09-23/main_results/cell_0129/result.json,0.7242132657280567,0.23740952977957613,1ac59a1c192ed2f2738908779810c4d0b81bbcc3c3b75e3d482c03ad3974ca23,0.5305399766283451,0.2604977400294999,0.16250000000000003,0.15440289366414725
cell_0130,delayed_0.1_0.1,uniform,0.32200000000000006,0.3220000000000309,saved master/hardest/revelation witness replay plus complete profile arithmetic; not every old decoder replayed,original_completed,Paper/research/target_selection_followups_2026-09-23/original_audit/cell_0130.json,Paper/research/target_selection_2026-09-23/main_results/cell_0130/checkpoint_000/policy.npz,Paper/research/target_selection_2026-09-23/main_results/cell_0130/model.npz,Paper/research/target_selection_2026-09-23/main_results/cell_0130/result.json,0.8107228996109384,0.25124864684263293,8a97946df8e9d101cb01a57d3162e628c5cc14d417b8d9b333e95490566cc308,0.5310044064107189,0.47322754797657124,0.2624000000000001,0.6522536324594784
cell_0134,hmm_91503_5.0,minimax,0.08631236473598347,0.08631236473616169,saved master/hardest/revelation witness replay plus complete profile arithmetic; not every old decoder replayed,original_completed,Paper/research/target_selection_followups_2026-09-23/original_audit/cell_0134.json,Paper/research/target_selection_2026-09-23/main_results/cell_0134/checkpoint_128/policy.npz,Paper/research/target_selection_2026-09-23/main_results/cell_0134/model.npz,Paper/research/target_selection_2026-09-23/main_results/cell_0134/result.json,0.17792966765588858,0.05889992192242688,6e153ccf1d86a45b506ff36edba1964a494d81d42dd6638bafae548ab3afd429,0.11099463694068637,0.3666719993695668,0.03381897384314099,0.3396953386174493
cell_0137,fresh_hmm_2026096901_q4_s3_c1.0,face_brier_0.05,0.10269378571250376,0.10269378571252769,all 32768 saved decoder and decision-loss witnesses replayed in follow-up,new_heldout_evaluation,Paper/research/target_selection_followups_2026-09-23/near_optimal_results/cell_0137/INDEPENDENT_CHECK.json,Paper/research/target_selection_2026-09-23/main_results/cell_0137/checkpoint_016/policy.npz,Paper/research/target_selection_2026-09-23/main_results/cell_0137/model.npz,Paper/research/target_selection_2026-09-23/main_results/cell_0137/result.json,0.327716533773748,0.11122011781720831,39b6f985dca6fbaa4337b35296a729d00c2ac80ecb4f40c102b5c6b6ea241494,0.19997783879061978,0.06777334716133035,0.06979651718708846,0.05000000093273687
cell_0139,hmm_91503_5.0,minimax,0.08631236473598347,0.08631236473616169,saved master/hardest/revelation witness replay plus complete profile arithmetic; not every old decoder replayed,original_completed,Paper/research/target_selection_followups_2026-09-23/original_audit/cell_0139.json,Paper/research/target_selection_2026-09-23/main_results/cell_0139/checkpoint_128/policy.npz,Paper/research/target_selection_2026-09-23/main_results/cell_0139/model.npz,Paper/research/target_selection_2026-09-23/main_results/cell_0139/result.json,0.17792966765588858,0.05889992192242688,6e153ccf1d86a45b506ff36edba1964a494d81d42dd6638bafae548ab3afd429,0.11099463694068637,0.3666719993695668,0.03381897384314099,0.3396953386174493
cell_0142,fresh_hmm_2026096901_q4_s3_c1.0,weighted128,0.09442652011837394,0.09442652011839964,saved master/hardest/revelation witness replay plus complete profile arithmetic; not every old decoder replayed,original_completed,Paper/research/target_selection_followups_2026-09-23/original_audit/cell_0142.json,Paper/research/target_selection_2026-09-23/main_results/cell_0142/checkpoint_128/policy.npz,Paper/research/target_selection_2026-09-23/main_results/cell_0142/model.npz,Paper/research/target_selection_2026-09-23/main_results/cell_0142/result.json,0.3011846585384337,0.10133803883523196,f2a0214d4c4179057a4e8da54ef306e1ed3dfe32fde06a91a44d63cd571b02c4,0.19997783879061978,0.20044742442793004,0.06979651718708846,0.19158412833966168
cell_0143,sensors_0.1_0.1,weighted128,0.09755604395604411,0.0975560439561121,saved master/hardest/revelation witness replay plus complete profile arithmetic; not every old decoder replayed,original_completed,Paper/research/target_selection_followups_2026-09-23/original_audit/cell_0143.json,Paper/research/target_selection_2026-09-23/main_results/cell_0143/checkpoint_128/policy.npz,Paper/research/target_selection_2026-09-23/main_results/cell_0143/model.npz,Paper/research/target_selection_2026-09-23/main_results/cell_0143/result.json,1.273090264960436,0.4800000000000001,a09353c0a490a4da36fbb0deeb197ed5c09c08c7188e91cbd502c92359e232d2,0.4106725343253923,1.0813706121826812e-15,0.25529863013698645,0.0
cell_0145,fresh_hmm_2026097001_q4_s3_c5.0,minimax,0.060817338850360114,0.060817338850386406,saved master/hardest/revelation witness replay plus complete profile arithmetic; not every old decoder replayed,original_completed,Paper/research/target_selection_followups_2026-09-23/original_audit/cell_0145.json,Paper/research/target_selection_2026-09-23/main_results/cell_0145/checkpoint_128/policy.npz,Paper/research/target_selection_2026-09-23/main_results/cell_0145/model.npz,Paper/research/target_selection_2026-09-23/main_results/cell_0145/result.json,0.06584866726260663,0.022946261611992924,af1dc8448c0346fb9db468d56e8b46492d9d473b367b878abb2e9504fb94e840,0.03288547154067925,0.3103702889341767,0.01191061694354724,0.29351385999606444
cell_0154,hmm_91502_1.0,brier,0.1551159087779873,0.15511590877804715,saved master/hardest/revelation witness replay plus complete profile arithmetic; not every old decoder replayed,original_completed,Paper/research/target_selection_followups_2026-09-23/original_audit/cell_0154.json,Paper/research/target_selection_2026-09-23/main_results/cell_0154/checkpoint_000/policy.npz,Paper/research/target_selection_2026-09-23/main_results/cell_0154/model.npz,Paper/research/target_selection_2026-09-23/main_results/cell_0154/result.json,0.1470884690969272,0.04691835223431967,2e351de1c1ec3ac3824ebd4a955552aedddf65ce76661b914f2c8add04df6915,0.05119604271106515,0.03779725051488666,0.015229750173009524,2.7336865641582798e-15
cell_0163,fresh_hmm_2026097000_q4_s3_c5.0,information,0.0635130296951738,0.06351302969521427,saved master/hardest/revelation witness replay plus complete profile arithmetic; not every old decoder replayed,original_completed,Paper/research/target_selection_followups_2026-09-23/original_audit/cell_0163.json,Paper/research/target_selection_2026-09-23/main_results/cell_0163/checkpoint_000/policy.npz,Paper/research/target_selection_2026-09-23/main_results/cell_0163/model.npz,Paper/research/target_selection_2026-09-23/main_results/cell_0163/result.json,0.03887684219992682,0.01326585068584285,b49a764a1af04589ecec170514667d34afe91d05eb36b696744f7432bd9a3c30,0.017563363546410533,1.1062176603929018e-14,0.005958767830279176,3.2023328948613967e-15
cell_0170,fresh_hmm_2026096900_q4_s3_c1.0,minimax,0.08727325941600172,0.08727325941605824,saved master/hardest/revelation witness replay plus complete profile arithmetic; not every old decoder replayed,original_completed,Paper/research/target_selection_followups_2026-09-23/original_audit/cell_0170.json,Paper/research/target_selection_2026-09-23/main_results/cell_0170/checkpoint_128/policy.npz,Paper/research/target_selection_2026-09-23/main_results/cell_0170/model.npz,Paper/research/target_selection_2026-09-23/main_results/cell_0170/result.json,0.3301583438260254,0.10989092678356255,6b13e18f27e7e16940e2ea3e443d30968ccc765676b5ab4abe52962396a65705,0.1280983277576416,0.28653129999848914,0.04883141008150059,0.27308171747128507
cell_0172,hmm_91502_1.0,information,0.1260086376202756,0.12600863762077877,saved master/hardest/revelation witness replay plus complete profile arithmetic; not every old decoder replayed,original_completed,Paper/research/target_selection_followups_2026-09-23/original_audit/cell_0172.json,Paper/research/target_selection_2026-09-23/main_results/cell_0172/checkpoint_000/policy.npz,Paper/research/target_selection_2026-09-23/main_results/cell_0172/model.npz,Paper/research/target_selection_2026-09-23/main_results/cell_0172/result.json,0.14902353874864827,0.04510182827769682,1c13578ad9a7a194a2ea1e80224ea9ead023c87ff2cb2a77a2348ef70c47a1ee,0.05119604271106515,-2.168571955631252e-15,0.015229750173009524,0.11927470483673289
cell_0174,hmm_91503_5.0,minimax,0.08631236473598347,0.08631236473616169,saved master/hardest/revelation witness replay plus complete profile arithmetic; not every old decoder replayed,original_completed,Paper/research/target_selection_followups_2026-09-23/original_audit/cell_0174.json,Paper/research/target_selection_2026-09-23/main_results/cell_0174/checkpoint_128/policy.npz,Paper/research/target_selection_2026-09-23/main_results/cell_0174/model.npz,Paper/research/target_selection_2026-09-23/main_results/cell_0174/result.json,0.17792966765588858,0.05889992192242688,6e153ccf1d86a45b506ff36edba1964a494d81d42dd6638bafae548ab3afd429,0.11099463694068637,0.3666719993695668,0.03381897384314099,0.3396953386174493
cell_0176,irreversible_0.1_0.3,weighted128,0.2839999999999996,0.28400000000006675,saved master/hardest/revelation witness replay plus complete profile arithmetic; not every old decoder replayed,original_completed,Paper/research/target_selection_followups_2026-09-23/original_audit/cell_0176.json,Paper/research/target_selection_2026-09-23/main_results/cell_0176/checkpoint_128/policy.npz,Paper/research/target_selection_2026-09-23/main_results/cell_0176/model.npz,Paper/research/target_selection_2026-09-23/main_results/cell_0176/result.json,0.8624177306350438,0.2247013698630138,3c7819d6a2694908750a2ec7ad143d03069e73c29ec2a696d2b3901de588edb0,0.5570919601857278,7.971560201694682e-16,0.1320310995927434,-1.2613199027157568e-15
cell_0181,hmm_91501_0.2,minimax,0.11977649982477556,0.11977649982477892,saved master/hardest/revelation witness replay plus complete profile arithmetic; not every old decoder replayed,original_completed,Paper/research/target_selection_followups_2026-09-23/original_audit/cell_0181.json,Paper/research/target_selection_2026-09-23/main_results/cell_0181/checkpoint_128/policy.npz,Paper/research/target_selection_2026-09-23/main_results/cell_0181/model.npz,Paper/research/target_selection_2026-09-23/main_results/cell_0181/result.json,1.0430852790811826,0.38730999792957543,30f23e0d25d07519e705cc63498f2578c96cad5e06ffd4139c3f439c90910a7f,0.49116148016006744,0.14883594202535685,0.23846099801787285,0.09225455195037886
cell_0183,sensors_0.25_0.25,minimax,0.10824462167073068,0.10824462167074037,saved master/hardest/revelation witness replay plus complete profile arithmetic; not every old decoder replayed,original_completed,Paper/research/target_selection_followups_2026-09-23/original_audit/cell_0183.json,Paper/research/target_selection_2026-09-23/main_results/cell_0183/checkpoint_128/policy.npz,Paper/research/target_selection_2026-09-23/main_results/cell_0183/model.npz,Paper/research/target_selection_2026-09-23/main_results/cell_0183/result.json,0.5205996295475663,0.18749999999999994,c5e80c12fe969b7e7c32e653a49243aad8917905247ea14ed83d03ce2eca121e,0.07419318798081714,0.0,0.05803571428571433,1.9129996732002685e-15
cell_0189,sensors_0.1_0.1,brier,0.1104626373626375,0.1104626374380964,saved master/hardest/revelation witness replay plus complete profile arithmetic; not every old decoder replayed,original_completed,Paper/research/target_selection_followups_2026-09-23/original_audit/cell_0189.json,Paper/research/target_selection_2026-09-23/main_results/cell_0189/checkpoint_000/policy.npz,Paper/research/target_selection_2026-09-23/main_results/cell_0189/model.npz,Paper/research/target_selection_2026-09-23/main_results/cell_0189/result.json,1.2730902649604359,0.48,7f52119698765a98bb0960d9b7ec0c98a368bb0f1322292e486cb2fc5abddeda,0.4106725343253923,1.6220559182740218e-15,0.25529863013698645,4.348722999529768e-16
cell_0192,fresh_hmm_2026096800_q4_s3_c0.2,weighted128,0.24148235848196475,0.2414823584819738,saved master/hardest/revelation witness replay plus complete profile arithmetic; not every old decoder replayed,original_completed,Paper/research/target_selection_followups_2026-09-23/original_audit/cell_0192.json,Paper/research/target_selection_2026-09-23/main_results/cell_0192/checkpoint_128/policy.npz,Paper/research/target_selection_2026-09-23/main_results/cell_0192/model.npz,Paper/research/target_selection_2026-09-23/main_results/cell_0192/result.json,0.8932712837915748,0.29928725080120633,b620126589356ae5c26d5ec5245ab815c3807331a1daa86cd1010b804599e390,0.7896581283403759,0.15471616905145555,0.2677713558453575,0.14782800348484929
cell_0193,sensors_0.1_0.1,weighted128,0.09755604395604411,0.0975560439561121,saved master/hardest/revelation witness replay plus complete profile arithmetic; not every old decoder replayed,original_completed,Paper/research/target_selection_followups_2026-09-23/original_audit/cell_0193.json,Paper/research/target_selection_2026-09-23/main_results/cell_0193/checkpoint_128/policy.npz,Paper/research/target_selection_2026-09-23/main_results/cell_0193/model.npz,Paper/research/target_selection_2026-09-23/main_results/cell_0193/result.json,1.273090264960436,0.4800000000000001,a09353c0a490a4da36fbb0deeb197ed5c09c08c7188e91cbd502c92359e232d2,0.4106725343253923,1.0813706121826812e-15,0.25529863013698645,0.0
cell_0200,hmm_91502_1.0,weighted128,0.10163139108490071,0.10163139108516148,saved master/hardest/revelation witness replay plus complete profile arithmetic; not every old decoder replayed,original_completed,Paper/research/target_selection_followups_2026-09-23/original_audit/cell_0200.json,Paper/research/target_selection_2026-09-23/main_results/cell_0200/checkpoint_128/policy.npz,Paper/research/target_selection_2026-09-23/main_results/cell_0200/model.npz,Paper/research/target_selection_2026-09-23/main_results/cell_0200/result.json,0.13129547195875357,0.04329236719157559,861ddbf6bffdf3db519d596c3a0e0afd4e00d79850dabe10551c24575a09a535,0.05119604271106515,0.3462780685989029,0.015229750173009524,0.23808565482381788
cell_0202,irreversible_0.1_0.1,minimax,0.23599999999999977,0.23600000000000043,saved master/hardest/revelation witness replay plus complete profile arithmetic; not every old decoder replayed,original_completed,Paper/research/target_selection_followups_2026-09-23/original_audit/cell_0202.json,Paper/research/target_selection_2026-09-23/main_results/cell_0202/checkpoint_128/policy.npz,Paper/research/target_selection_2026-09-23/main_results/cell_0202/model.npz,Paper/research/target_selection_2026-09-23/main_results/cell_0202/result.json,0.8624177306350438,0.2247013698630138,a83218dc81ce61ee05607ceff7946ae348d13691c90a52f3a1c9d0efc393a267,0.0,,0.0,
cell_0204,fresh_hmm_2026101000_q8_s3_c5.0,minimax,0.08250394631791635,0.08250394631801869,saved master/hardest/revelation witness replay plus complete profile arithmetic; not every old decoder replayed,original_completed,Paper/research/target_selection_followups_2026-09-23/original_audit/cell_0204.json,Paper/research/target_selection_2026-09-23/main_results/cell_0204/checkpoint_128/policy.npz,Paper/research/target_selection_2026-09-23/main_results/cell_0204/model.npz,Paper/research/target_selection_2026-09-23/main_results/cell_0204/result.json,0.055274203258446786,0.009550519916224104,07111288e0974d094ab5d4d1843227d9ba4daf532ff258f524638a9e7b26b5c9,0.05202692989836933,0.4126244582411015,0.00994815603558986,0.4785569460909234
cell_0205,irreversible_0.1_0.1,minimax,0.23599999999999977,0.23600000000000043,saved master/hardest/revelation witness replay plus complete profile arithmetic; not every old decoder replayed,original_completed,Paper/research/target_selection_followups_2026-09-23/original_audit/cell_0205.json,Paper/research/target_selection_2026-09-23/main_results/cell_0205/checkpoint_128/policy.npz,Paper/research/target_selection_2026-09-23/main_results/cell_0205/model.npz,Paper/research/target_selection_2026-09-23/main_results/cell_0205/result.json,0.8624177306350438,0.2247013698630138,a83218dc81ce61ee05607ceff7946ae348d13691c90a52f3a1c9d0efc393a267,0.0,,0.0,
cell_0206,fresh_hmm_2026096900_q4_s3_c1.0,weighted128,0.08587170551077916,0.08587170551078177,saved master/hardest/revelation witness replay plus complete profile arithmetic; not every old decoder replayed,original_completed,Paper/research/target_selection_followups_2026-09-23/original_audit/cell_0206.json,Paper/research/target_selection_2026-09-23/main_results/cell_0206/checkpoint_128/policy.npz,Paper/research/target_selection_2026-09-23/main_results/cell_0206/model.npz,Paper/research/target_selection_2026-09-23/main_results/cell_0206/result.json,0.3427420447544516,0.11440095881953799,6b6c6fc0008056a5fae86cc2becec643507ca4532ed8f764fda1a8484707cae3,0.1280983277576416,0.18829659897854917,0.04883141008150059,0.18072247516294074
cell_0208,delayed_0.25_0.1,brier,0.14323846153846165,0.14323846153848244,saved master/hardest/revelation witness replay plus complete profile arithmetic; not every old decoder replayed,original_completed,Paper/research/target_selection_followups_2026-09-23/original_audit/cell_0208.json,Paper/research/target_selection_2026-09-23/main_results/cell_0208/checkpoint_000/policy.npz,Paper/research/target_selection_2026-09-23/main_results/cell_0208/model.npz,Paper/research/target_selection_2026-09-23/main_results/cell_0208/result.json,0.7197262819515857,0.26250000000000007,245579d05dcc1b2e3d440f4babc4332ffcecc2761ccbc3d420dd2a2ecd82fa59,0.5305399766283451,0.26895513056392545,0.16250000000000003,0.0
cell_0210,fresh_hmm_2026096900_q4_s3_c1.0,weighted128,0.08587170551077916,0.08587170551078177,saved master/hardest/revelation witness replay plus complete profile arithmetic; not every old decoder replayed,original_completed,Paper/research/target_selection_followups_2026-09-23/original_audit/cell_0210.json,Paper/research/target_selection_2026-09-23/main_results/cell_0210/checkpoint_128/policy.npz,Paper/research/target_selection_2026-09-23/main_results/cell_0210/model.npz,Paper/research/target_selection_2026-09-23/main_results/cell_0210/result.json,0.3427420447544516,0.11440095881953799,6b6c6fc0008056a5fae86cc2becec643507ca4532ed8f764fda1a8484707cae3,0.1280983277576416,0.18829659897854917,0.04883141008150059,0.18072247516294074
cell_0212,fresh_hmm_2026100900_q8_s3_c1.0,uniform,0.1440352657660815,0.14403526576608439,saved master/hardest/revelation witness replay plus complete profile arithmetic; not every old decoder replayed,original_completed,Paper/research/target_selection_followups_2026-09-23/original_audit/cell_0212.json,Paper/research/target_selection_2026-09-23/main_results/cell_0212/checkpoint_000/policy.npz,Paper/research/target_selection_2026-09-23/main_results/cell_0212/model.npz,Paper/research/target_selection_2026-09-23/main_results/cell_0212/result.json,0.29294240482205813,0.05193855431988953,c9c6b5dff3bd86a9a96e78c429093a524a0c06368393d86a2b7e356a2e1016ee,0.1970796909832288,0.4429535534836009,0.03747012195691501,0.4685827398743728
cell_0217,hmm_91501_0.2,weighted128,0.1270643773108392,0.1270643773108411,saved master/hardest/revelation witness replay plus complete profile arithmetic; not every old decoder replayed,original_completed,Paper/research/target_selection_followups_2026-09-23/original_audit/cell_0217.json,Paper/research/target_selection_2026-09-23/main_results/cell_0217/checkpoint_128/policy.npz,Paper/research/target_selection_2026-09-23/main_results/cell_0217/model.npz,Paper/research/target_selection_2026-09-23/main_results/cell_0217/result.json,1.0996800625195862,0.4021278029947616,9766e0f1cda595ebee4574c246d1b45cf62c39afd621bb98c722c6683783e6b5,0.49116148016006744,0.03360951299032846,0.23846099801787285,0.030115228587840787
cell_0219,delayed_0.1_0.1,minimax,0.12708637562292324,0.1270863756229666,saved master/hardest/revelation witness replay plus complete profile arithmetic; not every old decoder replayed,original_completed,Paper/research/target_selection_followups_2026-09-23/original_audit/cell_0219.json,Paper/research/target_selection_2026-09-23/main_results/cell_0219/checkpoint_128/policy.npz,Paper/research/target_selection_2026-09-23/main_results/cell_0219/model.npz,Paper/research/target_selection_2026-09-23/main_results/cell_0219/result.json,1.0309524243499582,0.3944574839057584,5e52c2b046e2ddbca60c7fe9a35011943bea5706e948f221044f791e2750ebf4,0.5310044064107189,0.05848612195405785,0.2624000000000001,0.10648824731037229
cell_0221,fresh_hmm_2026100801_q8_s3_c0.2,information,0.41472144646247444,0.4147214464624881,saved master/hardest/revelation witness replay plus complete profile arithmetic; not every old decoder replayed,original_completed,Paper/research/target_selection_followups_2026-09-23/original_audit/cell_0221.json,Paper/research/target_selection_2026-09-23/main_results/cell_0221/checkpoint_000/policy.npz,Paper/research/target_selection_2026-09-23/main_results/cell_0221/model.npz,Paper/research/target_selection_2026-09-23/main_results/cell_0221/result.json,1.2633903305235017,0.26003719386543855,20a13a7af0bb4ad954f5334423cbd882ba71be3e719b98814bbf90520ceffa49,0.47232007556489175,0.0,0.11712529383578274,0.0
cell_0223,fresh_hmm_2026096900_q4_s3_c1.0,minimax,0.08727325941600172,0.08727325941605824,saved master/hardest/revelation witness replay plus complete profile arithmetic; not every old decoder replayed,original_completed,Paper/research/target_selection_followups_2026-09-23/original_audit/cell_0223.json,Paper/research/target_selection_2026-09-23/main_results/cell_0223/checkpoint_128/policy.npz,Paper/research/target_selection_2026-09-23/main_results/cell_0223/model.npz,Paper/research/target_selection_2026-09-23/main_results/cell_0223/result.json,0.3301583438260254,0.10989092678356255,6b13e18f27e7e16940e2ea3e443d30968ccc765676b5ab4abe52962396a65705,0.1280983277576416,0.28653129999848914,0.04883141008150059,0.27308171747128507
cell_0224,hmm_91501_0.2,minimax,0.11977649982477556,0.11977649982477892,saved master/hardest/revelation witness replay plus complete profile arithmetic; not every old decoder replayed,original_completed,Paper/research/target_selection_followups_2026-09-23/original_audit/cell_0224.json,Paper/research/target_selection_2026-09-23/main_results/cell_0224/checkpoint_128/policy.npz,Paper/research/target_selection_2026-09-23/main_results/cell_0224/model.npz,Paper/research/target_selection_2026-09-23/main_results/cell_0224/result.json,1.0430852790811826,0.38730999792957543,30f23e0d25d07519e705cc63498f2578c96cad5e06ffd4139c3f439c90910a7f,0.49116148016006744,0.14883594202535685,0.23846099801787285,0.09225455195037886
cell_0226,fresh_hmm_2026096801_q4_s3_c0.2,weighted128,0.16680226356834016,0.16680226356858024,saved master/hardest/revelation witness replay plus complete profile arithmetic; not every old decoder replayed,original_completed,Paper/research/target_selection_followups_2026-09-23/original_audit/cell_0226.json,Paper/research/target_selection_2026-09-23/main_results/cell_0226/checkpoint_128/policy.npz,Paper/research/target_selection_2026-09-23/main_results/cell_0226/model.npz,Paper/research/target_selection_2026-09-23/main_results/cell_0226/result.json,1.0351415709783875,0.35922809450389626,6dfb1635530463679f574eb330ac62e29eee966a797602024931990ce4aecc47,0.8653493066821176,0.057507289246822586,0.3104627566156823,0.06310458573508351
cell_0229,hmm_91501_0.2,minimax,0.1197764998247759,0.11977649982477725,saved master/hardest/revelation witness replay plus complete profile arithmetic; not every old decoder replayed,original_completed,Paper/research/target_selection_followups_2026-09-23/original_audit/cell_0229.json,Paper/research/target_selection_2026-09-23/main_results/cell_0229/checkpoint_016/policy.npz,Paper/research/target_selection_2026-09-23/main_results/cell_0229/model.npz,Paper/research/target_selection_2026-09-23/main_results/cell_0229/result.json,1.0430852790811838,0.387309997929576,e375f59292562f899173a3911c24490f7360f836bd92234023a9b8ae4dc39b45,0.49116148016006744,0.1488359420253546,0.23846099801787285,0.09225455195037653
cell_0230,sensors_0.25_0.25,weighted128,0.10817307692307687,0.10817307692314727,saved master/hardest/revelation witness replay plus complete profile arithmetic; not every old decoder replayed,original_completed,Paper/research/target_selection_followups_2026-09-23/original_audit/cell_0230.json,Paper/research/target_selection_2026-09-23/main_results/cell_0230/checkpoint_128/policy.npz,Paper/research/target_selection_2026-09-23/main_results/cell_0230/model.npz,Paper/research/target_selection_2026-09-23/main_results/cell_0230/result.json,0.5205996295475663,0.18749999999999994,6ded900721b728f0936470186132ea3ded6449c2c6bae9cb36dd95850334934b,0.07419318798081714,0.0,0.05803571428571433,1.9129996732002685e-15
cell_0231,fresh_hmm_2026097000_q4_s3_c5.0,minimax,0.0415692717472812,0.04156927174731709,saved master/hardest/revelation witness replay plus complete profile arithmetic; not every old decoder replayed,original_completed,Paper/research/target_selection_followups_2026-09-23/original_audit/cell_0231.json,Paper/research/target_selection_2026-09-23/main_results/cell_0231/checkpoint_128/policy.npz,Paper/research/target_selection_2026-09-23/main_results/cell_0231/model.npz,Paper/research/target_selection_2026-09-23/main_results/cell_0231/result.json,0.03276988791037461,0.01130491666759953,b7bb2db48a6b7ac7ec8794d532aedfe9c8a1425da6ef9e1062873f737fc60ae9,0.017563363546410533,0.34770983777765624,0.005958767830279176,0.32908380962234396
cell_0234,fresh_hmm_2026096801_q4_s3_c0.2,weighted128,0.16680226356834016,0.16680226356858024,saved master/hardest/revelation witness replay plus complete profile arithmetic; not every old decoder replayed,original_completed,Paper/research/target_selection_followups_2026-09-23/original_audit/cell_0234.json,Paper/research/target_selection_2026-09-23/main_results/cell_0234/checkpoint_128/policy.npz,Paper/research/target_selection_2026-09-23/main_results/cell_0234/model.npz,Paper/research/target_selection_2026-09-23/main_results/cell_0234/result.json,1.0351415709783875,0.35922809450389626,6dfb1635530463679f574eb330ac62e29eee966a797602024931990ce4aecc47,0.8653493066821176,0.057507289246822586,0.3104627566156823,0.06310458573508351
cell_0236,fresh_hmm_2026101001_q8_s3_c5.0,uniform,0.07218598180787439,0.07218598180795652,saved master/hardest/revelation witness replay plus complete profile arithmetic; not every old decoder replayed,original_completed,Paper/research/target_selection_followups_2026-09-23/original_audit/cell_0236.json,Paper/research/target_selection_2026-09-23/main_results/cell_0236/checkpoint_000/policy.npz,Paper/research/target_selection_2026-09-23/main_results/cell_0236/model.npz,Paper/research/target_selection_2026-09-23/main_results/cell_0236/result.json,0.0554021779292575,0.009507331736332253,869fcb8ae0707623764b3f175beb7ba8d0ad415ddb0a95e28dbc3ec4c0fca5b6,0.029988249413804846,0.4999471048323782,0.004837197666758532,0.48781515037342177
cell_0240,sensors_0.1_0.3,face_brier_0.05,0.1200041091542795,0.12000410915435383,all 32768 saved decoder and decision-loss witnesses replayed in follow-up,new_heldout_evaluation,Paper/research/target_selection_followups_2026-09-23/near_optimal_results/cell_0240/INDEPENDENT_CHECK.json,Paper/research/target_selection_2026-09-23/main_results/cell_0240/checkpoint_008/policy.npz,Paper/research/target_selection_2026-09-23/main_results/cell_0240/model.npz,Paper/research/target_selection_2026-09-23/main_results/cell_0240/result.json,0.8131896962104941,0.2781779037550516,ff42d76c6b2b8b87e6cfc7f17dbb42cad696a671712efa3a43ca09ea0eea18da,0.6296823438851624,0.19346011414638178,0.1952711931443638,0.050000000012107707
cell_0242,sensors_0.25_0.25,minimax,0.10824462167073068,0.10824462167074037,saved master/hardest/revelation witness replay plus complete profile arithmetic; not every old decoder replayed,original_completed,Paper/research/target_selection_followups_2026-09-23/original_audit/cell_0242.json,Paper/research/target_selection_2026-09-23/main_results/cell_0242/checkpoint_128/policy.npz,Paper/research/target_selection_2026-09-23/main_results/cell_0242/model.npz,Paper/research/target_selection_2026-09-23/main_results/cell_0242/result.json,0.5205996295475663,0.18749999999999994,c5e80c12fe969b7e7c32e653a49243aad8917905247ea14ed83d03ce2eca121e,0.07419318798081714,0.0,0.05803571428571433,1.9129996732002685e-15
cell_0248,delayed_0.25_0.1,weighted128,0.18157201405152223,0.18157201405261336,saved master/hardest/revelation witness replay plus complete profile arithmetic; not every old decoder replayed,original_completed,Paper/research/target_selection_followups_2026-09-23/original_audit/cell_0248.json,Paper/research/target_selection_2026-09-23/main_results/cell_0248/checkpoint_128/policy.npz,Paper/research/target_selection_2026-09-23/main_results/cell_0248/model.npz,Paper/research/target_selection_2026-09-23/main_results/cell_0248/result.json,0.7415766651559821,0.23882849576068338,e3da3d7cb7ca86f4d816d0e33228f01c63203bffb8a8ef14a3fe41b062b3d148,0.5305399766283451,0.2277699528827664,0.16250000000000003,0.1456707953188719
cell_0249,fresh_hmm_2026096901_q4_s3_c1.0,minimax,0.0907120665149107,0.09071206651491273,saved master/hardest/revelation witness replay plus complete profile arithmetic; not every old decoder replayed,original_completed,Paper/research/target_selection_followups_2026-09-23/original_audit/cell_0249.json,Paper/research/target_selection_2026-09-23/main_results/cell_0249/checkpoint_128/policy.npz,Paper/research/target_selection_2026-09-23/main_results/cell_0249/model.npz,Paper/research/target_selection_2026-09-23/main_results/cell_0249/result.json,0.26320497015887234,0.08789652119350183,3d3ce63fe6ab859d4d7be41af97aed6ce4fbddbd5f092dfdf7b3fe71a3e5a04a,0.19997783879061978,0.39036691055322376,0.06979651718708846,0.3841656235695791
cell_0251,fresh_hmm_2026100800_q8_s3_c0.2,weighted128,0.28905326601521086,0.2890532660174926,all 32768 saved decoder and decision-loss witnesses replayed in follow-up,recovered_original_policy,Paper/research/target_selection_followups_2026-09-23/recovery_results/cell_0070/INDEPENDENT_CHECK.json,Paper/research/target_selection_2026-09-23/main_results/cell_0251/checkpoint_128/policy.npz,Paper/research/target_selection_2026-09-23/main_results/cell_0251/model.npz,Paper/research/target_selection_2026-09-23/main_results/cell_0251/result.json,1.2304117164086,0.25156415107836355,2fbe324900d6e81b2e309f54dab463434810422cb4e93b035661f762e4fa928a,0.5798852486645196,0.24793646896856988,0.13478995333046637,0.19815281193409834
cell_0252,fresh_hmm_2026101001_q8_s3_c5.0,weighted128,0.06260334154482383,0.06260334154540849,saved master/hardest/revelation witness replay plus complete profile arithmetic; not every old decoder replayed,original_completed,Paper/research/target_selection_followups_2026-09-23/original_audit/cell_0252.json,Paper/research/target_selection_2026-09-23/main_results/cell_0252/checkpoint_128/policy.npz,Paper/research/target_selection_2026-09-23/main_results/cell_0252/model.npz,Paper/research/target_selection_2026-09-23/main_results/cell_0252/result.json,0.05819882621304728,0.010020413717147902,4cf7ff28e1e4be9b1f72d162c6980b637dd69c2e28eeab32702de8f321cf15cf,0.029988249413804846,0.40668896744666044,0.004837197666758532,0.3817450626568137
cell_0258,fresh_hmm_2026100900_q8_s3_c1.0,weighted128,0.12987309072256137,0.12987309072258935,saved master/hardest/revelation witness replay plus complete profile arithmetic; not every old decoder replayed,original_completed,Paper/research/target_selection_followups_2026-09-23/original_audit/cell_0258.json,Paper/research/target_selection_2026-09-23/main_results/cell_0258/checkpoint_128/policy.npz,Paper/research/target_selection_2026-09-23/main_results/cell_0258/model.npz,Paper/research/target_selection_2026-09-23/main_results/cell_0258/result.json,0.3351745237089938,0.06105355179268848,3b149f33b24553e553aba0d21acf7c8ba740e6b3c580ea912dd82938a480454a,0.1970796909832288,0.22866400047973726,0.03747012195691501,0.2253223233942817
cell_0261,fresh_hmm_2026096800_q4_s3_c0.2,minimax,0.2307330405903283,0.23073304059037478,saved master/hardest/revelation witness replay plus complete profile arithmetic; not every old decoder replayed,original_completed,Paper/research/target_selection_followups_2026-09-23/original_audit/cell_0261.json,Paper/research/target_selection_2026-09-23/main_results/cell_0261/checkpoint_128/policy.npz,Paper/research/target_selection_2026-09-23/main_results/cell_0261/model.npz,Paper/research/target_selection_2026-09-23/main_results/cell_0261/result.json,0.8689454216226671,0.29212476534377474,7400d777ab08e9cbeb6a4543b52ba6f0fa135fe0c5a3ed6367944bc6ccf9453a,0.7896581283403759,0.18552173071905137,0.2677713558453575,0.17457651597909846
cell_0262,hmm_91501_0.2,brier,0.14071928791242472,0.14071928791253274,saved master/hardest/revelation witness replay plus complete profile arithmetic; not every old decoder replayed,original_completed,Paper/research/target_selection_followups_2026-09-23/original_audit/cell_0262.json,Paper/research/target_selection_2026-09-23/main_results/cell_0262/checkpoint_000/policy.npz,Paper/research/target_selection_2026-09-23/main_results/cell_0262/model.npz,Paper/research/target_selection_2026-09-23/main_results/cell_0262/result.json,1.0997479824967409,0.4093091104593546,1abc64556f3477a16710acd65641765335c6a2b3f78f1b695bd5c9c46f31c30c,0.49116148016006744,0.033471228576956745,0.23846099801787285,-4.655784525995922e-16
cell_0264,irreversible_0.1_0.1,minimax,0.23599999999999977,0.23600000000000043,saved master/hardest/revelation witness replay plus complete profile arithmetic; not every old decoder replayed,original_completed,Paper/research/target_selection_followups_2026-09-23/original_audit/cell_0264.json,Paper/research/target_selection_2026-09-23/main_results/cell_0264/checkpoint_128/policy.npz,Paper/research/target_selection_2026-09-23/main_results/cell_0264/model.npz,Paper/research/target_selection_2026-09-23/main_results/cell_0264/result.json,0.8624177306350438,0.2247013698630138,a83218dc81ce61ee05607ceff7946ae348d13691c90a52f3a1c9d0efc393a267,0.0,,0.0,
cell_0268,irreversible_0.1_0.1,weighted128,0.24568904659858837,0.24568904659858876,saved master/hardest/revelation witness replay plus complete profile arithmetic; not every old decoder replayed,original_completed,Paper/research/target_selection_followups_2026-09-23/original_audit/cell_0268.json,Paper/research/target_selection_2026-09-23/main_results/cell_0268/checkpoint_128/policy.npz,Paper/research/target_selection_2026-09-23/main_results/cell_0268/model.npz,Paper/research/target_selection_2026-09-23/main_results/cell_0268/result.json,0.8624177306350438,0.2247013698630138,f5e9ef73830f47c443a8a40bbe568159c0f444a546332a88031a061619a4cdb9,0.0,,0.0,
cell_0269,fresh_hmm_2026097001_q4_s3_c5.0,minimax,0.060889022831351336,0.06088902283140421,saved master/hardest/revelation witness replay plus complete profile arithmetic; not every old decoder replayed,original_completed,Paper/research/target_selection_followups_2026-09-23/original_audit/cell_0269.json,Paper/research/target_selection_2026-09-23/main_results/cell_0269/checkpoint_008/policy.npz,Paper/research/target_selection_2026-09-23/main_results/cell_0269/model.npz,Paper/research/target_selection_2026-09-23/main_results/cell_0269/result.json,0.06588697133443566,0.022966512632097646,6df21efaee84723569b3c62c8e141c8dbe67230d304479f0f7d79d0a08adf5c2,0.03288547154067925,0.30920551707491806,0.01191061694354724,0.2918136105294997
cell_0270,fresh_hmm_2026100901_q8_s3_c1.0,minimax,0.10541638124018693,0.10541638124021933,saved master/hardest/revelation witness replay plus complete profile arithmetic; not every old decoder replayed,original_completed,Paper/research/target_selection_followups_2026-09-23/original_audit/cell_0270.json,Paper/research/target_selection_2026-09-23/main_results/cell_0270/checkpoint_016/policy.npz,Paper/research/target_selection_2026-09-23/main_results/cell_0270/model.npz,Paper/research/target_selection_2026-09-23/main_results/cell_0270/result.json,0.23542428614731925,0.04203068147192873,4150c6adefc4607194405256b57fafbc50051f75a2664898089d156842ae85f3,0.07670102654003474,0.2687374527655137,0.016302318170326395,0.26931015281497056
cell_0275,fresh_hmm_2026100901_q8_s3_c1.0,brier,0.18313483784365936,0.18313483784498572,saved master/hardest/revelation witness replay plus complete profile arithmetic; not every old decoder replayed,original_completed,Paper/research/target_selection_followups_2026-09-23/original_audit/cell_0275.json,Paper/research/target_selection_2026-09-23/main_results/cell_0275/checkpoint_000/policy.npz,Paper/research/target_selection_2026-09-23/main_results/cell_0275/model.npz,Paper/research/target_selection_2026-09-23/main_results/cell_0275/result.json,0.25603672464418725,0.04642106126961759,082345d0aeed019c0386b2ffe5fbf65dc201cd2208c39a377bec7a88b5fa93f3,0.07670102654003474,1.3027214461609581e-14,0.016302318170326395,8.512769572289978e-16
cell_0286,sensors_0.25_0.25,weighted128,0.10817307692307687,0.10817307692314727,saved master/hardest/revelation witness replay plus complete profile arithmetic; not every old decoder replayed,original_completed,Paper/research/target_selection_followups_2026-09-23/original_audit/cell_0286.json,Paper/research/target_selection_2026-09-23/main_results/cell_0286/checkpoint_128/policy.npz,Paper/research/target_selection_2026-09-23/main_results/cell_0286/model.npz,Paper/research/target_selection_2026-09-23/main_results/cell_0286/result.json,0.5205996295475663,0.18749999999999994,6ded900721b728f0936470186132ea3ded6449c2c6bae9cb36dd95850334934b,0.07419318798081714,0.0,0.05803571428571433,1.9129996732002685e-15
cell_0290,sensors_0.1_0.1,minimax,0.09765936611058401,0.09765936611059937,saved master/hardest/revelation witness replay plus complete profile arithmetic; not every old decoder replayed,original_completed,Paper/research/target_selection_followups_2026-09-23/original_audit/cell_0290.json,Paper/research/target_selection_2026-09-23/main_results/cell_0290/checkpoint_128/policy.npz,Paper/research/target_selection_2026-09-23/main_results/cell_0290/model.npz,Paper/research/target_selection_2026-09-23/main_results/cell_0290/result.json,1.273090264960436,0.4800000000000001,e33af8f8441791f8f66fbcd8e96e209d61eb3438351712975842c2669d93d84b,0.4106725343253923,1.0813706121826812e-15,0.25529863013698645,0.0
cell_0296,fresh_hmm_2026101001_q8_s3_c5.0,minimax,0.0682530452378064,0.06825304523802814,saved master/hardest/revelation witness replay plus complete profile arithmetic; not every old decoder replayed,original_completed,Paper/research/target_selection_followups_2026-09-23/original_audit/cell_0296.json,Paper/research/target_selection_2026-09-23/main_results/cell_0296/checkpoint_128/policy.npz,Paper/research/target_selection_2026-09-23/main_results/cell_0296/model.npz,Paper/research/target_selection_2026-09-23/main_results/cell_0296/result.json,0.05736747217276683,0.00981814420311286,82a825da9f7c414f7f05f33a3edd0217301ff6d832889845e00cde66a79ecbaf,0.029988249413804846,0.4344116273728429,0.004837197666758532,0.4235604954692968
cell_0298,fresh_hmm_2026100900_q8_s3_c1.0,weighted128,0.12987309072256137,0.12987309072258935,saved master/hardest/revelation witness replay plus complete profile arithmetic; not every old decoder replayed,original_completed,Paper/research/target_selection_followups_2026-09-23/original_audit/cell_0298.json,Paper/research/target_selection_2026-09-23/main_results/cell_0298/checkpoint_128/policy.npz,Paper/research/target_selection_2026-09-23/main_results/cell_0298/model.npz,Paper/research/target_selection_2026-09-23/main_results/cell_0298/result.json,0.3351745237089938,0.06105355179268848,3b149f33b24553e553aba0d21acf7c8ba740e6b3c580ea912dd82938a480454a,0.1970796909832288,0.22866400047973726,0.03747012195691501,0.2253223233942817
cell_0302,fresh_hmm_2026097000_q4_s3_c5.0,minimax,0.0415692717472812,0.04156927174731709,saved master/hardest/revelation witness replay plus complete profile arithmetic; not every old decoder replayed,original_completed,Paper/research/target_selection_followups_2026-09-23/original_audit/cell_0302.json,Paper/research/target_selection_2026-09-23/main_results/cell_0302/checkpoint_128/policy.npz,Paper/research/target_selection_2026-09-23/main_results/cell_0302/model.npz,Paper/research/target_selection_2026-09-23/main_results/cell_0302/result.json,0.03276988791037461,0.01130491666759953,b7bb2db48a6b7ac7ec8794d532aedfe9c8a1425da6ef9e1062873f737fc60ae9,0.017563363546410533,0.34770983777765624,0.005958767830279176,0.32908380962234396
cell_0303,fresh_hmm_2026096801_q4_s3_c0.2,information,0.1818500063578664,0.18185000635786747,saved master/hardest/revelation witness replay plus complete profile arithmetic; not every old decoder replayed,original_completed,Paper/research/target_selection_followups_2026-09-23/original_audit/cell_0303.json,Paper/research/target_selection_2026-09-23/main_results/cell_0303/checkpoint_000/policy.npz,Paper/research/target_selection_2026-09-23/main_results/cell_0303/model.npz,Paper/research/target_selection_2026-09-23/main_results/cell_0303/result.json,1.0849054638572933,0.378819718146301,a28a3cc313b0207422ee39c61f38ef0bb31ddbc702b45e51bc373fec418bb945,0.8653493066821176,2.5659534619191466e-16,0.3104627566156823,-1.7880132173139963e-16
cell_0305,fresh_hmm_2026096900_q4_s3_c1.0,weighted128,0.08587170551077916,0.08587170551078177,saved master/hardest/revelation witness replay plus complete profile arithmetic; not every old decoder replayed,original_completed,Paper/research/target_selection_followups_2026-09-23/original_audit/cell_0305.json,Paper/research/target_selection_2026-09-23/main_results/cell_0305/checkpoint_128/policy.npz,Paper/research/target_selection_2026-09-23/main_results/cell_0305/model.npz,Paper/research/target_selection_2026-09-23/main_results/cell_0305/result.json,0.3427420447544516,0.11440095881953799,6b6c6fc0008056a5fae86cc2becec643507ca4532ed8f764fda1a8484707cae3,0.1280983277576416,0.18829659897854917,0.04883141008150059,0.18072247516294074
cell_0312,fresh_hmm_2026096800_q4_s3_c0.2,weighted128,0.24148235848196475,0.2414823584819738,saved master/hardest/revelation witness replay plus complete profile arithmetic; not every old decoder replayed,original_completed,Paper/research/target_selection_followups_2026-09-23/original_audit/cell_0312.json,Paper/research/target_selection_2026-09-23/main_results/cell_0312/checkpoint_128/policy.npz,Paper/research/target_selection_2026-09-23/main_results/cell_0312/model.npz,Paper/research/target_selection_2026-09-23/main_results/cell_0312/result.json,0.8932712837915748,0.29928725080120633,b620126589356ae5c26d5ec5245ab815c3807331a1daa86cd1010b804599e390,0.7896581283403759,0.15471616905145555,0.2677713558453575,0.14782800348484929
cell_0324,fresh_hmm_2026100901_q8_s3_c1.0,uniform,0.1235322131021146,0.12353221310225224,saved master/hardest/revelation witness replay plus complete profile arithmetic; not every old decoder replayed,original_completed,Paper/research/target_selection_followups_2026-09-23/original_audit/cell_0324.json,Paper/research/target_selection_2026-09-23/main_results/cell_0324/checkpoint_000/policy.npz,Paper/research/target_selection_2026-09-23/main_results/cell_0324/model.npz,Paper/research/target_selection_2026-09-23/main_results/cell_0324/result.json,0.2179101827475982,0.037778625227709944,0b1809b156e7f5b75e9bc0feda49e96e1e6b258c04a208cd0011ac2fd662c5d8,0.07670102654003474,0.49707994294821556,0.016302318170326395,0.5301354047695309
cell_0329,delayed_0.1_0.1,weighted128,0.12844788475633384,0.12844788475639837,saved master/hardest/revelation witness replay plus complete profile arithmetic; not every old decoder replayed,original_completed,Paper/research/target_selection_followups_2026-09-23/original_audit/cell_0329.json,Paper/research/target_selection_2026-09-23/main_results/cell_0329/checkpoint_128/policy.npz,Paper/research/target_selection_2026-09-23/main_results/cell_0329/model.npz,Paper/research/target_selection_2026-09-23/main_results/cell_0329/result.json,1.0359292864687,0.3986055338382889,979ecd2f459b57dc18b523fa86545cffd04d61e21a2b9caa80fdfe79d9763be7,0.5310044064107189,0.04911357803793008,0.2624000000000001,0.09068013018944819
cell_0330,fresh_hmm_2026101000_q8_s3_c5.0,weighted128,0.07235499152528646,0.07235499152533195,saved master/hardest/revelation witness replay plus complete profile arithmetic; not every old decoder replayed,original_completed,Paper/research/target_selection_followups_2026-09-23/original_audit/cell_0330.json,Paper/research/target_selection_2026-09-23/main_results/cell_0330/checkpoint_128/policy.npz,Paper/research/target_selection_2026-09-23/main_results/cell_0330/model.npz,Paper/research/target_selection_2026-09-23/main_results/cell_0330/result.json,0.0599075657648509,0.010977156203959365,234f161c28d8d6071ca3570250fe454416dd74ea10ed89148065044fae6634f1,0.05202692989836933,0.32356745419617633,0.00994815603558986,0.33514983801668113
cell_0331,delayed_0.25_0.1,weighted128,0.18157201405152223,0.18157201405261336,saved master/hardest/revelation witness replay plus complete profile arithmetic; not every old decoder replayed,original_completed,Paper/research/target_selection_followups_2026-09-23/original_audit/cell_0331.json,Paper/research/target_selection_2026-09-23/main_results/cell_0331/checkpoint_128/policy.npz,Paper/research/target_selection_2026-09-23/main_results/cell_0331/model.npz,Paper/research/target_selection_2026-09-23/main_results/cell_0331/result.json,0.7415766651559821,0.23882849576068338,e3da3d7cb7ca86f4d816d0e33228f01c63203bffb8a8ef14a3fe41b062b3d148,0.5305399766283451,0.2277699528827664,0.16250000000000003,0.1456707953188719
cell_0342,hmm_91502_1.0,minimax,0.09583012621369069,0.09583012621372645,saved master/hardest/revelation witness replay plus complete profile arithmetic; not every old decoder replayed,original_completed,Paper/research/target_selection_followups_2026-09-23/original_audit/cell_0342.json,Paper/research/target_selection_2026-09-23/main_results/cell_0342/checkpoint_128/policy.npz,Paper/research/target_selection_2026-09-23/main_results/cell_0342/model.npz,Paper/research/target_selection_2026-09-23/main_results/cell_0342/result.json,0.13170801411763633,0.04348448384910575,be4e5bb25437b1d83761b9d86bfbefd9e4c4ea7f5aceb1864ae8895b6f2508d0,0.05119604271106515,0.33821998174224843,0.015229750173009524,0.2254710908718343
cell_0343,fresh_hmm_2026101000_q8_s3_c5.0,minimax,0.08250394631791635,0.08250394631801869,saved master/hardest/revelation witness replay plus complete profile arithmetic; not every old decoder replayed,original_completed,Paper/research/target_selection_followups_2026-09-23/original_audit/cell_0343.json,Paper/research/target_selection_2026-09-23/main_results/cell_0343/checkpoint_128/policy.npz,Paper/research/target_selection_2026-09-23/main_results/cell_0343/model.npz,Paper/research/target_selection_2026-09-23/main_results/cell_0343/result.json,0.055274203258446786,0.009550519916224104,07111288e0974d094ab5d4d1843227d9ba4daf532ff258f524638a9e7b26b5c9,0.05202692989836933,0.4126244582411015,0.00994815603558986,0.4785569460909234
cell_0349,fresh_hmm_2026097001_q4_s3_c5.0,weighted128,0.06038857312021906,0.060388573120317604,saved master/hardest/revelation witness replay plus complete profile arithmetic; not every old decoder replayed,original_completed,Paper/research/target_selection_followups_2026-09-23/original_audit/cell_0349.json,Paper/research/target_selection_2026-09-23/main_results/cell_0349/checkpoint_128/policy.npz,Paper/research/target_selection_2026-09-23/main_results/cell_0349/model.npz,Paper/research/target_selection_2026-09-23/main_results/cell_0349/result.json,0.06551962683956569,0.02282650994576363,28b49afc56ccb34fcf248789c8f07a8f6188c3aaa8c86c06cfe26951141bd770,0.03288547154067925,0.3203759360368468,0.01191061694354724,0.3035680550723466
cell_0350,irreversible_0.1_0.1,brier,0.236,0.23600000000000043,saved master/hardest/revelation witness replay plus complete profile arithmetic; not every old decoder replayed,original_completed,Paper/research/target_selection_followups_2026-09-23/original_audit/cell_0350.json,Paper/research/target_selection_2026-09-23/main_results/cell_0350/checkpoint_000/policy.npz,Paper/research/target_selection_2026-09-23/main_results/cell_0350/model.npz,Paper/research/target_selection_2026-09-23/main_results/cell_0350/result.json,0.862417730635044,0.2247013698630138,24fe9c0ad0e241b7abf17d6a9087621cc292c1d064d32641b269b79c436a7af1,0.0,,0.0,
cell_0352,hmm_91503_5.0,information,0.12923380444822685,0.1292338044482423,saved master/hardest/revelation witness replay plus complete profile arithmetic; not every old decoder replayed,original_completed,Paper/research/target_selection_followups_2026-09-23/original_audit/cell_0352.json,Paper/research/target_selection_2026-09-23/main_results/cell_0352/checkpoint_000/policy.npz,Paper/research/target_selection_2026-09-23/main_results/cell_0352/model.npz,Paper/research/target_selection_2026-09-23/main_results/cell_0352/result.json,0.21862829310222986,0.07038806969376721,c0a30f586e37873a4da78fbdbf65029ea004f9aef268830733f81e76871239cb,0.11099463694068637,-5.751433193124488e-15,0.03381897384314099,3.282840661501404e-15
cell_0354,fresh_hmm_2026101001_q8_s3_c5.0,weighted128,0.06260334154482383,0.06260334154540849,saved master/hardest/revelation witness replay plus complete profile arithmetic; not every old decoder replayed,original_completed,Paper/research/target_selection_followups_2026-09-23/original_audit/cell_0354.json,Paper/research/target_selection_2026-09-23/main_results/cell_0354/checkpoint_128/policy.npz,Paper/research/target_selection_2026-09-23/main_results/cell_0354/model.npz,Paper/research/target_selection_2026-09-23/main_results/cell_0354/result.json,0.05819882621304728,0.010020413717147902,4cf7ff28e1e4be9b1f72d162c6980b637dd69c2e28eeab32702de8f321cf15cf,0.029988249413804846,0.40668896744666044,0.004837197666758532,0.3817450626568137
cell_0356,fresh_hmm_2026097001_q4_s3_c5.0,brier,0.07473839912991231,0.07473839912994688,saved master/hardest/revelation witness replay plus complete profile arithmetic; not every old decoder replayed,original_completed,Paper/research/target_selection_followups_2026-09-23/original_audit/cell_0356.json,Paper/research/target_selection_2026-09-23/main_results/cell_0356/checkpoint_000/policy.npz,Paper/research/target_selection_2026-09-23/main_results/cell_0356/model.npz,Paper/research/target_selection_2026-09-23/main_results/cell_0356/result.json,0.07378208788200591,0.026442192766027994,18aa03c18d3f01e4540b71cbc9073e967eedf28d88b1a2e1583979b4be3b5b53,0.03288547154067925,0.06912635209156043,0.01191061694354724,5.825805612585401e-16
cell_0357,hmm_91501_0.2,minimax,0.11977649982477556,0.11977649982477892,saved master/hardest/revelation witness replay plus complete profile arithmetic; not every old decoder replayed,original_completed,Paper/research/target_selection_followups_2026-09-23/original_audit/cell_0357.json,Paper/research/target_selection_2026-09-23/main_results/cell_0357/checkpoint_128/policy.npz,Paper/research/target_selection_2026-09-23/main_results/cell_0357/model.npz,Paper/research/target_selection_2026-09-23/main_results/cell_0357/result.json,1.0430852790811826,0.38730999792957543,30f23e0d25d07519e705cc63498f2578c96cad5e06ffd4139c3f439c90910a7f,0.49116148016006744,0.14883594202535685,0.23846099801787285,0.09225455195037886
cell_0363,fresh_hmm_2026097000_q4_s3_c5.0,pseudo_count,0.060567211539251486,0.06056721153961613,saved master/hardest/revelation witness replay plus complete profile arithmetic; not every old decoder replayed,original_completed,Paper/research/target_selection_followups_2026-09-23/original_audit/cell_0363.json,Paper/research/target_selection_2026-09-23/main_results/cell_0363/checkpoint_000/policy.npz,Paper/research/target_selection_2026-09-23/main_results/cell_0363/model.npz,Paper/research/target_selection_2026-09-23/main_results/cell_0363/result.json,0.02885855533136228,0.00972830535419994,6a9aaf32bfd4148147e356d67a42aea5b9e9dd4773e5a7d6a375557a53cafbf4,0.017563363546410533,0.5704082160624749,0.005958767830279176,0.5936706098309574
cell_0367,fresh_hmm_2026100901_q8_s3_c1.0,weighted128,0.11116598534360378,0.11116598534369068,saved master/hardest/revelation witness replay plus complete profile arithmetic; not every old decoder replayed,original_completed,Paper/research/target_selection_followups_2026-09-23/original_audit/cell_0367.json,Paper/research/target_selection_2026-09-23/main_results/cell_0367/checkpoint_128/policy.npz,Paper/research/target_selection_2026-09-23/main_results/cell_0367/model.npz,Paper/research/target_selection_2026-09-23/main_results/cell_0367/result.json,0.23638486718484453,0.04204077149205354,5437b06d69fde14aede3b5f7650295100380198df030b6395310da9b475794c2,0.07670102654003474,0.2562137476619856,0.016302318170326395,0.268691221199271
cell_0368,fresh_hmm_2026100801_q8_s3_c0.2,brier,0.41472144646247444,0.4147214464624881,saved master/hardest/revelation witness replay plus complete profile arithmetic; not every old decoder replayed,original_completed,Paper/research/target_selection_followups_2026-09-23/original_audit/cell_0368.json,Paper/research/target_selection_2026-09-23/main_results/cell_0368/checkpoint_000/policy.npz,Paper/research/target_selection_2026-09-23/main_results/cell_0368/model.npz,Paper/research/target_selection_2026-09-23/main_results/cell_0368/result.json,1.2633903305235017,0.26003719386543855,20a13a7af0bb4ad954f5334423cbd882ba71be3e719b98814bbf90520ceffa49,0.47232007556489175,0.0,0.11712529383578274,0.0
cell_0370,fresh_hmm_2026100800_q8_s3_c0.2,information,0.49544205475842096,0.4954420548331768,saved master/hardest/revelation witness replay plus complete profile arithmetic; not every old decoder replayed,original_completed,Paper/research/target_selection_followups_2026-09-23/original_audit/cell_0370.json,Paper/research/target_selection_2026-09-23/main_results/cell_0370/checkpoint_000/policy.npz,Paper/research/target_selection_2026-09-23/main_results/cell_0370/model.npz,Paper/research/target_selection_2026-09-23/main_results/cell_0370/result.json,1.374186417369442,0.27827315935126135,684121f6bdde6cbe1da37af5812c26daad2e3e0b315199e13cf5bdaa75ae7f80,0.5798852486645196,0.0,0.13478995333046637,0.0
cell_0371,hmm_91501_0.2,minimax,0.11977649982477556,0.11977649982477892,saved master/hardest/revelation witness replay plus complete profile arithmetic; not every old decoder replayed,original_completed,Paper/research/target_selection_followups_2026-09-23/original_audit/cell_0371.json,Paper/research/target_selection_2026-09-23/main_results/cell_0371/checkpoint_128/policy.npz,Paper/research/target_selection_2026-09-23/main_results/cell_0371/model.npz,Paper/research/target_selection_2026-09-23/main_results/cell_0371/result.json,1.0430852790811826,0.38730999792957543,30f23e0d25d07519e705cc63498f2578c96cad5e06ffd4139c3f439c90910a7f,0.49116148016006744,0.14883594202535685,0.23846099801787285,0.09225455195037886
cell_0374,fresh_hmm_2026100801_q8_s3_c0.2,minimax,0.22529182710347695,0.2252918271034925,saved master/hardest/revelation witness replay plus complete profile arithmetic; not every old decoder replayed,original_completed,Paper/research/target_selection_followups_2026-09-23/original_audit/cell_0374.json,Paper/research/target_selection_2026-09-23/main_results/cell_0374/checkpoint_128/policy.npz,Paper/research/target_selection_2026-09-23/main_results/cell_0374/model.npz,Paper/research/target_selection_2026-09-23/main_results/cell_0374/result.json,1.1896851012506333,0.24306891976787587,33953698d06f7b8e267a91758627564a5cfdf317ef4952f72c7f929608bb0cbb,0.47232007556489175,0.15604932562884904,0.11712529383578274,0.14487284122721866
cell_0375,fresh_hmm_2026100901_q8_s3_c1.0,minimax,0.1054163812401866,0.10541638124035975,saved master/hardest/revelation witness replay plus complete profile arithmetic; not every old decoder replayed,original_completed,Paper/research/target_selection_followups_2026-09-23/original_audit/cell_0375.json,Paper/research/target_selection_2026-09-23/main_results/cell_0375/checkpoint_128/policy.npz,Paper/research/target_selection_2026-09-23/main_results/cell_0375/model.npz,Paper/research/target_selection_2026-09-23/main_results/cell_0375/result.json,0.23542428614731925,0.04203068147192873,47109ba46b91ad3d8abac059cfdf62012f2695e84283d055d316515343f5d328,0.07670102654003474,0.2687374527655137,0.016302318170326395,0.26931015281497056
cell_0377,hmm_91501_0.2,information,0.14571367402968116,0.145713674029692,saved master/hardest/revelation witness replay plus complete profile arithmetic; not every old decoder replayed,original_completed,Paper/research/target_selection_followups_2026-09-23/original_audit/cell_0377.json,Paper/research/target_selection_2026-09-23/main_results/cell_0377/checkpoint_000/policy.npz,Paper/research/target_selection_2026-09-23/main_results/cell_0377/model.npz,Paper/research/target_selection_2026-09-23/main_results/cell_0377/result.json,1.1161877606673751,0.4013456145180292,1361f5f0401326ba62b0211bf1cdd19485c7e874d81c515920511d74e0b4edfd,0.49116148016006744,-4.520806575724707e-16,0.23846099801787285,0.03339538124690903
cell_0380,fresh_hmm_2026100900_q8_s3_c1.0,minimax,0.1277291992214924,0.12772919922153947,saved master/hardest/revelation witness replay plus complete profile arithmetic; not every old decoder replayed,original_completed,Paper/research/target_selection_followups_2026-09-23/original_audit/cell_0380.json,Paper/research/target_selection_2026-09-23/main_results/cell_0380/checkpoint_128/policy.npz,Paper/research/target_selection_2026-09-23/main_results/cell_0380/model.npz,Paper/research/target_selection_2026-09-23/main_results/cell_0380/result.json,0.32776977059918,0.059585059615265806,168d3a45904fd50e9a99d61905434b2e7fb58faf33ccb37dc528333ce6a6300c,0.1970796909832288,0.2662363808344636,0.03747012195691501,0.26451334014921035
cell_0382,sensors_0.1_0.1,pseudo_count,0.1100175824175823,0.1100175824176154,saved master/hardest/revelation witness replay plus complete profile arithmetic; not every old decoder replayed,original_completed,Paper/research/target_selection_followups_2026-09-23/original_audit/cell_0382.json,Paper/research/target_selection_2026-09-23/main_results/cell_0382/checkpoint_000/policy.npz,Paper/research/target_selection_2026-09-23/main_results/cell_0382/model.npz,Paper/research/target_selection_2026-09-23/main_results/cell_0382/result.json,1.2730902649604359,0.4800000000000002,77390c88656669498a6be29487dc48fc195c64a62b33a993dac96c0a348c640f,0.4106725343253923,1.6220559182740218e-15,0.25529863013698645,-4.348722999529768e-16
cell_0383,sensors_0.1_0.3,minimax,0.10143787200231535,0.1014378720023217,saved master/hardest/revelation witness replay plus complete profile arithmetic; not every old decoder replayed,original_completed,Paper/research/target_selection_followups_2026-09-23/original_audit/cell_0383.json,Paper/research/target_selection_2026-09-23/main_results/cell_0383/checkpoint_008/policy.npz,Paper/research/target_selection_2026-09-23/main_results/cell_0383/model.npz,Paper/research/target_selection_2026-09-23/main_results/cell_0383/result.json,0.7930760859941284,0.267567147698609,79f6f9899dca27485070a343f52db3d2eb97af6e2c3397ede82a9b42fb7878d8,0.6296823438851624,0.2254025854760748,0.1952711931443638,0.10433856314362937
cell_0387,sensors_0.25_0.25,weighted128,0.10817307692307687,0.10817307692314727,saved master/hardest/revelation witness replay plus complete profile arithmetic; not every old decoder replayed,original_completed,Paper/research/target_selection_followups_2026-09-23/original_audit/cell_0387.json,Paper/research/target_selection_2026-09-23/main_results/cell_0387/checkpoint_128/policy.npz,Paper/research/target_selection_2026-09-23/main_results/cell_0387/model.npz,Paper/research/target_selection_2026-09-23/main_results/cell_0387/result.json,0.5205996295475663,0.18749999999999994,6ded900721b728f0936470186132ea3ded6449c2c6bae9cb36dd95850334934b,0.07419318798081714,0.0,0.05803571428571433,1.9129996732002685e-15
cell_0389,hmm_91503_5.0,minimax,0.08631236473598347,0.08631236473616169,saved master/hardest/revelation witness replay plus complete profile arithmetic; not every old decoder replayed,original_completed,Paper/research/target_selection_followups_2026-09-23/original_audit/cell_0389.json,Paper/research/target_selection_2026-09-23/main_results/cell_0389/checkpoint_128/policy.npz,Paper/research/target_selection_2026-09-23/main_results/cell_0389/model.npz,Paper/research/target_selection_2026-09-23/main_results/cell_0389/result.json,0.17792966765588858,0.05889992192242688,6e153ccf1d86a45b506ff36edba1964a494d81d42dd6638bafae548ab3afd429,0.11099463694068637,0.3666719993695668,0.03381897384314099,0.3396953386174493
cell_0393,sensors_0.25_0.25,face_brier_0.05,0.10962799958879654,0.10962799958926317,all 32768 saved decoder and decision-loss witnesses replayed in follow-up,new_heldout_evaluation,Paper/research/target_selection_followups_2026-09-23/near_optimal_results/cell_0393/INDEPENDENT_CHECK.json,Paper/research/target_selection_2026-09-23/main_results/cell_0393/checkpoint_008/policy.npz,Paper/research/target_selection_2026-09-23/main_results/cell_0393/model.npz,Paper/research/target_selection_2026-09-23/main_results/cell_0393/result.json,0.5205996295475663,0.1875,2e43d87dbb73b198206a77b4dbfa9ffce139e4d31bb437ac2a77ff7e0435b639,0.07419318798081714,0.0,0.05803571428571433,9.564998366001342e-16
cell_0394,irreversible_0.1_0.1,minimax,0.23599999999999977,0.23600000000000043,saved master/hardest/revelation witness replay plus complete profile arithmetic; not every old decoder replayed,original_completed,Paper/research/target_selection_followups_2026-09-23/original_audit/cell_0394.json,Paper/research/target_selection_2026-09-23/main_results/cell_0394/checkpoint_128/policy.npz,Paper/research/target_selection_2026-09-23/main_results/cell_0394/model.npz,Paper/research/target_selection_2026-09-23/main_results/cell_0394/result.json,0.8624177306350438,0.2247013698630138,a83218dc81ce61ee05607ceff7946ae348d13691c90a52f3a1c9d0efc393a267,0.0,,0.0,
cell_0396,fresh_hmm_2026100801_q8_s3_c0.2,minimax,0.22529182710347695,0.2252918271034925,saved master/hardest/revelation witness replay plus complete profile arithmetic; not every old decoder replayed,original_completed,Paper/research/target_selection_followups_2026-09-23/original_audit/cell_0396.json,Paper/research/target_selection_2026-09-23/main_results/cell_0396/checkpoint_128/policy.npz,Paper/research/target_selection_2026-09-23/main_results/cell_0396/model.npz,Paper/research/target_selection_2026-09-23/main_results/cell_0396/result.json,1.1896851012506333,0.24306891976787587,33953698d06f7b8e267a91758627564a5cfdf317ef4952f72c7f929608bb0cbb,0.47232007556489175,0.15604932562884904,0.11712529383578274,0.14487284122721866
cell_0400,fresh_hmm_2026101001_q8_s3_c5.0,minimax,0.0682530452378064,0.06825304523802814,saved master/hardest/revelation witness replay plus complete profile arithmetic; not every old decoder replayed,original_completed,Paper/research/target_selection_followups_2026-09-23/original_audit/cell_0400.json,Paper/research/target_selection_2026-09-23/main_results/cell_0400/checkpoint_128/policy.npz,Paper/research/target_selection_2026-09-23/main_results/cell_0400/model.npz,Paper/research/target_selection_2026-09-23/main_results/cell_0400/result.json,0.05736747217276683,0.00981814420311286,82a825da9f7c414f7f05f33a3edd0217301ff6d832889845e00cde66a79ecbaf,0.029988249413804846,0.4344116273728429,0.004837197666758532,0.4235604954692968
cell_0401,fresh_hmm_2026097000_q4_s3_c5.0,uniform,0.05222203222238975,0.052222032222430374,saved master/hardest/revelation witness replay plus complete profile arithmetic; not every old decoder replayed,original_completed,Paper/research/target_selection_followups_2026-09-23/original_audit/cell_0401.json,Paper/research/target_selection_2026-09-23/main_results/cell_0401/checkpoint_000/policy.npz,Paper/research/target_selection_2026-09-23/main_results/cell_0401/model.npz,Paper/research/target_selection_2026-09-23/main_results/cell_0401/result.json,0.029117169276669852,0.010002935689223613,8c8cd362b4db316ed28e8c244b7132e769ce67c7181569b91652321965d23aec,0.017563363546410533,0.5556835908718504,0.005958767830279176,0.5475821662389528
cell_0402,delayed_0.25_0.1,information,0.3437499999999999,0.3437500000000052,saved master/hardest/revelation witness replay plus complete profile arithmetic; not every old decoder replayed,original_completed,Paper/research/target_selection_followups_2026-09-23/original_audit/cell_0402.json,Paper/research/target_selection_2026-09-23/main_results/cell_0402/checkpoint_000/policy.npz,Paper/research/target_selection_2026-09-23/main_results/cell_0402/model.npz,Paper/research/target_selection_2026-09-23/main_results/cell_0402/result.json,0.8624177306350442,0.22470136986301376,ff777464224f7bed2b9eacb12ecad78793a734f7bceb2695624e0b418e43dcac,0.5305399766283451,0.0,0.16250000000000003,0.2326069546891465
cell_0407,fresh_hmm_2026100901_q8_s3_c1.0,face_brier_0.05,0.16088394088650826,0.16088394088661978,all 32768 saved decoder and decision-loss witnesses replayed in follow-up,new_heldout_evaluation,Paper/research/target_selection_followups_2026-09-23/near_optimal_results/cell_0407/INDEPENDENT_CHECK.json,Paper/research/target_selection_2026-09-23/main_results/cell_0407/checkpoint_008/policy.npz,Paper/research/target_selection_2026-09-23/main_results/cell_0407/model.npz,Paper/research/target_selection_2026-09-23/main_results/cell_0407/result.json,0.2520159885791413,0.04560594527740364,2757cc9b538e9216fc3e0aa0ef7b94710eaf88195312ca7271e0c5e2951b104c,0.07670102654003474,0.052420889868381094,0.016302318170326395,0.05000000513409494
cell_0410,fresh_hmm_2026100800_q8_s3_c0.2,minimax,0.2804914243821597,0.2804914243824958,saved master/hardest/revelation witness replay plus complete profile arithmetic; not every old decoder replayed,original_completed,Paper/research/target_selection_followups_2026-09-23/original_audit/cell_0410.json,Paper/research/target_selection_2026-09-23/main_results/cell_0410/checkpoint_128/policy.npz,Paper/research/target_selection_2026-09-23/main_results/cell_0410/model.npz,Paper/research/target_selection_2026-09-23/main_results/cell_0410/result.json,1.2242772778194586,0.24639437443382906,9a200b4f97f85b63b2f19d340ef6f420e987a89593d5ba99a16ad634d5017292,0.5798852486645196,0.2585151801933665,0.13478995333046637,0.23650712927598275
cell_0415,sensors_0.25_0.25,weighted128,0.10817307692307687,0.10817307692314727,saved master/hardest/revelation witness replay plus complete profile arithmetic; not every old decoder replayed,original_completed,Paper/research/target_selection_followups_2026-09-23/original_audit/cell_0415.json,Paper/research/target_selection_2026-09-23/main_results/cell_0415/checkpoint_128/policy.npz,Paper/research/target_selection_2026-09-23/main_results/cell_0415/model.npz,Paper/research/target_selection_2026-09-23/main_results/cell_0415/result.json,0.5205996295475663,0.18749999999999994,6ded900721b728f0936470186132ea3ded6449c2c6bae9cb36dd95850334934b,0.07419318798081714,0.0,0.05803571428571433,1.9129996732002685e-15
cell_0419,fresh_hmm_2026101000_q8_s3_c5.0,weighted128,0.07235499152528646,0.07235499152533195,saved master/hardest/revelation witness replay plus complete profile arithmetic; not every old decoder replayed,original_completed,Paper/research/target_selection_followups_2026-09-23/original_audit/cell_0419.json,Paper/research/target_selection_2026-09-23/main_results/cell_0419/checkpoint_128/policy.npz,Paper/research/target_selection_2026-09-23/main_results/cell_0419/model.npz,Paper/research/target_selection_2026-09-23/main_results/cell_0419/result.json,0.0599075657648509,0.010977156203959365,234f161c28d8d6071ca3570250fe454416dd74ea10ed89148065044fae6634f1,0.05202692989836933,0.32356745419617633,0.00994815603558986,0.33514983801668113
cell_0420,fresh_hmm_2026100801_q8_s3_c0.2,minimax,0.22529182710347695,0.2252918271034925,saved master/hardest/revelation witness replay plus complete profile arithmetic; not every old decoder replayed,original_completed,Paper/research/target_selection_followups_2026-09-23/original_audit/cell_0420.json,Paper/research/target_selection_2026-09-23/main_results/cell_0420/checkpoint_128/policy.npz,Paper/research/target_selection_2026-09-23/main_results/cell_0420/model.npz,Paper/research/target_selection_2026-09-23/main_results/cell_0420/result.json,1.1896851012506333,0.24306891976787587,33953698d06f7b8e267a91758627564a5cfdf317ef4952f72c7f929608bb0cbb,0.47232007556489175,0.15604932562884904,0.11712529383578274,0.14487284122721866
cell_0422,hmm_91502_1.0,weighted128,0.10163139108490071,0.10163139108516148,saved master/hardest/revelation witness replay plus complete profile arithmetic; not every old decoder replayed,original_completed,Paper/research/target_selection_followups_2026-09-23/original_audit/cell_0422.json,Paper/research/target_selection_2026-09-23/main_results/cell_0422/checkpoint_128/policy.npz,Paper/research/target_selection_2026-09-23/main_results/cell_0422/model.npz,Paper/research/target_selection_2026-09-23/main_results/cell_0422/result.json,0.13129547195875357,0.04329236719157559,861ddbf6bffdf3db519d596c3a0e0afd4e00d79850dabe10551c24575a09a535,0.05119604271106515,0.3462780685989029,0.015229750173009524,0.23808565482381788
cell_0425,fresh_hmm_2026100801_q8_s3_c0.2,weighted128,0.255241963090024,0.25524196309010927,saved master/hardest/revelation witness replay plus complete profile arithmetic; not every old decoder replayed,original_completed,Paper/research/target_selection_followups_2026-09-23/original_audit/cell_0425.json,Paper/research/target_selection_2026-09-23/main_results/cell_0425/checkpoint_128/policy.npz,Paper/research/target_selection_2026-09-23/main_results/cell_0425/model.npz,Paper/research/target_selection_2026-09-23/main_results/cell_0425/result.json,1.171625442896299,0.23967299284573013,3167c6024578508c3251736f868b7d9bd7af399c2539e405a88019fc9ab7b18a,0.47232007556489175,0.19428538479431004,0.11712529383578274,0.1738668083792418
cell_0435,fresh_hmm_2026101000_q8_s3_c5.0,minimax,0.08250394631791635,0.08250394631801869,saved master/hardest/revelation witness replay plus complete profile arithmetic; not every old decoder replayed,original_completed,Paper/research/target_selection_followups_2026-09-23/original_audit/cell_0435.json,Paper/research/target_selection_2026-09-23/main_results/cell_0435/checkpoint_128/policy.npz,Paper/research/target_selection_2026-09-23/main_results/cell_0435/model.npz,Paper/research/target_selection_2026-09-23/main_results/cell_0435/result.json,0.055274203258446786,0.009550519916224104,07111288e0974d094ab5d4d1843227d9ba4daf532ff258f524638a9e7b26b5c9,0.05202692989836933,0.4126244582411015,0.00994815603558986,0.4785569460909234
cell_0438,fresh_hmm_2026101001_q8_s3_c5.0,pseudo_count,0.0846470554676384,0.08464705546764666,saved master/hardest/revelation witness replay plus complete profile arithmetic; not every old decoder replayed,original_completed,Paper/research/target_selection_followups_2026-09-23/original_audit/cell_0438.json,Paper/research/target_selection_2026-09-23/main_results/cell_0438/checkpoint_000/policy.npz,Paper/research/target_selection_2026-09-23/main_results/cell_0438/model.npz,Paper/research/target_selection_2026-09-23/main_results/cell_0438/result.json,0.05226175426942081,0.009134730140585245,be3609a1cb25d0ba44ebf71ea78f996f60595c2fa7a989daa694533a21bf09a8,0.029988249413804846,0.6046689115808248,0.004837197666758532,0.5648435501652154
cell_0441,fresh_hmm_2026100900_q8_s3_c1.0,weighted128,0.12987309072256137,0.12987309072258935,saved master/hardest/revelation witness replay plus complete profile arithmetic; not every old decoder replayed,original_completed,Paper/research/target_selection_followups_2026-09-23/original_audit/cell_0441.json,Paper/research/target_selection_2026-09-23/main_results/cell_0441/checkpoint_128/policy.npz,Paper/research/target_selection_2026-09-23/main_results/cell_0441/model.npz,Paper/research/target_selection_2026-09-23/main_results/cell_0441/result.json,0.3351745237089938,0.06105355179268848,3b149f33b24553e553aba0d21acf7c8ba740e6b3c580ea912dd82938a480454a,0.1970796909832288,0.22866400047973726,0.03747012195691501,0.2253223233942817
cell_0442,sensors_0.1_0.3,weighted128,0.10551215193401975,0.10551215193402697,saved master/hardest/revelation witness replay plus complete profile arithmetic; not every old decoder replayed,original_completed,Paper/research/target_selection_followups_2026-09-23/original_audit/cell_0442.json,Paper/research/target_selection_2026-09-23/main_results/cell_0442/checkpoint_128/policy.npz,Paper/research/target_selection_2026-09-23/main_results/cell_0442/model.npz,Paper/research/target_selection_2026-09-23/main_results/cell_0442/result.json,0.77468331729921,0.26726571181621606,cc0a82a40c9e520d6ea5491058ca45e090ea0e122a849683fbcba783b49abb51,0.6296823438851624,0.2546121843691203,0.1952711931443638,0.10588224133568148
cell_0444,fresh_hmm_2026100901_q8_s3_c1.0,minimax,0.1054163812401866,0.10541638124035975,saved master/hardest/revelation witness replay plus complete profile arithmetic; not every old decoder replayed,original_completed,Paper/research/target_selection_followups_2026-09-23/original_audit/cell_0444.json,Paper/research/target_selection_2026-09-23/main_results/cell_0444/checkpoint_128/policy.npz,Paper/research/target_selection_2026-09-23/main_results/cell_0444/model.npz,Paper/research/target_selection_2026-09-23/main_results/cell_0444/result.json,0.23542428614731925,0.04203068147192873,47109ba46b91ad3d8abac059cfdf62012f2695e84283d055d316515343f5d328,0.07670102654003474,0.2687374527655137,0.016302318170326395,0.26931015281497056
cell_0445,fresh_hmm_2026097000_q4_s3_c5.0,minimax,0.0415692717472812,0.04156927174731709,saved master/hardest/revelation witness replay plus complete profile arithmetic; not every old decoder replayed,original_completed,Paper/research/target_selection_followups_2026-09-23/original_audit/cell_0445.json,Paper/research/target_selection_2026-09-23/main_results/cell_0445/checkpoint_128/policy.npz,Paper/research/target_selection_2026-09-23/main_results/cell_0445/model.npz,Paper/research/target_selection_2026-09-23/main_results/cell_0445/result.json,0.03276988791037461,0.01130491666759953,b7bb2db48a6b7ac7ec8794d532aedfe9c8a1425da6ef9e1062873f737fc60ae9,0.017563363546410533,0.34770983777765624,0.005958767830279176,0.32908380962234396
cell_0447,fresh_hmm_2026096800_q4_s3_c0.2,face_brier_0.05,0.29865068016714436,0.2986506801671578,all 32768 saved decoder and decision-loss witnesses replayed in follow-up,new_heldout_evaluation,Paper/research/target_selection_followups_2026-09-23/near_optimal_results/cell_0447/INDEPENDENT_CHECK.json,Paper/research/target_selection_2026-09-23/main_results/cell_0447/checkpoint_016/policy.npz,Paper/research/target_selection_2026-09-23/main_results/cell_0447/model.npz,Paper/research/target_selection_2026-09-23/main_results/cell_0447/result.json,0.9657547499090358,0.32548278796787455,da121ba498173717faa907975bbc10fa3727185da17aa34a20d26c691b46bc03,0.7896581283403759,0.0629252236839971,0.2677713558453575,0.04999999987345257
cell_0449,irreversible_0.1_0.1,weighted128,0.24568904659858837,0.24568904659858876,saved master/hardest/revelation witness replay plus complete profile arithmetic; not every old decoder replayed,original_completed,Paper/research/target_selection_followups_2026-09-23/original_audit/cell_0449.json,Paper/research/target_selection_2026-09-23/main_results/cell_0449/checkpoint_128/policy.npz,Paper/research/target_selection_2026-09-23/main_results/cell_0449/model.npz,Paper/research/target_selection_2026-09-23/main_results/cell_0449/result.json,0.8624177306350438,0.2247013698630138,f5e9ef73830f47c443a8a40bbe568159c0f444a546332a88031a061619a4cdb9,0.0,,0.0,
cell_0450,fresh_hmm_2026100900_q8_s3_c1.0,weighted128,0.12987309072256137,0.12987309072258935,saved master/hardest/revelation witness replay plus complete profile arithmetic; not every old decoder replayed,original_completed,Paper/research/target_selection_followups_2026-09-23/original_audit/cell_0450.json,Paper/research/target_selection_2026-09-23/main_results/cell_0450/checkpoint_128/policy.npz,Paper/research/target_selection_2026-09-23/main_results/cell_0450/model.npz,Paper/research/target_selection_2026-09-23/main_results/cell_0450/result.json,0.3351745237089938,0.06105355179268848,3b149f33b24553e553aba0d21acf7c8ba740e6b3c580ea912dd82938a480454a,0.1970796909832288,0.22866400047973726,0.03747012195691501,0.2253223233942817
cell_0451,fresh_hmm_2026100801_q8_s3_c0.2,weighted128,0.255241963090024,0.25524196309010927,saved master/hardest/revelation witness replay plus complete profile arithmetic; not every old decoder replayed,original_completed,Paper/research/target_selection_followups_2026-09-23/original_audit/cell_0451.json,Paper/research/target_selection_2026-09-23/main_results/cell_0451/checkpoint_128/policy.npz,Paper/research/target_selection_2026-09-23/main_results/cell_0451/model.npz,Paper/research/target_selection_2026-09-23/main_results/cell_0451/result.json,1.171625442896299,0.23967299284573013,3167c6024578508c3251736f868b7d9bd7af399c2539e405a88019fc9ab7b18a,0.47232007556489175,0.19428538479431004,0.11712529383578274,0.1738668083792418
cell_0454,hmm_91501_0.2,weighted128,0.1270643773108392,0.1270643773108411,saved master/hardest/revelation witness replay plus complete profile arithmetic; not every old decoder replayed,original_completed,Paper/research/target_selection_followups_2026-09-23/original_audit/cell_0454.json,Paper/research/target_selection_2026-09-23/main_results/cell_0454/checkpoint_128/policy.npz,Paper/research/target_selection_2026-09-23/main_results/cell_0454/model.npz,Paper/research/target_selection_2026-09-23/main_results/cell_0454/result.json,1.0996800625195862,0.4021278029947616,9766e0f1cda595ebee4574c246d1b45cf62c39afd621bb98c722c6683783e6b5,0.49116148016006744,0.03360951299032846,0.23846099801787285,0.030115228587840787
cell_0457,fresh_hmm_2026096801_q4_s3_c0.2,uniform,0.21185326040950936,0.21185326041064717,saved master/hardest/revelation witness replay plus complete profile arithmetic; not every old decoder replayed,original_completed,Paper/research/target_selection_followups_2026-09-23/original_audit/cell_0457.json,Paper/research/target_selection_2026-09-23/main_results/cell_0457/checkpoint_000/policy.npz,Paper/research/target_selection_2026-09-23/main_results/cell_0457/model.npz,Paper/research/target_selection_2026-09-23/main_results/cell_0457/result.json,0.7669599158504912,0.24841604315199084,b2a410bbe783b5c2c46601f14be7ed6745ff0afa35cb1853ed3a8bf50fd60080,0.8653493066821176,0.36741873547672266,0.3104627566156823,0.420030010735668
cell_0459,fresh_hmm_2026096901_q4_s3_c1.0,minimax,0.0907120665149107,0.09071206651491273,saved master/hardest/revelation witness replay plus complete profile arithmetic; not every old decoder replayed,original_completed,Paper/research/target_selection_followups_2026-09-23/original_audit/cell_0459.json,Paper/research/target_selection_2026-09-23/main_results/cell_0459/checkpoint_128/policy.npz,Paper/research/target_selection_2026-09-23/main_results/cell_0459/model.npz,Paper/research/target_selection_2026-09-23/main_results/cell_0459/result.json,0.26320497015887234,0.08789652119350183,3d3ce63fe6ab859d4d7be41af97aed6ce4fbddbd5f092dfdf7b3fe71a3e5a04a,0.19997783879061978,0.39036691055322376,0.06979651718708846,0.3841656235695791
cell_0460,fresh_hmm_2026100800_q8_s3_c0.2,uniform,0.3058172071779265,0.3058172071779394,saved master/hardest/revelation witness replay plus complete profile arithmetic; not every old decoder replayed,original_completed,Paper/research/target_selection_followups_2026-09-23/original_audit/cell_0460.json,Paper/research/target_selection_2026-09-23/main_results/cell_0460/checkpoint_000/policy.npz,Paper/research/target_selection_2026-09-23/main_results/cell_0460/model.npz,Paper/research/target_selection_2026-09-23/main_results/cell_0460/result.json,1.0946766539121646,0.21032738845081278,9d4f31bc1c7ba408933a9e2a998a376e54235c09a7bc6ecc94f0525c51f314a9,0.5798852486645196,0.48200874931892235,0.13478995333046637,0.5040863152008443
cell_0463,fresh_hmm_2026096901_q4_s3_c1.0,brier,0.11354264231440703,0.11354264231452584,saved master/hardest/revelation witness replay plus complete profile arithmetic; not every old decoder replayed,original_completed,Paper/research/target_selection_followups_2026-09-23/original_audit/cell_0463.json,Paper/research/target_selection_2026-09-23/main_results/cell_0463/checkpoint_000/policy.npz,Paper/research/target_selection_2026-09-23/main_results/cell_0463/model.npz,Paper/research/target_selection_2026-09-23/main_results/cell_0463/result.json,0.34126970126667744,0.11470994374166454,c47359478fd16a0c89e1c74e97662e8bb58fca06d6510e682d4f851b47826a62,0.19997783879061978,-1.1103460576825005e-15,0.06979651718708846,-3.976641920574709e-16
cell_0465,fresh_hmm_2026097000_q4_s3_c5.0,weighted128,0.044114814913616684,0.044114814913716466,saved master/hardest/revelation witness replay plus complete profile arithmetic; not every old decoder replayed,original_completed,Paper/research/target_selection_followups_2026-09-23/original_audit/cell_0465.json,Paper/research/target_selection_2026-09-23/main_results/cell_0465/checkpoint_128/policy.npz,Paper/research/target_selection_2026-09-23/main_results/cell_0465/model.npz,Paper/research/target_selection_2026-09-23/main_results/cell_0465/result.json,0.03193983451142057,0.011006632803588323,f3b6f87257d761200922a8b02265a12417039e6de27919c2011010123536bcdb,0.017563363546410533,0.3949703409700344,0.005958767830279176,0.37914178679263943
cell_0467,fresh_hmm_2026096801_q4_s3_c0.2,minimax,0.1571318389688673,0.15713183896887462,saved master/hardest/revelation witness replay plus complete profile arithmetic; not every old decoder replayed,original_completed,Paper/research/target_selection_followups_2026-09-23/original_audit/cell_0467.json,Paper/research/target_selection_2026-09-23/main_results/cell_0467/checkpoint_128/policy.npz,Paper/research/target_selection_2026-09-23/main_results/cell_0467/model.npz,Paper/research/target_selection_2026-09-23/main_results/cell_0467/result.json,0.9948836908881928,0.3410373318035088,49c78ba3b75941df361fc80561042e3b7e4508f0a1c031ed509db854d4b57d40,0.8653493066821176,0.10402940439654128,0.3104627566156823,0.12169700080825618
cell_0472,fresh_hmm_2026100900_q8_s3_c1.0,pseudo_count,0.23179165720133077,0.23179165720135952,saved master/hardest/revelation witness replay plus complete profile arithmetic; not every old decoder replayed,original_completed,Paper/research/target_selection_followups_2026-09-23/original_audit/cell_0472.json,Paper/research/target_selection_2026-09-23/main_results/cell_0472/checkpoint_000/policy.npz,Paper/research/target_selection_2026-09-23/main_results/cell_0472/model.npz,Paper/research/target_selection_2026-09-23/main_results/cell_0472/result.json,0.24190478209109267,0.041887771220363884,563dbe8900b8b4a587f6b8ed840cec444d9e94891547861af32be7ea6d4d4d2f,0.1970796909832288,0.7019230215010268,0.03747012195691501,0.7368173378584021
cell_0475,fresh_hmm_2026097000_q4_s3_c5.0,minimax,0.0415692717472812,0.04156927174731709,saved master/hardest/revelation witness replay plus complete profile arithmetic; not every old decoder replayed,original_completed,Paper/research/target_selection_followups_2026-09-23/original_audit/cell_0475.json,Paper/research/target_selection_2026-09-23/main_results/cell_0475/checkpoint_128/policy.npz,Paper/research/target_selection_2026-09-23/main_results/cell_0475/model.npz,Paper/research/target_selection_2026-09-23/main_results/cell_0475/result.json,0.03276988791037461,0.01130491666759953,b7bb2db48a6b7ac7ec8794d532aedfe9c8a1425da6ef9e1062873f737fc60ae9,0.017563363546410533,0.34770983777765624,0.005958767830279176,0.32908380962234396
cell_0478,fresh_hmm_2026100801_q8_s3_c0.2,minimax,0.22529182710347695,0.2252918271034925,saved master/hardest/revelation witness replay plus complete profile arithmetic; not every old decoder replayed,original_completed,Paper/research/target_selection_followups_2026-09-23/original_audit/cell_0478.json,Paper/research/target_selection_2026-09-23/main_results/cell_0478/checkpoint_128/policy.npz,Paper/research/target_selection_2026-09-23/main_results/cell_0478/model.npz,Paper/research/target_selection_2026-09-23/main_results/cell_0478/result.json,1.1896851012506333,0.24306891976787587,33953698d06f7b8e267a91758627564a5cfdf317ef4952f72c7f929608bb0cbb,0.47232007556489175,0.15604932562884904,0.11712529383578274,0.14487284122721866
cell_0479,sensors_0.1_0.1,weighted128,0.09755604395604411,0.0975560439561121,saved master/hardest/revelation witness replay plus complete profile arithmetic; not every old decoder replayed,original_completed,Paper/research/target_selection_followups_2026-09-23/original_audit/cell_0479.json,Paper/research/target_selection_2026-09-23/main_results/cell_0479/checkpoint_128/policy.npz,Paper/research/target_selection_2026-09-23/main_results/cell_0479/model.npz,Paper/research/target_selection_2026-09-23/main_results/cell_0479/result.json,1.273090264960436,0.4800000000000001,a09353c0a490a4da36fbb0deeb197ed5c09c08c7188e91cbd502c92359e232d2,0.4106725343253923,1.0813706121826812e-15,0.25529863013698645,0.0
cell_0483,irreversible_0.1_0.3,minimax,0.17731216931216787,0.17731216931216986,saved master/hardest/revelation witness replay plus complete profile arithmetic; not every old decoder replayed,original_completed,Paper/research/target_selection_followups_2026-09-23/original_audit/cell_0483.json,Paper/research/target_selection_2026-09-23/main_results/cell_0483/checkpoint_128/policy.npz,Paper/research/target_selection_2026-09-23/main_results/cell_0483/model.npz,Paper/research/target_selection_2026-09-23/main_results/cell_0483/result.json,0.653139798501781,0.17510238535991968,a9c7b154cd8afe565c2f8d3e61b5fbea59d55c3ff3d50a5a204733811340101b,0.5570919601857278,0.3756613756613763,0.1320310995927434,0.3756613756613748
cell_0485,fresh_hmm_2026100901_q8_s3_c1.0,pseudo_count,0.1993180865930233,0.19931808659309502,saved master/hardest/revelation witness replay plus complete profile arithmetic; not every old decoder replayed,original_completed,Paper/research/target_selection_followups_2026-09-23/original_audit/cell_0485.json,Paper/research/target_selection_2026-09-23/main_results/cell_0485/checkpoint_000/policy.npz,Paper/research/target_selection_2026-09-23/main_results/cell_0485/model.npz,Paper/research/target_selection_2026-09-23/main_results/cell_0485/result.json,0.21511363421051977,0.036533137167262864,64e9e657403fd514b57a50aed865d1388cd3e553b81a4aad7fde2f6dbc09859d,0.07670102654003474,0.5335403224663275,0.016302318170326395,0.6065348497708024
cell_0493,fresh_hmm_2026100901_q8_s3_c1.0,minimax,0.1054163812401866,0.10541638124035975,saved master/hardest/revelation witness replay plus complete profile arithmetic; not every old decoder replayed,original_completed,Paper/research/target_selection_followups_2026-09-23/original_audit/cell_0493.json,Paper/research/target_selection_2026-09-23/main_results/cell_0493/checkpoint_128/policy.npz,Paper/research/target_selection_2026-09-23/main_results/cell_0493/model.npz,Paper/research/target_selection_2026-09-23/main_results/cell_0493/result.json,0.23542428614731925,0.04203068147192873,47109ba46b91ad3d8abac059cfdf62012f2695e84283d055d316515343f5d328,0.07670102654003474,0.2687374527655137,0.016302318170326395,0.26931015281497056
cell_0497,fresh_hmm_2026100900_q8_s3_c1.0,minimax,0.1277291992214924,0.12772919922153947,saved master/hardest/revelation witness replay plus complete profile arithmetic; not every old decoder replayed,original_completed,Paper/research/target_selection_followups_2026-09-23/original_audit/cell_0497.json,Paper/research/target_selection_2026-09-23/main_results/cell_0497/checkpoint_128/policy.npz,Paper/research/target_selection_2026-09-23/main_results/cell_0497/model.npz,Paper/research/target_selection_2026-09-23/main_results/cell_0497/result.json,0.32776977059918,0.059585059615265806,168d3a45904fd50e9a99d61905434b2e7fb58faf33ccb37dc528333ce6a6300c,0.1970796909832288,0.2662363808344636,0.03747012195691501,0.26451334014921035
cell_0498,fresh_hmm_2026096901_q4_s3_c1.0,pseudo_count,0.12322426136800058,0.1232242613682088,saved master/hardest/revelation witness replay plus complete profile arithmetic; not every old decoder replayed,original_completed,Paper/research/target_selection_followups_2026-09-23/original_audit/cell_0498.json,Paper/research/target_selection_2026-09-23/main_results/cell_0498/checkpoint_000/policy.npz,Paper/research/target_selection_2026-09-23/main_results/cell_0498/model.npz,Paper/research/target_selection_2026-09-23/main_results/cell_0498/result.json,0.2053556232733813,0.07070133216400204,6a9f6a732eaadc2c6f8d484d51c424206343f0223cd456ff4b957f51152ec370,0.19997783879061978,0.6796456988196591,0.06979651718708846,0.6305273293178525
cell_0499,fresh_hmm_2026096901_q4_s3_c1.0,minimax,0.09071206651490948,0.09071206651491817,saved master/hardest/revelation witness replay plus complete profile arithmetic; not every old decoder replayed,original_completed,Paper/research/target_selection_followups_2026-09-23/original_audit/cell_0499.json,Paper/research/target_selection_2026-09-23/main_results/cell_0499/checkpoint_032/policy.npz,Paper/research/target_selection_2026-09-23/main_results/cell_0499/model.npz,Paper/research/target_selection_2026-09-23/main_results/cell_0499/result.json,0.26320497015887256,0.08789652119350205,fac6c345b738c62c7befb5cd9bdb0b2858c23eaa75dacbdb33e90a0adc33b8c5,0.19997783879061978,0.39036691055322265,0.06979651718708846,0.38416562356957595
cell_0504,irreversible_0.1_0.3,minimax,0.17731216931216787,0.17731216931216986,saved master/hardest/revelation witness replay plus complete profile arithmetic; not every old decoder replayed,original_completed,Paper/research/target_selection_followups_2026-09-23/original_audit/cell_0504.json,Paper/research/target_selection_2026-09-23/main_results/cell_0504/checkpoint_128/policy.npz,Paper/research/target_selection_2026-09-23/main_results/cell_0504/model.npz,Paper/research/target_selection_2026-09-23/main_results/cell_0504/result.json,0.653139798501781,0.17510238535991968,a9c7b154cd8afe565c2f8d3e61b5fbea59d55c3ff3d50a5a204733811340101b,0.5570919601857278,0.3756613756613763,0.1320310995927434,0.3756613756613748
cell_0505,irreversible_0.1_0.1,weighted128,0.24568904659858837,0.24568904659858876,saved master/hardest/revelation witness replay plus complete profile arithmetic; not every old decoder replayed,original_completed,Paper/research/target_selection_followups_2026-09-23/original_audit/cell_0505.json,Paper/research/target_selection_2026-09-23/main_results/cell_0505/checkpoint_128/policy.npz,Paper/research/target_selection_2026-09-23/main_results/cell_0505/model.npz,Paper/research/target_selection_2026-09-23/main_results/cell_0505/result.json,0.8624177306350438,0.2247013698630138,f5e9ef73830f47c443a8a40bbe568159c0f444a546332a88031a061619a4cdb9,0.0,,0.0,
cell_0507,fresh_hmm_2026100800_q8_s3_c0.2,weighted128,0.28905326601521086,0.2890532660174926,all 32768 saved decoder and decision-loss witnesses replayed in follow-up,recovered_original_policy,Paper/research/target_selection_followups_2026-09-23/recovery_results/cell_0070/INDEPENDENT_CHECK.json,Paper/research/target_selection_2026-09-23/main_results/cell_0507/checkpoint_128/policy.npz,Paper/research/target_selection_2026-09-23/main_results/cell_0507/model.npz,Paper/research/target_selection_2026-09-23/main_results/cell_0507/result.json,1.2304117164086,0.25156415107836355,2fbe324900d6e81b2e309f54dab463434810422cb4e93b035661f762e4fa928a,0.5798852486645196,0.24793646896856988,0.13478995333046637,0.19815281193409834
cell_0509,fresh_hmm_2026096800_q4_s3_c0.2,uniform,0.33402145667225625,0.3340214566725261,saved master/hardest/revelation witness replay plus complete profile arithmetic; not every old decoder replayed,original_completed,Paper/research/target_selection_followups_2026-09-23/original_audit/cell_0509.json,Paper/research/target_selection_2026-09-23/main_results/cell_0509/checkpoint_000/policy.npz,Paper/research/target_selection_2026-09-23/main_results/cell_0509/model.npz,Paper/research/target_selection_2026-09-23/main_results/cell_0509/result.json,0.5789495469492096,0.18894565973980604,d6a90f3f24e7066b9739835cd2da2576618ba8342d82694fd02dac87615d6d4e,0.7896581283403759,0.5527640401003803,0.2677713558453575,0.5599019189828327
cell_0511,delayed_0.1_0.1,face_brier_0.05,0.13196547795656732,0.13196547795658287,all 32768 saved decoder and decision-loss witnesses replayed in follow-up,new_heldout_evaluation,Paper/research/target_selection_followups_2026-09-23/near_optimal_results/cell_0511/INDEPENDENT_CHECK.json,Paper/research/target_selection_2026-09-23/main_results/cell_0511/checkpoint_008/policy.npz,Paper/research/target_selection_2026-09-23/main_results/cell_0511/model.npz,Paper/research/target_selection_2026-09-23/main_results/cell_0511/result.json,1.0479840228036672,0.40928000003120024,f439f2e0144e73bbd3980675d68b7bb0f75dc7b8b70d9deef73a1193646a6eb7,0.5310044064107189,0.026411814757941045,0.2624000000000001,0.04999999988109704
cell_0513,fresh_hmm_2026097001_q4_s3_c5.0,weighted128,0.06038857312021906,0.060388573120317604,saved master/hardest/revelation witness replay plus complete profile arithmetic; not every old decoder replayed,original_completed,Paper/research/target_selection_followups_2026-09-23/original_audit/cell_0513.json,Paper/research/target_selection_2026-09-23/main_results/cell_0513/checkpoint_128/policy.npz,Paper/research/target_selection_2026-09-23/main_results/cell_0513/model.npz,Paper/research/target_selection_2026-09-23/main_results/cell_0513/result.json,0.06551962683956569,0.02282650994576363,28b49afc56ccb34fcf248789c8f07a8f6188c3aaa8c86c06cfe26951141bd770,0.03288547154067925,0.3203759360368468,0.01191061694354724,0.3035680550723466
cell_0517,irreversible_0.1_0.3,minimax,0.17731216931216787,0.17731216931216986,saved master/hardest/revelation witness replay plus complete profile arithmetic; not every old decoder replayed,original_completed,Paper/research/target_selection_followups_2026-09-23/original_audit/cell_0517.json,Paper/research/target_selection_2026-09-23/main_results/cell_0517/checkpoint_128/policy.npz,Paper/research/target_selection_2026-09-23/main_results/cell_0517/model.npz,Paper/research/target_selection_2026-09-23/main_results/cell_0517/result.json,0.653139798501781,0.17510238535991968,a9c7b154cd8afe565c2f8d3e61b5fbea59d55c3ff3d50a5a204733811340101b,0.5570919601857278,0.3756613756613763,0.1320310995927434,0.3756613756613748
cell_0518,fresh_hmm_2026097000_q4_s3_c5.0,minimax,0.0415692717472812,0.04156927174731709,saved master/hardest/revelation witness replay plus complete profile arithmetic; not every old decoder replayed,original_completed,Paper/research/target_selection_followups_2026-09-23/original_audit/cell_0518.json,Paper/research/target_selection_2026-09-23/main_results/cell_0518/checkpoint_128/policy.npz,Paper/research/target_selection_2026-09-23/main_results/cell_0518/model.npz,Paper/research/target_selection_2026-09-23/main_results/cell_0518/result.json,0.03276988791037461,0.01130491666759953,b7bb2db48a6b7ac7ec8794d532aedfe9c8a1425da6ef9e1062873f737fc60ae9,0.017563363546410533,0.34770983777765624,0.005958767830279176,0.32908380962234396
cell_0520,fresh_hmm_2026096800_q4_s3_c0.2,minimax,0.23073454950625882,0.2307345495062711,saved master/hardest/revelation witness replay plus complete profile arithmetic; not every old decoder replayed,original_completed,Paper/research/target_selection_followups_2026-09-23/original_audit/cell_0520.json,Paper/research/target_selection_2026-09-23/main_results/cell_0520/checkpoint_016/policy.npz,Paper/research/target_selection_2026-09-23/main_results/cell_0520/model.npz,Paper/research/target_selection_2026-09-23/main_results/cell_0520/result.json,0.8689745691029027,0.29212871738687796,8c85c8bd24c8594814e393bf02ba55668ca0275539afdf4915d1e1d08b237e25,0.7896581283403759,0.18548481920102913,0.2677713558453575,0.17456175695795245
cell_0522,delayed_0.1_0.1,minimax,0.12708637562292313,0.1270863756229799,saved master/hardest/revelation witness replay plus complete profile arithmetic; not every old decoder replayed,original_completed,Paper/research/target_selection_followups_2026-09-23/original_audit/cell_0522.json,Paper/research/target_selection_2026-09-23/main_results/cell_0522/checkpoint_016/policy.npz,Paper/research/target_selection_2026-09-23/main_results/cell_0522/model.npz,Paper/research/target_selection_2026-09-23/main_results/cell_0522/result.json,1.0309812475424907,0.3944583915564379,ff5098ce71d7065f9f61b197fa0bf3e0c13f7fd1cab14d569e6abb1eccb3838c,0.5310044064107189,0.058431841439273935,0.2624000000000001,0.10648478827577053
cell_0529,fresh_hmm_2026096900_q4_s3_c1.0,information,0.1039265257349381,0.10392652573497155,saved master/hardest/revelation witness replay plus complete profile arithmetic; not every old decoder replayed,original_completed,Paper/research/target_selection_followups_2026-09-23/original_audit/cell_0529.json,Paper/research/target_selection_2026-09-23/main_results/cell_0529/checkpoint_000/policy.npz,Paper/research/target_selection_2026-09-23/main_results/cell_0529/model.npz,Paper/research/target_selection_2026-09-23/main_results/cell_0529/result.json,0.36686252420605503,0.12290449653499547,38373bb7a7e7502016d7a81d8af95b6f90c13086289b47a311a0fc50904fc1b9,0.1280983277576416,-4.333479773153897e-16,0.04883141008150059,0.006581738672536232
cell_0530,fresh_hmm_2026100900_q8_s3_c1.0,minimax,0.1277291992214924,0.12772919922153947,saved master/hardest/revelation witness replay plus complete profile arithmetic; not every old decoder replayed,original_completed,Paper/research/target_selection_followups_2026-09-23/original_audit/cell_0530.json,Paper/research/target_selection_2026-09-23/main_results/cell_0530/checkpoint_128/policy.npz,Paper/research/target_selection_2026-09-23/main_results/cell_0530/model.npz,Paper/research/target_selection_2026-09-23/main_results/cell_0530/result.json,0.32776977059918,0.059585059615265806,168d3a45904fd50e9a99d61905434b2e7fb58faf33ccb37dc528333ce6a6300c,0.1970796909832288,0.2662363808344636,0.03747012195691501,0.26451334014921035
cell_0534,fresh_hmm_2026096900_q4_s3_c1.0,minimax,0.08727325941600172,0.08727325941605824,saved master/hardest/revelation witness replay plus complete profile arithmetic; not every old decoder replayed,original_completed,Paper/research/target_selection_followups_2026-09-23/original_audit/cell_0534.json,Paper/research/target_selection_2026-09-23/main_results/cell_0534/checkpoint_128/policy.npz,Paper/research/target_selection_2026-09-23/main_results/cell_0534/model.npz,Paper/research/target_selection_2026-09-23/main_results/cell_0534/result.json,0.3301583438260254,0.10989092678356255,6b13e18f27e7e16940e2ea3e443d30968ccc765676b5ab4abe52962396a65705,0.1280983277576416,0.28653129999848914,0.04883141008150059,0.27308171747128507
cell_0536,hmm_91503_5.0,weighted128,0.07621005203107145,0.0762100520310722,saved master/hardest/revelation witness replay plus complete profile arithmetic; not every old decoder replayed,original_completed,Paper/research/target_selection_followups_2026-09-23/original_audit/cell_0536.json,Paper/research/target_selection_2026-09-23/main_results/cell_0536/checkpoint_128/policy.npz,Paper/research/target_selection_2026-09-23/main_results/cell_0536/model.npz,Paper/research/target_selection_2026-09-23/main_results/cell_0536/result.json,0.18356870704343353,0.060756295718161046,d6be3701dfac5f9e86e420d3b99d93cdf1630f0b8f2f77e34fc593b334b8b534,0.11099463694068637,0.31586738805705483,0.03381897384314099,0.284803850651422
cell_0539,fresh_hmm_2026096901_q4_s3_c1.0,weighted128,0.09442652011837394,0.09442652011839964,saved master/hardest/revelation witness replay plus complete profile arithmetic; not every old decoder replayed,original_completed,Paper/research/target_selection_followups_2026-09-23/original_audit/cell_0539.json,Paper/research/target_selection_2026-09-23/main_results/cell_0539/checkpoint_128/policy.npz,Paper/research/target_selection_2026-09-23/main_results/cell_0539/model.npz,Paper/research/target_selection_2026-09-23/main_results/cell_0539/result.json,0.3011846585384337,0.10133803883523196,f2a0214d4c4179057a4e8da54ef306e1ed3dfe32fde06a91a44d63cd571b02c4,0.19997783879061978,0.20044742442793004,0.06979651718708846,0.19158412833966168
cell_0540,delayed_0.25_0.1,weighted128,0.18157201405152223,0.18157201405261336,saved master/hardest/revelation witness replay plus complete profile arithmetic; not every old decoder replayed,original_completed,Paper/research/target_selection_followups_2026-09-23/original_audit/cell_0540.json,Paper/research/target_selection_2026-09-23/main_results/cell_0540/checkpoint_128/policy.npz,Paper/research/target_selection_2026-09-23/main_results/cell_0540/model.npz,Paper/research/target_selection_2026-09-23/main_results/cell_0540/result.json,0.7415766651559821,0.23882849576068338,e3da3d7cb7ca86f4d816d0e33228f01c63203bffb8a8ef14a3fe41b062b3d148,0.5305399766283451,0.2277699528827664,0.16250000000000003,0.1456707953188719
cell_0542,delayed_0.1_0.1,minimax,0.12708637562292324,0.1270863756229666,saved master/hardest/revelation witness replay plus complete profile arithmetic; not every old decoder replayed,original_completed,Paper/research/target_selection_followups_2026-09-23/original_audit/cell_0542.json,Paper/research/target_selection_2026-09-23/main_results/cell_0542/checkpoint_128/policy.npz,Paper/research/target_selection_2026-09-23/main_results/cell_0542/model.npz,Paper/research/target_selection_2026-09-23/main_results/cell_0542/result.json,1.0309524243499582,0.3944574839057584,5e52c2b046e2ddbca60c7fe9a35011943bea5706e948f221044f791e2750ebf4,0.5310044064107189,0.05848612195405785,0.2624000000000001,0.10648824731037229
cell_0543,fresh_hmm_2026101000_q8_s3_c5.0,weighted128,0.07235499152528646,0.07235499152533195,saved master/hardest/revelation witness replay plus complete profile arithmetic; not every old decoder replayed,original_completed,Paper/research/target_selection_followups_2026-09-23/original_audit/cell_0543.json,Paper/research/target_selection_2026-09-23/main_results/cell_0543/checkpoint_128/policy.npz,Paper/research/target_selection_2026-09-23/main_results/cell_0543/model.npz,Paper/research/target_selection_2026-09-23/main_results/cell_0543/result.json,0.0599075657648509,0.010977156203959365,234f161c28d8d6071ca3570250fe454416dd74ea10ed89148065044fae6634f1,0.05202692989836933,0.32356745419617633,0.00994815603558986,0.33514983801668113
cell_0549,fresh_hmm_2026101000_q8_s3_c5.0,weighted128,0.07235499152528646,0.07235499152533195,saved master/hardest/revelation witness replay plus complete profile arithmetic; not every old decoder replayed,original_completed,Paper/research/target_selection_followups_2026-09-23/original_audit/cell_0549.json,Paper/research/target_selection_2026-09-23/main_results/cell_0549/checkpoint_128/policy.npz,Paper/research/target_selection_2026-09-23/main_results/cell_0549/model.npz,Paper/research/target_selection_2026-09-23/main_results/cell_0549/result.json,0.0599075657648509,0.010977156203959365,234f161c28d8d6071ca3570250fe454416dd74ea10ed89148065044fae6634f1,0.05202692989836933,0.32356745419617633,0.00994815603558986,0.33514983801668113
cell_0554,delayed_0.1_0.1,weighted128,0.12844788475633384,0.12844788475639837,saved master/hardest/revelation witness replay plus complete profile arithmetic; not every old decoder replayed,original_completed,Paper/research/target_selection_followups_2026-09-23/original_audit/cell_0554.json,Paper/research/target_selection_2026-09-23/main_results/cell_0554/checkpoint_128/policy.npz,Paper/research/target_selection_2026-09-23/main_results/cell_0554/model.npz,Paper/research/target_selection_2026-09-23/main_results/cell_0554/result.json,1.0359292864687,0.3986055338382889,979ecd2f459b57dc18b523fa86545cffd04d61e21a2b9caa80fdfe79d9763be7,0.5310044064107189,0.04911357803793008,0.2624000000000001,0.09068013018944819
cell_0558,hmm_91502_1.0,minimax,0.09583012621369225,0.09583012621370413,saved master/hardest/revelation witness replay plus complete profile arithmetic; not every old decoder replayed,original_completed,Paper/research/target_selection_followups_2026-09-23/original_audit/cell_0558.json,Paper/research/target_selection_2026-09-23/main_results/cell_0558/checkpoint_008/policy.npz,Paper/research/target_selection_2026-09-23/main_results/cell_0558/model.npz,Paper/research/target_selection_2026-09-23/main_results/cell_0558/result.json,0.131708014117637,0.04348448384910575,fe71965d06f45baf3d74dd8a45469af331279019eec1d5b07eea4ae849f482b0,0.05119604271106515,0.3382199817422354,0.015229750173009524,0.2254710908718343
cell_0561,sensors_0.1_0.3,minimax,0.10355747836773233,0.10355747836774203,saved master/hardest/revelation witness replay plus complete profile arithmetic; not every old decoder replayed,original_completed,Paper/research/target_selection_followups_2026-09-23/original_audit/cell_0561.json,Paper/research/target_selection_2026-09-23/main_results/cell_0561/checkpoint_128/policy.npz,Paper/research/target_selection_2026-09-23/main_results/cell_0561/model.npz,Paper/research/target_selection_2026-09-23/main_results/cell_0561/result.json,0.7863741034265401,0.26797572446896134,d5ded01a9de165b2e94eadabe7c64542477547567e04e2388f5d881515c6c77e,0.6296823438851624,0.23604601963406116,0.1952711931443638,0.10224620756484068
cell_0567,fresh_hmm_2026096900_q4_s3_c1.0,brier,0.1010853852171355,0.1010853852172996,saved master/hardest/revelation witness replay plus complete profile arithmetic; not every old decoder replayed,original_completed,Paper/research/target_selection_followups_2026-09-23/original_audit/cell_0567.json,Paper/research/target_selection_2026-09-23/main_results/cell_0567/checkpoint_000/policy.npz,Paper/research/target_selection_2026-09-23/main_results/cell_0567/model.npz,Paper/research/target_selection_2026-09-23/main_results/cell_0567/result.json,0.3622508874157122,0.12322589211516333,446a5ed616b41512b2bd4d61f9a90f2d71dbc3a87dc98d7e8ca0a84736b48270,0.1280983277576416,0.03600075716107592,0.04883141008150059,5.683959477988513e-16
cell_0569,delayed_0.25_0.1,minimax,0.1662167242592948,0.16621672425931858,saved master/hardest/revelation witness replay plus complete profile arithmetic; not every old decoder replayed,original_completed,Paper/research/target_selection_followups_2026-09-23/original_audit/cell_0569.json,Paper/research/target_selection_2026-09-23/main_results/cell_0569/checkpoint_128/policy.npz,Paper/research/target_selection_2026-09-23/main_results/cell_0569/model.npz,Paper/research/target_selection_2026-09-23/main_results/cell_0569/result.json,0.7245524520353037,0.23742021085462017,3a6113edc727098ca2a8235e070a6303bb80f774606ad0cfd97b59e9528a0e8b,0.5305399766283451,0.25985841722219205,0.16250000000000003,0.15433716397156855
cell_0573,delayed_0.25_0.1,minimax,0.1662167242592948,0.16621672425931858,saved master/hardest/revelation witness replay plus complete profile arithmetic; not every old decoder replayed,original_completed,Paper/research/target_selection_followups_2026-09-23/original_audit/cell_0573.json,Paper/research/target_selection_2026-09-23/main_results/cell_0573/checkpoint_128/policy.npz,Paper/research/target_selection_2026-09-23/main_results/cell_0573/model.npz,Paper/research/target_selection_2026-09-23/main_results/cell_0573/result.json,0.7245524520353037,0.23742021085462017,3a6113edc727098ca2a8235e070a6303bb80f774606ad0cfd97b59e9528a0e8b,0.5305399766283451,0.25985841722219205,0.16250000000000003,0.15433716397156855
cell_0575,hmm_91501_0.2,weighted128,0.1270643773108392,0.1270643773108411,saved master/hardest/revelation witness replay plus complete profile arithmetic; not every old decoder replayed,original_completed,Paper/research/target_selection_followups_2026-09-23/original_audit/cell_0575.json,Paper/research/target_selection_2026-09-23/main_results/cell_0575/checkpoint_128/policy.npz,Paper/research/target_selection_2026-09-23/main_results/cell_0575/model.npz,Paper/research/target_selection_2026-09-23/main_results/cell_0575/result.json,1.0996800625195862,0.4021278029947616,9766e0f1cda595ebee4574c246d1b45cf62c39afd621bb98c722c6683783e6b5,0.49116148016006744,0.03360951299032846,0.23846099801787285,0.030115228587840787
cell_0578,fresh_hmm_2026100801_q8_s3_c0.2,weighted128,0.255241963090024,0.25524196309010927,saved master/hardest/revelation witness replay plus complete profile arithmetic; not every old decoder replayed,original_completed,Paper/research/target_selection_followups_2026-09-23/original_audit/cell_0578.json,Paper/research/target_selection_2026-09-23/main_results/cell_0578/checkpoint_128/policy.npz,Paper/research/target_selection_2026-09-23/main_results/cell_0578/model.npz,Paper/research/target_selection_2026-09-23/main_results/cell_0578/result.json,1.171625442896299,0.23967299284573013,3167c6024578508c3251736f868b7d9bd7af399c2539e405a88019fc9ab7b18a,0.47232007556489175,0.19428538479431004,0.11712529383578274,0.1738668083792418
cell_0579,delayed_0.1_0.1,minimax,0.12708637562292324,0.1270863756229666,saved master/hardest/revelation witness replay plus complete profile arithmetic; not every old decoder replayed,original_completed,Paper/research/target_selection_followups_2026-09-23/original_audit/cell_0579.json,Paper/research/target_selection_2026-09-23/main_results/cell_0579/checkpoint_128/policy.npz,Paper/research/target_selection_2026-09-23/main_results/cell_0579/model.npz,Paper/research/target_selection_2026-09-23/main_results/cell_0579/result.json,1.0309524243499582,0.3944574839057584,5e52c2b046e2ddbca60c7fe9a35011943bea5706e948f221044f791e2750ebf4,0.5310044064107189,0.05848612195405785,0.2624000000000001,0.10648824731037229
cell_0588,delayed_0.1_0.1,weighted128,0.12844788475633384,0.12844788475639837,saved master/hardest/revelation witness replay plus complete profile arithmetic; not every old decoder replayed,original_completed,Paper/research/target_selection_followups_2026-09-23/original_audit/cell_0588.json,Paper/research/target_selection_2026-09-23/main_results/cell_0588/checkpoint_128/policy.npz,Paper/research/target_selection_2026-09-23/main_results/cell_0588/model.npz,Paper/research/target_selection_2026-09-23/main_results/cell_0588/result.json,1.0359292864687,0.3986055338382889,979ecd2f459b57dc18b523fa86545cffd04d61e21a2b9caa80fdfe79d9763be7,0.5310044064107189,0.04911357803793008,0.2624000000000001,0.09068013018944819
cell_0591,fresh_hmm_2026100901_q8_s3_c1.0,weighted128,0.11116598534360378,0.11116598534369068,saved master/hardest/revelation witness replay plus complete profile arithmetic; not every old decoder replayed,original_completed,Paper/research/target_selection_followups_2026-09-23/original_audit/cell_0591.json,Paper/research/target_selection_2026-09-23/main_results/cell_0591/checkpoint_128/policy.npz,Paper/research/target_selection_2026-09-23/main_results/cell_0591/model.npz,Paper/research/target_selection_2026-09-23/main_results/cell_0591/result.json,0.23638486718484453,0.04204077149205354,5437b06d69fde14aede3b5f7650295100380198df030b6395310da9b475794c2,0.07670102654003474,0.2562137476619856,0.016302318170326395,0.268691221199271
cell_0592,sensors_0.1_0.3,brier,0.13691999999999993,0.1369200000013425,saved master/hardest/revelation witness replay plus complete profile arithmetic; not every old decoder replayed,original_completed,Paper/research/target_selection_followups_2026-09-23/original_audit/cell_0592.json,Paper/research/target_selection_2026-09-23/main_results/cell_0592/checkpoint_000/policy.npz,Paper/research/target_selection_2026-09-23/main_results/cell_0592/model.npz,Paper/research/target_selection_2026-09-23/main_results/cell_0592/result.json,0.9350081143344788,0.2879414634146341,6c839a9c0ce3a7eecebcfb92eed1d669ca6df86db6fe657ff2820e7dfe93d970,0.6296823438851624,0.0,0.1952711931443638,-2.842772164054863e-16
cell_0594,hmm_91501_0.2,pseudo_count,0.32178274273839613,0.3217827427384442,saved master/hardest/revelation witness replay plus complete profile arithmetic; not every old decoder replayed,original_completed,Paper/research/target_selection_followups_2026-09-23/original_audit/cell_0594.json,Paper/research/target_selection_2026-09-23/main_results/cell_0594/checkpoint_000/policy.npz,Paper/research/target_selection_2026-09-23/main_results/cell_0594/model.npz,Paper/research/target_selection_2026-09-23/main_results/cell_0594/result.json,0.8216324844380063,0.2749329201473014,13e6573c71ec4154e4bb5c027311c37816f946c942cf9b041f5b6c0cdc2e6ba1,0.49116148016006744,0.599711679615784,0.23846099801787285,0.5635143332830531
cell_0596,hmm_91502_1.0,face_brier_0.05,0.1312429149568255,0.13124291495683937,all 32768 saved decoder and decision-loss witnesses replayed in follow-up,new_heldout_evaluation,Paper/research/target_selection_followups_2026-09-23/near_optimal_results/cell_0596/INDEPENDENT_CHECK.json,Paper/research/target_selection_2026-09-23/main_results/cell_0596/checkpoint_008/policy.npz,Paper/research/target_selection_2026-09-23/main_results/cell_0596/model.npz,Paper/research/target_selection_2026-09-23/main_results/cell_0596/result.json,0.13401386553739902,0.046156864640898965,ccf5878d2bc35b167c3b410a305398a77d6809fc9ced78b1868072fe13f61f27,0.05119604271106515,0.2931803400500923,0.015229750173009524,0.05000000556609735
cell_0600,fresh_hmm_2026101000_q8_s3_c5.0,weighted128,0.07235499152528646,0.07235499152533195,saved master/hardest/revelation witness replay plus complete profile arithmetic; not every old decoder replayed,original_completed,Paper/research/target_selection_followups_2026-09-23/original_audit/cell_0600.json,Paper/research/target_selection_2026-09-23/main_results/cell_0600/checkpoint_128/policy.npz,Paper/research/target_selection_2026-09-23/main_results/cell_0600/model.npz,Paper/research/target_selection_2026-09-23/main_results/cell_0600/result.json,0.0599075657648509,0.010977156203959365,234f161c28d8d6071ca3570250fe454416dd74ea10ed89148065044fae6634f1,0.05202692989836933,0.32356745419617633,0.00994815603558986,0.33514983801668113
cell_0602,hmm_91503_5.0,pseudo_count,0.13384831808345588,0.1338483180835675,saved master/hardest/revelation witness replay plus complete profile arithmetic; not every old decoder replayed,original_completed,Paper/research/target_selection_followups_2026-09-23/original_audit/cell_0602.json,Paper/research/target_selection_2026-09-23/main_results/cell_0602/checkpoint_000/policy.npz,Paper/research/target_selection_2026-09-23/main_results/cell_0602/model.npz,Paper/research/target_selection_2026-09-23/main_results/cell_0602/result.json,0.14580109550572384,0.048632112318583776,a5ea6c1304b4eea6d77ed1cdc90a9d61328c37d5e17c2ed8e5c7ffe044edca83,0.11099463694068637,0.6561325808509377,0.03381897384314099,0.6433062539417052
cell_0603,fresh_hmm_2026097001_q4_s3_c5.0,pseudo_count,0.06681984101232463,0.06681984101238077,saved master/hardest/revelation witness replay plus complete profile arithmetic; not every old decoder replayed,original_completed,Paper/research/target_selection_followups_2026-09-23/original_audit/cell_0603.json,Paper/research/target_selection_2026-09-23/main_results/cell_0603/checkpoint_000/policy.npz,Paper/research/target_selection_2026-09-23/main_results/cell_0603/model.npz,Paper/research/target_selection_2026-09-23/main_results/cell_0603/result.json,0.06937975100250049,0.023932001181564466,049f9d22722272a2348240348da03f3cddf6b6f284fb75bdb5b72b9ac4d83104,0.03288547154067925,0.20299509939110086,0.01191061694354724,0.210752440143201
cell_0605,fresh_hmm_2026096901_q4_s3_c1.0,uniform,0.09939868235996396,0.09939868235998883,saved master/hardest/revelation witness replay plus complete profile arithmetic; not every old decoder replayed,original_completed,Paper/research/target_selection_followups_2026-09-23/original_audit/cell_0605.json,Paper/research/target_selection_2026-09-23/main_results/cell_0605/checkpoint_000/policy.npz,Paper/research/target_selection_2026-09-23/main_results/cell_0605/model.npz,Paper/research/target_selection_2026-09-23/main_results/cell_0605/result.json,0.24579470911708712,0.08225098074030046,402082958b1daa16760f1094d9547fb1524f354d7de9d69bd85e86981c102150,0.19997783879061978,0.4774278626420903,0.06979651718708846,0.4650513279102211
cell_0607,fresh_hmm_2026096900_q4_s3_c1.0,weighted128,0.08587170551077916,0.08587170551078177,saved master/hardest/revelation witness replay plus complete profile arithmetic; not every old decoder replayed,original_completed,Paper/research/target_selection_followups_2026-09-23/original_audit/cell_0607.json,Paper/research/target_selection_2026-09-23/main_results/cell_0607/checkpoint_128/policy.npz,Paper/research/target_selection_2026-09-23/main_results/cell_0607/model.npz,Paper/research/target_selection_2026-09-23/main_results/cell_0607/result.json,0.3427420447544516,0.11440095881953799,6b6c6fc0008056a5fae86cc2becec643507ca4532ed8f764fda1a8484707cae3,0.1280983277576416,0.18829659897854917,0.04883141008150059,0.18072247516294074
cell_0608,irreversible_0.1_0.3,brier,0.2839999999999997,0.28400000000000014,saved master/hardest/revelation witness replay plus complete profile arithmetic; not every old decoder replayed,original_completed,Paper/research/target_selection_followups_2026-09-23/original_audit/cell_0608.json,Paper/research/target_selection_2026-09-23/main_results/cell_0608/checkpoint_000/policy.npz,Paper/research/target_selection_2026-09-23/main_results/cell_0608/model.npz,Paper/research/target_selection_2026-09-23/main_results/cell_0608/result.json,0.8624177306350442,0.2247013698630138,cabd080b498d5aa2f057c5876be83f64d0890de27c1998428e1ea466f611a513,0.5570919601857278,0.0,0.1320310995927434,-1.2613199027157568e-15
cell_0621,fresh_hmm_2026100801_q8_s3_c0.2,face_brier_0.05,0.25739400501970144,0.25739400501970955,all 32768 saved decoder and decision-loss witnesses replayed in follow-up,new_heldout_evaluation,Paper/research/target_selection_followups_2026-09-23/near_optimal_results/cell_0621/INDEPENDENT_CHECK.json,Paper/research/target_selection_2026-09-23/main_results/cell_0621/checkpoint_016/policy.npz,Paper/research/target_selection_2026-09-23/main_results/cell_0621/model.npz,Paper/research/target_selection_2026-09-23/main_results/cell_0621/result.json,1.22997654275355,0.25418092913221196,bedaecd759a55734c746c87d5516dd709ff24f3104f9d101f54a85b75501bb5c,0.47232007556489175,0.07074394991571967,0.11712529383578274,0.050000000353787405
cell_0623,fresh_hmm_2026096801_q4_s3_c0.2,weighted128,0.16680226356834016,0.16680226356858024,saved master/hardest/revelation witness replay plus complete profile arithmetic; not every old decoder replayed,original_completed,Paper/research/target_selection_followups_2026-09-23/original_audit/cell_0623.json,Paper/research/target_selection_2026-09-23/main_results/cell_0623/checkpoint_128/policy.npz,Paper/research/target_selection_2026-09-23/main_results/cell_0623/model.npz,Paper/research/target_selection_2026-09-23/main_results/cell_0623/result.json,1.0351415709783875,0.35922809450389626,6dfb1635530463679f574eb330ac62e29eee966a797602024931990ce4aecc47,0.8653493066821176,0.057507289246822586,0.3104627566156823,0.06310458573508351
cell_0625,fresh_hmm_2026100901_q8_s3_c1.0,minimax,0.1054163812401866,0.10541638124035975,saved master/hardest/revelation witness replay plus complete profile arithmetic; not every old decoder replayed,original_completed,Paper/research/target_selection_followups_2026-09-23/original_audit/cell_0625.json,Paper/research/target_selection_2026-09-23/main_results/cell_0625/checkpoint_128/policy.npz,Paper/research/target_selection_2026-09-23/main_results/cell_0625/model.npz,Paper/research/target_selection_2026-09-23/main_results/cell_0625/result.json,0.23542428614731925,0.04203068147192873,47109ba46b91ad3d8abac059cfdf62012f2695e84283d055d316515343f5d328,0.07670102654003474,0.2687374527655137,0.016302318170326395,0.26931015281497056
cell_0626,sensors_0.1_0.1,information,0.1104626373626375,0.1104626374380964,saved master/hardest/revelation witness replay plus complete profile arithmetic; not every old decoder replayed,original_completed,Paper/research/target_selection_followups_2026-09-23/original_audit/cell_0626.json,Paper/research/target_selection_2026-09-23/main_results/cell_0626/checkpoint_000/policy.npz,Paper/research/target_selection_2026-09-23/main_results/cell_0626/model.npz,Paper/research/target_selection_2026-09-23/main_results/cell_0626/result.json,1.2730902649604359,0.48,7f52119698765a98bb0960d9b7ec0c98a368bb0f1322292e486cb2fc5abddeda,0.4106725343253923,1.6220559182740218e-15,0.25529863013698645,4.348722999529768e-16
cell_0628,fresh_hmm_2026096801_q4_s3_c0.2,pseudo_count,0.19533007904298405,0.19533007904393299,saved master/hardest/revelation witness replay plus complete profile arithmetic; not every old decoder replayed,original_completed,Paper/research/target_selection_followups_2026-09-23/original_audit/cell_0628.json,Paper/research/target_selection_2026-09-23/main_results/cell_0628/checkpoint_000/policy.npz,Paper/research/target_selection_2026-09-23/main_results/cell_0628/model.npz,Paper/research/target_selection_2026-09-23/main_results/cell_0628/result.json,0.9168624060802308,0.30846361072364115,1988e838ee49d5466fa9d6b0a5ddbc9f204bc231ef66c038c74c235d490b5d01,0.8653493066821176,0.19419101220681112,0.3104627566156823,0.22661689984848227
cell_0630,fresh_hmm_2026096800_q4_s3_c0.2,weighted128,0.24148235848196475,0.2414823584819738,saved master/hardest/revelation witness replay plus complete profile arithmetic; not every old decoder replayed,original_completed,Paper/research/target_selection_followups_2026-09-23/original_audit/cell_0630.json,Paper/research/target_selection_2026-09-23/main_results/cell_0630/checkpoint_128/policy.npz,Paper/research/target_selection_2026-09-23/main_results/cell_0630/model.npz,Paper/research/target_selection_2026-09-23/main_results/cell_0630/result.json,0.8932712837915748,0.29928725080120633,b620126589356ae5c26d5ec5245ab815c3807331a1daa86cd1010b804599e390,0.7896581283403759,0.15471616905145555,0.2677713558453575,0.14782800348484929
cell_0631,fresh_hmm_2026100801_q8_s3_c0.2,minimax,0.22529182710347717,0.22529182710349271,saved master/hardest/revelation witness replay plus complete profile arithmetic; not every old decoder replayed,original_completed,Paper/research/target_selection_followups_2026-09-23/original_audit/cell_0631.json,Paper/research/target_selection_2026-09-23/main_results/cell_0631/checkpoint_032/policy.npz,Paper/research/target_selection_2026-09-23/main_results/cell_0631/model.npz,Paper/research/target_selection_2026-09-23/main_results/cell_0631/result.json,1.1896851012506335,0.2430689197678758,0b823f7382dfcd1f54f0c550f3342e80d2ab424533fc22f599022c8aa5bfada0,0.47232007556489175,0.15604932562884857,0.11712529383578274,0.14487284122721913
cell_0635,fresh_hmm_2026100801_q8_s3_c0.2,weighted128,0.255241963090024,0.25524196309010927,saved master/hardest/revelation witness replay plus complete profile arithmetic; not every old decoder replayed,original_completed,Paper/research/target_selection_followups_2026-09-23/original_audit/cell_0635.json,Paper/research/target_selection_2026-09-23/main_results/cell_0635/checkpoint_128/policy.npz,Paper/research/target_selection_2026-09-23/main_results/cell_0635/model.npz,Paper/research/target_selection_2026-09-23/main_results/cell_0635/result.json,1.171625442896299,0.23967299284573013,3167c6024578508c3251736f868b7d9bd7af399c2539e405a88019fc9ab7b18a,0.47232007556489175,0.19428538479431004,0.11712529383578274,0.1738668083792418
cell_0636,hmm_91503_5.0,weighted128,0.07621005203107145,0.0762100520310722,saved master/hardest/revelation witness replay plus complete profile arithmetic; not every old decoder replayed,original_completed,Paper/research/target_selection_followups_2026-09-23/original_audit/cell_0636.json,Paper/research/target_selection_2026-09-23/main_results/cell_0636/checkpoint_128/policy.npz,Paper/research/target_selection_2026-09-23/main_results/cell_0636/model.npz,Paper/research/target_selection_2026-09-23/main_results/cell_0636/result.json,0.18356870704343353,0.060756295718161046,d6be3701dfac5f9e86e420d3b99d93cdf1630f0b8f2f77e34fc593b334b8b534,0.11099463694068637,0.31586738805705483,0.03381897384314099,0.284803850651422
cell_0637,fresh_hmm_2026096901_q4_s3_c1.0,weighted128,0.09442652011837394,0.09442652011839964,saved master/hardest/revelation witness replay plus complete profile arithmetic; not every old decoder replayed,original_completed,Paper/research/target_selection_followups_2026-09-23/original_audit/cell_0637.json,Paper/research/target_selection_2026-09-23/main_results/cell_0637/checkpoint_128/policy.npz,Paper/research/target_selection_2026-09-23/main_results/cell_0637/model.npz,Paper/research/target_selection_2026-09-23/main_results/cell_0637/result.json,0.3011846585384337,0.10133803883523196,f2a0214d4c4179057a4e8da54ef306e1ed3dfe32fde06a91a44d63cd571b02c4,0.19997783879061978,0.20044742442793004,0.06979651718708846,0.19158412833966168
cell_0638,fresh_hmm_2026096800_q4_s3_c0.2,minimax,0.2307330405903283,0.23073304059037478,saved master/hardest/revelation witness replay plus complete profile arithmetic; not every old decoder replayed,original_completed,Paper/research/target_selection_followups_2026-09-23/original_audit/cell_0638.json,Paper/research/target_selection_2026-09-23/main_results/cell_0638/checkpoint_128/policy.npz,Paper/research/target_selection_2026-09-23/main_results/cell_0638/model.npz,Paper/research/target_selection_2026-09-23/main_results/cell_0638/result.json,0.8689454216226671,0.29212476534377474,7400d777ab08e9cbeb6a4543b52ba6f0fa135fe0c5a3ed6367944bc6ccf9453a,0.7896581283403759,0.18552173071905137,0.2677713558453575,0.17457651597909846
cell_0642,delayed_0.25_0.1,minimax,0.1662167242592948,0.16621672425931858,saved master/hardest/revelation witness replay plus complete profile arithmetic; not every old decoder replayed,original_completed,Paper/research/target_selection_followups_2026-09-23/original_audit/cell_0642.json,Paper/research/target_selection_2026-09-23/main_results/cell_0642/checkpoint_128/policy.npz,Paper/research/target_selection_2026-09-23/main_results/cell_0642/model.npz,Paper/research/target_selection_2026-09-23/main_results/cell_0642/result.json,0.7245524520353037,0.23742021085462017,3a6113edc727098ca2a8235e070a6303bb80f774606ad0cfd97b59e9528a0e8b,0.5305399766283451,0.25985841722219205,0.16250000000000003,0.15433716397156855
cell_0643,delayed_0.1_0.1,minimax,0.12708637562292324,0.1270863756229666,saved master/hardest/revelation witness replay plus complete profile arithmetic; not every old decoder replayed,original_completed,Paper/research/target_selection_followups_2026-09-23/original_audit/cell_0643.json,Paper/research/target_selection_2026-09-23/main_results/cell_0643/checkpoint_128/policy.npz,Paper/research/target_selection_2026-09-23/main_results/cell_0643/model.npz,Paper/research/target_selection_2026-09-23/main_results/cell_0643/result.json,1.0309524243499582,0.3944574839057584,5e52c2b046e2ddbca60c7fe9a35011943bea5706e948f221044f791e2750ebf4,0.5310044064107189,0.05848612195405785,0.2624000000000001,0.10648824731037229
cell_0647,fresh_hmm_2026100800_q8_s3_c0.2,weighted128,0.28905326601521086,0.2890532660174926,all 32768 saved decoder and decision-loss witnesses replayed in follow-up,recovered_original_policy,Paper/research/target_selection_followups_2026-09-23/recovery_results/cell_0070/INDEPENDENT_CHECK.json,Paper/research/target_selection_2026-09-23/main_results/cell_0647/checkpoint_128/policy.npz,Paper/research/target_selection_2026-09-23/main_results/cell_0647/model.npz,Paper/research/target_selection_2026-09-23/main_results/cell_0647/result.json,1.2304117164086,0.25156415107836355,2fbe324900d6e81b2e309f54dab463434810422cb4e93b035661f762e4fa928a,0.5798852486645196,0.24793646896856988,0.13478995333046637,0.19815281193409834
cell_0652,fresh_hmm_2026097001_q4_s3_c5.0,weighted128,0.06038857312021906,0.060388573120317604,saved master/hardest/revelation witness replay plus complete profile arithmetic; not every old decoder replayed,original_completed,Paper/research/target_selection_followups_2026-09-23/original_audit/cell_0652.json,Paper/research/target_selection_2026-09-23/main_results/cell_0652/checkpoint_128/policy.npz,Paper/research/target_selection_2026-09-23/main_results/cell_0652/model.npz,Paper/research/target_selection_2026-09-23/main_results/cell_0652/result.json,0.06551962683956569,0.02282650994576363,28b49afc56ccb34fcf248789c8f07a8f6188c3aaa8c86c06cfe26951141bd770,0.03288547154067925,0.3203759360368468,0.01191061694354724,0.3035680550723466
cell_0658,delayed_0.25_0.1,uniform,0.24999999999999967,0.25000000000001055,saved master/hardest/revelation witness replay plus complete profile arithmetic; not every old decoder replayed,original_completed,Paper/research/target_selection_followups_2026-09-23/original_audit/cell_0658.json,Paper/research/target_selection_2026-09-23/main_results/cell_0658/checkpoint_000/policy.npz,Paper/research/target_selection_2026-09-23/main_results/cell_0658/model.npz,Paper/research/target_selection_2026-09-23/main_results/cell_0658/result.json,0.6738762538255982,0.19938340294019385,3cda241208263beda79d8807bb5475e98c23ed2000489a432d18d9450701d3ee,0.5305399766283451,0.35537656937306245,0.16250000000000003,0.38840982806034585
cell_0659,fresh_hmm_2026101001_q8_s3_c5.0,minimax,0.0682530452378064,0.06825304523802814,saved master/hardest/revelation witness replay plus complete profile arithmetic; not every old decoder replayed,original_completed,Paper/research/target_selection_followups_2026-09-23/original_audit/cell_0659.json,Paper/research/target_selection_2026-09-23/main_results/cell_0659/checkpoint_128/policy.npz,Paper/research/target_selection_2026-09-23/main_results/cell_0659/model.npz,Paper/research/target_selection_2026-09-23/main_results/cell_0659/result.json,0.05736747217276683,0.00981814420311286,82a825da9f7c414f7f05f33a3edd0217301ff6d832889845e00cde66a79ecbaf,0.029988249413804846,0.4344116273728429,0.004837197666758532,0.4235604954692968
cell_0661,fresh_hmm_2026096801_q4_s3_c0.2,minimax,0.1571318389688673,0.15713183896887462,saved master/hardest/revelation witness replay plus complete profile arithmetic; not every old decoder replayed,original_completed,Paper/research/target_selection_followups_2026-09-23/original_audit/cell_0661.json,Paper/research/target_selection_2026-09-23/main_results/cell_0661/checkpoint_128/policy.npz,Paper/research/target_selection_2026-09-23/main_results/cell_0661/model.npz,Paper/research/target_selection_2026-09-23/main_results/cell_0661/result.json,0.9948836908881928,0.3410373318035088,49c78ba3b75941df361fc80561042e3b7e4508f0a1c031ed509db854d4b57d40,0.8653493066821176,0.10402940439654128,0.3104627566156823,0.12169700080825618
cell_0667,fresh_hmm_2026096900_q4_s3_c1.0,minimax,0.08727325941600206,0.08727325941651778,saved master/hardest/revelation witness replay plus complete profile arithmetic; not every old decoder replayed,original_completed,Paper/research/target_selection_followups_2026-09-23/original_audit/cell_0667.json,Paper/research/target_selection_2026-09-23/main_results/cell_0667/checkpoint_016/policy.npz,Paper/research/target_selection_2026-09-23/main_results/cell_0667/model.npz,Paper/research/target_selection_2026-09-23/main_results/cell_0667/result.json,0.3301583438260254,0.10989092678356255,c68d89577fb72ab95f779fa8f13bc5c7e01facaf92d69913dd6d0f9f5d50c3e6,0.1280983277576416,0.28653129999848914,0.04883141008150059,0.27308171747128507
cell_0677,delayed_0.1_0.1,weighted128,0.12844788475633384,0.12844788475639837,saved master/hardest/revelation witness replay plus complete profile arithmetic; not every old decoder replayed,original_completed,Paper/research/target_selection_followups_2026-09-23/original_audit/cell_0677.json,Paper/research/target_selection_2026-09-23/main_results/cell_0677/checkpoint_128/policy.npz,Paper/research/target_selection_2026-09-23/main_results/cell_0677/model.npz,Paper/research/target_selection_2026-09-23/main_results/cell_0677/result.json,1.0359292864687,0.3986055338382889,979ecd2f459b57dc18b523fa86545cffd04d61e21a2b9caa80fdfe79d9763be7,0.5310044064107189,0.04911357803793008,0.2624000000000001,0.09068013018944819
cell_0680,fresh_hmm_2026100900_q8_s3_c1.0,minimax,0.1277291992214924,0.12772919922153947,saved master/hardest/revelation witness replay plus complete profile arithmetic; not every old decoder replayed,original_completed,Paper/research/target_selection_followups_2026-09-23/original_audit/cell_0680.json,Paper/research/target_selection_2026-09-23/main_results/cell_0680/checkpoint_128/policy.npz,Paper/research/target_selection_2026-09-23/main_results/cell_0680/model.npz,Paper/research/target_selection_2026-09-23/main_results/cell_0680/result.json,0.32776977059918,0.059585059615265806,168d3a45904fd50e9a99d61905434b2e7fb58faf33ccb37dc528333ce6a6300c,0.1970796909832288,0.2662363808344636,0.03747012195691501,0.26451334014921035
cell_0683,fresh_hmm_2026096901_q4_s3_c1.0,information,0.11354264231440703,0.11354264231452584,saved master/hardest/revelation witness replay plus complete profile arithmetic; not every old decoder replayed,original_completed,Paper/research/target_selection_followups_2026-09-23/original_audit/cell_0683.json,Paper/research/target_selection_2026-09-23/main_results/cell_0683/checkpoint_000/policy.npz,Paper/research/target_selection_2026-09-23/main_results/cell_0683/model.npz,Paper/research/target_selection_2026-09-23/main_results/cell_0683/result.json,0.34126970126667744,0.11470994374166454,c47359478fd16a0c89e1c74e97662e8bb58fca06d6510e682d4f851b47826a62,0.19997783879061978,-1.1103460576825005e-15,0.06979651718708846,-3.976641920574709e-16
cell_0688,irreversible_0.1_0.1,minimax,0.23599999999999977,0.23600000000000043,saved master/hardest/revelation witness replay plus complete profile arithmetic; not every old decoder replayed,original_completed,Paper/research/target_selection_followups_2026-09-23/original_audit/cell_0688.json,Paper/research/target_selection_2026-09-23/main_results/cell_0688/checkpoint_128/policy.npz,Paper/research/target_selection_2026-09-23/main_results/cell_0688/model.npz,Paper/research/target_selection_2026-09-23/main_results/cell_0688/result.json,0.8624177306350438,0.2247013698630138,a83218dc81ce61ee05607ceff7946ae348d13691c90a52f3a1c9d0efc393a267,0.0,,0.0,
cell_0689,sensors_0.1_0.3,uniform,0.12335000000000007,0.12335000000019881,saved master/hardest/revelation witness replay plus complete profile arithmetic; not every old decoder replayed,original_completed,Paper/research/target_selection_followups_2026-09-23/original_audit/cell_0689.json,Paper/research/target_selection_2026-09-23/main_results/cell_0689/checkpoint_000/policy.npz,Paper/research/target_selection_2026-09-23/main_results/cell_0689/model.npz,Paper/research/target_selection_2026-09-23/main_results/cell_0689/result.json,0.7499697359987996,0.2419632969005966,86301cb8334b6f3d88d09c80ea7b03049609c8a93a667e0ca0803557d2bdfce1,0.6296823438851624,0.2938598805136982,0.1952711931443638,0.23545800982557552
cell_0691,irreversible_0.1_0.3,face_brier_0.05,0.2697999999268986,0.2697999999268993,all 32768 saved decoder and decision-loss witnesses replayed in follow-up,new_heldout_evaluation,Paper/research/target_selection_followups_2026-09-23/near_optimal_results/cell_0691/INDEPENDENT_CHECK.json,Paper/research/target_selection_2026-09-23/main_results/cell_0691/checkpoint_008/policy.npz,Paper/research/target_selection_2026-09-23/main_results/cell_0691/model.npz,Paper/research/target_selection_2026-09-23/main_results/cell_0691/result.json,0.8345631324823632,0.21809981484939212,276b100dd5e2986dc17cda37d4b89a5404a39dc32d0ce26a803a5a17a5567f64,0.5570919601857278,0.05000000025739843,0.1320310995927434,0.05000000025739663
cell_0692,hmm_91501_0.2,weighted128,0.1270643773108392,0.1270643773108411,saved master/hardest/revelation witness replay plus complete profile arithmetic; not every old decoder replayed,original_completed,Paper/research/target_selection_followups_2026-09-23/original_audit/cell_0692.json,Paper/research/target_selection_2026-09-23/main_results/cell_0692/checkpoint_128/policy.npz,Paper/research/target_selection_2026-09-23/main_results/cell_0692/model.npz,Paper/research/target_selection_2026-09-23/main_results/cell_0692/result.json,1.0996800625195862,0.4021278029947616,9766e0f1cda595ebee4574c246d1b45cf62c39afd621bb98c722c6683783e6b5,0.49116148016006744,0.03360951299032846,0.23846099801787285,0.030115228587840787
cell_0693,fresh_hmm_2026096800_q4_s3_c0.2,minimax,0.2307330405903283,0.23073304059037478,saved master/hardest/revelation witness replay plus complete profile arithmetic; not every old decoder replayed,original_completed,Paper/research/target_selection_followups_2026-09-23/original_audit/cell_0693.json,Paper/research/target_selection_2026-09-23/main_results/cell_0693/checkpoint_128/policy.npz,Paper/research/target_selection_2026-09-23/main_results/cell_0693/model.npz,Paper/research/target_selection_2026-09-23/main_results/cell_0693/result.json,0.8689454216226671,0.29212476534377474,7400d777ab08e9cbeb6a4543b52ba6f0fa135fe0c5a3ed6367944bc6ccf9453a,0.7896581283403759,0.18552173071905137,0.2677713558453575,0.17457651597909846
cell_0695,irreversible_0.1_0.1,minimax,0.23599999999999977,0.23600000000000043,saved master/hardest/revelation witness replay plus complete profile arithmetic; not every old decoder replayed,original_completed,Paper/research/target_selection_followups_2026-09-23/original_audit/cell_0695.json,Paper/research/target_selection_2026-09-23/main_results/cell_0695/checkpoint_128/policy.npz,Paper/research/target_selection_2026-09-23/main_results/cell_0695/model.npz,Paper/research/target_selection_2026-09-23/main_results/cell_0695/result.json,0.8624177306350438,0.2247013698630138,a83218dc81ce61ee05607ceff7946ae348d13691c90a52f3a1c9d0efc393a267,0.0,,0.0,
cell_0696,irreversible_0.1_0.3,information,0.2839999999999997,0.28400000000000014,saved master/hardest/revelation witness replay plus complete profile arithmetic; not every old decoder replayed,original_completed,Paper/research/target_selection_followups_2026-09-23/original_audit/cell_0696.json,Paper/research/target_selection_2026-09-23/main_results/cell_0696/checkpoint_000/policy.npz,Paper/research/target_selection_2026-09-23/main_results/cell_0696/model.npz,Paper/research/target_selection_2026-09-23/main_results/cell_0696/result.json,0.8624177306350442,0.2247013698630138,cabd080b498d5aa2f057c5876be83f64d0890de27c1998428e1ea466f611a513,0.5570919601857278,0.0,0.1320310995927434,-1.2613199027157568e-15
cell_0700,sensors_0.1_0.1,weighted128,0.09755604395604411,0.0975560439561121,saved master/hardest/revelation witness replay plus complete profile arithmetic; not every old decoder replayed,original_completed,Paper/research/target_selection_followups_2026-09-23/original_audit/cell_0700.json,Paper/research/target_selection_2026-09-23/main_results/cell_0700/checkpoint_128/policy.npz,Paper/research/target_selection_2026-09-23/main_results/cell_0700/model.npz,Paper/research/target_selection_2026-09-23/main_results/cell_0700/result.json,1.273090264960436,0.4800000000000001,a09353c0a490a4da36fbb0deeb197ed5c09c08c7188e91cbd502c92359e232d2,0.4106725343253923,1.0813706121826812e-15,0.25529863013698645,0.0
cell_0701,fresh_hmm_2026096900_q4_s3_c1.0,uniform,0.10598841273918835,0.10598841273926186,saved master/hardest/revelation witness replay plus complete profile arithmetic; not every old decoder replayed,original_completed,Paper/research/target_selection_followups_2026-09-23/original_audit/cell_0701.json,Paper/research/target_selection_2026-09-23/main_results/cell_0701/checkpoint_000/policy.npz,Paper/research/target_selection_2026-09-23/main_results/cell_0701/model.npz,Paper/research/target_selection_2026-09-23/main_results/cell_0701/result.json,0.30883922297647093,0.10157553863495816,a0db99747ae41268400cff3337f65c3f8b5ce7be89be77ad71f537ee6744112c,0.1280983277576416,0.45295908420726994,0.04883141008150059,0.44336941005943353
cell_0702,irreversible_0.1_0.1,weighted128,0.24568904659858837,0.24568904659858876,saved master/hardest/revelation witness replay plus complete profile arithmetic; not every old decoder replayed,original_completed,Paper/research/target_selection_followups_2026-09-23/original_audit/cell_0702.json,Paper/research/target_selection_2026-09-23/main_results/cell_0702/checkpoint_128/policy.npz,Paper/research/target_selection_2026-09-23/main_results/cell_0702/model.npz,Paper/research/target_selection_2026-09-23/main_results/cell_0702/result.json,0.8624177306350438,0.2247013698630138,f5e9ef73830f47c443a8a40bbe568159c0f444a546332a88031a061619a4cdb9,0.0,,0.0,
cell_0704,sensors_0.25_0.25,weighted128,0.10817307692307687,0.10817307692314727,saved master/hardest/revelation witness replay plus complete profile arithmetic; not every old decoder replayed,original_completed,Paper/research/target_selection_followups_2026-09-23/original_audit/cell_0704.json,Paper/research/target_selection_2026-09-23/main_results/cell_0704/checkpoint_128/policy.npz,Paper/research/target_selection_2026-09-23/main_results/cell_0704/model.npz,Paper/research/target_selection_2026-09-23/main_results/cell_0704/result.json,0.5205996295475663,0.18749999999999994,6ded900721b728f0936470186132ea3ded6449c2c6bae9cb36dd95850334934b,0.07419318798081714,0.0,0.05803571428571433,1.9129996732002685e-15
cell_0705,sensors_0.1_0.1,face_brier_0.05,0.09869288482666405,0.09869288482666731,all 32768 saved decoder and decision-loss witnesses replayed in follow-up,new_heldout_evaluation,Paper/research/target_selection_followups_2026-09-23/near_optimal_results/cell_0705/INDEPENDENT_CHECK.json,Paper/research/target_selection_2026-09-23/main_results/cell_0705/checkpoint_008/policy.npz,Paper/research/target_selection_2026-09-23/main_results/cell_0705/model.npz,Paper/research/target_selection_2026-09-23/main_results/cell_0705/result.json,1.273090264960436,0.4800000000000002,c7d6fd6bef1cb7e88bd2555f7c73090c67004b947f031af8f0cdbc691f6d9560,0.4106725343253923,1.0813706121826812e-15,0.25529863013698645,-4.348722999529768e-16
cell_0710,hmm_91503_5.0,brier,0.12923380444822685,0.1292338044482423,saved master/hardest/revelation witness replay plus complete profile arithmetic; not every old decoder replayed,original_completed,Paper/research/target_selection_followups_2026-09-23/original_audit/cell_0710.json,Paper/research/target_selection_2026-09-23/main_results/cell_0710/checkpoint_000/policy.npz,Paper/research/target_selection_2026-09-23/main_results/cell_0710/model.npz,Paper/research/target_selection_2026-09-23/main_results/cell_0710/result.json,0.21862829310222986,0.07038806969376721,c0a30f586e37873a4da78fbdbf65029ea004f9aef268830733f81e76871239cb,0.11099463694068637,-5.751433193124488e-15,0.03381897384314099,3.282840661501404e-15
cell_0712,delayed_0.25_0.1,minimax,0.1662167242592948,0.16621672425931858,saved master/hardest/revelation witness replay plus complete profile arithmetic; not every old decoder replayed,original_completed,Paper/research/target_selection_followups_2026-09-23/original_audit/cell_0712.json,Paper/research/target_selection_2026-09-23/main_results/cell_0712/checkpoint_128/policy.npz,Paper/research/target_selection_2026-09-23/main_results/cell_0712/model.npz,Paper/research/target_selection_2026-09-23/main_results/cell_0712/result.json,0.7245524520353037,0.23742021085462017,3a6113edc727098ca2a8235e070a6303bb80f774606ad0cfd97b59e9528a0e8b,0.5305399766283451,0.25985841722219205,0.16250000000000003,0.15433716397156855
cell_0714,fresh_hmm_2026100901_q8_s3_c1.0,weighted128,0.11116598534360378,0.11116598534369068,saved master/hardest/revelation witness replay plus complete profile arithmetic; not every old decoder replayed,original_completed,Paper/research/target_selection_followups_2026-09-23/original_audit/cell_0714.json,Paper/research/target_selection_2026-09-23/main_results/cell_0714/checkpoint_128/policy.npz,Paper/research/target_selection_2026-09-23/main_results/cell_0714/model.npz,Paper/research/target_selection_2026-09-23/main_results/cell_0714/result.json,0.23638486718484453,0.04204077149205354,5437b06d69fde14aede3b5f7650295100380198df030b6395310da9b475794c2,0.07670102654003474,0.2562137476619856,0.016302318170326395,0.268691221199271
cell_0715,fresh_hmm_2026100800_q8_s3_c0.2,minimax,0.2804914243821597,0.2804914243824958,saved master/hardest/revelation witness replay plus complete profile arithmetic; not every old decoder replayed,original_completed,Paper/research/target_selection_followups_2026-09-23/original_audit/cell_0715.json,Paper/research/target_selection_2026-09-23/main_results/cell_0715/checkpoint_128/policy.npz,Paper/research/target_selection_2026-09-23/main_results/cell_0715/model.npz,Paper/research/target_selection_2026-09-23/main_results/cell_0715/result.json,1.2242772778194586,0.24639437443382906,9a200b4f97f85b63b2f19d340ef6f420e987a89593d5ba99a16ad634d5017292,0.5798852486645196,0.2585151801933665,0.13478995333046637,0.23650712927598275
cell_0718,hmm_91503_5.0,minimax,0.08631236473598347,0.08631236473616169,saved master/hardest/revelation witness replay plus complete profile arithmetic; not every old decoder replayed,original_completed,Paper/research/target_selection_followups_2026-09-23/original_audit/cell_0718.json,Paper/research/target_selection_2026-09-23/main_results/cell_0718/checkpoint_128/policy.npz,Paper/research/target_selection_2026-09-23/main_results/cell_0718/model.npz,Paper/research/target_selection_2026-09-23/main_results/cell_0718/result.json,0.17792966765588858,0.05889992192242688,6e153ccf1d86a45b506ff36edba1964a494d81d42dd6638bafae548ab3afd429,0.11099463694068637,0.3666719993695668,0.03381897384314099,0.3396953386174493
cell_0724,irreversible_0.1_0.1,weighted128,0.24568904659858837,0.24568904659858876,saved master/hardest/revelation witness replay plus complete profile arithmetic; not every old decoder replayed,original_completed,Paper/research/target_selection_followups_2026-09-23/original_audit/cell_0724.json,Paper/research/target_selection_2026-09-23/main_results/cell_0724/checkpoint_128/policy.npz,Paper/research/target_selection_2026-09-23/main_results/cell_0724/model.npz,Paper/research/target_selection_2026-09-23/main_results/cell_0724/result.json,0.8624177306350438,0.2247013698630138,f5e9ef73830f47c443a8a40bbe568159c0f444a546332a88031a061619a4cdb9,0.0,,0.0,
cell_0726,delayed_0.1_0.1,weighted128,0.12844788475633384,0.12844788475639837,saved master/hardest/revelation witness replay plus complete profile arithmetic; not every old decoder replayed,original_completed,Paper/research/target_selection_followups_2026-09-23/original_audit/cell_0726.json,Paper/research/target_selection_2026-09-23/main_results/cell_0726/checkpoint_128/policy.npz,Paper/research/target_selection_2026-09-23/main_results/cell_0726/model.npz,Paper/research/target_selection_2026-09-23/main_results/cell_0726/result.json,1.0359292864687,0.3986055338382889,979ecd2f459b57dc18b523fa86545cffd04d61e21a2b9caa80fdfe79d9763be7,0.5310044064107189,0.04911357803793008,0.2624000000000001,0.09068013018944819
cell_0732,fresh_hmm_2026100800_q8_s3_c0.2,minimax,0.2804914243821597,0.2804914243824958,saved master/hardest/revelation witness replay plus complete profile arithmetic; not every old decoder replayed,original_completed,Paper/research/target_selection_followups_2026-09-23/original_audit/cell_0732.json,Paper/research/target_selection_2026-09-23/main_results/cell_0732/checkpoint_128/policy.npz,Paper/research/target_selection_2026-09-23/main_results/cell_0732/model.npz,Paper/research/target_selection_2026-09-23/main_results/cell_0732/result.json,1.2242772778194586,0.24639437443382906,9a200b4f97f85b63b2f19d340ef6f420e987a89593d5ba99a16ad634d5017292,0.5798852486645196,0.2585151801933665,0.13478995333046637,0.23650712927598275
cell_0734,sensors_0.25_0.25,minimax,0.10824462167073068,0.10824462167074037,saved master/hardest/revelation witness replay plus complete profile arithmetic; not every old decoder replayed,original_completed,Paper/research/target_selection_followups_2026-09-23/original_audit/cell_0734.json,Paper/research/target_selection_2026-09-23/main_results/cell_0734/checkpoint_128/policy.npz,Paper/research/target_selection_2026-09-23/main_results/cell_0734/model.npz,Paper/research/target_selection_2026-09-23/main_results/cell_0734/result.json,0.5205996295475663,0.18749999999999994,c5e80c12fe969b7e7c32e653a49243aad8917905247ea14ed83d03ce2eca121e,0.07419318798081714,0.0,0.05803571428571433,1.9129996732002685e-15
cell_0736,fresh_hmm_2026097001_q4_s3_c5.0,minimax,0.060817338850360114,0.060817338850386406,saved master/hardest/revelation witness replay plus complete profile arithmetic; not every old decoder replayed,original_completed,Paper/research/target_selection_followups_2026-09-23/original_audit/cell_0736.json,Paper/research/target_selection_2026-09-23/main_results/cell_0736/checkpoint_128/policy.npz,Paper/research/target_selection_2026-09-23/main_results/cell_0736/model.npz,Paper/research/target_selection_2026-09-23/main_results/cell_0736/result.json,0.06584866726260663,0.022946261611992924,af1dc8448c0346fb9db468d56e8b46492d9d473b367b878abb2e9504fb94e840,0.03288547154067925,0.3103702889341767,0.01191061694354724,0.29351385999606444
cell_0738,irreversible_0.1_0.3,weighted128,0.2839999999999996,0.28400000000006675,saved master/hardest/revelation witness replay plus complete profile arithmetic; not every old decoder replayed,original_completed,Paper/research/target_selection_followups_2026-09-23/original_audit/cell_0738.json,Paper/research/target_selection_2026-09-23/main_results/cell_0738/checkpoint_128/policy.npz,Paper/research/target_selection_2026-09-23/main_results/cell_0738/model.npz,Paper/research/target_selection_2026-09-23/main_results/cell_0738/result.json,0.8624177306350438,0.2247013698630138,3c7819d6a2694908750a2ec7ad143d03069e73c29ec2a696d2b3901de588edb0,0.5570919601857278,7.971560201694682e-16,0.1320310995927434,-1.2613199027157568e-15
cell_0742,hmm_91501_0.2,face_brier_0.05,0.123218795783259,0.12321879591458222,all 32768 saved decoder and decision-loss witnesses replayed in follow-up,new_heldout_evaluation,Paper/research/target_selection_followups_2026-09-23/near_optimal_results/cell_0742/INDEPENDENT_CHECK.json,Paper/research/target_selection_2026-09-23/main_results/cell_0742/checkpoint_008/policy.npz,Paper/research/target_selection_2026-09-23/main_results/cell_0742/model.npz,Paper/research/target_selection_2026-09-23/main_results/cell_0742/result.json,1.0730839924348894,0.3973860605776913,c98c7b543fffcd011bd19036eb883719b03e9c577993863e494a4b54d9d2be1f,0.49116148016006744,0.08775885319516136,0.23846099801787285,0.04999999991935582
cell_0745,fresh_hmm_2026096801_q4_s3_c0.2,minimax,0.1571318389688673,0.15713183896887462,saved master/hardest/revelation witness replay plus complete profile arithmetic; not every old decoder replayed,original_completed,Paper/research/target_selection_followups_2026-09-23/original_audit/cell_0745.json,Paper/research/target_selection_2026-09-23/main_results/cell_0745/checkpoint_128/policy.npz,Paper/research/target_selection_2026-09-23/main_results/cell_0745/model.npz,Paper/research/target_selection_2026-09-23/main_results/cell_0745/result.json,0.9948836908881928,0.3410373318035088,49c78ba3b75941df361fc80561042e3b7e4508f0a1c031ed509db854d4b57d40,0.8653493066821176,0.10402940439654128,0.3104627566156823,0.12169700080825618
cell_0747,fresh_hmm_2026097000_q4_s3_c5.0,minimax,0.0415692717472812,0.04156927174731709,saved master/hardest/revelation witness replay plus complete profile arithmetic; not every old decoder replayed,original_completed,Paper/research/target_selection_followups_2026-09-23/original_audit/cell_0747.json,Paper/research/target_selection_2026-09-23/main_results/cell_0747/checkpoint_128/policy.npz,Paper/research/target_selection_2026-09-23/main_results/cell_0747/model.npz,Paper/research/target_selection_2026-09-23/main_results/cell_0747/result.json,0.03276988791037461,0.01130491666759953,b7bb2db48a6b7ac7ec8794d532aedfe9c8a1425da6ef9e1062873f737fc60ae9,0.017563363546410533,0.34770983777765624,0.005958767830279176,0.32908380962234396
cell_0748,fresh_hmm_2026101000_q8_s3_c5.0,pseudo_count,0.14797290479027203,0.14797290479028044,saved master/hardest/revelation witness replay plus complete profile arithmetic; not every old decoder replayed,original_completed,Paper/research/target_selection_followups_2026-09-23/original_audit/cell_0748.json,Paper/research/target_selection_2026-09-23/main_results/cell_0748/checkpoint_000/policy.npz,Paper/research/target_selection_2026-09-23/main_results/cell_0748/model.npz,Paper/research/target_selection_2026-09-23/main_results/cell_0748/result.json,0.043862546980517614,0.00844971158496971,89f1f488fc5096eaf55b6eb6c8d5219af8f6d64686387279e02abc47f4c90886,0.05202692989836933,0.6319657935884107,0.00994815603558986,0.5892114560640496
cell_0749,fresh_hmm_2026096900_q4_s3_c1.0,minimax,0.08727325941600172,0.08727325941605824,saved master/hardest/revelation witness replay plus complete profile arithmetic; not every old decoder replayed,original_completed,Paper/research/target_selection_followups_2026-09-23/original_audit/cell_0749.json,Paper/research/target_selection_2026-09-23/main_results/cell_0749/checkpoint_128/policy.npz,Paper/research/target_selection_2026-09-23/main_results/cell_0749/model.npz,Paper/research/target_selection_2026-09-23/main_results/cell_0749/result.json,0.3301583438260254,0.10989092678356255,6b13e18f27e7e16940e2ea3e443d30968ccc765676b5ab4abe52962396a65705,0.1280983277576416,0.28653129999848914,0.04883141008150059,0.27308171747128507
cell_0751,irreversible_0.1_0.1,pseudo_count,0.236,0.23600000000000043,saved master/hardest/revelation witness replay plus complete profile arithmetic; not every old decoder replayed,original_completed,Paper/research/target_selection_followups_2026-09-23/original_audit/cell_0751.json,Paper/research/target_selection_2026-09-23/main_results/cell_0751/checkpoint_000/policy.npz,Paper/research/target_selection_2026-09-23/main_results/cell_0751/model.npz,Paper/research/target_selection_2026-09-23/main_results/cell_0751/result.json,0.862417730635044,0.2247013698630138,24fe9c0ad0e241b7abf17d6a9087621cc292c1d064d32641b269b79c436a7af1,0.0,,0.0,
cell_0754,fresh_hmm_2026100900_q8_s3_c1.0,brier,0.198406613339571,0.19840661333971843,saved master/hardest/revelation witness replay plus complete profile arithmetic; not every old decoder replayed,original_completed,Paper/research/target_selection_followups_2026-09-23/original_audit/cell_0754.json,Paper/research/target_selection_2026-09-23/main_results/cell_0754/checkpoint_000/policy.npz,Paper/research/target_selection_2026-09-23/main_results/cell_0754/model.npz,Paper/research/target_selection_2026-09-23/main_results/cell_0754/result.json,0.38023955426252964,0.06949640672988769,b4bdf60db81cdeb585cb18c0a66ceb54cdbb8d66171b15fd2674d61548f68ac1,0.1970796909832288,-1.6900113133214243e-15,0.03747012195691501,-7.407388651561807e-16
cell_0760,fresh_hmm_2026100901_q8_s3_c1.0,information,0.18313483784365936,0.18313483784498572,saved master/hardest/revelation witness replay plus complete profile arithmetic; not every old decoder replayed,original_completed,Paper/research/target_selection_followups_2026-09-23/original_audit/cell_0760.json,Paper/research/target_selection_2026-09-23/main_results/cell_0760/checkpoint_000/policy.npz,Paper/research/target_selection_2026-09-23/main_results/cell_0760/model.npz,Paper/research/target_selection_2026-09-23/main_results/cell_0760/result.json,0.25603672464418725,0.04642106126961759,082345d0aeed019c0386b2ffe5fbf65dc201cd2208c39a377bec7a88b5fa93f3,0.07670102654003474,1.3027214461609581e-14,0.016302318170326395,8.512769572289978e-16
cell_0762,fresh_hmm_2026100901_q8_s3_c1.0,weighted128,0.11116598534360378,0.11116598534369068,saved master/hardest/revelation witness replay plus complete profile arithmetic; not every old decoder replayed,original_completed,Paper/research/target_selection_followups_2026-09-23/original_audit/cell_0762.json,Paper/research/target_selection_2026-09-23/main_results/cell_0762/checkpoint_128/policy.npz,Paper/research/target_selection_2026-09-23/main_results/cell_0762/model.npz,Paper/research/target_selection_2026-09-23/main_results/cell_0762/result.json,0.23638486718484453,0.04204077149205354,5437b06d69fde14aede3b5f7650295100380198df030b6395310da9b475794c2,0.07670102654003474,0.2562137476619856,0.016302318170326395,0.268691221199271
cell_0763,hmm_91501_0.2,minimax,0.11977649982477556,0.11977649982477892,saved master/hardest/revelation witness replay plus complete profile arithmetic; not every old decoder replayed,original_completed,Paper/research/target_selection_followups_2026-09-23/original_audit/cell_0763.json,Paper/research/target_selection_2026-09-23/main_results/cell_0763/checkpoint_128/policy.npz,Paper/research/target_selection_2026-09-23/main_results/cell_0763/model.npz,Paper/research/target_selection_2026-09-23/main_results/cell_0763/result.json,1.0430852790811826,0.38730999792957543,30f23e0d25d07519e705cc63498f2578c96cad5e06ffd4139c3f439c90910a7f,0.49116148016006744,0.14883594202535685,0.23846099801787285,0.09225455195037886
cell_0765,fresh_hmm_2026100800_q8_s3_c0.2,minimax,0.2804914243821597,0.2804914243824958,saved master/hardest/revelation witness replay plus complete profile arithmetic; not every old decoder replayed,original_completed,Paper/research/target_selection_followups_2026-09-23/original_audit/cell_0765.json,Paper/research/target_selection_2026-09-23/main_results/cell_0765/checkpoint_128/policy.npz,Paper/research/target_selection_2026-09-23/main_results/cell_0765/model.npz,Paper/research/target_selection_2026-09-23/main_results/cell_0765/result.json,1.2242772778194586,0.24639437443382906,9a200b4f97f85b63b2f19d340ef6f420e987a89593d5ba99a16ad634d5017292,0.5798852486645196,0.2585151801933665,0.13478995333046637,0.23650712927598275
cell_0767,sensors_0.25_0.25,pseudo_count,0.10817307692307698,0.10817307692314064,saved master/hardest/revelation witness replay plus complete profile arithmetic; not every old decoder replayed,original_completed,Paper/research/target_selection_followups_2026-09-23/original_audit/cell_0767.json,Paper/research/target_selection_2026-09-23/main_results/cell_0767/checkpoint_000/policy.npz,Paper/research/target_selection_2026-09-23/main_results/cell_0767/model.npz,Paper/research/target_selection_2026-09-23/main_results/cell_0767/result.json,0.5205996295475663,0.1875,77f17754d6d3dd2ecd849cef550a1718400385ad3fa17351b45a86d6559da20a,0.07419318798081714,0.0,0.05803571428571433,9.564998366001342e-16
cell_0771,delayed_0.1_0.1,minimax,0.12708637562292324,0.1270863756229666,saved master/hardest/revelation witness replay plus complete profile arithmetic; not every old decoder replayed,original_completed,Paper/research/target_selection_followups_2026-09-23/original_audit/cell_0771.json,Paper/research/target_selection_2026-09-23/main_results/cell_0771/checkpoint_128/policy.npz,Paper/research/target_selection_2026-09-23/main_results/cell_0771/model.npz,Paper/research/target_selection_2026-09-23/main_results/cell_0771/result.json,1.0309524243499582,0.3944574839057584,5e52c2b046e2ddbca60c7fe9a35011943bea5706e948f221044f791e2750ebf4,0.5310044064107189,0.05848612195405785,0.2624000000000001,0.10648824731037229
cell_0773,sensors_0.25_0.25,brier,0.10817307692307698,0.10817307692314064,saved master/hardest/revelation witness replay plus complete profile arithmetic; not every old decoder replayed,original_completed,Paper/research/target_selection_followups_2026-09-23/original_audit/cell_0773.json,Paper/research/target_selection_2026-09-23/main_results/cell_0773/checkpoint_000/policy.npz,Paper/research/target_selection_2026-09-23/main_results/cell_0773/model.npz,Paper/research/target_selection_2026-09-23/main_results/cell_0773/result.json,0.5205996295475663,0.1875,77f17754d6d3dd2ecd849cef550a1718400385ad3fa17351b45a86d6559da20a,0.07419318798081714,0.0,0.05803571428571433,9.564998366001342e-16
cell_0781,hmm_91502_1.0,weighted128,0.10163139108490071,0.10163139108516148,saved master/hardest/revelation witness replay plus complete profile arithmetic; not every old decoder replayed,original_completed,Paper/research/target_selection_followups_2026-09-23/original_audit/cell_0781.json,Paper/research/target_selection_2026-09-23/main_results/cell_0781/checkpoint_128/policy.npz,Paper/research/target_selection_2026-09-23/main_results/cell_0781/model.npz,Paper/research/target_selection_2026-09-23/main_results/cell_0781/result.json,0.13129547195875357,0.04329236719157559,861ddbf6bffdf3db519d596c3a0e0afd4e00d79850dabe10551c24575a09a535,0.05119604271106515,0.3462780685989029,0.015229750173009524,0.23808565482381788
cell_0783,irreversible_0.1_0.1,uniform,0.236,0.23600000000000043,saved master/hardest/revelation witness replay plus complete profile arithmetic; not every old decoder replayed,original_completed,Paper/research/target_selection_followups_2026-09-23/original_audit/cell_0783.json,Paper/research/target_selection_2026-09-23/main_results/cell_0783/checkpoint_000/policy.npz,Paper/research/target_selection_2026-09-23/main_results/cell_0783/model.npz,Paper/research/target_selection_2026-09-23/main_results/cell_0783/result.json,0.862417730635044,0.2247013698630138,24fe9c0ad0e241b7abf17d6a9087621cc292c1d064d32641b269b79c436a7af1,0.0,,0.0,
cell_0786,delayed_0.1_0.1,weighted128,0.12844788475633384,0.12844788475639837,saved master/hardest/revelation witness replay plus complete profile arithmetic; not every old decoder replayed,original_completed,Paper/research/target_selection_followups_2026-09-23/original_audit/cell_0786.json,Paper/research/target_selection_2026-09-23/main_results/cell_0786/checkpoint_128/policy.npz,Paper/research/target_selection_2026-09-23/main_results/cell_0786/model.npz,Paper/research/target_selection_2026-09-23/main_results/cell_0786/result.json,1.0359292864687,0.3986055338382889,979ecd2f459b57dc18b523fa86545cffd04d61e21a2b9caa80fdfe79d9763be7,0.5310044064107189,0.04911357803793008,0.2624000000000001,0.09068013018944819
cell_0788,hmm_91501_0.2,minimax,0.11977649982477556,0.11977649982477892,saved master/hardest/revelation witness replay plus complete profile arithmetic; not every old decoder replayed,original_completed,Paper/research/target_selection_followups_2026-09-23/original_audit/cell_0788.json,Paper/research/target_selection_2026-09-23/main_results/cell_0788/checkpoint_128/policy.npz,Paper/research/target_selection_2026-09-23/main_results/cell_0788/model.npz,Paper/research/target_selection_2026-09-23/main_results/cell_0788/result.json,1.0430852790811826,0.38730999792957543,30f23e0d25d07519e705cc63498f2578c96cad5e06ffd4139c3f439c90910a7f,0.49116148016006744,0.14883594202535685,0.23846099801787285,0.09225455195037886
cell_0792,delayed_0.25_0.1,face_brier_0.05,0.13838946498349758,0.13838946498352483,all 32768 saved decoder and decision-loss witnesses replayed in follow-up,new_heldout_evaluation,Paper/research/target_selection_followups_2026-09-23/near_optimal_results/cell_0792/INDEPENDENT_CHECK.json,Paper/research/target_selection_2026-09-23/main_results/cell_0792/checkpoint_008/policy.npz,Paper/research/target_selection_2026-09-23/main_results/cell_0792/model.npz,Paper/research/target_selection_2026-09-23/main_results/cell_0792/result.json,0.7039954430411968,0.25437499998125,0a4c490975cfdc579144c35fd620ce42f284a4deb50b72f9bda6e7d123ac4aac,0.5305399766283451,0.298605749939228,0.16250000000000003,0.05000000011538491
cell_0798,fresh_hmm_2026101001_q8_s3_c5.0,weighted128,0.06260334154482383,0.06260334154540849,saved master/hardest/revelation witness replay plus complete profile arithmetic; not every old decoder replayed,original_completed,Paper/research/target_selection_followups_2026-09-23/original_audit/cell_0798.json,Paper/research/target_selection_2026-09-23/main_results/cell_0798/checkpoint_128/policy.npz,Paper/research/target_selection_2026-09-23/main_results/cell_0798/model.npz,Paper/research/target_selection_2026-09-23/main_results/cell_0798/result.json,0.05819882621304728,0.010020413717147902,4cf7ff28e1e4be9b1f72d162c6980b637dd69c2e28eeab32702de8f321cf15cf,0.029988249413804846,0.40668896744666044,0.004837197666758532,0.3817450626568137
cell_0806,sensors_0.1_0.3,minimax,0.10355747836773233,0.10355747836774203,saved master/hardest/revelation witness replay plus complete profile arithmetic; not every old decoder replayed,original_completed,Paper/research/target_selection_followups_2026-09-23/original_audit/cell_0806.json,Paper/research/target_selection_2026-09-23/main_results/cell_0806/checkpoint_128/policy.npz,Paper/research/target_selection_2026-09-23/main_results/cell_0806/model.npz,Paper/research/target_selection_2026-09-23/main_results/cell_0806/result.json,0.7863741034265401,0.26797572446896134,d5ded01a9de165b2e94eadabe7c64542477547567e04e2388f5d881515c6c77e,0.6296823438851624,0.23604601963406116,0.1952711931443638,0.10224620756484068
cell_0807,fresh_hmm_2026096801_q4_s3_c0.2,minimax,0.15713183896886695,0.15713183896923716,saved master/hardest/revelation witness replay plus complete profile arithmetic; not every old decoder replayed,original_completed,Paper/research/target_selection_followups_2026-09-23/original_audit/cell_0807.json,Paper/research/target_selection_2026-09-23/main_results/cell_0807/checkpoint_016/policy.npz,Paper/research/target_selection_2026-09-23/main_results/cell_0807/model.npz,Paper/research/target_selection_2026-09-23/main_results/cell_0807/result.json,0.9948388518622051,0.3410285360165246,2ff7df10defe4c7f19b93e0045803b44eb6c21df1b8c1bf4e6e81d681038f9e6,0.8653493066821176,0.10408122049628446,0.3104627566156823,0.12172533202286011
cell_0809,fresh_hmm_2026096801_q4_s3_c0.2,brier,0.1818500063578664,0.18185000635786747,saved master/hardest/revelation witness replay plus complete profile arithmetic; not every old decoder replayed,original_completed,Paper/research/target_selection_followups_2026-09-23/original_audit/cell_0809.json,Paper/research/target_selection_2026-09-23/main_results/cell_0809/checkpoint_000/policy.npz,Paper/research/target_selection_2026-09-23/main_results/cell_0809/model.npz,Paper/research/target_selection_2026-09-23/main_results/cell_0809/result.json,1.0849054638572933,0.378819718146301,a28a3cc313b0207422ee39c61f38ef0bb31ddbc702b45e51bc373fec418bb945,0.8653493066821176,2.5659534619191466e-16,0.3104627566156823,-1.7880132173139963e-16
cell_0811,fresh_hmm_2026101001_q8_s3_c5.0,brier,0.10938269312569171,0.1093826931257007,saved master/hardest/revelation witness replay plus complete profile arithmetic; not every old decoder replayed,original_completed,Paper/research/target_selection_followups_2026-09-23/original_audit/cell_0811.json,Paper/research/target_selection_2026-09-23/main_results/cell_0811/checkpoint_000/policy.npz,Paper/research/target_selection_2026-09-23/main_results/cell_0811/model.npz,Paper/research/target_selection_2026-09-23/main_results/cell_0811/result.json,0.07039471640268014,0.011866990043528036,e8bad884d1b8a7119c29f3be76501a09e78a20ac8fd5011d56d4dd26962f8fcf,0.029988249413804846,1.2032128919038341e-14,0.004837197666758532,-1.0758647436911137e-15
cell_0814,fresh_hmm_2026101000_q8_s3_c5.0,minimax,0.08250394631791635,0.08250394631801869,saved master/hardest/revelation witness replay plus complete profile arithmetic; not every old decoder replayed,original_completed,Paper/research/target_selection_followups_2026-09-23/original_audit/cell_0814.json,Paper/research/target_selection_2026-09-23/main_results/cell_0814/checkpoint_128/policy.npz,Paper/research/target_selection_2026-09-23/main_results/cell_0814/model.npz,Paper/research/target_selection_2026-09-23/main_results/cell_0814/result.json,0.055274203258446786,0.009550519916224104,07111288e0974d094ab5d4d1843227d9ba4daf532ff258f524638a9e7b26b5c9,0.05202692989836933,0.4126244582411015,0.00994815603558986,0.4785569460909234
cell_0815,hmm_91503_5.0,face_brier_0.05,0.11048588419371608,0.11048588419380684,all 32768 saved decoder and decision-loss witnesses replayed in follow-up,new_heldout_evaluation,Paper/research/target_selection_followups_2026-09-23/near_optimal_results/cell_0815/INDEPENDENT_CHECK.json,Paper/research/target_selection_2026-09-23/main_results/cell_0815/checkpoint_008/policy.npz,Paper/research/target_selection_2026-09-23/main_results/cell_0815/model.npz,Paper/research/target_selection_2026-09-23/main_results/cell_0815/result.json,0.20927466000472905,0.06869712091851976,c77eb4d6caea7614098ac92f9cb7b3b80713f70b8361e7ca70fbe91eb5938328,0.11099463694068637,0.08427103646907369,0.03381897384314099,0.05000000245691987
cell_0816,irreversible_0.1_0.3,weighted128,0.2839999999999996,0.28400000000006675,saved master/hardest/revelation witness replay plus complete profile arithmetic; not every old decoder replayed,original_completed,Paper/research/target_selection_followups_2026-09-23/original_audit/cell_0816.json,Paper/research/target_selection_2026-09-23/main_results/cell_0816/checkpoint_128/policy.npz,Paper/research/target_selection_2026-09-23/main_results/cell_0816/model.npz,Paper/research/target_selection_2026-09-23/main_results/cell_0816/result.json,0.8624177306350438,0.2247013698630138,3c7819d6a2694908750a2ec7ad143d03069e73c29ec2a696d2b3901de588edb0,0.5570919601857278,7.971560201694682e-16,0.1320310995927434,-1.2613199027157568e-15
cell_0818,sensors_0.1_0.3,minimax,0.10355747836773233,0.10355747836774203,saved master/hardest/revelation witness replay plus complete profile arithmetic; not every old decoder replayed,original_completed,Paper/research/target_selection_followups_2026-09-23/original_audit/cell_0818.json,Paper/research/target_selection_2026-09-23/main_results/cell_0818/checkpoint_128/policy.npz,Paper/research/target_selection_2026-09-23/main_results/cell_0818/model.npz,Paper/research/target_selection_2026-09-23/main_results/cell_0818/result.json,0.7863741034265401,0.26797572446896134,d5ded01a9de165b2e94eadabe7c64542477547567e04e2388f5d881515c6c77e,0.6296823438851624,0.23604601963406116,0.1952711931443638,0.10224620756484068
cell_0819,irreversible_0.1_0.3,minimax,0.17731216931216787,0.17731216931216986,saved master/hardest/revelation witness replay plus complete profile arithmetic; not every old decoder replayed,original_completed,Paper/research/target_selection_followups_2026-09-23/original_audit/cell_0819.json,Paper/research/target_selection_2026-09-23/main_results/cell_0819/checkpoint_128/policy.npz,Paper/research/target_selection_2026-09-23/main_results/cell_0819/model.npz,Paper/research/target_selection_2026-09-23/main_results/cell_0819/result.json,0.653139798501781,0.17510238535991968,a9c7b154cd8afe565c2f8d3e61b5fbea59d55c3ff3d50a5a204733811340101b,0.5570919601857278,0.3756613756613763,0.1320310995927434,0.3756613756613748
cell_0825,fresh_hmm_2026097000_q4_s3_c5.0,weighted128,0.044114814913616684,0.044114814913716466,saved master/hardest/revelation witness replay plus complete profile arithmetic; not every old decoder replayed,original_completed,Paper/research/target_selection_followups_2026-09-23/original_audit/cell_0825.json,Paper/research/target_selection_2026-09-23/main_results/cell_0825/checkpoint_128/policy.npz,Paper/research/target_selection_2026-09-23/main_results/cell_0825/model.npz,Paper/research/target_selection_2026-09-23/main_results/cell_0825/result.json,0.03193983451142057,0.011006632803588323,f3b6f87257d761200922a8b02265a12417039e6de27919c2011010123536bcdb,0.017563363546410533,0.3949703409700344,0.005958767830279176,0.37914178679263943
cell_0826,hmm_91502_1.0,minimax,0.09583012621369069,0.09583012621372645,saved master/hardest/revelation witness replay plus complete profile arithmetic; not every old decoder replayed,original_completed,Paper/research/target_selection_followups_2026-09-23/original_audit/cell_0826.json,Paper/research/target_selection_2026-09-23/main_results/cell_0826/checkpoint_128/policy.npz,Paper/research/target_selection_2026-09-23/main_results/cell_0826/model.npz,Paper/research/target_selection_2026-09-23/main_results/cell_0826/result.json,0.13170801411763633,0.04348448384910575,be4e5bb25437b1d83761b9d86bfbefd9e4c4ea7f5aceb1864ae8895b6f2508d0,0.05119604271106515,0.33821998174224843,0.015229750173009524,0.2254710908718343
cell_0830,fresh_hmm_2026096901_q4_s3_c1.0,weighted128,0.09442652011837394,0.09442652011839964,saved master/hardest/revelation witness replay plus complete profile arithmetic; not every old decoder replayed,original_completed,Paper/research/target_selection_followups_2026-09-23/original_audit/cell_0830.json,Paper/research/target_selection_2026-09-23/main_results/cell_0830/checkpoint_128/policy.npz,Paper/research/target_selection_2026-09-23/main_results/cell_0830/model.npz,Paper/research/target_selection_2026-09-23/main_results/cell_0830/result.json,0.3011846585384337,0.10133803883523196,f2a0214d4c4179057a4e8da54ef306e1ed3dfe32fde06a91a44d63cd571b02c4,0.19997783879061978,0.20044742442793004,0.06979651718708846,0.19158412833966168
cell_0834,fresh_hmm_2026096801_q4_s3_c0.2,minimax,0.1571318389688673,0.15713183896887462,saved master/hardest/revelation witness replay plus complete profile arithmetic; not every old decoder replayed,original_completed,Paper/research/target_selection_followups_2026-09-23/original_audit/cell_0834.json,Paper/research/target_selection_2026-09-23/main_results/cell_0834/checkpoint_128/policy.npz,Paper/research/target_selection_2026-09-23/main_results/cell_0834/model.npz,Paper/research/target_selection_2026-09-23/main_results/cell_0834/result.json,0.9948836908881928,0.3410373318035088,49c78ba3b75941df361fc80561042e3b7e4508f0a1c031ed509db854d4b57d40,0.8653493066821176,0.10402940439654128,0.3104627566156823,0.12169700080825618
cell_0835,fresh_hmm_2026096800_q4_s3_c0.2,information,0.3984554693581155,0.3984554693591296,saved master/hardest/revelation witness replay plus complete profile arithmetic; not every old decoder replayed,original_completed,Paper/research/target_selection_followups_2026-09-23/original_audit/cell_0835.json,Paper/research/target_selection_2026-09-23/main_results/cell_0835/checkpoint_000/policy.npz,Paper/research/target_selection_2026-09-23/main_results/cell_0835/model.npz,Paper/research/target_selection_2026-09-23/main_results/cell_0835/result.json,1.0154441642687404,0.3388713557262566,1bfbdb2d49cf475a9f1b112c3b5063bda86c403624781f79c91e7e1f7edd26ca,0.7896581283403759,0.0,0.2677713558453575,2.0730802611806045e-16
cell_0836,fresh_hmm_2026096800_q4_s3_c0.2,weighted128,0.24148235848196475,0.2414823584819738,saved master/hardest/revelation witness replay plus complete profile arithmetic; not every old decoder replayed,original_completed,Paper/research/target_selection_followups_2026-09-23/original_audit/cell_0836.json,Paper/research/target_selection_2026-09-23/main_results/cell_0836/checkpoint_128/policy.npz,Paper/research/target_selection_2026-09-23/main_results/cell_0836/model.npz,Paper/research/target_selection_2026-09-23/main_results/cell_0836/result.json,0.8932712837915748,0.29928725080120633,b620126589356ae5c26d5ec5245ab815c3807331a1daa86cd1010b804599e390,0.7896581283403759,0.15471616905145555,0.2677713558453575,0.14782800348484929
cell_0842,fresh_hmm_2026100800_q8_s3_c0.2,weighted128,0.28905326601521086,0.2890532660174926,all 32768 saved decoder and decision-loss witnesses replayed in follow-up,recovered_original_policy,Paper/research/target_selection_followups_2026-09-23/recovery_results/cell_0070/INDEPENDENT_CHECK.json,Paper/research/target_selection_2026-09-23/main_results/cell_0842/checkpoint_128/policy.npz,Paper/research/target_selection_2026-09-23/main_results/cell_0842/model.npz,Paper/research/target_selection_2026-09-23/main_results/cell_0842/result.json,1.2304117164086,0.25156415107836355,2fbe324900d6e81b2e309f54dab463434810422cb4e93b035661f762e4fa928a,0.5798852486645196,0.24793646896856988,0.13478995333046637,0.19815281193409834
cell_0843,sensors_0.1_0.3,minimax,0.10355747836773233,0.10355747836774203,saved master/hardest/revelation witness replay plus complete profile arithmetic; not every old decoder replayed,original_completed,Paper/research/target_selection_followups_2026-09-23/original_audit/cell_0843.json,Paper/research/target_selection_2026-09-23/main_results/cell_0843/checkpoint_128/policy.npz,Paper/research/target_selection_2026-09-23/main_results/cell_0843/model.npz,Paper/research/target_selection_2026-09-23/main_results/cell_0843/result.json,0.7863741034265401,0.26797572446896134,d5ded01a9de165b2e94eadabe7c64542477547567e04e2388f5d881515c6c77e,0.6296823438851624,0.23604601963406116,0.1952711931443638,0.10224620756484068
cell_0844,irreversible_0.1_0.3,weighted128,0.2839999999999996,0.28400000000006675,saved master/hardest/revelation witness replay plus complete profile arithmetic; not every old decoder replayed,original_completed,Paper/research/target_selection_followups_2026-09-23/original_audit/cell_0844.json,Paper/research/target_selection_2026-09-23/main_results/cell_0844/checkpoint_128/policy.npz,Paper/research/target_selection_2026-09-23/main_results/cell_0844/model.npz,Paper/research/target_selection_2026-09-23/main_results/cell_0844/result.json,0.8624177306350438,0.2247013698630138,3c7819d6a2694908750a2ec7ad143d03069e73c29ec2a696d2b3901de588edb0,0.5570919601857278,7.971560201694682e-16,0.1320310995927434,-1.2613199027157568e-15
cell_0847,sensors_0.1_0.3,weighted128,0.10551215193401975,0.10551215193402697,saved master/hardest/revelation witness replay plus complete profile arithmetic; not every old decoder replayed,original_completed,Paper/research/target_selection_followups_2026-09-23/original_audit/cell_0847.json,Paper/research/target_selection_2026-09-23/main_results/cell_0847/checkpoint_128/policy.npz,Paper/research/target_selection_2026-09-23/main_results/cell_0847/model.npz,Paper/research/target_selection_2026-09-23/main_results/cell_0847/result.json,0.77468331729921,0.26726571181621606,cc0a82a40c9e520d6ea5491058ca45e090ea0e122a849683fbcba783b49abb51,0.6296823438851624,0.2546121843691203,0.1952711931443638,0.10588224133568148
cell_0848,delayed_0.1_0.1,minimax,0.12708637562292324,0.1270863756229666,saved master/hardest/revelation witness replay plus complete profile arithmetic; not every old decoder replayed,original_completed,Paper/research/target_selection_followups_2026-09-23/original_audit/cell_0848.json,Paper/research/target_selection_2026-09-23/main_results/cell_0848/checkpoint_128/policy.npz,Paper/research/target_selection_2026-09-23/main_results/cell_0848/model.npz,Paper/research/target_selection_2026-09-23/main_results/cell_0848/result.json,1.0309524243499582,0.3944574839057584,5e52c2b046e2ddbca60c7fe9a35011943bea5706e948f221044f791e2750ebf4,0.5310044064107189,0.05848612195405785,0.2624000000000001,0.10648824731037229
cell_0852,hmm_91502_1.0,pseudo_count,0.14368885522148012,0.14368885522159341,saved master/hardest/revelation witness replay plus complete profile arithmetic; not every old decoder replayed,original_completed,Paper/research/target_selection_followups_2026-09-23/original_audit/cell_0852.json,Paper/research/target_selection_2026-09-23/main_results/cell_0852/checkpoint_000/policy.npz,Paper/research/target_selection_2026-09-23/main_results/cell_0852/model.npz,Paper/research/target_selection_2026-09-23/main_results/cell_0852/result.json,0.12531185974739056,0.040638923903566215,44daabd4a4ed4cd9b190fb3f3a12d9c7860c368e4c95ed8347dd3c462d03ad66,0.05119604271106515,0.4631545280770835,0.015229750173009524,0.4123132854721432
cell_0856,sensors_0.1_0.1,uniform,0.14580000000000026,0.1458000000068134,saved master/hardest/revelation witness replay plus complete profile arithmetic; not every old decoder replayed,original_completed,Paper/research/target_selection_followups_2026-09-23/original_audit/cell_0856.json,Paper/research/target_selection_2026-09-23/main_results/cell_0856/checkpoint_000/policy.npz,Paper/research/target_selection_2026-09-23/main_results/cell_0856/model.npz,Paper/research/target_selection_2026-09-23/main_results/cell_0856/result.json,1.1704221313790881,0.4161753424657535,0cfea46c10bae11eb7fe612c6483d72ea22c5ced60da89145890e1d31f743f56,0.4106725343253923,0.25000000000000083,0.25529863013698645,0.24999999999999994
cell_0859,fresh_hmm_2026101001_q8_s3_c5.0,weighted128,0.06260334154482383,0.06260334154540849,saved master/hardest/revelation witness replay plus complete profile arithmetic; not every old decoder replayed,original_completed,Paper/research/target_selection_followups_2026-09-23/original_audit/cell_0859.json,Paper/research/target_selection_2026-09-23/main_results/cell_0859/checkpoint_128/policy.npz,Paper/research/target_selection_2026-09-23/main_results/cell_0859/model.npz,Paper/research/target_selection_2026-09-23/main_results/cell_0859/result.json,0.05819882621304728,0.010020413717147902,4cf7ff28e1e4be9b1f72d162c6980b637dd69c2e28eeab32702de8f321cf15cf,0.029988249413804846,0.40668896744666044,0.004837197666758532,0.3817450626568137
cell_0862,sensors_0.1_0.3,minimax,0.10355747836773233,0.10355747836774203,saved master/hardest/revelation witness replay plus complete profile arithmetic; not every old decoder replayed,original_completed,Paper/research/target_selection_followups_2026-09-23/original_audit/cell_0862.json,Paper/research/target_selection_2026-09-23/main_results/cell_0862/checkpoint_128/policy.npz,Paper/research/target_selection_2026-09-23/main_results/cell_0862/model.npz,Paper/research/target_selection_2026-09-23/main_results/cell_0862/result.json,0.7863741034265401,0.26797572446896134,d5ded01a9de165b2e94eadabe7c64542477547567e04e2388f5d881515c6c77e,0.6296823438851624,0.23604601963406116,0.1952711931443638,0.10224620756484068
cell_0865,fresh_hmm_2026097001_q4_s3_c5.0,weighted128,0.06038857312021906,0.060388573120317604,saved master/hardest/revelation witness replay plus complete profile arithmetic; not every old decoder replayed,original_completed,Paper/research/target_selection_followups_2026-09-23/original_audit/cell_0865.json,Paper/research/target_selection_2026-09-23/main_results/cell_0865/checkpoint_128/policy.npz,Paper/research/target_selection_2026-09-23/main_results/cell_0865/model.npz,Paper/research/target_selection_2026-09-23/main_results/cell_0865/result.json,0.06551962683956569,0.02282650994576363,28b49afc56ccb34fcf248789c8f07a8f6188c3aaa8c86c06cfe26951141bd770,0.03288547154067925,0.3203759360368468,0.01191061694354724,0.3035680550723466
cell_0871,fresh_hmm_2026096900_q4_s3_c1.0,pseudo_count,0.1503760159695292,0.15037601596953748,saved master/hardest/revelation witness replay plus complete profile arithmetic; not every old decoder replayed,original_completed,Paper/research/target_selection_followups_2026-09-23/original_audit/cell_0871.json,Paper/research/target_selection_2026-09-23/main_results/cell_0871/checkpoint_000/policy.npz,Paper/research/target_selection_2026-09-23/main_results/cell_0871/model.npz,Paper/research/target_selection_2026-09-23/main_results/cell_0871/result.json,0.2973313169772007,0.09557885179108899,0536baf9b39977c4a92822f9f2856af66cb4cba96635080ce7e7a55d35abce98,0.1280983277576416,0.5427955887168592,0.04883141008150059,0.5661732945645211
cell_0873,sensors_0.1_0.1,weighted128,0.09755604395604411,0.0975560439561121,saved master/hardest/revelation witness replay plus complete profile arithmetic; not every old decoder replayed,original_completed,Paper/research/target_selection_followups_2026-09-23/original_audit/cell_0873.json,Paper/research/target_selection_2026-09-23/main_results/cell_0873/checkpoint_128/policy.npz,Paper/research/target_selection_2026-09-23/main_results/cell_0873/model.npz,Paper/research/target_selection_2026-09-23/main_results/cell_0873/result.json,1.273090264960436,0.4800000000000001,a09353c0a490a4da36fbb0deeb197ed5c09c08c7188e91cbd502c92359e232d2,0.4106725343253923,1.0813706121826812e-15,0.25529863013698645,0.0
cell_0877,fresh_hmm_2026097000_q4_s3_c5.0,weighted128,0.044114814913616684,0.044114814913716466,saved master/hardest/revelation witness replay plus complete profile arithmetic; not every old decoder replayed,original_completed,Paper/research/target_selection_followups_2026-09-23/original_audit/cell_0877.json,Paper/research/target_selection_2026-09-23/main_results/cell_0877/checkpoint_128/policy.npz,Paper/research/target_selection_2026-09-23/main_results/cell_0877/model.npz,Paper/research/target_selection_2026-09-23/main_results/cell_0877/result.json,0.03193983451142057,0.011006632803588323,f3b6f87257d761200922a8b02265a12417039e6de27919c2011010123536bcdb,0.017563363546410533,0.3949703409700344,0.005958767830279176,0.37914178679263943
cell_0886,sensors_0.25_0.25,minimax,0.10824462167073068,0.10824462167074037,saved master/hardest/revelation witness replay plus complete profile arithmetic; not every old decoder replayed,original_completed,Paper/research/target_selection_followups_2026-09-23/original_audit/cell_0886.json,Paper/research/target_selection_2026-09-23/main_results/cell_0886/checkpoint_128/policy.npz,Paper/research/target_selection_2026-09-23/main_results/cell_0886/model.npz,Paper/research/target_selection_2026-09-23/main_results/cell_0886/result.json,0.5205996295475663,0.18749999999999994,c5e80c12fe969b7e7c32e653a49243aad8917905247ea14ed83d03ce2eca121e,0.07419318798081714,0.0,0.05803571428571433,1.9129996732002685e-15
cell_0890,fresh_hmm_2026100901_q8_s3_c1.0,weighted128,0.11116598534360378,0.11116598534369068,saved master/hardest/revelation witness replay plus complete profile arithmetic; not every old decoder replayed,original_completed,Paper/research/target_selection_followups_2026-09-23/original_audit/cell_0890.json,Paper/research/target_selection_2026-09-23/main_results/cell_0890/checkpoint_128/policy.npz,Paper/research/target_selection_2026-09-23/main_results/cell_0890/model.npz,Paper/research/target_selection_2026-09-23/main_results/cell_0890/result.json,0.23638486718484453,0.04204077149205354,5437b06d69fde14aede3b5f7650295100380198df030b6395310da9b475794c2,0.07670102654003474,0.2562137476619856,0.016302318170326395,0.268691221199271
cell_0891,sensors_0.1_0.1,minimax,0.09765936611058401,0.09765936611059937,saved master/hardest/revelation witness replay plus complete profile arithmetic; not every old decoder replayed,original_completed,Paper/research/target_selection_followups_2026-09-23/original_audit/cell_0891.json,Paper/research/target_selection_2026-09-23/main_results/cell_0891/checkpoint_128/policy.npz,Paper/research/target_selection_2026-09-23/main_results/cell_0891/model.npz,Paper/research/target_selection_2026-09-23/main_results/cell_0891/result.json,1.273090264960436,0.4800000000000001,e33af8f8441791f8f66fbcd8e96e209d61eb3438351712975842c2669d93d84b,0.4106725343253923,1.0813706121826812e-15,0.25529863013698645,0.0
cell_0892,hmm_91502_1.0,weighted128,0.10163139108490071,0.10163139108516148,saved master/hardest/revelation witness replay plus complete profile arithmetic; not every old decoder replayed,original_completed,Paper/research/target_selection_followups_2026-09-23/original_audit/cell_0892.json,Paper/research/target_selection_2026-09-23/main_results/cell_0892/checkpoint_128/policy.npz,Paper/research/target_selection_2026-09-23/main_results/cell_0892/model.npz,Paper/research/target_selection_2026-09-23/main_results/cell_0892/result.json,0.13129547195875357,0.04329236719157559,861ddbf6bffdf3db519d596c3a0e0afd4e00d79850dabe10551c24575a09a535,0.05119604271106515,0.3462780685989029,0.015229750173009524,0.23808565482381788
cell_0895,hmm_91502_1.0,minimax,0.09583012621369069,0.09583012621372645,saved master/hardest/revelation witness replay plus complete profile arithmetic; not every old decoder replayed,original_completed,Paper/research/target_selection_followups_2026-09-23/original_audit/cell_0895.json,Paper/research/target_selection_2026-09-23/main_results/cell_0895/checkpoint_128/policy.npz,Paper/research/target_selection_2026-09-23/main_results/cell_0895/model.npz,Paper/research/target_selection_2026-09-23/main_results/cell_0895/result.json,0.13170801411763633,0.04348448384910575,be4e5bb25437b1d83761b9d86bfbefd9e4c4ea7f5aceb1864ae8895b6f2508d0,0.05119604271106515,0.33821998174224843,0.015229750173009524,0.2254710908718343
cell_0899,delayed_0.25_0.1,minimax,0.1662167242592948,0.16621672425931858,saved master/hardest/revelation witness replay plus complete profile arithmetic; not every old decoder replayed,original_completed,Paper/research/target_selection_followups_2026-09-23/original_audit/cell_0899.json,Paper/research/target_selection_2026-09-23/main_results/cell_0899/checkpoint_128/policy.npz,Paper/research/target_selection_2026-09-23/main_results/cell_0899/model.npz,Paper/research/target_selection_2026-09-23/main_results/cell_0899/result.json,0.7245524520353037,0.23742021085462017,3a6113edc727098ca2a8235e070a6303bb80f774606ad0cfd97b59e9528a0e8b,0.5305399766283451,0.25985841722219205,0.16250000000000003,0.15433716397156855
cell_0900,fresh_hmm_2026097001_q4_s3_c5.0,face_brier_0.05,0.06604083540541839,0.06604083540626046,all 32768 saved decoder and decision-loss witnesses replayed in follow-up,new_heldout_evaluation,Paper/research/target_selection_followups_2026-09-23/near_optimal_results/cell_0900/INDEPENDENT_CHECK.json,Paper/research/target_selection_2026-09-23/main_results/cell_0900/checkpoint_016/policy.npz,Paper/research/target_selection_2026-09-23/main_results/cell_0900/model.npz,Paper/research/target_selection_2026-09-23/main_results/cell_0900/result.json,0.07214613992610341,0.02584666183076123,e8d7d6375c753bf13f0a2443e1b7eec511d3c69afdd2e1e639771b0068829226,0.03288547154067925,0.11887318189994042,0.01191061694354724,0.05000000739587287
cell_0907,hmm_91501_0.2,weighted128,0.1270643773108392,0.1270643773108411,saved master/hardest/revelation witness replay plus complete profile arithmetic; not every old decoder replayed,original_completed,Paper/research/target_selection_followups_2026-09-23/original_audit/cell_0907.json,Paper/research/target_selection_2026-09-23/main_results/cell_0907/checkpoint_128/policy.npz,Paper/research/target_selection_2026-09-23/main_results/cell_0907/model.npz,Paper/research/target_selection_2026-09-23/main_results/cell_0907/result.json,1.0996800625195862,0.4021278029947616,9766e0f1cda595ebee4574c246d1b45cf62c39afd621bb98c722c6683783e6b5,0.49116148016006744,0.03360951299032846,0.23846099801787285,0.030115228587840787
cell_0909,fresh_hmm_2026096801_q4_s3_c0.2,minimax,0.1571318389688673,0.15713183896887462,saved master/hardest/revelation witness replay plus complete profile arithmetic; not every old decoder replayed,original_completed,Paper/research/target_selection_followups_2026-09-23/original_audit/cell_0909.json,Paper/research/target_selection_2026-09-23/main_results/cell_0909/checkpoint_128/policy.npz,Paper/research/target_selection_2026-09-23/main_results/cell_0909/model.npz,Paper/research/target_selection_2026-09-23/main_results/cell_0909/result.json,0.9948836908881928,0.3410373318035088,49c78ba3b75941df361fc80561042e3b7e4508f0a1c031ed509db854d4b57d40,0.8653493066821176,0.10402940439654128,0.3104627566156823,0.12169700080825618
cell_0916,hmm_91503_5.0,minimax,0.08631236473598347,0.08631236473616169,saved master/hardest/revelation witness replay plus complete profile arithmetic; not every old decoder replayed,original_completed,Paper/research/target_selection_followups_2026-09-23/original_audit/cell_0916.json,Paper/research/target_selection_2026-09-23/main_results/cell_0916/checkpoint_128/policy.npz,Paper/research/target_selection_2026-09-23/main_results/cell_0916/model.npz,Paper/research/target_selection_2026-09-23/main_results/cell_0916/result.json,0.17792966765588858,0.05889992192242688,6e153ccf1d86a45b506ff36edba1964a494d81d42dd6638bafae548ab3afd429,0.11099463694068637,0.3666719993695668,0.03381897384314099,0.3396953386174493
cell_0920,fresh_hmm_2026100901_q8_s3_c1.0,minimax,0.1054163812401866,0.10541638124035975,saved master/hardest/revelation witness replay plus complete profile arithmetic; not every old decoder replayed,original_completed,Paper/research/target_selection_followups_2026-09-23/original_audit/cell_0920.json,Paper/research/target_selection_2026-09-23/main_results/cell_0920/checkpoint_128/policy.npz,Paper/research/target_selection_2026-09-23/main_results/cell_0920/model.npz,Paper/research/target_selection_2026-09-23/main_results/cell_0920/result.json,0.23542428614731925,0.04203068147192873,47109ba46b91ad3d8abac059cfdf62012f2695e84283d055d316515343f5d328,0.07670102654003474,0.2687374527655137,0.016302318170326395,0.26931015281497056
cell_0921,sensors_0.1_0.3,weighted128,0.10551215193401975,0.10551215193402697,saved master/hardest/revelation witness replay plus complete profile arithmetic; not every old decoder replayed,original_completed,Paper/research/target_selection_followups_2026-09-23/original_audit/cell_0921.json,Paper/research/target_selection_2026-09-23/main_results/cell_0921/checkpoint_128/policy.npz,Paper/research/target_selection_2026-09-23/main_results/cell_0921/model.npz,Paper/research/target_selection_2026-09-23/main_results/cell_0921/result.json,0.77468331729921,0.26726571181621606,cc0a82a40c9e520d6ea5491058ca45e090ea0e122a849683fbcba783b49abb51,0.6296823438851624,0.2546121843691203,0.1952711931443638,0.10588224133568148
cell_0922,sensors_0.25_0.25,information,0.1376953125,0.13769531250051475,saved master/hardest/revelation witness replay plus complete profile arithmetic; not every old decoder replayed,original_completed,Paper/research/target_selection_followups_2026-09-23/original_audit/cell_0922.json,Paper/research/target_selection_2026-09-23/main_results/cell_0922/checkpoint_000/policy.npz,Paper/research/target_selection_2026-09-23/main_results/cell_0922/model.npz,Paper/research/target_selection_2026-09-23/main_results/cell_0922/result.json,0.5205996295475661,0.1875,0b83bb276ef300a15b868bc83aa575581de700f9682c163f1820150e5880fb46,0.07419318798081714,2.992789647783319e-15,0.05803571428571433,9.564998366001342e-16
cell_0923,fresh_hmm_2026096800_q4_s3_c0.2,minimax,0.2307330405903283,0.23073304059037478,saved master/hardest/revelation witness replay plus complete profile arithmetic; not every old decoder replayed,original_completed,Paper/research/target_selection_followups_2026-09-23/original_audit/cell_0923.json,Paper/research/target_selection_2026-09-23/main_results/cell_0923/checkpoint_128/policy.npz,Paper/research/target_selection_2026-09-23/main_results/cell_0923/model.npz,Paper/research/target_selection_2026-09-23/main_results/cell_0923/result.json,0.8689454216226671,0.29212476534377474,7400d777ab08e9cbeb6a4543b52ba6f0fa135fe0c5a3ed6367944bc6ccf9453a,0.7896581283403759,0.18552173071905137,0.2677713558453575,0.17457651597909846
cell_0930,fresh_hmm_2026100800_q8_s3_c0.2,brier,0.49544205475842096,0.4954420548331768,saved master/hardest/revelation witness replay plus complete profile arithmetic; not every old decoder replayed,original_completed,Paper/research/target_selection_followups_2026-09-23/original_audit/cell_0930.json,Paper/research/target_selection_2026-09-23/main_results/cell_0930/checkpoint_000/policy.npz,Paper/research/target_selection_2026-09-23/main_results/cell_0930/model.npz,Paper/research/target_selection_2026-09-23/main_results/cell_0930/result.json,1.374186417369442,0.27827315935126135,684121f6bdde6cbe1da37af5812c26daad2e3e0b315199e13cf5bdaa75ae7f80,0.5798852486645196,0.0,0.13478995333046637,0.0
cell_0931,delayed_0.1_0.1,pseudo_count,0.2220000000000001,0.22200000000773898,saved master/hardest/revelation witness replay plus complete profile arithmetic; not every old decoder replayed,original_completed,Paper/research/target_selection_followups_2026-09-23/original_audit/cell_0931.json,Paper/research/target_selection_2026-09-23/main_results/cell_0931/checkpoint_000/policy.npz,Paper/research/target_selection_2026-09-23/main_results/cell_0931/model.npz,Paper/research/target_selection_2026-09-23/main_results/cell_0931/result.json,0.8824647480514978,0.31638048780487804,3e088ecb4aef834b2e66a24c1f6a5810ddf2f9dac3b7946f84e4a1e11cfda8ac,0.5310044064107189,0.3381216099194982,0.2624000000000001,0.4040377751338492
cell_0933,sensors_0.1_0.1,minimax,0.09765936611058401,0.09765936611059937,saved master/hardest/revelation witness replay plus complete profile arithmetic; not every old decoder replayed,original_completed,Paper/research/target_selection_followups_2026-09-23/original_audit/cell_0933.json,Paper/research/target_selection_2026-09-23/main_results/cell_0933/checkpoint_128/policy.npz,Paper/research/target_selection_2026-09-23/main_results/cell_0933/model.npz,Paper/research/target_selection_2026-09-23/main_results/cell_0933/result.json,1.273090264960436,0.4800000000000001,e33af8f8441791f8f66fbcd8e96e209d61eb3438351712975842c2669d93d84b,0.4106725343253923,1.0813706121826812e-15,0.25529863013698645,0.0
cell_0940,fresh_hmm_2026096901_q4_s3_c1.0,minimax,0.0907120665149107,0.09071206651491273,saved master/hardest/revelation witness replay plus complete profile arithmetic; not every old decoder replayed,original_completed,Paper/research/target_selection_followups_2026-09-23/original_audit/cell_0940.json,Paper/research/target_selection_2026-09-23/main_results/cell_0940/checkpoint_128/policy.npz,Paper/research/target_selection_2026-09-23/main_results/cell_0940/model.npz,Paper/research/target_selection_2026-09-23/main_results/cell_0940/result.json,0.26320497015887234,0.08789652119350183,3d3ce63fe6ab859d4d7be41af97aed6ce4fbddbd5f092dfdf7b3fe71a3e5a04a,0.19997783879061978,0.39036691055322376,0.06979651718708846,0.3841656235695791
cell_0944,fresh_hmm_2026096800_q4_s3_c0.2,minimax,0.2307330405903283,0.23073304059037478,saved master/hardest/revelation witness replay plus complete profile arithmetic; not every old decoder replayed,original_completed,Paper/research/target_selection_followups_2026-09-23/original_audit/cell_0944.json,Paper/research/target_selection_2026-09-23/main_results/cell_0944/checkpoint_128/policy.npz,Paper/research/target_selection_2026-09-23/main_results/cell_0944/model.npz,Paper/research/target_selection_2026-09-23/main_results/cell_0944/result.json,0.8689454216226671,0.29212476534377474,7400d777ab08e9cbeb6a4543b52ba6f0fa135fe0c5a3ed6367944bc6ccf9453a,0.7896581283403759,0.18552173071905137,0.2677713558453575,0.17457651597909846
cell_0947,fresh_hmm_2026100800_q8_s3_c0.2,minimax,0.2804914243821597,0.2804914243824958,saved master/hardest/revelation witness replay plus complete profile arithmetic; not every old decoder replayed,original_completed,Paper/research/target_selection_followups_2026-09-23/original_audit/cell_0947.json,Paper/research/target_selection_2026-09-23/main_results/cell_0947/checkpoint_128/policy.npz,Paper/research/target_selection_2026-09-23/main_results/cell_0947/model.npz,Paper/research/target_selection_2026-09-23/main_results/cell_0947/result.json,1.2242772778194586,0.24639437443382906,9a200b4f97f85b63b2f19d340ef6f420e987a89593d5ba99a16ad634d5017292,0.5798852486645196,0.2585151801933665,0.13478995333046637,0.23650712927598275
cell_0948,fresh_hmm_2026100801_q8_s3_c0.2,pseudo_count,0.40420023309412667,0.40420023309412967,saved master/hardest/revelation witness replay plus complete profile arithmetic; not every old decoder replayed,original_completed,Paper/research/target_selection_followups_2026-09-23/original_audit/cell_0948.json,Paper/research/target_selection_2026-09-23/main_results/cell_0948/checkpoint_000/policy.npz,Paper/research/target_selection_2026-09-23/main_results/cell_0948/model.npz,Paper/research/target_selection_2026-09-23/main_results/cell_0948/result.json,1.0178492259931915,0.18356286493854745,df9124abaf63353058199a65a93c30278a4ab8464c89006de45967e9ad230761,0.47232007556489175,0.5198616726944003,0.11712529383578274,0.6529275310430647
cell_0949,fresh_hmm_2026100800_q8_s3_c0.2,minimax,0.2804914243821618,0.2804914243822762,saved master/hardest/revelation witness replay plus complete profile arithmetic; not every old decoder replayed,original_completed,Paper/research/target_selection_followups_2026-09-23/original_audit/cell_0949.json,Paper/research/target_selection_2026-09-23/main_results/cell_0949/checkpoint_032/policy.npz,Paper/research/target_selection_2026-09-23/main_results/cell_0949/model.npz,Paper/research/target_selection_2026-09-23/main_results/cell_0949/result.json,1.2242772778194557,0.2463943744338285,0c0e2380a85053df17e6e42200fa5b20d7a49b84fdbe638bd71b9c9d97af4d4a,0.5798852486645196,0.25851518019337144,0.13478995333046637,0.23650712927598685
cell_0950,fresh_hmm_2026096801_q4_s3_c0.2,weighted128,0.16680226356834016,0.16680226356858024,saved master/hardest/revelation witness replay plus complete profile arithmetic; not every old decoder replayed,original_completed,Paper/research/target_selection_followups_2026-09-23/original_audit/cell_0950.json,Paper/research/target_selection_2026-09-23/main_results/cell_0950/checkpoint_128/policy.npz,Paper/research/target_selection_2026-09-23/main_results/cell_0950/model.npz,Paper/research/target_selection_2026-09-23/main_results/cell_0950/result.json,1.0351415709783875,0.35922809450389626,6dfb1635530463679f574eb330ac62e29eee966a797602024931990ce4aecc47,0.8653493066821176,0.057507289246822586,0.3104627566156823,0.06310458573508351
cell_0951,sensors_0.25_0.25,weighted128,0.10817307692307687,0.10817307692314727,saved master/hardest/revelation witness replay plus complete profile arithmetic; not every old decoder replayed,original_completed,Paper/research/target_selection_followups_2026-09-23/original_audit/cell_0951.json,Paper/research/target_selection_2026-09-23/main_results/cell_0951/checkpoint_128/policy.npz,Paper/research/target_selection_2026-09-23/main_results/cell_0951/model.npz,Paper/research/target_selection_2026-09-23/main_results/cell_0951/result.json,0.5205996295475663,0.18749999999999994,6ded900721b728f0936470186132ea3ded6449c2c6bae9cb36dd95850334934b,0.07419318798081714,0.0,0.05803571428571433,1.9129996732002685e-15
cell_0956,fresh_hmm_2026097001_q4_s3_c5.0,minimax,0.060817338850360114,0.060817338850386406,saved master/hardest/revelation witness replay plus complete profile arithmetic; not every old decoder replayed,original_completed,Paper/research/target_selection_followups_2026-09-23/original_audit/cell_0956.json,Paper/research/target_selection_2026-09-23/main_results/cell_0956/checkpoint_128/policy.npz,Paper/research/target_selection_2026-09-23/main_results/cell_0956/model.npz,Paper/research/target_selection_2026-09-23/main_results/cell_0956/result.json,0.06584866726260663,0.022946261611992924,af1dc8448c0346fb9db468d56e8b46492d9d473b367b878abb2e9504fb94e840,0.03288547154067925,0.3103702889341767,0.01191061694354724,0.29351385999606444
cell_0958,fresh_hmm_2026101001_q8_s3_c5.0,weighted128,0.06260334154482383,0.06260334154540849,saved master/hardest/revelation witness replay plus complete profile arithmetic; not every old decoder replayed,original_completed,Paper/research/target_selection_followups_2026-09-23/original_audit/cell_0958.json,Paper/research/target_selection_2026-09-23/main_results/cell_0958/checkpoint_128/policy.npz,Paper/research/target_selection_2026-09-23/main_results/cell_0958/model.npz,Paper/research/target_selection_2026-09-23/main_results/cell_0958/result.json,0.05819882621304728,0.010020413717147902,4cf7ff28e1e4be9b1f72d162c6980b637dd69c2e28eeab32702de8f321cf15cf,0.029988249413804846,0.40668896744666044,0.004837197666758532,0.3817450626568137
cell_0959,fresh_hmm_2026096901_q4_s3_c1.0,weighted128,0.09442652011837394,0.09442652011839964,saved master/hardest/revelation witness replay plus complete profile arithmetic; not every old decoder replayed,original_completed,Paper/research/target_selection_followups_2026-09-23/original_audit/cell_0959.json,Paper/research/target_selection_2026-09-23/main_results/cell_0959/checkpoint_128/policy.npz,Paper/research/target_selection_2026-09-23/main_results/cell_0959/model.npz,Paper/research/target_selection_2026-09-23/main_results/cell_0959/result.json,0.3011846585384337,0.10133803883523196,f2a0214d4c4179057a4e8da54ef306e1ed3dfe32fde06a91a44d63cd571b02c4,0.19997783879061978,0.20044742442793004,0.06979651718708846,0.19158412833966168
cell_0960,sensors_0.1_0.1,weighted128,0.09755604395604411,0.0975560439561121,saved master/hardest/revelation witness replay plus complete profile arithmetic; not every old decoder replayed,original_completed,Paper/research/target_selection_followups_2026-09-23/original_audit/cell_0960.json,Paper/research/target_selection_2026-09-23/main_results/cell_0960/checkpoint_128/policy.npz,Paper/research/target_selection_2026-09-23/main_results/cell_0960/model.npz,Paper/research/target_selection_2026-09-23/main_results/cell_0960/result.json,1.273090264960436,0.4800000000000001,a09353c0a490a4da36fbb0deeb197ed5c09c08c7188e91cbd502c92359e232d2,0.4106725343253923,1.0813706121826812e-15,0.25529863013698645,0.0
cell_0961,hmm_91503_5.0,minimax,0.08631236473598358,0.08631236473600605,saved master/hardest/revelation witness replay plus complete profile arithmetic; not every old decoder replayed,original_completed,Paper/research/target_selection_followups_2026-09-23/original_audit/cell_0961.json,Paper/research/target_selection_2026-09-23/main_results/cell_0961/checkpoint_008/policy.npz,Paper/research/target_selection_2026-09-23/main_results/cell_0961/model.npz,Paper/research/target_selection_2026-09-23/main_results/cell_0961/result.json,0.1780629341079094,0.058929071027169655,095de3e5e3097f0cd5880821d3720681583ba7efe9dcef2252432623ae892d28,0.11099463694068637,0.3654713426919649,0.03381897384314099,0.3388334229106637
cell_0969,sensors_0.1_0.1,minimax,0.09765936611058401,0.09765936611059937,saved master/hardest/revelation witness replay plus complete profile arithmetic; not every old decoder replayed,original_completed,Paper/research/target_selection_followups_2026-09-23/original_audit/cell_0969.json,Paper/research/target_selection_2026-09-23/main_results/cell_0969/checkpoint_128/policy.npz,Paper/research/target_selection_2026-09-23/main_results/cell_0969/model.npz,Paper/research/target_selection_2026-09-23/main_results/cell_0969/result.json,1.273090264960436,0.4800000000000001,e33af8f8441791f8f66fbcd8e96e209d61eb3438351712975842c2669d93d84b,0.4106725343253923,1.0813706121826812e-15,0.25529863013698645,0.0
cell_0972,irreversible_0.1_0.1,weighted128,0.24568904659858837,0.24568904659858876,saved master/hardest/revelation witness replay plus complete profile arithmetic; not every old decoder replayed,original_completed,Paper/research/target_selection_followups_2026-09-23/original_audit/cell_0972.json,Paper/research/target_selection_2026-09-23/main_results/cell_0972/checkpoint_128/policy.npz,Paper/research/target_selection_2026-09-23/main_results/cell_0972/model.npz,Paper/research/target_selection_2026-09-23/main_results/cell_0972/result.json,0.8624177306350438,0.2247013698630138,f5e9ef73830f47c443a8a40bbe568159c0f444a546332a88031a061619a4cdb9,0.0,,0.0,
cell_0975,fresh_hmm_2026097001_q4_s3_c5.0,minimax,0.060817338850360114,0.060817338850386406,saved master/hardest/revelation witness replay plus complete profile arithmetic; not every old decoder replayed,original_completed,Paper/research/target_selection_followups_2026-09-23/original_audit/cell_0975.json,Paper/research/target_selection_2026-09-23/main_results/cell_0975/checkpoint_128/policy.npz,Paper/research/target_selection_2026-09-23/main_results/cell_0975/model.npz,Paper/research/target_selection_2026-09-23/main_results/cell_0975/result.json,0.06584866726260663,0.022946261611992924,af1dc8448c0346fb9db468d56e8b46492d9d473b367b878abb2e9504fb94e840,0.03288547154067925,0.3103702889341767,0.01191061694354724,0.29351385999606444
cell_0977,fresh_hmm_2026096900_q4_s3_c1.0,weighted128,0.08587170551077916,0.08587170551078177,saved master/hardest/revelation witness replay plus complete profile arithmetic; not every old decoder replayed,original_completed,Paper/research/target_selection_followups_2026-09-23/original_audit/cell_0977.json,Paper/research/target_selection_2026-09-23/main_results/cell_0977/checkpoint_128/policy.npz,Paper/research/target_selection_2026-09-23/main_results/cell_0977/model.npz,Paper/research/target_selection_2026-09-23/main_results/cell_0977/result.json,0.3427420447544516,0.11440095881953799,6b6c6fc0008056a5fae86cc2becec643507ca4532ed8f764fda1a8484707cae3,0.1280983277576416,0.18829659897854917,0.04883141008150059,0.18072247516294074
cell_0978,fresh_hmm_2026100800_q8_s3_c0.2,face_brier_0.05,0.27202007424499675,0.2720200742450013,all 32768 saved decoder and decision-loss witnesses replayed in follow-up,new_heldout_evaluation,Paper/research/target_selection_followups_2026-09-23/near_optimal_results/cell_0978/INDEPENDENT_CHECK.json,Paper/research/target_selection_2026-09-23/main_results/cell_0978/checkpoint_016/policy.npz,Paper/research/target_selection_2026-09-23/main_results/cell_0978/model.npz,Paper/research/target_selection_2026-09-23/main_results/cell_0978/result.json,1.305282857467016,0.271533661652133,7ff943e529089f0c9243de49f4275e07f8c70dadf0b90aa9a70368879dd37173,0.5798852486645196,0.11882274995115255,0.13478995333046637,0.05000000024189512
cell_0979,fresh_hmm_2026096800_q4_s3_c0.2,weighted128,0.24148235848196475,0.2414823584819738,saved master/hardest/revelation witness replay plus complete profile arithmetic; not every old decoder replayed,original_completed,Paper/research/target_selection_followups_2026-09-23/original_audit/cell_0979.json,Paper/research/target_selection_2026-09-23/main_results/cell_0979/checkpoint_128/policy.npz,Paper/research/target_selection_2026-09-23/main_results/cell_0979/model.npz,Paper/research/target_selection_2026-09-23/main_results/cell_0979/result.json,0.8932712837915748,0.29928725080120633,b620126589356ae5c26d5ec5245ab815c3807331a1daa86cd1010b804599e390,0.7896581283403759,0.15471616905145555,0.2677713558453575,0.14782800348484929
cell_0981,irreversible_0.1_0.3,minimax,0.17731216931216787,0.17731216931216986,saved master/hardest/revelation witness replay plus complete profile arithmetic; not every old decoder replayed,original_completed,Paper/research/target_selection_followups_2026-09-23/original_audit/cell_0981.json,Paper/research/target_selection_2026-09-23/main_results/cell_0981/checkpoint_128/policy.npz,Paper/research/target_selection_2026-09-23/main_results/cell_0981/model.npz,Paper/research/target_selection_2026-09-23/main_results/cell_0981/result.json,0.653139798501781,0.17510238535991968,a9c7b154cd8afe565c2f8d3e61b5fbea59d55c3ff3d50a5a204733811340101b,0.5570919601857278,0.3756613756613763,0.1320310995927434,0.3756613756613748
cell_0986,hmm_91503_5.0,uniform,0.10409462450815965,0.10409462450816717,saved master/hardest/revelation witness replay plus complete profile arithmetic; not every old decoder replayed,original_completed,Paper/research/target_selection_followups_2026-09-23/original_audit/cell_0986.json,Paper/research/target_selection_2026-09-23/main_results/cell_0986/checkpoint_000/policy.npz,Paper/research/target_selection_2026-09-23/main_results/cell_0986/model.npz,Paper/research/target_selection_2026-09-23/main_results/cell_0986/result.json,0.1666617232357186,0.05527875681104866,95ffe5b586e3befc4ebe4d48ecea6fc0c096ca8e0a428f89e5aa83db715bd7a8,0.11099463694068637,0.4681899170883425,0.03381897384314099,0.4467702938829134
cell_0988,fresh_hmm_2026100800_q8_s3_c0.2,pseudo_count,0.4820008927489741,0.4820008927519231,saved master/hardest/revelation witness replay plus complete profile arithmetic; not every old decoder replayed,original_completed,Paper/research/target_selection_followups_2026-09-23/original_audit/cell_0988.json,Paper/research/target_selection_2026-09-23/main_results/cell_0988/checkpoint_000/policy.npz,Paper/research/target_selection_2026-09-23/main_results/cell_0988/model.npz,Paper/research/target_selection_2026-09-23/main_results/cell_0988/result.json,0.9414937827776355,0.16261934493399188,6a7770df1cfb438837016e4c27b271692297e58f4a2533f5289daa2811f2dfb8,0.5798852486645196,0.7461694112555909,0.13478995333046637,0.8580299314572758
cell_0989,sensors_0.25_0.25,minimax,0.10824462167073068,0.10824462167074037,saved master/hardest/revelation witness replay plus complete profile arithmetic; not every old decoder replayed,original_completed,Paper/research/target_selection_followups_2026-09-23/original_audit/cell_0989.json,Paper/research/target_selection_2026-09-23/main_results/cell_0989/checkpoint_128/policy.npz,Paper/research/target_selection_2026-09-23/main_results/cell_0989/model.npz,Paper/research/target_selection_2026-09-23/main_results/cell_0989/result.json,0.5205996295475663,0.18749999999999994,c5e80c12fe969b7e7c32e653a49243aad8917905247ea14ed83d03ce2eca121e,0.07419318798081714,0.0,0.05803571428571433,1.9129996732002685e-15
cell_0991,fresh_hmm_2026101001_q8_s3_c5.0,minimax,0.0682530452378064,0.06825304523802814,saved master/hardest/revelation witness replay plus complete profile arithmetic; not every old decoder replayed,original_completed,Paper/research/target_selection_followups_2026-09-23/original_audit/cell_0991.json,Paper/research/target_selection_2026-09-23/main_results/cell_0991/checkpoint_128/policy.npz,Paper/research/target_selection_2026-09-23/main_results/cell_0991/model.npz,Paper/research/target_selection_2026-09-23/main_results/cell_0991/result.json,0.05736747217276683,0.00981814420311286,82a825da9f7c414f7f05f33a3edd0217301ff6d832889845e00cde66a79ecbaf,0.029988249413804846,0.4344116273728429,0.004837197666758532,0.4235604954692968
cell_0997,fresh_hmm_2026101000_q8_s3_c5.0,weighted128,0.07235499152528646,0.07235499152533195,saved master/hardest/revelation witness replay plus complete profile arithmetic; not every old decoder replayed,original_completed,Paper/research/target_selection_followups_2026-09-23/original_audit/cell_0997.json,Paper/research/target_selection_2026-09-23/main_results/cell_0997/checkpoint_128/policy.npz,Paper/research/target_selection_2026-09-23/main_results/cell_0997/model.npz,Paper/research/target_selection_2026-09-23/main_results/cell_0997/result.json,0.0599075657648509,0.010977156203959365,234f161c28d8d6071ca3570250fe454416dd74ea10ed89148065044fae6634f1,0.05202692989836933,0.32356745419617633,0.00994815603558986,0.33514983801668113
cell_1003,fresh_hmm_2026096800_q4_s3_c0.2,minimax,0.2307330405903283,0.23073304059037478,saved master/hardest/revelation witness replay plus complete profile arithmetic; not every old decoder replayed,original_completed,Paper/research/target_selection_followups_2026-09-23/original_audit/cell_1003.json,Paper/research/target_selection_2026-09-23/main_results/cell_1003/checkpoint_128/policy.npz,Paper/research/target_selection_2026-09-23/main_results/cell_1003/model.npz,Paper/research/target_selection_2026-09-23/main_results/cell_1003/result.json,0.8689454216226671,0.29212476534377474,7400d777ab08e9cbeb6a4543b52ba6f0fa135fe0c5a3ed6367944bc6ccf9453a,0.7896581283403759,0.18552173071905137,0.2677713558453575,0.17457651597909846
cell_1005,fresh_hmm_2026097001_q4_s3_c5.0,minimax,0.060817338850360114,0.060817338850386406,saved master/hardest/revelation witness replay plus complete profile arithmetic; not every old decoder replayed,original_completed,Paper/research/target_selection_followups_2026-09-23/original_audit/cell_1005.json,Paper/research/target_selection_2026-09-23/main_results/cell_1005/checkpoint_128/policy.npz,Paper/research/target_selection_2026-09-23/main_results/cell_1005/model.npz,Paper/research/target_selection_2026-09-23/main_results/cell_1005/result.json,0.06584866726260663,0.022946261611992924,af1dc8448c0346fb9db468d56e8b46492d9d473b367b878abb2e9504fb94e840,0.03288547154067925,0.3103702889341767,0.01191061694354724,0.29351385999606444
cell_1010,hmm_91503_5.0,weighted128,0.07621005203107145,0.0762100520310722,saved master/hardest/revelation witness replay plus complete profile arithmetic; not every old decoder replayed,original_completed,Paper/research/target_selection_followups_2026-09-23/original_audit/cell_1010.json,Paper/research/target_selection_2026-09-23/main_results/cell_1010/checkpoint_128/policy.npz,Paper/research/target_selection_2026-09-23/main_results/cell_1010/model.npz,Paper/research/target_selection_2026-09-23/main_results/cell_1010/result.json,0.18356870704343353,0.060756295718161046,d6be3701dfac5f9e86e420d3b99d93cdf1630f0b8f2f77e34fc593b334b8b534,0.11099463694068637,0.31586738805705483,0.03381897384314099,0.284803850651422
cell_1014,fresh_hmm_2026100801_q8_s3_c0.2,weighted128,0.255241963090024,0.25524196309010927,all 32768 saved decoder and decision-loss witnesses replayed in follow-up,recovered_original_policy,Paper/research/target_selection_followups_2026-09-23/recovery_results/cell_1014/INDEPENDENT_CHECK.json,Paper/research/target_selection_2026-09-23/main_results/cell_1014/checkpoint_128/policy.npz,Paper/research/target_selection_2026-09-23/main_results/cell_1014/model.npz,Paper/research/target_selection_2026-09-23/main_results/cell_1014/result.json,1.171625442896299,0.23967299284573013,3167c6024578508c3251736f868b7d9bd7af399c2539e405a88019fc9ab7b18a,0.47232007556489175,0.19428538479431004,0.11712529383578274,0.1738668083792418
cell_1015,delayed_0.1_0.1,information,0.13614545454545468,0.13614545454550758,saved master/hardest/revelation witness replay plus complete profile arithmetic; not every old decoder replayed,original_completed,Paper/research/target_selection_followups_2026-09-23/original_audit/cell_1015.json,Paper/research/target_selection_2026-09-23/main_results/cell_1015/checkpoint_000/policy.npz,Paper/research/target_selection_2026-09-23/main_results/cell_1015/model.npz,Paper/research/target_selection_2026-09-23/main_results/cell_1015/result.json,1.0620088128214376,0.4224000000000001,9ebe57731db3acca6b62cb7e6e274261254fd0b912297aff752f67e479f95d10,0.5310044064107189,0.0,0.2624000000000001,0.0
cell_1016,hmm_91502_1.0,uniform,0.12262977797727026,0.12262977797737809,all 32768 saved decoder and decision-loss witnesses replayed in follow-up,recovered_original_policy,Paper/research/target_selection_followups_2026-09-23/recovery_results/cell_1016/INDEPENDENT_CHECK.json,Paper/research/target_selection_2026-09-23/main_results/cell_1016/checkpoint_000/policy.npz,Paper/research/target_selection_2026-09-23/main_results/cell_1016/model.npz,Paper/research/target_selection_2026-09-23/main_results/cell_1016/result.json,0.11796446622291379,0.03910752103866799,cb66041de4fed9fdbe207a539fbf80c016e55deb79bf9858f57ff1dd2014f43e,0.05119604271106515,0.6066694002312307,0.015229750173009524,0.5128666660267505
cell_1064,fresh_hmm_2026101000_q8_s3_c5.0,brier,0.09655142178499676,0.09655142178603321,saved master/hardest/revelation witness replay plus complete profile arithmetic; not every old decoder replayed,new_registered_completion,Paper/research/target_selection_followups_2026-09-23/completion_audit/cell_1064.json,Paper/research/target_selection_followups_2026-09-23/completion_results/cell_1064/checkpoint_000/policy.npz,Paper/research/target_selection_followups_2026-09-23/completion_results/cell_1064/model.npz,Paper/research/target_selection_followups_2026-09-23/completion_results/cell_1064/result.json,0.07589502637445111,0.014311279087851958,8021f02e1a33165663204c8c9d743e4b7092e89551ffcd56f4f55f08973456d8,0.05202692989836933,0.016275429838204278,0.00994815603558986,1.7437638390177797e-15
cell_1076,fresh_hmm_2026096800_q4_s3_c0.2,pseudo_count,0.45228789557153004,0.4522878955715306,saved master/hardest/revelation witness replay plus complete profile arithmetic; not every old decoder replayed,new_registered_completion,Paper/research/target_selection_followups_2026-09-23/completion_audit/cell_1076.json,Paper/research/target_selection_followups_2026-09-23/completion_results/cell_1076/checkpoint_000/policy.npz,Paper/research/target_selection_followups_2026-09-23/completion_results/cell_1076/model.npz,Paper/research/target_selection_followups_2026-09-23/completion_results/cell_1076/result.json,0.33844841835376727,0.11095823353735029,1fad1a3d14994309e2113c646a685443bcddfc3856bc647aabd1ecf27e1347d1,0.7896581283403759,0.8573276480263868,0.2677713558453575,0.8511482547092529
cell_1089,fresh_hmm_2026101000_q8_s3_c5.0,uniform,0.09153943138204135,0.09153943138206078,saved master/hardest/revelation witness replay plus complete profile arithmetic; not every old decoder replayed,new_registered_completion,Paper/research/target_selection_followups_2026-09-23/completion_audit/cell_1089.json,Paper/research/target_selection_followups_2026-09-23/completion_results/cell_1089/checkpoint_000/policy.npz,Paper/research/target_selection_followups_2026-09-23/completion_results/cell_1089/model.npz,Paper/research/target_selection_followups_2026-09-23/completion_results/cell_1089/result.json,0.051435257414808255,0.009138262420113452,1be36a1f9d4d71463c724aadfca3d821c81640c2789a73a57e116675ebaf1e26,0.05202692989836933,0.48641212649555393,0.00994815603558986,0.519997540170448
cell_1091,sensors_0.1_0.3,information,0.13691999999999993,0.1369200000013425,saved master/hardest/revelation witness replay plus complete profile arithmetic; not every old decoder replayed,new_registered_completion,Paper/research/target_selection_followups_2026-09-23/completion_audit/cell_1091.json,Paper/research/target_selection_followups_2026-09-23/completion_results/cell_1091/checkpoint_000/policy.npz,Paper/research/target_selection_followups_2026-09-23/completion_results/cell_1091/model.npz,Paper/research/target_selection_followups_2026-09-23/completion_results/cell_1091/result.json,0.9350081143344788,0.2879414634146341,6c839a9c0ce3a7eecebcfb92eed1d669ca6df86db6fe657ff2820e7dfe93d970,0.6296823438851624,0.0,0.1952711931443638,-2.842772164054863e-16
cell_1101,delayed_0.1_0.1,brier,0.13614545454545468,0.13614545454550758,saved master/hardest/revelation witness replay plus complete profile arithmetic; not every old decoder replayed,new_registered_completion,Paper/research/target_selection_followups_2026-09-23/completion_audit/cell_1101.json,Paper/research/target_selection_followups_2026-09-23/completion_results/cell_1101/checkpoint_000/policy.npz,Paper/research/target_selection_followups_2026-09-23/completion_results/cell_1101/model.npz,Paper/research/target_selection_followups_2026-09-23/completion_results/cell_1101/result.json,1.0620088128214376,0.4224000000000001,9ebe57731db3acca6b62cb7e6e274261254fd0b912297aff752f67e479f95d10,0.5310044064107189,0.0,0.2624000000000001,0.0
cell_1118,fresh_hmm_2026097001_q4_s3_c5.0,information,0.09592995446732999,0.0959299544675223,saved master/hardest/revelation witness replay plus complete profile arithmetic; not every old decoder replayed,new_registered_completion,Paper/research/target_selection_followups_2026-09-23/completion_audit/cell_1118.json,Paper/research/target_selection_followups_2026-09-23/completion_results/cell_1118/checkpoint_000/policy.npz,Paper/research/target_selection_followups_2026-09-23/completion_results/cell_1118/model.npz,Paper/research/target_selection_followups_2026-09-23/completion_results/cell_1118/result.json,0.07605534056642371,0.02621162454640774,55fc5e751464add7c7b2097d7f8d28098478bb941ac331b49736bfe0ba31b755,0.03288547154067925,5.486046969964219e-15,0.01191061694354724,0.019358209630372995
cell_1160,fresh_hmm_2026097001_q4_s3_c5.0,uniform,0.07164355523026888,0.071643555230294,saved master/hardest/revelation witness replay plus complete profile arithmetic; not every old decoder replayed,new_registered_completion,Paper/research/target_selection_followups_2026-09-23/completion_audit/cell_1160.json,Paper/research/target_selection_followups_2026-09-23/completion_results/cell_1160/checkpoint_000/policy.npz,Paper/research/target_selection_followups_2026-09-23/completion_results/cell_1160/model.npz,Paper/research/target_selection_followups_2026-09-23/completion_results/cell_1160/result.json,0.0615385707045677,0.0214147585467388,cc9969be3a95530fc80b37e946d6c35bb6ab02693fea5012cb105c50ccac5d90,0.03288547154067925,0.4414341404196983,0.01191061694354724,0.4220968773588922
cell_1174,irreversible_0.1_0.1,information,0.236,0.23600000000000043,saved master/hardest/revelation witness replay plus complete profile arithmetic; not every old decoder replayed,new_registered_completion,Paper/research/target_selection_followups_2026-09-23/completion_audit/cell_1174.json,Paper/research/target_selection_followups_2026-09-23/completion_results/cell_1174/checkpoint_000/policy.npz,Paper/research/target_selection_followups_2026-09-23/completion_results/cell_1174/model.npz,Paper/research/target_selection_followups_2026-09-23/completion_results/cell_1174/result.json,0.862417730635044,0.2247013698630138,24fe9c0ad0e241b7abf17d6a9087621cc292c1d064d32641b269b79c436a7af1,0.0,,0.0,
cell_1182,delayed_0.25_0.1,pseudo_count,0.1875,0.18750000000001676,saved master/hardest/revelation witness replay plus complete profile arithmetic; not every old decoder replayed,new_registered_completion,Paper/research/target_selection_followups_2026-09-23/completion_audit/cell_1182.json,Paper/research/target_selection_followups_2026-09-23/completion_results/cell_1182/checkpoint_000/policy.npz,Paper/research/target_selection_followups_2026-09-23/completion_results/cell_1182/model.npz,Paper/research/target_selection_followups_2026-09-23/completion_results/cell_1182/result.json,0.6642928179032677,0.22049161585365856,981fb1454ef2295289f39ce4bd26e8d95dbbc307278d347a2d5488a9dc1f068b,0.5305399766283451,0.3734401203673431,0.16250000000000003,0.25851313320825536
cell_1186,fresh_hmm_2026096800_q4_s3_c0.2,brier,0.3984554693581155,0.3984554693591296,saved master/hardest/revelation witness replay plus complete profile arithmetic; not every old decoder replayed,new_registered_completion,Paper/research/target_selection_followups_2026-09-23/completion_audit/cell_1186.json,Paper/research/target_selection_followups_2026-09-23/completion_results/cell_1186/checkpoint_000/policy.npz,Paper/research/target_selection_followups_2026-09-23/completion_results/cell_1186/model.npz,Paper/research/target_selection_followups_2026-09-23/completion_results/cell_1186/result.json,1.0154441642687404,0.3388713557262566,1bfbdb2d49cf475a9f1b112c3b5063bda86c403624781f79c91e7e1f7edd26ca,0.7896581283403759,0.0,0.2677713558453575,2.0730802611806045e-16
